0,0,0,0,0,load
0,1,1,5,0,load
0,2,2,3,0,load
0,3,3,5,0,load
0,4,4,3,0,load
0,5,5,3,0,load
0,6,6,0,0,load
0,7,7,7,0,load
0,8,8,3,0,load
0,9,9,2,0,load
0,10,10,6,0,load
0,11,11,2,0,load
0,12,12,4,0,load
0,13,13,4,0,load
0,14,14,8,0,load
0,15,15,6,0,load
0,16,16,2,0,load
0,17,17,9,0,load
0,18,18,7,0,load
0,19,19,5,0,load
0,0,0,0,0,blocked
0,1,1,5,0,blocked
0,2,2,3,0,blocked
0,3,3,5,0,blocked
0,4,4,3,0,blocked
0,5,5,3,0,blocked
0,6,6,0,0,blocked
0,7,7,7,0,blocked
0,8,8,3,0,blocked
0,9,9,2,0,blocked
0,10,10,6,0,blocked
0,11,11,2,0,blocked
0,12,12,4,0,blocked
0,13,13,4,0,blocked
0,14,14,8,0,blocked
0,15,15,6,0,blocked
0,16,16,2,0,blocked
0,17,17,9,0,blocked
0,18,18,7,0,blocked
0,19,19,5,0,blocked
101,0,0,0,0,unblocked
101,1,1,5,0,unblocked
101,2,2,3,0,unblocked
101,3,3,5,0,unblocked
101,4,4,3,0,unblocked
101,5,5,3,0,unblocked
101,6,6,0,0,unblocked
101,7,7,7,0,unblocked
101,7,7,7,0,branch_from
101,7,7,7,0,branch_to
101,8,8,3,0,unblocked
101,9,9,2,0,unblocked
101,10,10,6,0,unblocked
101,10,10,6,0,branch_from
101,10,10,6,0,branch_to
101,11,11,2,0,unblocked
101,12,12,4,0,unblocked
101,13,13,4,0,unblocked
101,14,14,8,0,unblocked
101,15,15,6,0,unblocked
101,15,15,6,0,branch_from
101,15,15,6,0,branch_to
101,16,16,2,0,unblocked
101,17,17,9,0,unblocked
101,18,18,7,0,unblocked
101,18,18,7,0,branch_from
101,18,18,7,0,branch_to
101,19,19,5,0,unblocked
741,0,0,0,640,blocked
741,1,1,5,640,blocked
741,2,2,3,640,blocked
741,3,3,5,640,blocked
741,4,4,3,640,blocked
741,5,5,3,640,blocked
741,6,6,0,640,blocked
741,8,8,3,640,blocked
741,9,9,2,640,blocked
741,11,11,2,640,blocked
741,12,12,4,640,blocked
741,13,13,4,640,blocked
741,14,14,8,640,blocked
741,16,16,2,640,blocked
741,17,17,9,640,blocked
741,19,19,5,640,blocked
742,7,7,7,640,blocked
742,10,10,6,640,blocked
742,15,15,6,640,blocked
742,18,18,7,640,blocked
1481,0,0,0,640,unblocked
1481,1,1,5,640,unblocked
1481,2,2,3,640,unblocked
1481,3,3,5,640,unblocked
1481,4,4,3,640,unblocked
1481,5,5,3,640,unblocked
1481,6,6,0,640,unblocked
1481,7,7,7,640,unblocked
1481,8,8,3,640,unblocked
1481,9,9,2,640,unblocked
1481,10,10,6,640,unblocked
1481,11,11,2,640,unblocked
1481,12,12,4,640,unblocked
1481,13,13,4,640,unblocked
1481,14,14,8,640,unblocked
1481,15,15,6,640,unblocked
1481,16,16,2,640,unblocked
1481,17,17,9,640,unblocked
1481,18,18,7,640,unblocked
1481,19,19,5,640,unblocked
1541,14,14,8,700,branch_from
1541,14,14,8,703,branch_to
1542,14,14,8,703,branch_from
1542,14,14,8,0,branch_to
1752,10,10,6,911,exit
1752,10,10,6,911,unload
1752,10,20,2,0,load
1752,15,15,6,911,exit
1752,15,15,6,911,unload
1752,15,21,8,0,load
1753,10,20,2,0,blocked
1753,15,21,8,0,blocked
1853,10,20,2,0,unblocked
1853,15,21,8,0,unblocked
2123,12,12,4,1282,branch_from
2123,12,12,4,1066,branch_to
2123,13,13,4,1282,branch_from
2123,13,13,4,1066,branch_to
2124,12,12,4,1066,blocked
2124,13,13,4,1066,blocked
2142,0,0,0,1301,branch_from
2142,0,0,0,1433,branch_to
2142,6,6,0,1301,branch_from
2142,6,6,0,1433,branch_to
2143,0,0,0,1433,blocked
2143,6,6,0,1433,blocked
2221,0,0,0,1433,unblocked
2221,0,0,0,1433,branch_from
2221,0,0,0,0,branch_to
2221,6,6,0,1433,unblocked
2221,6,6,0,1433,branch_from
2221,6,6,0,0,branch_to
2244,14,14,8,701,branch_from
2244,14,14,8,0,branch_to
2249,19,19,5,1408,blocked
2270,9,9,2,1429,branch_from
2270,9,9,2,0,branch_to
2270,11,11,2,1429,branch_from
2270,11,11,2,0,branch_to
2270,16,16,2,1429,branch_from
2270,16,16,2,0,branch_to
2321,12,12,4,1066,unblocked
2321,13,13,4,1066,unblocked
2321,19,19,5,1408,unblocked
2342,17,17,9,1501,branch_from
2342,17,17,9,0,branch_to
2343,17,17,9,0,blocked
2399,9,9,2,128,blocked
2399,11,11,2,128,blocked
2399,16,16,2,128,blocked
2421,9,9,2,128,unblocked
2421,11,11,2,128,unblocked
2422,16,16,2,128,unblocked
2481,17,17,9,0,unblocked
2537,12,12,4,1282,branch_from
2537,12,12,4,1066,branch_to
2537,13,13,4,1282,branch_from
2537,13,13,4,1066,branch_to
2553,15,21,8,700,branch_from
2553,15,21,8,703,branch_to
2554,15,21,8,703,branch_from
2554,15,21,8,0,branch_to
2624,12,12,4,1152,blocked
2624,13,13,4,1152,blocked
2722,6,6,0,500,branch_from
2722,6,6,0,1402,branch_to
2723,6,6,0,1402,blocked
2735,12,12,4,1152,unblocked
2735,13,13,4,1152,unblocked
2757,14,14,8,512,blocked
2761,14,14,8,512,unblocked
2823,6,6,0,1402,unblocked
2854,6,6,0,1433,branch_from
2854,6,6,0,0,branch_to
2855,6,6,0,0,blocked
2865,12,12,4,1282,branch_from
2865,12,12,4,1066,branch_to
2865,13,13,4,1282,branch_from
2865,13,13,4,1066,branch_to
2950,14,14,8,701,branch_from
2950,14,14,8,0,branch_to
2951,14,14,8,0,blocked
2952,12,12,4,1152,blocked
2952,13,13,4,1152,blocked
2955,6,6,0,0,unblocked
2970,2,2,3,2129,branch_from
2970,2,2,3,0,branch_to
2970,4,4,3,2129,branch_from
2970,4,4,3,0,branch_to
2970,5,5,3,2129,branch_from
2970,5,5,3,0,branch_to
2970,8,8,3,2129,branch_from
2970,8,8,3,0,branch_to
2971,2,2,3,0,blocked
2971,4,4,3,0,blocked
2971,5,5,3,0,blocked
2971,8,8,3,0,blocked
3051,14,14,8,0,unblocked
3063,12,12,4,1152,unblocked
3063,13,13,4,1152,unblocked
3071,2,2,3,0,unblocked
3071,4,4,3,0,unblocked
3071,5,5,3,0,unblocked
3071,8,8,3,0,unblocked
3193,12,12,4,1282,branch_from
3193,12,12,4,1066,branch_to
3193,13,13,4,1282,branch_from
3193,13,13,4,1066,branch_to
3256,15,21,8,701,branch_from
3256,15,21,8,0,branch_to
3282,10,20,2,1429,branch_from
3282,10,20,2,0,branch_to
3323,1,1,5,2482,branch_from
3323,1,1,5,2166,branch_to
3323,3,3,5,2482,branch_from
3323,3,3,5,2166,branch_to
3324,1,1,5,2166,blocked
3324,3,3,5,2166,blocked
3340,7,7,7,2499,exit
3340,7,7,7,2499,unload
3340,7,22,0,0,load
3340,18,18,7,2499,exit
3340,18,18,7,2499,unload
3340,18,23,0,0,load
3341,7,22,0,0,blocked
3341,18,23,0,0,blocked
3395,19,19,5,2482,branch_from
3395,19,19,5,2166,branch_to
3396,19,19,5,2166,blocked
3410,12,12,4,1282,branch_from
3410,12,12,4,1066,branch_to
3410,13,13,4,1282,branch_from
3410,13,13,4,1066,branch_to
3424,1,1,5,2166,unblocked
3424,3,3,5,2166,unblocked
3441,7,22,0,0,unblocked
3441,18,23,0,0,unblocked
3496,19,19,5,2166,unblocked
3523,0,0,0,1301,branch_from
3523,0,0,0,1433,branch_to
3524,0,0,0,1433,blocked
3602,0,0,0,1433,unblocked
3602,0,0,0,1433,branch_from
3602,0,0,0,0,branch_to
3603,0,0,0,0,blocked
3627,12,12,4,1282,branch_from
3627,12,12,4,1066,branch_to
3627,13,13,4,1282,branch_from
3627,13,13,4,1066,branch_to
3722,9,9,2,1429,branch_from
3722,9,9,2,0,branch_to
3722,11,11,2,1429,branch_from
3722,11,11,2,0,branch_to
3723,9,9,2,0,blocked
3723,11,11,2,0,blocked
3723,16,16,2,1429,branch_from
3723,16,16,2,0,branch_to
3724,16,16,2,0,blocked
3740,1,1,5,2482,branch_from
3740,1,1,5,2166,branch_to
3740,3,3,5,2482,branch_from
3740,3,3,5,2166,branch_to
3751,1,1,5,2176,blocked
3751,3,3,5,2176,blocked
3752,14,14,8,701,branch_from
3752,14,14,8,0,branch_to
3761,0,0,0,0,unblocked
3812,19,19,5,2482,branch_from
3812,19,19,5,2166,branch_to
3823,9,9,2,0,unblocked
3823,11,11,2,0,unblocked
3823,19,19,5,2176,blocked
3824,16,16,2,0,unblocked
3841,1,1,5,2176,unblocked
3841,3,3,5,2176,unblocked
3844,12,12,4,1282,branch_from
3844,12,12,4,1066,branch_to
3844,13,13,4,1282,branch_from
3844,13,13,4,1066,branch_to
3913,19,19,5,2176,unblocked
3941,7,22,0,500,branch_from
3941,7,22,0,1402,branch_to
3941,18,23,0,500,branch_from
3941,18,23,0,1402,branch_to
3942,7,22,0,1402,blocked
3942,18,23,0,1402,blocked
3957,15,21,8,700,branch_from
3957,15,21,8,703,branch_to
3958,15,21,8,703,branch_from
3958,15,21,8,0,branch_to
3982,17,17,9,1501,branch_from
3982,17,17,9,0,branch_to
4042,7,22,0,1402,unblocked
4042,18,23,0,1402,unblocked
4061,12,12,4,1282,branch_from
4061,12,12,4,1066,branch_to
4061,13,13,4,1282,branch_from
4061,13,13,4,1066,branch_to
4073,7,22,0,1433,branch_from
4073,7,22,0,0,branch_to
4073,18,23,0,1433,branch_from
4073,18,23,0,0,branch_to
4147,1,1,5,2482,branch_from
4147,1,1,5,2166,branch_to
4147,3,3,5,2482,branch_from
4147,3,3,5,2166,branch_to
4158,1,1,5,2176,blocked
4158,3,3,5,2176,blocked
4219,19,19,5,2482,branch_from
4219,19,19,5,2166,branch_to
4230,19,19,5,2176,blocked
4248,1,1,5,2176,unblocked
4248,3,3,5,2176,unblocked
4256,6,6,0,1301,branch_from
4256,6,6,0,1433,branch_to
4257,6,6,0,1433,blocked
4261,0,0,0,500,branch_from
4261,0,0,0,1402,branch_to
4262,0,0,0,1402,blocked
4278,12,12,4,1282,branch_from
4278,12,12,4,1066,branch_to
4278,13,13,4,1282,branch_from
4278,13,13,4,1066,branch_to
4320,19,19,5,2176,unblocked
4335,6,6,0,1433,unblocked
4335,6,6,0,1433,branch_from
4335,6,6,0,0,branch_to
4362,0,0,0,1402,unblocked
4393,0,0,0,1433,branch_from
4393,0,0,0,0,branch_to
4454,14,14,8,701,branch_from
4454,14,14,8,0,branch_to
4495,12,12,4,1282,branch_from
4495,12,12,4,1066,branch_to
4495,13,13,4,1282,branch_from
4495,13,13,4,1066,branch_to
4554,1,1,5,2482,branch_from
4554,1,1,5,2166,branch_to
4554,3,3,5,2482,branch_from
4554,3,3,5,2166,branch_to
4555,1,1,5,2166,blocked
4555,3,3,5,2166,blocked
4574,18,23,0,500,branch_from
4574,18,23,0,1402,branch_to
4575,18,23,0,1402,blocked
4626,19,19,5,2482,branch_from
4626,19,19,5,2166,branch_to
4627,19,19,5,2166,blocked
4655,1,1,5,2166,unblocked
4655,3,3,5,2166,unblocked
4659,15,21,8,700,branch_from
4659,15,21,8,703,branch_to
4660,15,21,8,703,branch_from
4660,15,21,8,0,branch_to
4675,18,23,0,1402,unblocked
4706,18,23,0,1433,branch_from
4706,18,23,0,0,branch_to
4707,18,23,0,0,blocked
4712,10,20,2,1429,branch_from
4712,10,20,2,0,branch_to
4712,12,12,4,1282,branch_from
4712,12,12,4,1066,branch_to
4712,13,13,4,1282,branch_from
4712,13,13,4,1066,branch_to
4727,19,19,5,2166,unblocked
4807,18,23,0,0,unblocked
4836,6,6,0,500,branch_from
4836,6,6,0,1402,branch_to
4837,6,6,0,1402,blocked
4894,0,0,0,500,branch_from
4894,0,0,0,1402,branch_to
4895,0,0,0,1402,blocked
4929,12,12,4,1282,branch_from
4929,12,12,4,1066,branch_to
4929,13,13,4,1282,branch_from
4929,13,13,4,1066,branch_to
4937,6,6,0,1402,unblocked
4968,6,6,0,1433,branch_from
4968,6,6,0,0,branch_to
4969,6,6,0,0,blocked
4971,1,1,5,2482,branch_from
4971,1,1,5,2166,branch_to
4971,3,3,5,2482,branch_from
4971,3,3,5,2166,branch_to
4995,0,0,0,1402,unblocked
5026,0,0,0,1433,branch_from
5026,0,0,0,0,branch_to
5043,19,19,5,2482,branch_from
5043,19,19,5,2166,branch_to
5069,6,6,0,0,unblocked
5110,1,1,5,2304,blocked
5110,3,3,5,2304,blocked
5121,1,1,5,2304,unblocked
5121,3,3,5,2304,unblocked
5146,12,12,4,1282,branch_from
5146,12,12,4,1066,branch_to
5146,13,13,4,1282,branch_from
5146,13,13,4,1066,branch_to
5155,14,14,8,700,branch_from
5155,14,14,8,703,branch_to
5156,14,14,8,703,branch_from
5156,14,14,8,0,branch_to
5182,19,19,5,2304,blocked
5193,19,19,5,2304,unblocked
5200,2,2,3,2129,branch_from
5200,2,2,3,0,branch_to
5200,4,4,3,2129,branch_from
5200,4,4,3,0,branch_to
5200,5,5,3,2129,branch_from
5200,5,5,3,0,branch_to
5200,8,8,3,2129,branch_from
5200,8,8,3,0,branch_to
5252,9,9,2,1429,branch_from
5252,9,9,2,0,branch_to
5252,11,11,2,1429,branch_from
5252,11,11,2,0,branch_to
5253,16,16,2,1429,branch_from
5253,16,16,2,0,branch_to
5299,1,1,5,2482,branch_from
5299,1,1,5,2166,branch_to
5299,3,3,5,2482,branch_from
5299,3,3,5,2166,branch_to
5362,15,21,8,701,branch_from
5362,15,21,8,0,branch_to
5363,12,12,4,1282,branch_from
5363,12,12,4,1066,branch_to
5363,13,13,4,1282,branch_from
5363,13,13,4,1066,branch_to
5371,19,19,5,2482,branch_from
5371,19,19,5,2166,branch_to
5375,7,22,0,1301,branch_from
5375,7,22,0,1433,branch_to
5376,7,22,0,1433,blocked
5438,1,1,5,2304,blocked
5438,3,3,5,2304,blocked
5449,1,1,5,2304,unblocked
5449,3,3,5,2304,unblocked
5454,7,22,0,1433,unblocked
5454,7,22,0,1433,branch_from
5454,7,22,0,0,branch_to
5484,17,17,9,1501,branch_from
5484,17,17,9,0,branch_to
5510,19,19,5,2304,blocked
5521,19,19,5,2304,unblocked
5527,0,0,0,500,branch_from
5527,0,0,0,1402,branch_to
5534,0,0,0,1408,blocked
5569,6,6,0,500,branch_from
5569,6,6,0,1402,branch_to
5576,6,6,0,1408,blocked
5580,13,13,4,1282,branch_from
5580,13,13,4,1066,branch_to
5581,12,12,4,1283,branch_from
5581,12,12,4,0,branch_to
5582,12,12,4,0,blocked
5627,1,1,5,2482,branch_from
5627,1,1,5,2166,branch_to
5627,3,3,5,2482,branch_from
5627,3,3,5,2166,branch_to
5628,0,0,0,1408,unblocked
5653,0,0,0,1433,branch_from
5653,0,0,0,0,branch_to
5670,6,6,0,1408,unblocked
5682,12,12,4,0,unblocked
5695,6,6,0,1433,branch_from
5695,6,6,0,0,branch_to
5699,19,19,5,2482,branch_from
5699,19,19,5,2166,branch_to
5766,1,1,5,2304,blocked
5766,3,3,5,2304,blocked
5777,1,1,5,2304,unblocked
5777,3,3,5,2304,unblocked
5797,13,13,4,1282,branch_from
5797,13,13,4,1066,branch_to
5838,19,19,5,2304,blocked
5849,19,19,5,2304,unblocked
5858,14,14,8,701,branch_from
5858,14,14,8,0,branch_to
5955,1,1,5,2482,branch_from
5955,1,1,5,2166,branch_to
5955,3,3,5,2482,branch_from
5955,3,3,5,2166,branch_to
5955,7,22,0,500,branch_from
5955,7,22,0,1402,branch_to
5956,7,22,0,1402,blocked
6014,13,13,4,1282,branch_from
6014,13,13,4,1066,branch_to
6027,19,19,5,2482,branch_from
6027,19,19,5,2166,branch_to
6056,7,22,0,1402,unblocked
6063,15,21,8,700,branch_from
6063,15,21,8,703,branch_to
6064,15,21,8,703,branch_from
6064,15,21,8,0,branch_to
6087,7,22,0,1433,branch_from
6087,7,22,0,0,branch_to
6088,7,22,0,0,blocked
6094,1,1,5,2304,blocked
6094,3,3,5,2304,blocked
6105,1,1,5,2304,unblocked
6105,3,3,5,2304,unblocked
6108,18,23,0,1301,branch_from
6108,18,23,0,1433,branch_to
6109,18,23,0,1433,blocked
6142,10,20,2,1429,branch_from
6142,10,20,2,0,branch_to
6154,0,0,0,500,branch_from
6154,0,0,0,1402,branch_to
6161,0,0,0,1408,blocked
6166,19,19,5,2304,blocked
6177,19,19,5,2304,unblocked
6187,18,23,0,1433,unblocked
6187,18,23,0,1433,branch_from
6187,18,23,0,0,branch_to
6188,7,22,0,0,unblocked
6232,13,13,4,1283,branch_from
6232,13,13,4,0,branch_to
6233,13,13,4,0,blocked
6255,0,0,0,1408,unblocked
6280,0,0,0,1433,branch_from
6280,0,0,0,0,branch_to
6283,1,1,5,2482,branch_from
6283,1,1,5,2166,branch_to
6283,3,3,5,2482,branch_from
6283,3,3,5,2166,branch_to
6333,13,13,4,0,unblocked
6355,19,19,5,2482,branch_from
6355,19,19,5,2166,branch_to
6422,1,1,5,2304,blocked
6422,3,3,5,2304,blocked
6433,1,1,5,2304,unblocked
6433,3,3,5,2304,unblocked
6494,19,19,5,2304,blocked
6505,19,19,5,2304,unblocked
6560,14,14,8,701,branch_from
6560,14,14,8,0,branch_to
6611,1,1,5,2482,branch_from
6611,1,1,5,2166,branch_to
6611,3,3,5,2482,branch_from
6611,3,3,5,2166,branch_to
6682,9,9,2,1429,branch_from
6682,9,9,2,0,branch_to
6682,11,11,2,1429,branch_from
6682,11,11,2,0,branch_to
6683,16,16,2,1429,branch_from
6683,16,16,2,0,branch_to
6683,19,19,5,2482,branch_from
6683,19,19,5,2166,branch_to
6688,7,22,0,500,branch_from
6688,7,22,0,1402,branch_to
6695,7,22,0,1408,blocked
6750,1,1,5,2304,blocked
6750,3,3,5,2304,blocked
6761,1,1,5,2304,unblocked
6761,3,3,5,2304,unblocked
6766,15,21,8,701,branch_from
6766,15,21,8,0,branch_to
6781,0,0,0,500,branch_from
6781,0,0,0,1402,branch_to
6789,7,22,0,1408,unblocked
6813,0,0,0,1433,branch_from
6813,0,0,0,0,branch_to
6814,7,22,0,1433,branch_from
6814,7,22,0,0,branch_to
6822,19,19,5,2304,blocked
6833,19,19,5,2304,unblocked
6939,1,1,5,2482,branch_from
6939,1,1,5,2166,branch_to
6939,3,3,5,2482,branch_from
6939,3,3,5,2166,branch_to
6964,12,12,4,1282,branch_from
6964,12,12,4,1066,branch_to
6985,17,17,9,1500,branch_from
6985,17,17,9,1503,branch_to
6986,17,17,9,1503,branch_from
6986,17,17,9,0,branch_to
6997,6,6,0,1301,branch_from
6997,6,6,0,1433,branch_to
6998,6,6,0,1433,blocked
7011,19,19,5,2482,branch_from
7011,19,19,5,2166,branch_to
7076,6,6,0,1433,unblocked
7076,6,6,0,1433,branch_from
7076,6,6,0,0,branch_to
7078,1,1,5,2304,blocked
7078,3,3,5,2304,blocked
7089,1,1,5,2304,unblocked
7089,3,3,5,2304,unblocked
7150,19,19,5,2304,blocked
7161,19,19,5,2304,unblocked
7181,12,12,4,1282,branch_from
7181,12,12,4,1066,branch_to
7261,14,14,8,700,branch_from
7261,14,14,8,703,branch_to
7262,14,14,8,703,branch_from
7262,14,14,8,0,branch_to
7267,1,1,5,2482,branch_from
7267,1,1,5,2166,branch_to
7267,3,3,5,2482,branch_from
7267,3,3,5,2166,branch_to
7314,0,0,0,500,branch_from
7314,0,0,0,1402,branch_to
7315,7,22,0,500,branch_from
7315,7,22,0,1402,branch_to
7322,7,22,0,1408,blocked
7330,2,2,3,2129,branch_from
7330,2,2,3,0,branch_to
7330,4,4,3,2129,branch_from
7330,4,4,3,0,branch_to
7330,5,5,3,2129,branch_from
7330,5,5,3,0,branch_to
7330,8,8,3,2129,branch_from
7330,8,8,3,0,branch_to
7339,19,19,5,2482,branch_from
7339,19,19,5,2166,branch_to
7346,0,0,0,1433,branch_from
7346,0,0,0,0,branch_to
7398,12,12,4,1282,branch_from
7398,12,12,4,1066,branch_to
7406,1,1,5,2304,blocked
7406,3,3,5,2304,blocked
7416,7,22,0,1408,unblocked
7417,1,1,5,2304,unblocked
7417,3,3,5,2304,unblocked
7441,7,22,0,1433,branch_from
7441,7,22,0,0,branch_to
7442,7,22,0,0,blocked
7468,15,21,8,701,branch_from
7468,15,21,8,0,branch_to
7478,19,19,5,2304,blocked
7489,18,23,0,1301,branch_from
7489,18,23,0,1433,branch_to
7489,19,19,5,2304,unblocked
7490,18,23,0,1433,blocked
7542,7,22,0,0,unblocked
7568,18,23,0,1433,unblocked
7568,18,23,0,1433,branch_from
7568,18,23,0,0,branch_to
7572,10,20,2,1429,branch_from
7572,10,20,2,0,branch_to
7577,6,6,0,500,branch_from
7577,6,6,0,1402,branch_to
7584,6,6,0,1408,blocked
7595,1,1,5,2482,branch_from
7595,1,1,5,2166,branch_to
7595,3,3,5,2482,branch_from
7595,3,3,5,2166,branch_to
7615,12,12,4,1282,branch_from
7615,12,12,4,1066,branch_to
7615,13,13,4,1282,branch_from
7615,13,13,4,1066,branch_to
7667,19,19,5,2482,branch_from
7667,19,19,5,2166,branch_to
7678,6,6,0,1408,unblocked
7703,6,6,0,1433,branch_from
7703,6,6,0,0,branch_to
7734,1,1,5,2304,blocked
7734,3,3,5,2304,blocked
7745,1,1,5,2304,unblocked
7745,3,3,5,2304,unblocked
7806,19,19,5,2304,blocked
7817,19,19,5,2304,unblocked
7832,12,12,4,1282,branch_from
7832,12,12,4,1066,branch_to
7832,13,13,4,1282,branch_from
7832,13,13,4,1066,branch_to
7847,0,0,0,500,branch_from
7847,0,0,0,1402,branch_to
7879,0,0,0,1433,branch_from
7879,0,0,0,0,branch_to
7923,1,1,5,2482,branch_from
7923,1,1,5,2166,branch_to
7923,3,3,5,2482,branch_from
7923,3,3,5,2166,branch_to
7963,14,14,8,700,branch_from
7963,14,14,8,703,branch_to
7964,14,14,8,703,branch_from
7964,14,14,8,0,branch_to
7995,19,19,5,2482,branch_from
7995,19,19,5,2166,branch_to
8042,7,22,0,500,branch_from
8042,7,22,0,1402,branch_to
8043,7,22,0,1402,blocked
8049,12,12,4,1282,branch_from
8049,12,12,4,1066,branch_to
8049,13,13,4,1282,branch_from
8049,13,13,4,1066,branch_to
8062,1,1,5,2304,blocked
8062,3,3,5,2304,blocked
8069,18,23,0,500,branch_from
8069,18,23,0,1402,branch_to
8073,1,1,5,2304,unblocked
8073,3,3,5,2304,unblocked
8076,18,23,0,1408,blocked
8112,9,9,2,1429,branch_from
8112,9,9,2,0,branch_to
8112,11,11,2,1429,branch_from
8112,11,11,2,0,branch_to
8113,16,16,2,1429,branch_from
8113,16,16,2,0,branch_to
8134,19,19,5,2304,blocked
8143,7,22,0,1402,unblocked
8145,19,19,5,2304,unblocked
8170,15,21,8,701,branch_from
8170,15,21,8,0,branch_to
8170,18,23,0,1408,unblocked
8174,7,22,0,1433,branch_from
8174,7,22,0,0,branch_to
8195,18,23,0,1433,branch_from
8195,18,23,0,0,branch_to
8204,6,6,0,500,branch_from
8204,6,6,0,1402,branch_to
8236,6,6,0,1433,branch_from
8236,6,6,0,0,branch_to
8251,1,1,5,2482,branch_from
8251,1,1,5,2166,branch_to
8251,3,3,5,2482,branch_from
8251,3,3,5,2166,branch_to
8266,12,12,4,1282,branch_from
8266,12,12,4,1066,branch_to
8266,13,13,4,1282,branch_from
8266,13,13,4,1066,branch_to
8323,19,19,5,2482,branch_from
8323,19,19,5,2166,branch_to
8390,1,1,5,2304,blocked
8390,3,3,5,2304,blocked
8401,1,1,5,2304,unblocked
8401,3,3,5,2304,unblocked
8462,19,19,5,2304,blocked
8473,19,19,5,2304,unblocked
8483,12,12,4,1282,branch_from
8483,12,12,4,1066,branch_to
8483,13,13,4,1282,branch_from
8483,13,13,4,1066,branch_to
8487,17,17,9,1500,branch_from
8487,17,17,9,1503,branch_to
8488,17,17,9,1503,branch_from
8488,17,17,9,0,branch_to
8579,1,1,5,2482,branch_from
8579,1,1,5,2166,branch_to
8579,3,3,5,2482,branch_from
8579,3,3,5,2166,branch_to
8651,19,19,5,2482,branch_from
8651,19,19,5,2166,branch_to
8666,14,14,8,701,branch_from
8666,14,14,8,0,branch_to
8675,7,22,0,500,branch_from
8675,7,22,0,1402,branch_to
8700,12,12,4,1282,branch_from
8700,12,12,4,1066,branch_to
8700,13,13,4,1282,branch_from
8700,13,13,4,1066,branch_to
8707,7,22,0,1433,branch_from
8707,7,22,0,0,branch_to
8737,6,6,0,500,branch_from
8737,6,6,0,1402,branch_to
8769,6,6,0,1433,branch_from
8769,6,6,0,0,branch_to
8872,15,21,8,701,branch_from
8872,15,21,8,0,branch_to
8896,1,1,5,2482,branch_from
8896,1,1,5,2166,branch_to
8896,3,3,5,2482,branch_from
8896,3,3,5,2166,branch_to
8917,12,12,4,1282,branch_from
8917,12,12,4,1066,branch_to
8917,13,13,4,1282,branch_from
8917,13,13,4,1066,branch_to
8968,19,19,5,2482,branch_from
8968,19,19,5,2166,branch_to
9002,10,20,2,1429,branch_from
9002,10,20,2,0,branch_to
9134,13,13,4,1282,branch_from
9134,13,13,4,1066,branch_to
9135,12,12,4,1283,branch_from
9135,12,12,4,0,branch_to
9136,12,12,4,0,blocked
9181,0,0,0,1301,branch_from
9181,0,0,0,1433,branch_to
9182,0,0,0,1433,branch_from
9182,0,0,0,0,branch_to
9208,7,22,0,500,branch_from
9208,7,22,0,1402,branch_to
9213,1,1,5,2482,branch_from
9213,1,1,5,2166,branch_to
9214,3,3,5,2483,branch_from
9214,3,3,5,0,branch_to
9215,3,3,5,0,blocked
9236,12,12,4,0,unblocked
9240,7,22,0,1433,branch_from
9240,7,22,0,0,branch_to
9270,6,6,0,500,branch_from
9270,6,6,0,1402,branch_to
9285,19,19,5,2482,branch_from
9285,19,19,5,2166,branch_to
9302,6,6,0,1433,branch_from
9302,6,6,0,0,branch_to
9315,3,3,5,0,unblocked
9351,13,13,4,1282,branch_from
9351,13,13,4,1066,branch_to
9367,14,14,8,700,branch_from
9367,14,14,8,703,branch_to
9368,14,14,8,703,branch_from
9368,14,14,8,0,branch_to
9460,2,2,3,2129,branch_from
9460,2,2,3,0,branch_to
9460,4,4,3,2129,branch_from
9460,4,4,3,0,branch_to
9460,5,5,3,2129,branch_from
9460,5,5,3,0,branch_to
9460,8,8,3,2129,branch_from
9460,8,8,3,0,branch_to
9497,18,23,0,1301,branch_from
9497,18,23,0,1433,branch_to
9498,18,23,0,1433,blocked
9530,1,1,5,2482,branch_from
9530,1,1,5,2166,branch_to
9542,9,9,2,1429,branch_from
9542,9,9,2,0,branch_to
9542,11,11,2,1429,branch_from
9542,11,11,2,0,branch_to
9543,16,16,2,1429,branch_from
9543,16,16,2,0,branch_to
9568,13,13,4,1282,branch_from
9568,13,13,4,1066,branch_to
9573,15,21,8,700,branch_from
9573,15,21,8,703,branch_to
9574,15,21,8,703,branch_from
9574,15,21,8,0,branch_to
9576,18,23,0,1433,unblocked
9576,18,23,0,1433,branch_from
9576,18,23,0,0,branch_to
9602,19,19,5,2482,branch_from
9602,19,19,5,2166,branch_to
9741,7,22,0,500,branch_from
9741,7,22,0,1402,branch_to
9773,7,22,0,1433,branch_from
9773,7,22,0,0,branch_to
9786,13,13,4,1283,branch_from
9786,13,13,4,0,branch_to
9787,13,13,4,0,blocked
9803,6,6,0,500,branch_from
9803,6,6,0,1402,branch_to
9835,6,6,0,1433,branch_from
9835,6,6,0,0,branch_to
9847,1,1,5,2482,branch_from
9847,1,1,5,2166,branch_to
9887,13,13,4,0,unblocked
9919,19,19,5,2482,branch_from
9919,19,19,5,2166,branch_to
9990,17,17,9,1501,branch_from
9990,17,17,9,0,branch_to
10069,14,14,8,700,branch_from
10069,14,14,8,703,branch_to
10070,14,14,8,703,branch_from
10070,14,14,8,0,branch_to
10165,1,1,5,2483,branch_from
10165,1,1,5,0,branch_to
10166,1,1,5,0,blocked
10237,19,19,5,2483,branch_from
10237,19,19,5,0,branch_to
10238,19,19,5,0,blocked
10266,1,1,5,0,unblocked
10275,15,21,8,700,branch_from
10275,15,21,8,703,branch_to
10276,15,21,8,703,branch_from
10276,15,21,8,0,branch_to
10338,19,19,5,0,unblocked
10432,10,20,2,1429,branch_from
10432,10,20,2,0,branch_to
10484,0,0,0,1301,branch_from
10484,0,0,0,1433,branch_to
10485,0,0,0,1433,branch_from
10485,0,0,0,0,branch_to
10518,12,12,4,1282,branch_from
10518,12,12,4,1066,branch_to
10735,12,12,4,1282,branch_from
10735,12,12,4,1066,branch_to
10771,14,14,8,700,branch_from
10771,14,14,8,703,branch_to
10772,14,14,8,703,branch_from
10772,14,14,8,0,branch_to
10878,18,23,0,1301,branch_from
10878,18,23,0,1433,branch_to
10879,18,23,0,1433,blocked
10952,12,12,4,1282,branch_from
10952,12,12,4,1066,branch_to
10957,18,23,0,1433,unblocked
10957,18,23,0,1433,branch_from
10957,18,23,0,0,branch_to
10972,9,9,2,1429,branch_from
10972,9,9,2,0,branch_to
10972,11,11,2,1429,branch_from
10972,11,11,2,0,branch_to
10973,16,16,2,1429,branch_from
10973,16,16,2,0,branch_to
10977,15,21,8,700,branch_from
10977,15,21,8,703,branch_to
10978,15,21,8,703,branch_from
10978,15,21,8,0,branch_to
10986,0,0,0,500,branch_from
10986,0,0,0,1402,branch_to
11018,0,0,0,1433,branch_from
11018,0,0,0,0,branch_to
11075,7,22,0,1301,branch_from
11075,7,22,0,1433,branch_to
11076,7,22,0,1433,branch_from
11076,7,22,0,0,branch_to
11137,6,6,0,1301,branch_from
11137,6,6,0,1433,branch_to
11138,6,6,0,1433,branch_from
11138,6,6,0,0,branch_to
11169,12,12,4,1282,branch_from
11169,12,12,4,1066,branch_to
11169,13,13,4,1282,branch_from
11169,13,13,4,1066,branch_to
11386,12,12,4,1282,branch_from
11386,12,12,4,1066,branch_to
11386,13,13,4,1282,branch_from
11386,13,13,4,1066,branch_to
11458,18,23,0,500,branch_from
11458,18,23,0,1402,branch_to
11465,18,23,0,1408,blocked
11474,14,14,8,701,branch_from
11474,14,14,8,0,branch_to
11491,17,17,9,1500,branch_from
11491,17,17,9,1503,branch_to
11492,17,17,9,1503,branch_from
11492,17,17,9,0,branch_to
11559,18,23,0,1408,unblocked
11577,7,22,0,500,branch_from
11577,7,22,0,1402,branch_to
11584,18,23,0,1433,branch_from
11584,18,23,0,0,branch_to
11585,18,23,0,0,blocked
11590,2,2,3,2129,branch_from
11590,2,2,3,0,branch_to
11590,4,4,3,2129,branch_from
11590,4,4,3,0,branch_to
11590,5,5,3,2129,branch_from
11590,5,5,3,0,branch_to
11590,8,8,3,2129,branch_from
11590,8,8,3,0,branch_to
11603,12,12,4,1282,branch_from
11603,12,12,4,1066,branch_to
11603,13,13,4,1282,branch_from
11603,13,13,4,1066,branch_to
11610,7,22,0,1434,exit
11610,7,22,0,1434,unload
11610,7,24,7,0,load
11611,7,24,7,0,blocked
11639,6,6,0,500,branch_from
11639,6,6,0,1402,branch_to
11671,6,6,0,1433,branch_from
11671,6,6,0,0,branch_to
11679,15,21,8,700,branch_from
11679,15,21,8,703,branch_to
11680,15,21,8,703,branch_from
11680,15,21,8,0,branch_to
11685,18,23,0,0,unblocked
11711,7,24,7,0,unblocked
11711,7,24,7,0,branch_from
11711,7,24,7,0,branch_to
11797,3,3,5,2482,branch_from
11797,3,3,5,2166,branch_to
11820,12,12,4,1282,branch_from
11820,12,12,4,1066,branch_to
11820,13,13,4,1282,branch_from
11820,13,13,4,1066,branch_to
11862,10,20,2,1429,branch_from
11862,10,20,2,0,branch_to
12037,12,12,4,1282,branch_from
12037,12,12,4,1066,branch_to
12037,13,13,4,1282,branch_from
12037,13,13,4,1066,branch_to
12114,3,3,5,2482,branch_from
12114,3,3,5,2166,branch_to
12175,14,14,8,700,branch_from
12175,14,14,8,703,branch_to
12176,14,14,8,703,branch_from
12176,14,14,8,0,branch_to
12185,18,23,0,500,branch_from
12185,18,23,0,1402,branch_to
12186,18,23,0,1402,blocked
12254,12,12,4,1282,branch_from
12254,12,12,4,1066,branch_to
12254,13,13,4,1282,branch_from
12254,13,13,4,1066,branch_to
12286,18,23,0,1402,unblocked
12317,18,23,0,1433,branch_from
12317,18,23,0,0,branch_to
12320,0,0,0,1301,branch_from
12320,0,0,0,1433,branch_to
12321,0,0,0,1433,branch_from
12321,0,0,0,0,branch_to
12382,15,21,8,701,branch_from
12382,15,21,8,0,branch_to
12402,9,9,2,1429,branch_from
12402,9,9,2,0,branch_to
12402,11,11,2,1429,branch_from
12402,11,11,2,0,branch_to
12403,16,16,2,1429,branch_from
12403,16,16,2,0,branch_to
12431,3,3,5,2482,branch_from
12431,3,3,5,2166,branch_to
12471,12,12,4,1282,branch_from
12471,12,12,4,1066,branch_to
12471,13,13,4,1282,branch_from
12471,13,13,4,1066,branch_to
12688,12,12,4,1282,branch_from
12688,12,12,4,1066,branch_to
12688,13,13,4,1282,branch_from
12688,13,13,4,1066,branch_to
12748,1,1,5,2482,branch_from
12748,1,1,5,2166,branch_to
12748,3,3,5,2482,branch_from
12748,3,3,5,2166,branch_to
12820,19,19,5,2482,branch_from
12820,19,19,5,2166,branch_to
12822,0,0,0,500,branch_from
12822,0,0,0,1402,branch_to
12854,0,0,0,1433,branch_from
12854,0,0,0,0,branch_to
12878,14,14,8,701,branch_from
12878,14,14,8,0,branch_to
12905,12,12,4,1282,branch_from
12905,12,12,4,1066,branch_to
12905,13,13,4,1282,branch_from
12905,13,13,4,1066,branch_to
12973,6,6,0,1301,branch_from
12973,6,6,0,1433,branch_to
12974,6,6,0,1433,branch_from
12974,6,6,0,0,branch_to
12994,17,17,9,1501,branch_from
12994,17,17,9,0,branch_to
13065,1,1,5,2482,branch_from
13065,1,1,5,2166,branch_to
13065,3,3,5,2482,branch_from
13065,3,3,5,2166,branch_to
13083,15,21,8,700,branch_from
13083,15,21,8,703,branch_to
13084,15,21,8,703,branch_from
13084,15,21,8,0,branch_to
13122,12,12,4,1282,branch_from
13122,12,12,4,1066,branch_to
13122,13,13,4,1282,branch_from
13122,13,13,4,1066,branch_to
13137,19,19,5,2482,branch_from
13137,19,19,5,2166,branch_to
13292,10,20,2,1429,branch_from
13292,10,20,2,0,branch_to
13293,10,20,2,0,blocked
13339,13,13,4,1282,branch_from
13339,13,13,4,1066,branch_to
13340,12,12,4,1283,branch_from
13340,12,12,4,0,branch_to
13341,12,12,4,0,blocked
13355,0,0,0,500,branch_from
13355,0,0,0,1402,branch_to
13382,1,1,5,2482,branch_from
13382,1,1,5,2166,branch_to
13382,3,3,5,2482,branch_from
13382,3,3,5,2166,branch_to
13388,0,0,0,1434,exit
13388,0,0,0,1434,unload
13388,0,25,4,0,load
13389,0,25,4,0,blocked
13393,10,20,2,0,unblocked
13441,12,12,4,0,unblocked
13454,19,19,5,2482,branch_from
13454,19,19,5,2166,branch_to
13489,0,25,4,0,unblocked
13556,13,13,4,1282,branch_from
13556,13,13,4,1066,branch_to
13580,14,14,8,701,branch_from
13580,14,14,8,0,branch_to
13619,18,23,0,1301,branch_from
13619,18,23,0,1433,branch_to
13620,18,23,0,1433,branch_from
13620,18,23,0,0,branch_to
13699,1,1,5,2482,branch_from
13699,1,1,5,2166,branch_to
13699,3,3,5,2482,branch_from
13699,3,3,5,2166,branch_to
13720,2,2,3,2129,branch_from
13720,2,2,3,0,branch_to
13720,4,4,3,2129,branch_from
13720,4,4,3,0,branch_to
13720,5,5,3,2129,branch_from
13720,5,5,3,0,branch_to
13720,8,8,3,2129,branch_from
13720,8,8,3,0,branch_to
13771,19,19,5,2482,branch_from
13771,19,19,5,2166,branch_to
13773,13,13,4,1282,branch_from
13773,13,13,4,1066,branch_to
13785,15,21,8,700,branch_from
13785,15,21,8,703,branch_to
13786,15,21,8,703,branch_from
13786,15,21,8,0,branch_to
13832,9,9,2,1429,branch_from
13832,9,9,2,0,branch_to
13832,11,11,2,1429,branch_from
13832,11,11,2,0,branch_to
13833,16,16,2,1429,branch_from
13833,16,16,2,0,branch_to
13990,13,13,4,1282,branch_from
13990,13,13,4,1066,branch_to
14016,1,1,5,2482,branch_from
14016,1,1,5,2166,branch_to
14016,3,3,5,2482,branch_from
14016,3,3,5,2166,branch_to
14088,19,19,5,2482,branch_from
14088,19,19,5,2166,branch_to
14208,13,13,4,1283,branch_from
14208,13,13,4,0,branch_to
14209,13,13,4,0,blocked
14211,7,24,7,2499,exit
14211,7,24,7,2499,unload
14211,7,26,7,0,load
14212,7,26,7,0,blocked
14276,6,6,0,1301,branch_from
14276,6,6,0,1433,branch_to
14277,6,6,0,1433,branch_from
14277,6,6,0,0,branch_to
14281,14,14,8,700,branch_from
14281,14,14,8,703,branch_to
14282,14,14,8,703,branch_from
14282,14,14,8,0,branch_to
14309,13,13,4,0,unblocked
14312,7,26,7,0,unblocked
14312,7,26,7,0,branch_from
14312,7,26,7,0,branch_to
14333,1,1,5,2482,branch_from
14333,1,1,5,2166,branch_to
14333,3,3,5,2482,branch_from
14333,3,3,5,2166,branch_to
14405,19,19,5,2482,branch_from
14405,19,19,5,2166,branch_to
14487,15,21,8,700,branch_from
14487,15,21,8,703,branch_to
14488,15,21,8,703,branch_from
14488,15,21,8,0,branch_to
14495,17,17,9,1500,branch_from
14495,17,17,9,1503,branch_to
14496,17,17,9,1503,branch_from
14496,17,17,9,0,branch_to
14650,1,1,5,2482,branch_from
14650,1,1,5,2166,branch_to
14650,3,3,5,2482,branch_from
14650,3,3,5,2166,branch_to
14722,19,19,5,2482,branch_from
14722,19,19,5,2166,branch_to
14723,12,12,4,1282,branch_from
14723,12,12,4,1066,branch_to
14771,0,25,4,1282,branch_from
14771,0,25,4,1066,branch_to
14772,0,25,4,1066,blocked
14778,6,6,0,500,branch_from
14778,6,6,0,1402,branch_to
14810,6,6,0,1433,branch_from
14810,6,6,0,0,branch_to
14822,10,20,2,1429,branch_from
14822,10,20,2,0,branch_to
14872,0,25,4,1066,unblocked
14922,18,23,0,1301,branch_from
14922,18,23,0,1433,branch_to
14923,18,23,0,1433,branch_from
14923,18,23,0,0,branch_to
14940,12,12,4,1282,branch_from
14940,12,12,4,1066,branch_to
14958,0,25,4,1152,blocked
14967,1,1,5,2482,branch_from
14967,1,1,5,2166,branch_to
14967,3,3,5,2482,branch_from
14967,3,3,5,2166,branch_to
14969,0,25,4,1152,unblocked
14983,14,14,8,700,branch_from
14983,14,14,8,703,branch_to
14984,14,14,8,703,branch_from
14984,14,14,8,0,branch_to
15039,19,19,5,2482,branch_from
15039,19,19,5,2166,branch_to
15099,0,25,4,1282,branch_from
15099,0,25,4,1066,branch_to
15100,0,25,4,1066,blocked
15157,12,12,4,1282,branch_from
15157,12,12,4,1066,branch_to
15190,15,21,8,701,branch_from
15190,15,21,8,0,branch_to
15200,0,25,4,1066,unblocked
15262,9,9,2,1429,branch_from
15262,9,9,2,0,branch_to
15262,11,11,2,1429,branch_from
15262,11,11,2,0,branch_to
15263,16,16,2,1429,branch_from
15263,16,16,2,0,branch_to
15284,1,1,5,2482,branch_from
15284,1,1,5,2166,branch_to
15284,3,3,5,2482,branch_from
15284,3,3,5,2166,branch_to
15286,0,25,4,1152,blocked
15297,0,25,4,1152,unblocked
15311,6,6,0,500,branch_from
15311,6,6,0,1402,branch_to
15343,6,6,0,1433,branch_from
15343,6,6,0,0,branch_to
15356,19,19,5,2482,branch_from
15356,19,19,5,2166,branch_to
15374,12,12,4,1282,branch_from
15374,12,12,4,1066,branch_to
15424,18,23,0,500,branch_from
15424,18,23,0,1402,branch_to
15427,0,25,4,1282,branch_from
15427,0,25,4,1066,branch_to
15456,18,23,0,1433,branch_from
15456,18,23,0,0,branch_to
15514,0,25,4,1152,blocked
15591,12,12,4,1282,branch_from
15591,12,12,4,1066,branch_to
15591,13,13,4,1282,branch_from
15591,13,13,4,1066,branch_to
15601,1,1,5,2482,branch_from
15601,1,1,5,2166,branch_to
15601,3,3,5,2482,branch_from
15601,3,3,5,2166,branch_to
15625,0,25,4,1152,unblocked
15673,19,19,5,2482,branch_from
15673,19,19,5,2166,branch_to
15685,14,14,8,700,branch_from
15685,14,14,8,703,branch_to
15686,14,14,8,703,branch_from
15686,14,14,8,0,branch_to
15755,0,25,4,1282,branch_from
15755,0,25,4,1066,branch_to
15808,12,12,4,1282,branch_from
15808,12,12,4,1066,branch_to
15808,13,13,4,1282,branch_from
15808,13,13,4,1066,branch_to
15844,6,6,0,500,branch_from
15844,6,6,0,1402,branch_to
15850,2,2,3,2129,branch_from
15850,2,2,3,0,branch_to
15850,4,4,3,2129,branch_from
15850,4,4,3,0,branch_to
15850,5,5,3,2129,branch_from
15850,5,5,3,0,branch_to
15850,8,8,3,2129,branch_from
15850,8,8,3,0,branch_to
15876,6,6,0,1433,branch_from
15876,6,6,0,0,branch_to
15891,15,21,8,700,branch_from
15891,15,21,8,703,branch_to
15892,15,21,8,703,branch_from
15892,15,21,8,0,branch_to
15918,1,1,5,2482,branch_from
15918,1,1,5,2166,branch_to
15918,3,3,5,2482,branch_from
15918,3,3,5,2166,branch_to
15972,0,25,4,1282,branch_from
15972,0,25,4,1066,branch_to
15990,19,19,5,2482,branch_from
15990,19,19,5,2166,branch_to
15998,17,17,9,1501,branch_from
15998,17,17,9,0,branch_to
16025,12,12,4,1282,branch_from
16025,12,12,4,1066,branch_to
16025,13,13,4,1282,branch_from
16025,13,13,4,1066,branch_to
16189,0,25,4,1282,branch_from
16189,0,25,4,1066,branch_to
16235,1,1,5,2482,branch_from
16235,1,1,5,2166,branch_to
16235,3,3,5,2482,branch_from
16235,3,3,5,2166,branch_to
16242,12,12,4,1282,branch_from
16242,12,12,4,1066,branch_to
16242,13,13,4,1282,branch_from
16242,13,13,4,1066,branch_to
16252,10,20,2,1429,branch_from
16252,10,20,2,0,branch_to
16307,19,19,5,2482,branch_from
16307,19,19,5,2166,branch_to
16387,14,14,8,700,branch_from
16387,14,14,8,703,branch_to
16388,14,14,8,703,branch_from
16388,14,14,8,0,branch_to
16406,0,25,4,1282,branch_from
16406,0,25,4,1066,branch_to
16459,12,12,4,1282,branch_from
16459,12,12,4,1066,branch_to
16459,13,13,4,1282,branch_from
16459,13,13,4,1066,branch_to
16552,1,1,5,2482,branch_from
16552,1,1,5,2166,branch_to
16552,3,3,5,2482,branch_from
16552,3,3,5,2166,branch_to
16594,15,21,8,701,branch_from
16594,15,21,8,0,branch_to
16623,0,25,4,1282,branch_from
16623,0,25,4,1066,branch_to
16624,19,19,5,2482,branch_from
16624,19,19,5,2166,branch_to
16676,12,12,4,1282,branch_from
16676,12,12,4,1066,branch_to
16676,13,13,4,1282,branch_from
16676,13,13,4,1066,branch_to
16692,9,9,2,1429,branch_from
16692,9,9,2,0,branch_to
16692,11,11,2,1429,branch_from
16692,11,11,2,0,branch_to
16693,16,16,2,1429,branch_from
16693,16,16,2,0,branch_to
16758,18,23,0,1301,branch_from
16758,18,23,0,1433,branch_to
16759,18,23,0,1433,branch_from
16759,18,23,0,0,branch_to
16812,7,26,7,2499,exit
16812,7,26,7,2499,unload
16812,7,27,3,0,load
16813,7,27,3,0,blocked
16840,0,25,4,1282,branch_from
16840,0,25,4,1066,branch_to
16869,1,1,5,2482,branch_from
16869,1,1,5,2166,branch_to
16869,3,3,5,2482,branch_from
16869,3,3,5,2166,branch_to
16893,12,12,4,1282,branch_from
16893,12,12,4,1066,branch_to
16893,13,13,4,1282,branch_from
16893,13,13,4,1066,branch_to
16913,7,27,3,0,unblocked
16941,19,19,5,2482,branch_from
16941,19,19,5,2166,branch_to
17057,0,25,4,1282,branch_from
17057,0,25,4,1066,branch_to
17090,14,14,8,701,branch_from
17090,14,14,8,0,branch_to
17110,13,13,4,1282,branch_from
17110,13,13,4,1066,branch_to
17111,12,12,4,1283,branch_from
17111,12,12,4,0,branch_to
17112,12,12,4,0,blocked
17178,6,6,0,1301,branch_from
17178,6,6,0,1433,branch_to
17179,6,6,0,1433,branch_from
17179,6,6,0,0,branch_to
17186,1,1,5,2482,branch_from
17186,1,1,5,2166,branch_to
17186,3,3,5,2482,branch_from
17186,3,3,5,2166,branch_to
17212,12,12,4,0,unblocked
17258,19,19,5,2482,branch_from
17258,19,19,5,2166,branch_to
17274,0,25,4,1282,branch_from
17274,0,25,4,1066,branch_to
17296,15,21,8,701,branch_from
17296,15,21,8,0,branch_to
17327,13,13,4,1282,branch_from
17327,13,13,4,1066,branch_to
17491,0,25,4,1282,branch_from
17491,0,25,4,1066,branch_to
17500,17,17,9,1501,branch_from
17500,17,17,9,0,branch_to
17503,1,1,5,2482,branch_from
17503,1,1,5,2166,branch_to
17504,3,3,5,2483,branch_from
17504,3,3,5,0,branch_to
17505,3,3,5,0,blocked
17544,13,13,4,1282,branch_from
17544,13,13,4,1066,branch_to
17575,19,19,5,2482,branch_from
17575,19,19,5,2166,branch_to
17605,3,3,5,0,unblocked
17680,6,6,0,500,branch_from
17680,6,6,0,1402,branch_to
17682,10,20,2,1429,branch_from
17682,10,20,2,0,branch_to
17708,0,25,4,1282,branch_from
17708,0,25,4,1066,branch_to
17713,6,6,0,1434,exit
17713,6,6,0,1434,unload
17713,6,28,5,0,load
17714,6,28,5,0,blocked
17761,13,13,4,1282,branch_from
17761,13,13,4,1066,branch_to
17791,14,14,8,700,branch_from
17791,14,14,8,703,branch_to
17792,14,14,8,703,branch_from
17792,14,14,8,0,branch_to
17814,6,28,5,0,unblocked
17821,1,1,5,2483,branch_from
17821,1,1,5,0,branch_to
17822,1,1,5,0,blocked
17892,19,19,5,2482,branch_from
17892,19,19,5,2166,branch_to
17922,1,1,5,0,unblocked
17925,0,25,4,1282,branch_from
17925,0,25,4,1066,branch_to
17978,13,13,4,1282,branch_from
17978,13,13,4,1066,branch_to
17980,2,2,3,2129,branch_from
17980,2,2,3,0,branch_to
17980,4,4,3,2129,branch_from
17980,4,4,3,0,branch_to
17980,5,5,3,2129,branch_from
17980,5,5,3,0,branch_to
17980,8,8,3,2129,branch_from
17980,8,8,3,0,branch_to
17997,15,21,8,700,branch_from
17997,15,21,8,703,branch_to
17998,15,21,8,703,branch_from
17998,15,21,8,0,branch_to
18061,18,23,0,1301,branch_from
18061,18,23,0,1433,branch_to
18062,18,23,0,1433,branch_from
18062,18,23,0,0,branch_to
18122,9,9,2,1429,branch_from
18122,9,9,2,0,branch_to
18122,11,11,2,1429,branch_from
18122,11,11,2,0,branch_to
18123,16,16,2,1429,branch_from
18123,16,16,2,0,branch_to
18142,0,25,4,1282,branch_from
18142,0,25,4,1066,branch_to
18195,13,13,4,1282,branch_from
18195,13,13,4,1066,branch_to
18210,19,19,5,2483,branch_from
18210,19,19,5,0,branch_to
18211,19,19,5,0,blocked
18311,19,19,5,0,unblocked
18359,0,25,4,1282,branch_from
18359,0,25,4,1066,branch_to
18412,13,13,4,1282,branch_from
18412,13,13,4,1066,branch_to
18493,14,14,8,700,branch_from
18493,14,14,8,703,branch_to
18494,12,12,4,1282,branch_from
18494,12,12,4,1066,branch_to
18494,14,14,8,703,branch_from
18494,14,14,8,0,branch_to
18576,0,25,4,1282,branch_from
18576,0,25,4,1066,branch_to
18629,13,13,4,1282,branch_from
18629,13,13,4,1066,branch_to
18700,15,21,8,701,branch_from
18700,15,21,8,0,branch_to
18711,12,12,4,1282,branch_from
18711,12,12,4,1066,branch_to
18793,0,25,4,1282,branch_from
18793,0,25,4,1066,branch_to
18846,13,13,4,1282,branch_from
18846,13,13,4,1066,branch_to
18928,12,12,4,1282,branch_from
18928,12,12,4,1066,branch_to
19002,17,17,9,1501,branch_from
19002,17,17,9,0,branch_to
19010,0,25,4,1282,branch_from
19010,0,25,4,1066,branch_to
19042,7,27,3,2129,branch_from
19042,7,27,3,0,branch_to
19063,13,13,4,1282,branch_from
19063,13,13,4,1066,branch_to
19112,10,20,2,1429,branch_from
19112,10,20,2,0,branch_to
19145,12,12,4,1282,branch_from
19145,12,12,4,1066,branch_to
19195,14,14,8,700,branch_from
19195,14,14,8,703,branch_to
19196,14,14,8,703,branch_from
19196,14,14,8,0,branch_to
19228,0,25,4,1283,branch_from
19228,0,25,4,0,branch_to
19280,13,13,4,1282,branch_from
19280,13,13,4,1066,branch_to
19362,12,12,4,1282,branch_from
19362,12,12,4,1066,branch_to
19364,18,23,0,1301,branch_from
19364,18,23,0,1433,branch_to
19365,18,23,0,1433,branch_from
19365,18,23,0,0,branch_to
19401,15,21,8,700,branch_from
19401,15,21,8,703,branch_to
19402,15,21,8,703,branch_from
19402,15,21,8,0,branch_to
19498,13,13,4,1283,branch_from
19498,13,13,4,0,branch_to
19499,13,13,4,0,blocked
19552,9,9,2,1429,branch_from
19552,9,9,2,0,branch_to
19552,11,11,2,1429,branch_from
19552,11,11,2,0,branch_to
19553,16,16,2,1429,branch_from
19553,16,16,2,0,branch_to
19579,12,12,4,1282,branch_from
19579,12,12,4,1066,branch_to
19599,13,13,4,0,unblocked
19796,12,12,4,1282,branch_from
19796,12,12,4,1066,branch_to
19866,18,23,0,500,branch_from
19866,18,23,0,1402,branch_to
19897,14,14,8,700,branch_from
19897,14,14,8,703,branch_to
19898,14,14,8,703,branch_from
19898,14,14,8,0,branch_to
19898,18,23,0,1433,branch_from
19898,18,23,0,0,branch_to
20013,12,12,4,1282,branch_from
20013,12,12,4,1066,branch_to
20087,3,3,5,2482,branch_from
20087,3,3,5,2166,branch_to
20104,15,21,8,701,branch_from
20104,15,21,8,0,branch_to
20110,2,2,3,2129,branch_from
20110,2,2,3,0,branch_to
20110,4,4,3,2129,branch_from
20110,4,4,3,0,branch_to
20110,5,5,3,2129,branch_from
20110,5,5,3,0,branch_to
20110,8,8,3,2129,branch_from
20110,8,8,3,0,branch_to
20230,12,12,4,1282,branch_from
20230,12,12,4,1066,branch_to
20296,6,28,5,2482,branch_from
20296,6,28,5,2166,branch_to
20297,6,28,5,2166,blocked
20397,6,28,5,2166,unblocked
20399,18,23,0,500,branch_from
20399,18,23,0,1402,branch_to
20404,1,1,5,2482,branch_from
20404,1,1,5,2166,branch_to
20404,3,3,5,2482,branch_from
20404,3,3,5,2166,branch_to
20431,18,23,0,1433,branch_from
20431,18,23,0,0,branch_to
20447,12,12,4,1282,branch_from
20447,12,12,4,1066,branch_to
20503,17,17,9,1500,branch_from
20503,17,17,9,1503,branch_to
20504,17,17,9,1503,branch_from
20504,17,17,9,0,branch_to
20511,0,25,4,1282,branch_from
20511,0,25,4,1066,branch_to
20542,10,20,2,1429,branch_from
20542,10,20,2,0,branch_to
20600,14,14,8,701,branch_from
20600,14,14,8,0,branch_to
20665,12,12,4,1283,branch_from
20665,12,12,4,0,branch_to
20666,12,12,4,0,blocked
20713,6,28,5,2482,branch_from
20713,6,28,5,2166,branch_to
20714,6,28,5,2166,blocked
20721,1,1,5,2482,branch_from
20721,1,1,5,2166,branch_to
20721,3,3,5,2482,branch_from
20721,3,3,5,2166,branch_to
20728,0,25,4,1282,branch_from
20728,0,25,4,1066,branch_to
20766,12,12,4,0,unblocked
20793,19,19,5,2482,branch_from
20793,19,19,5,2166,branch_to
20806,15,21,8,701,branch_from
20806,15,21,8,0,branch_to
20814,6,28,5,2166,unblocked
20881,13,13,4,1282,branch_from
20881,13,13,4,1066,branch_to
20932,18,23,0,500,branch_from
20932,18,23,0,1402,branch_to
20945,0,25,4,1282,branch_from
20945,0,25,4,1066,branch_to
20964,18,23,0,1433,branch_from
20964,18,23,0,0,branch_to
20982,9,9,2,1429,branch_from
20982,9,9,2,0,branch_to
20982,11,11,2,1429,branch_from
20982,11,11,2,0,branch_to
20983,16,16,2,1429,branch_from
20983,16,16,2,0,branch_to
21038,1,1,5,2482,branch_from
21038,1,1,5,2166,branch_to
21038,3,3,5,2482,branch_from
21038,3,3,5,2166,branch_to
21098,13,13,4,1282,branch_from
21098,13,13,4,1066,branch_to
21110,19,19,5,2482,branch_from
21110,19,19,5,2166,branch_to
21130,6,28,5,2482,branch_from
21130,6,28,5,2166,branch_to
21141,6,28,5,2176,blocked
21162,0,25,4,1282,branch_from
21162,0,25,4,1066,branch_to
21172,7,27,3,2129,branch_from
21172,7,27,3,0,branch_to
21231,6,28,5,2176,unblocked
21302,14,14,8,701,branch_from
21302,14,14,8,0,branch_to
21315,13,13,4,1282,branch_from
21315,13,13,4,1066,branch_to
21355,1,1,5,2482,branch_from
21355,1,1,5,2166,branch_to
21355,3,3,5,2482,branch_from
21355,3,3,5,2166,branch_to
21379,0,25,4,1282,branch_from
21379,0,25,4,1066,branch_to
21427,19,19,5,2482,branch_from
21427,19,19,5,2166,branch_to
21465,18,23,0,500,branch_from
21465,18,23,0,1402,branch_to
21497,18,23,0,1433,branch_from
21497,18,23,0,0,branch_to
21508,15,21,8,701,branch_from
21508,15,21,8,0,branch_to
21532,13,13,4,1282,branch_from
21532,13,13,4,1066,branch_to
21537,6,28,5,2482,branch_from
21537,6,28,5,2166,branch_to
21548,6,28,5,2176,blocked
21596,0,25,4,1282,branch_from
21596,0,25,4,1066,branch_to
21638,6,28,5,2176,unblocked
21672,1,1,5,2482,branch_from
21672,1,1,5,2166,branch_to
21672,3,3,5,2482,branch_from
21672,3,3,5,2166,branch_to
21744,19,19,5,2482,branch_from
21744,19,19,5,2166,branch_to
21749,13,13,4,1282,branch_from
21749,13,13,4,1066,branch_to
21813,0,25,4,1282,branch_from
21813,0,25,4,1066,branch_to
21944,6,28,5,2482,branch_from
21944,6,28,5,2166,branch_to
21966,13,13,4,1282,branch_from
21966,13,13,4,1066,branch_to
21972,10,20,2,1429,branch_from
21972,10,20,2,0,branch_to
21989,1,1,5,2482,branch_from
21989,1,1,5,2166,branch_to
21989,3,3,5,2482,branch_from
21989,3,3,5,2166,branch_to
22004,14,14,8,701,branch_from
22004,14,14,8,0,branch_to
22006,17,17,9,1501,branch_from
22006,17,17,9,0,branch_to
22030,0,25,4,1282,branch_from
22030,0,25,4,1066,branch_to
22048,12,12,4,1282,branch_from
22048,12,12,4,1066,branch_to
22061,19,19,5,2482,branch_from
22061,19,19,5,2166,branch_to
22083,6,28,5,2304,blocked
22094,6,28,5,2304,unblocked
22183,13,13,4,1282,branch_from
22183,13,13,4,1066,branch_to
22210,15,21,8,701,branch_from
22210,15,21,8,0,branch_to
22240,2,2,3,2129,branch_from
22240,2,2,3,0,branch_to
22240,4,4,3,2129,branch_from
22240,4,4,3,0,branch_to
22240,5,5,3,2129,branch_from
22240,5,5,3,0,branch_to
22240,8,8,3,2129,branch_from
22240,8,8,3,0,branch_to
22247,0,25,4,1282,branch_from
22247,0,25,4,1066,branch_to
22265,12,12,4,1282,branch_from
22265,12,12,4,1066,branch_to
22272,6,28,5,2482,branch_from
22272,6,28,5,2166,branch_to
22306,1,1,5,2482,branch_from
22306,1,1,5,2166,branch_to
22306,3,3,5,2482,branch_from
22306,3,3,5,2166,branch_to
22378,19,19,5,2482,branch_from
22378,19,19,5,2166,branch_to
22400,13,13,4,1282,branch_from
22400,13,13,4,1066,branch_to
22411,6,28,5,2304,blocked
22412,9,9,2,1429,branch_from
22412,9,9,2,0,branch_to
22412,11,11,2,1429,branch_from
22412,11,11,2,0,branch_to
22413,16,16,2,1429,branch_from
22413,16,16,2,0,branch_to
22422,6,28,5,2304,unblocked
22464,0,25,4,1282,branch_from
22464,0,25,4,1066,branch_to
22482,12,12,4,1282,branch_from
22482,12,12,4,1066,branch_to
22600,6,28,5,2482,branch_from
22600,6,28,5,2166,branch_to
22617,13,13,4,1282,branch_from
22617,13,13,4,1066,branch_to
22623,1,1,5,2482,branch_from
22623,1,1,5,2166,branch_to
22623,3,3,5,2482,branch_from
22623,3,3,5,2166,branch_to
22681,0,25,4,1282,branch_from
22681,0,25,4,1066,branch_to
22695,19,19,5,2482,branch_from
22695,19,19,5,2166,branch_to
22699,12,12,4,1282,branch_from
22699,12,12,4,1066,branch_to
22706,14,14,8,701,branch_from
22706,14,14,8,0,branch_to
22739,6,28,5,2304,blocked
22750,6,28,5,2304,unblocked
22799,18,23,0,1301,branch_from
22799,18,23,0,1433,branch_to
22800,18,23,0,1433,branch_from
22800,18,23,0,0,branch_to
22834,13,13,4,1282,branch_from
22834,13,13,4,1066,branch_to
22898,0,25,4,1282,branch_from
22898,0,25,4,1066,branch_to
22911,15,21,8,700,branch_from
22911,15,21,8,703,branch_to
22912,15,21,8,703,branch_from
22912,15,21,8,0,branch_to
22916,12,12,4,1282,branch_from
22916,12,12,4,1066,branch_to
22928,6,28,5,2482,branch_from
22928,6,28,5,2166,branch_to
22940,1,1,5,2482,branch_from
22940,1,1,5,2166,branch_to
22940,3,3,5,2482,branch_from
22940,3,3,5,2166,branch_to
23012,19,19,5,2482,branch_from
23012,19,19,5,2166,branch_to
23051,13,13,4,1282,branch_from
23051,13,13,4,1066,branch_to
23067,6,28,5,2304,blocked
23078,6,28,5,2304,unblocked
23115,0,25,4,1282,branch_from
23115,0,25,4,1066,branch_to
23133,12,12,4,1282,branch_from
23133,12,12,4,1066,branch_to
23256,6,28,5,2482,branch_from
23256,6,28,5,2166,branch_to
23257,1,1,5,2482,branch_from
23257,1,1,5,2166,branch_to
23257,3,3,5,2482,branch_from
23257,3,3,5,2166,branch_to
23268,13,13,4,1282,branch_from
23268,13,13,4,1066,branch_to
23301,18,23,0,500,branch_from
23301,18,23,0,1402,branch_to
23302,7,27,3,2129,branch_from
23302,7,27,3,0,branch_to
23329,19,19,5,2482,branch_from
23329,19,19,5,2166,branch_to
23332,0,25,4,1282,branch_from
23332,0,25,4,1066,branch_to
23333,18,23,0,1433,branch_from
23333,18,23,0,0,branch_to
23350,12,12,4,1282,branch_from
23350,12,12,4,1066,branch_to
23395,6,28,5,2304,blocked
23402,10,20,2,1429,branch_from
23402,10,20,2,0,branch_to
23406,6,28,5,2304,unblocked
23408,14,14,8,701,branch_from
23408,14,14,8,0,branch_to
23485,13,13,4,1282,branch_from
23485,13,13,4,1066,branch_to
23508,17,17,9,1501,branch_from
23508,17,17,9,0,branch_to
23549,0,25,4,1282,branch_from
23549,0,25,4,1066,branch_to
23567,12,12,4,1282,branch_from
23567,12,12,4,1066,branch_to
23574,1,1,5,2482,branch_from
23574,1,1,5,2166,branch_to
23574,3,3,5,2482,branch_from
23574,3,3,5,2166,branch_to
23584,6,28,5,2482,branch_from
23584,6,28,5,2166,branch_to
23614,15,21,8,701,branch_from
23614,15,21,8,0,branch_to
23646,19,19,5,2482,branch_from
23646,19,19,5,2166,branch_to
23702,13,13,4,1282,branch_from
23702,13,13,4,1066,branch_to
23723,6,28,5,2304,blocked
23734,6,28,5,2304,unblocked
23767,0,25,4,1283,branch_from
23767,0,25,4,0,branch_to
23784,12,12,4,1282,branch_from
23784,12,12,4,1066,branch_to
23834,18,23,0,500,branch_from
23834,18,23,0,1402,branch_to
23842,9,9,2,1429,branch_from
23842,9,9,2,0,branch_to
23842,11,11,2,1429,branch_from
23842,11,11,2,0,branch_to
23843,16,16,2,1429,branch_from
23843,16,16,2,0,branch_to
23866,18,23,0,1433,branch_from
23866,18,23,0,0,branch_to
23891,1,1,5,2482,branch_from
23891,1,1,5,2166,branch_to
23891,3,3,5,2482,branch_from
23891,3,3,5,2166,branch_to
23912,6,28,5,2482,branch_from
23912,6,28,5,2166,branch_to
23919,13,13,4,1282,branch_from
23919,13,13,4,1066,branch_to
23963,19,19,5,2482,branch_from
23963,19,19,5,2166,branch_to
24001,12,12,4,1282,branch_from
24001,12,12,4,1066,branch_to
24051,6,28,5,2304,blocked
24062,6,28,5,2304,unblocked
24110,14,14,8,701,branch_from
24110,14,14,8,0,branch_to
24137,13,13,4,1283,branch_from
24137,13,13,4,0,branch_to
24138,13,13,4,0,blocked
24208,1,1,5,2482,branch_from
24208,1,1,5,2166,branch_to
24208,3,3,5,2482,branch_from
24208,3,3,5,2166,branch_to
24218,12,12,4,1282,branch_from
24218,12,12,4,1066,branch_to
24238,13,13,4,0,unblocked
24240,6,28,5,2482,branch_from
24240,6,28,5,2166,branch_to
24280,19,19,5,2482,branch_from
24280,19,19,5,2166,branch_to
24315,15,21,8,700,branch_from
24315,15,21,8,703,branch_to
24316,15,21,8,703,branch_from
24316,15,21,8,0,branch_to
24367,18,23,0,500,branch_from
24367,18,23,0,1402,branch_to
24370,2,2,3,2129,branch_from
24370,2,2,3,0,branch_to
24370,4,4,3,2129,branch_from
24370,4,4,3,0,branch_to
24370,5,5,3,2129,branch_from
24370,5,5,3,0,branch_to
24370,8,8,3,2129,branch_from
24370,8,8,3,0,branch_to
24379,6,28,5,2304,blocked
24390,6,28,5,2304,unblocked
24399,18,23,0,1433,branch_from
24399,18,23,0,0,branch_to
24435,12,12,4,1282,branch_from
24435,12,12,4,1066,branch_to
24525,1,1,5,2482,branch_from
24525,1,1,5,2166,branch_to
24525,3,3,5,2482,branch_from
24525,3,3,5,2166,branch_to
24568,6,28,5,2482,branch_from
24568,6,28,5,2166,branch_to
24597,19,19,5,2482,branch_from
24597,19,19,5,2166,branch_to
24652,12,12,4,1282,branch_from
24652,12,12,4,1066,branch_to
24707,6,28,5,2304,blocked
24718,6,28,5,2304,unblocked
24812,14,14,8,701,branch_from
24812,14,14,8,0,branch_to
24832,10,20,2,1429,branch_from
24832,10,20,2,0,branch_to
24842,1,1,5,2482,branch_from
24842,1,1,5,2166,branch_to
24842,3,3,5,2482,branch_from
24842,3,3,5,2166,branch_to
24869,12,12,4,1282,branch_from
24869,12,12,4,1066,branch_to
24896,6,28,5,2482,branch_from
24896,6,28,5,2166,branch_to
24900,18,23,0,500,branch_from
24900,18,23,0,1402,branch_to
24914,19,19,5,2482,branch_from
24914,19,19,5,2166,branch_to
24932,18,23,0,1433,branch_from
24932,18,23,0,0,branch_to
25009,17,17,9,1500,branch_from
25009,17,17,9,1503,branch_to
25010,17,17,9,1503,branch_from
25010,17,17,9,0,branch_to
25017,15,21,8,700,branch_from
25017,15,21,8,703,branch_to
25019,15,21,8,704,exit
25019,15,21,8,704,unload
25019,15,29,0,0,load
25020,15,29,0,0,blocked
25035,6,28,5,2304,blocked
25046,6,28,5,2304,unblocked
25050,0,25,4,1282,branch_from
25050,0,25,4,1066,branch_to
25087,12,12,4,1283,branch_from
25087,12,12,4,0,branch_to
25088,12,12,4,0,blocked
25120,15,29,0,0,unblocked
25159,1,1,5,2482,branch_from
25159,1,1,5,2166,branch_to
25159,3,3,5,2482,branch_from
25159,3,3,5,2166,branch_to
25188,12,12,4,0,unblocked
25224,6,28,5,2482,branch_from
25224,6,28,5,2166,branch_to
25231,19,19,5,2482,branch_from
25231,19,19,5,2166,branch_to
25267,0,25,4,1282,branch_from
25267,0,25,4,1066,branch_to
25272,9,9,2,1429,branch_from
25272,9,9,2,0,branch_to
25272,11,11,2,1429,branch_from
25272,11,11,2,0,branch_to
25273,16,16,2,1429,branch_from
25273,16,16,2,0,branch_to
25363,6,28,5,2304,blocked
25374,6,28,5,2304,unblocked
25432,7,27,3,2129,branch_from
25432,7,27,3,0,branch_to
25476,1,1,5,2482,branch_from
25476,1,1,5,2166,branch_to
25476,3,3,5,2482,branch_from
25476,3,3,5,2166,branch_to
25484,0,25,4,1282,branch_from
25484,0,25,4,1066,branch_to
25513,14,14,8,700,branch_from
25513,14,14,8,703,branch_to
25514,14,14,8,703,branch_from
25514,14,14,8,0,branch_to
25520,13,13,4,1282,branch_from
25520,13,13,4,1066,branch_to
25548,19,19,5,2482,branch_from
25548,19,19,5,2166,branch_to
25552,6,28,5,2482,branch_from
25552,6,28,5,2166,branch_to
25701,0,25,4,1282,branch_from
25701,0,25,4,1066,branch_to
25737,13,13,4,1282,branch_from
25737,13,13,4,1066,branch_to
25793,1,1,5,2482,branch_from
25793,1,1,5,2166,branch_to
25794,3,3,5,2483,branch_from
25794,3,3,5,0,branch_to
25795,3,3,5,0,blocked
25865,19,19,5,2482,branch_from
25865,19,19,5,2166,branch_to
25869,6,28,5,2482,branch_from
25869,6,28,5,2166,branch_to
25895,3,3,5,0,unblocked
25918,0,25,4,1282,branch_from
25918,0,25,4,1066,branch_to
25954,13,13,4,1282,branch_from
25954,13,13,4,1066,branch_to
26110,1,1,5,2482,branch_from
26110,1,1,5,2166,branch_to
26135,0,25,4,1282,branch_from
26135,0,25,4,1066,branch_to
26171,13,13,4,1282,branch_from
26171,13,13,4,1066,branch_to
26183,19,19,5,2483,branch_from
26183,19,19,5,0,branch_to
26184,19,19,5,0,blocked
26187,6,28,5,2483,branch_from
26187,6,28,5,0,branch_to
26215,14,14,8,700,branch_from
26215,14,14,8,703,branch_to
26216,14,14,8,703,branch_from
26216,14,14,8,0,branch_to
26234,18,23,0,1301,branch_from
26234,18,23,0,1433,branch_to
26235,18,23,0,1433,branch_from
26235,18,23,0,0,branch_to
26262,10,20,2,1429,branch_from
26262,10,20,2,0,branch_to
26284,19,19,5,0,unblocked
26352,0,25,4,1282,branch_from
26352,0,25,4,1066,branch_to
26388,13,13,4,1282,branch_from
26388,13,13,4,1066,branch_to
26421,15,29,0,1301,branch_from
26421,15,29,0,1433,branch_to
26422,15,29,0,1433,blocked
26427,1,1,5,2482,branch_from
26427,1,1,5,2166,branch_to
26470,12,12,4,1282,branch_from
26470,12,12,4,1066,branch_to
26500,2,2,3,2129,branch_from
26500,2,2,3,0,branch_to
26500,4,4,3,2129,branch_from
26500,4,4,3,0,branch_to
26500,5,5,3,2129,branch_from
26500,5,5,3,0,branch_to
26500,8,8,3,2129,branch_from
26500,8,8,3,0,branch_to
26500,15,29,0,1433,unblocked
26500,15,29,0,1433,branch_from
26500,15,29,0,0,branch_to
26512,17,17,9,1501,branch_from
26512,17,17,9,0,branch_to
26569,0,25,4,1282,branch_from
26569,0,25,4,1066,branch_to
26605,13,13,4,1282,branch_from
26605,13,13,4,1066,branch_to
26687,12,12,4,1282,branch_from
26687,12,12,4,1066,branch_to
26702,9,9,2,1429,branch_from
26702,9,9,2,0,branch_to
26702,11,11,2,1429,branch_from
26702,11,11,2,0,branch_to
26703,16,16,2,1429,branch_from
26703,16,16,2,0,branch_to
26744,1,1,5,2482,branch_from
26744,1,1,5,2166,branch_to
26786,0,25,4,1282,branch_from
26786,0,25,4,1066,branch_to
26822,13,13,4,1282,branch_from
26822,13,13,4,1066,branch_to
26904,12,12,4,1282,branch_from
26904,12,12,4,1066,branch_to
26917,14,14,8,700,branch_from
26917,14,14,8,703,branch_to
26918,14,14,8,703,branch_from
26918,14,14,8,0,branch_to
27003,0,25,4,1282,branch_from
27003,0,25,4,1066,branch_to
27039,13,13,4,1282,branch_from
27039,13,13,4,1066,branch_to
27062,1,1,5,2483,branch_from
27062,1,1,5,0,branch_to
27063,1,1,5,0,blocked
27121,12,12,4,1282,branch_from
27121,12,12,4,1066,branch_to
27163,1,1,5,0,unblocked
27220,0,25,4,1282,branch_from
27220,0,25,4,1066,branch_to
27256,13,13,4,1282,branch_from
27256,13,13,4,1066,branch_to
27338,12,12,4,1282,branch_from
27338,12,12,4,1066,branch_to
27438,0,25,4,1283,branch_from
27438,0,25,4,0,branch_to
27473,13,13,4,1282,branch_from
27473,13,13,4,1066,branch_to
27537,18,23,0,1301,branch_from
27537,18,23,0,1433,branch_to
27538,18,23,0,1433,branch_from
27538,18,23,0,0,branch_to
27555,12,12,4,1282,branch_from
27555,12,12,4,1066,branch_to
27562,7,27,3,2129,branch_from
27562,7,27,3,0,branch_to
27619,14,14,8,700,branch_from
27619,14,14,8,703,branch_to
27621,14,14,8,704,exit
27621,14,14,8,704,unload
27621,14,30,7,0,load
27622,14,30,7,0,blocked
27691,13,13,4,1283,branch_from
27691,13,13,4,0,branch_to
27692,10,20,2,1429,branch_from
27692,10,20,2,0,branch_to
27692,13,13,4,0,blocked
27722,14,30,7,0,unblocked
27722,14,30,7,0,branch_from
27722,14,30,7,0,branch_to
27772,12,12,4,1282,branch_from
27772,12,12,4,1066,branch_to
27792,13,13,4,0,unblocked
27802,15,29,0,1301,branch_from
27802,15,29,0,1433,branch_to
27803,15,29,0,1433,blocked
27881,15,29,0,1433,unblocked
27881,15,29,0,1433,branch_from
27881,15,29,0,0,branch_to
27989,12,12,4,1282,branch_from
27989,12,12,4,1066,branch_to
28014,17,17,9,1501,branch_from
28014,17,17,9,0,branch_to
28039,18,23,0,500,branch_from
28039,18,23,0,1402,branch_to
28071,18,23,0,1433,branch_from
28071,18,23,0,0,branch_to
28132,9,9,2,1429,branch_from
28132,9,9,2,0,branch_to
28132,11,11,2,1429,branch_from
28132,11,11,2,0,branch_to
28133,16,16,2,1429,branch_from
28133,16,16,2,0,branch_to
28206,12,12,4,1282,branch_from
28206,12,12,4,1066,branch_to
28377,3,3,5,2482,branch_from
28377,3,3,5,2166,branch_to
28423,12,12,4,1282,branch_from
28423,12,12,4,1066,branch_to
28572,18,23,0,500,branch_from
28572,18,23,0,1402,branch_to
28604,18,23,0,1433,branch_from
28604,18,23,0,0,branch_to
28630,2,2,3,2129,branch_from
28630,2,2,3,0,branch_to
28630,4,4,3,2129,branch_from
28630,4,4,3,0,branch_to
28630,5,5,3,2129,branch_from
28630,5,5,3,0,branch_to
28630,8,8,3,2129,branch_from
28630,8,8,3,0,branch_to
28640,12,12,4,1282,branch_from
28640,12,12,4,1066,branch_to
28670,6,28,5,2482,branch_from
28670,6,28,5,2166,branch_to
28694,3,3,5,2482,branch_from
28694,3,3,5,2166,branch_to
28721,0,25,4,1282,branch_from
28721,0,25,4,1066,branch_to
28766,19,19,5,2482,branch_from
28766,19,19,5,2166,branch_to
28857,12,12,4,1282,branch_from
28857,12,12,4,1066,branch_to
28938,0,25,4,1282,branch_from
28938,0,25,4,1066,branch_to
28987,6,28,5,2482,branch_from
28987,6,28,5,2166,branch_to
29011,3,3,5,2482,branch_from
29011,3,3,5,2166,branch_to
29074,12,12,4,1282,branch_from
29074,12,12,4,1066,branch_to
29074,13,13,4,1282,branch_from
29074,13,13,4,1066,branch_to
29083,19,19,5,2482,branch_from
29083,19,19,5,2166,branch_to
29105,18,23,0,500,branch_from
29105,18,23,0,1402,branch_to
29122,10,20,2,1429,branch_from
29122,10,20,2,0,branch_to
29137,18,23,0,1433,branch_from
29137,18,23,0,0,branch_to
29155,0,25,4,1282,branch_from
29155,0,25,4,1066,branch_to
29183,15,29,0,1301,branch_from
29183,15,29,0,1433,branch_to
29184,15,29,0,1433,blocked
29262,15,29,0,1433,unblocked
29262,15,29,0,1433,branch_from
29262,15,29,0,0,branch_to
29291,13,13,4,1282,branch_from
29291,13,13,4,1066,branch_to
29292,12,12,4,1283,branch_from
29292,12,12,4,0,branch_to
29293,12,12,4,0,blocked
29304,6,28,5,2482,branch_from
29304,6,28,5,2166,branch_to
29328,3,3,5,2482,branch_from
29328,3,3,5,2166,branch_to
29372,0,25,4,1282,branch_from
29372,0,25,4,1066,branch_to
29393,12,12,4,0,unblocked
29400,19,19,5,2482,branch_from
29400,19,19,5,2166,branch_to
29508,13,13,4,1282,branch_from
29508,13,13,4,1066,branch_to
29515,17,17,9,1500,branch_from
29515,17,17,9,1503,branch_to
29516,17,17,9,1503,branch_from
29516,17,17,9,0,branch_to
29562,9,9,2,1429,branch_from
29562,9,9,2,0,branch_to
29562,11,11,2,1429,branch_from
29562,11,11,2,0,branch_to
29563,16,16,2,1429,branch_from
29563,16,16,2,0,branch_to
29589,0,25,4,1282,branch_from
29589,0,25,4,1066,branch_to
29621,6,28,5,2482,branch_from
29621,6,28,5,2166,branch_to
29645,1,1,5,2482,branch_from
29645,1,1,5,2166,branch_to
29645,3,3,5,2482,branch_from
29645,3,3,5,2166,branch_to
29692,7,27,3,2129,branch_from
29692,7,27,3,0,branch_to
29717,19,19,5,2482,branch_from
29717,19,19,5,2166,branch_to
29725,13,13,4,1282,branch_from
29725,13,13,4,1066,branch_to
29763,15,29,0,500,branch_from
29763,15,29,0,1402,branch_to
29764,15,29,0,1402,blocked
29806,0,25,4,1282,branch_from
29806,0,25,4,1066,branch_to
29864,15,29,0,1402,unblocked
29895,15,29,0,1433,branch_from
29895,15,29,0,0,branch_to
29896,15,29,0,0,blocked
29938,6,28,5,2482,branch_from
29938,6,28,5,2166,branch_to
29942,13,13,4,1282,branch_from
29942,13,13,4,1066,branch_to
29962,1,1,5,2482,branch_from
29962,1,1,5,2166,branch_to
29962,3,3,5,2482,branch_from
29962,3,3,5,2166,branch_to
29996,15,29,0,0,unblocked
30023,0,25,4,1282,branch_from
30023,0,25,4,1066,branch_to
30034,19,19,5,2482,branch_from
30034,19,19,5,2166,branch_to
30159,13,13,4,1282,branch_from
30159,13,13,4,1066,branch_to
30222,14,30,7,2499,exit
30222,14,30,7,2499,unload
30222,14,31,5,0,load
30223,14,31,5,0,blocked
30240,0,25,4,1282,branch_from
30240,0,25,4,1066,branch_to
30255,6,28,5,2482,branch_from
30255,6,28,5,2166,branch_to
30279,1,1,5,2482,branch_from
30279,1,1,5,2166,branch_to
30279,3,3,5,2482,branch_from
30279,3,3,5,2166,branch_to
30323,14,31,5,0,unblocked
30351,19,19,5,2482,branch_from
30351,19,19,5,2166,branch_to
30376,13,13,4,1282,branch_from
30376,13,13,4,1066,branch_to
30439,18,23,0,1301,branch_from
30439,18,23,0,1433,branch_to
30441,18,23,0,1434,exit
30441,18,23,0,1434,unload
30441,18,32,8,0,load
30442,18,32,8,0,blocked
30457,0,25,4,1282,branch_from
30457,0,25,4,1066,branch_to
30496,15,29,0,500,branch_from
30496,15,29,0,1402,branch_to
30497,15,29,0,1402,blocked
30542,18,32,8,0,unblocked
30552,10,20,2,1429,branch_from
30552,10,20,2,0,branch_to
30572,6,28,5,2482,branch_from
30572,6,28,5,2166,branch_to
30593,13,13,4,1282,branch_from
30593,13,13,4,1066,branch_to
30596,1,1,5,2482,branch_from
30596,1,1,5,2166,branch_to
30596,3,3,5,2482,branch_from
30596,3,3,5,2166,branch_to
30597,15,29,0,1402,unblocked
30628,15,29,0,1433,branch_from
30628,15,29,0,0,branch_to
30629,15,29,0,0,blocked
30668,19,19,5,2482,branch_from
30668,19,19,5,2166,branch_to
30674,0,25,4,1282,branch_from
30674,0,25,4,1066,branch_to
30675,12,12,4,1282,branch_from
30675,12,12,4,1066,branch_to
30729,15,29,0,0,unblocked
30760,2,2,3,2129,branch_from
30760,2,2,3,0,branch_to
30760,4,4,3,2129,branch_from
30760,4,4,3,0,branch_to
30760,5,5,3,2129,branch_from
30760,5,5,3,0,branch_to
30760,8,8,3,2129,branch_from
30760,8,8,3,0,branch_to
30810,13,13,4,1282,branch_from
30810,13,13,4,1066,branch_to
30889,6,28,5,2482,branch_from
30889,6,28,5,2166,branch_to
30891,0,25,4,1282,branch_from
30891,0,25,4,1066,branch_to
30892,12,12,4,1282,branch_from
30892,12,12,4,1066,branch_to
30913,1,1,5,2482,branch_from
30913,1,1,5,2166,branch_to
30913,3,3,5,2482,branch_from
30913,3,3,5,2166,branch_to
30985,19,19,5,2482,branch_from
30985,19,19,5,2166,branch_to
30992,9,9,2,1429,branch_from
30992,9,9,2,0,branch_to
30992,11,11,2,1429,branch_from
30992,11,11,2,0,branch_to
30993,16,16,2,1429,branch_from
30993,16,16,2,0,branch_to
31018,17,17,9,1501,branch_from
31018,17,17,9,0,branch_to
31027,13,13,4,1282,branch_from
31027,13,13,4,1066,branch_to
31108,0,25,4,1282,branch_from
31108,0,25,4,1066,branch_to
31109,12,12,4,1282,branch_from
31109,12,12,4,1066,branch_to
31206,6,28,5,2482,branch_from
31206,6,28,5,2166,branch_to
31229,15,29,0,500,branch_from
31229,15,29,0,1402,branch_to
31230,1,1,5,2482,branch_from
31230,1,1,5,2166,branch_to
31230,3,3,5,2482,branch_from
31230,3,3,5,2166,branch_to
31236,15,29,0,1408,blocked
31242,18,32,8,700,branch_from
31242,18,32,8,703,branch_to
31243,18,32,8,703,branch_from
31243,18,32,8,0,branch_to
31245,13,13,4,1283,branch_from
31245,13,13,4,0,branch_to
31246,13,13,4,0,blocked
31302,19,19,5,2482,branch_from
31302,19,19,5,2166,branch_to
31325,0,25,4,1282,branch_from
31325,0,25,4,1066,branch_to
31326,12,12,4,1282,branch_from
31326,12,12,4,1066,branch_to
31330,15,29,0,1408,unblocked
31346,13,13,4,0,unblocked
31355,15,29,0,1433,branch_from
31355,15,29,0,0,branch_to
31523,6,28,5,2482,branch_from
31523,6,28,5,2166,branch_to
31542,0,25,4,1282,branch_from
31542,0,25,4,1066,branch_to
31543,12,12,4,1282,branch_from
31543,12,12,4,1066,branch_to
31547,1,1,5,2482,branch_from
31547,1,1,5,2166,branch_to
31547,3,3,5,2482,branch_from
31547,3,3,5,2166,branch_to
31619,19,19,5,2482,branch_from
31619,19,19,5,2166,branch_to
31759,0,25,4,1282,branch_from
31759,0,25,4,1066,branch_to
31760,12,12,4,1282,branch_from
31760,12,12,4,1066,branch_to
31822,7,27,3,2129,branch_from
31822,7,27,3,0,branch_to
31840,6,28,5,2482,branch_from
31840,6,28,5,2166,branch_to
31856,15,29,0,500,branch_from
31856,15,29,0,1402,branch_to
31863,15,29,0,1408,blocked
31864,1,1,5,2482,branch_from
31864,1,1,5,2166,branch_to
31864,3,3,5,2482,branch_from
31864,3,3,5,2166,branch_to
31936,19,19,5,2482,branch_from
31936,19,19,5,2166,branch_to
31944,18,32,8,700,branch_from
31944,18,32,8,703,branch_to
31945,18,32,8,703,branch_from
31945,18,32,8,0,branch_to
31957,15,29,0,1408,unblocked
31976,0,25,4,1282,branch_from
31976,0,25,4,1066,branch_to
31977,12,12,4,1282,branch_from
31977,12,12,4,1066,branch_to
31982,10,20,2,1429,branch_from
31982,10,20,2,0,branch_to
31982,15,29,0,1433,branch_from
31982,15,29,0,0,branch_to
32157,6,28,5,2482,branch_from
32157,6,28,5,2166,branch_to
32181,1,1,5,2482,branch_from
32181,1,1,5,2166,branch_to
32181,3,3,5,2482,branch_from
32181,3,3,5,2166,branch_to
32193,0,25,4,1282,branch_from
32193,0,25,4,1066,branch_to
32194,12,12,4,1282,branch_from
32194,12,12,4,1066,branch_to
32253,19,19,5,2482,branch_from
32253,19,19,5,2166,branch_to
32410,0,25,4,1282,branch_from
32410,0,25,4,1066,branch_to
32411,12,12,4,1282,branch_from
32411,12,12,4,1066,branch_to
32422,9,9,2,1429,branch_from
32422,9,9,2,0,branch_to
32422,11,11,2,1429,branch_from
32422,11,11,2,0,branch_to
32423,16,16,2,1429,branch_from
32423,16,16,2,0,branch_to
32474,6,28,5,2482,branch_from
32474,6,28,5,2166,branch_to
32483,15,29,0,500,branch_from
32483,15,29,0,1402,branch_to
32498,1,1,5,2482,branch_from
32498,1,1,5,2166,branch_to
32498,3,3,5,2482,branch_from
32498,3,3,5,2166,branch_to
32515,15,29,0,1433,branch_from
32515,15,29,0,0,branch_to
32520,17,17,9,1501,branch_from
32520,17,17,9,0,branch_to
32570,19,19,5,2482,branch_from
32570,19,19,5,2166,branch_to
32628,0,25,4,1283,branch_from
32628,0,25,4,0,branch_to
32628,12,12,4,1282,branch_from
32628,12,12,4,1066,branch_to
32628,13,13,4,1282,branch_from
32628,13,13,4,1066,branch_to
32647,18,32,8,701,branch_from
32647,18,32,8,0,branch_to
32791,6,28,5,2482,branch_from
32791,6,28,5,2166,branch_to
32805,14,31,5,2482,branch_from
32805,14,31,5,2166,branch_to
32806,14,31,5,2166,blocked
32815,1,1,5,2482,branch_from
32815,1,1,5,2166,branch_to
32815,3,3,5,2482,branch_from
32815,3,3,5,2166,branch_to
32845,12,12,4,1282,branch_from
32845,12,12,4,1066,branch_to
32845,13,13,4,1282,branch_from
32845,13,13,4,1066,branch_to
32887,19,19,5,2482,branch_from
32887,19,19,5,2166,branch_to
32890,2,2,3,2129,branch_from
32890,2,2,3,0,branch_to
32890,4,4,3,2129,branch_from
32890,4,4,3,0,branch_to
32890,5,5,3,2129,branch_from
32890,5,5,3,0,branch_to
32890,8,8,3,2129,branch_from
32890,8,8,3,0,branch_to
32906,14,31,5,2166,unblocked
33062,12,12,4,1282,branch_from
33062,12,12,4,1066,branch_to
33062,13,13,4,1282,branch_from
33062,13,13,4,1066,branch_to
33108,6,28,5,2482,branch_from
33108,6,28,5,2166,branch_to
33132,1,1,5,2482,branch_from
33132,1,1,5,2166,branch_to
33132,3,3,5,2482,branch_from
33132,3,3,5,2166,branch_to
33204,19,19,5,2482,branch_from
33204,19,19,5,2166,branch_to
33222,14,31,5,2482,branch_from
33222,14,31,5,2166,branch_to
33233,14,31,5,2176,blocked
33279,12,12,4,1282,branch_from
33279,12,12,4,1066,branch_to
33279,13,13,4,1282,branch_from
33279,13,13,4,1066,branch_to
33323,14,31,5,2176,unblocked
33348,18,32,8,700,branch_from
33348,18,32,8,703,branch_to
33349,18,32,8,703,branch_from
33349,18,32,8,0,branch_to
33412,10,20,2,1429,branch_from
33412,10,20,2,0,branch_to
33425,6,28,5,2482,branch_from
33425,6,28,5,2166,branch_to
33449,1,1,5,2482,branch_from
33449,1,1,5,2166,branch_to
33449,3,3,5,2482,branch_from
33449,3,3,5,2166,branch_to
33496,12,12,4,1282,branch_from
33496,12,12,4,1066,branch_to
33496,13,13,4,1282,branch_from
33496,13,13,4,1066,branch_to
33522,19,19,5,2483,branch_from
33522,19,19,5,0,branch_to
33523,19,19,5,0,blocked
33623,19,19,5,0,unblocked
33629,14,31,5,2482,branch_from
33629,14,31,5,2166,branch_to
33640,14,31,5,2176,blocked
33713,12,12,4,1282,branch_from
33713,12,12,4,1066,branch_to
33713,13,13,4,1282,branch_from
33713,13,13,4,1066,branch_to
33730,14,31,5,2176,unblocked
33742,6,28,5,2482,branch_from
33742,6,28,5,2166,branch_to
33766,1,1,5,2482,branch_from
33766,1,1,5,2166,branch_to
33766,3,3,5,2482,branch_from
33766,3,3,5,2166,branch_to
33817,15,29,0,1301,branch_from
33817,15,29,0,1433,branch_to
33818,15,29,0,1433,branch_from
33818,15,29,0,0,branch_to
33852,11,11,2,1429,branch_from
33852,11,11,2,0,branch_to
33853,9,9,2,1430,exit
33853,9,9,2,1430,unload
33853,9,33,1,0,load
33853,16,16,2,1429,branch_from
33853,16,16,2,0,branch_to
33854,9,33,1,0,blocked
33911,0,25,4,1282,branch_from
33911,0,25,4,1066,branch_to
33930,12,12,4,1282,branch_from
33930,12,12,4,1066,branch_to
33930,13,13,4,1282,branch_from
33930,13,13,4,1066,branch_to
33952,7,27,3,2129,branch_from
33952,7,27,3,0,branch_to
33954,9,33,1,0,unblocked
34021,17,17,9,1500,branch_from
34021,17,17,9,1503,branch_to
34022,17,17,9,1503,branch_from
34022,17,17,9,0,branch_to
34036,14,31,5,2482,branch_from
34036,14,31,5,2166,branch_to
34037,14,31,5,2166,blocked
34051,18,32,8,701,branch_from
34051,18,32,8,0,branch_to
34060,6,28,5,2483,branch_from
34060,6,28,5,0,branch_to
34083,1,1,5,2482,branch_from
34083,1,1,5,2166,branch_to
34083,3,3,5,2482,branch_from
34083,3,3,5,2166,branch_to
34128,0,25,4,1282,branch_from
34128,0,25,4,1066,branch_to
34137,14,31,5,2166,unblocked
34147,12,12,4,1282,branch_from
34147,12,12,4,1066,branch_to
34147,13,13,4,1282,branch_from
34147,13,13,4,1066,branch_to
34319,15,29,0,500,branch_from
34319,15,29,0,1402,branch_to
34345,0,25,4,1282,branch_from
34345,0,25,4,1066,branch_to
34351,15,29,0,1433,branch_from
34351,15,29,0,0,branch_to
34364,13,13,4,1282,branch_from
34364,13,13,4,1066,branch_to
34365,12,12,4,1283,branch_from
34365,12,12,4,0,branch_to
34366,12,12,4,0,blocked
34400,3,3,5,2482,branch_from
34400,3,3,5,2166,branch_to
34401,1,1,5,2483,branch_from
34401,1,1,5,0,branch_to
34402,1,1,5,0,blocked
34453,14,31,5,2482,branch_from
34453,14,31,5,2166,branch_to
34466,12,12,4,0,unblocked
34502,1,1,5,0,unblocked
34562,0,25,4,1282,branch_from
34562,0,25,4,1066,branch_to
34581,13,13,4,1282,branch_from
34581,13,13,4,1066,branch_to
34592,14,31,5,2304,blocked
34603,14,31,5,2304,unblocked
34717,3,3,5,2482,branch_from
34717,3,3,5,2166,branch_to
34753,18,32,8,701,branch_from
34753,18,32,8,0,branch_to
34779,0,25,4,1282,branch_from
34779,0,25,4,1066,branch_to
34781,14,31,5,2482,branch_from
34781,14,31,5,2166,branch_to
34798,13,13,4,1282,branch_from
34798,13,13,4,1066,branch_to
34842,10,20,2,1429,branch_from
34842,10,20,2,0,branch_to
34852,15,29,0,500,branch_from
34852,15,29,0,1402,branch_to
34884,15,29,0,1433,branch_from
34884,15,29,0,0,branch_to
34920,14,31,5,2304,blocked
34931,14,31,5,2304,unblocked
34996,0,25,4,1282,branch_from
34996,0,25,4,1066,branch_to
35015,13,13,4,1282,branch_from
35015,13,13,4,1066,branch_to
35020,2,2,3,2129,branch_from
35020,2,2,3,0,branch_to
35020,4,4,3,2129,branch_from
35020,4,4,3,0,branch_to
35020,5,5,3,2129,branch_from
35020,5,5,3,0,branch_to
35020,8,8,3,2129,branch_from
35020,8,8,3,0,branch_to
35035,3,3,5,2483,branch_from
35035,3,3,5,0,branch_to
35036,3,3,5,0,blocked
35109,14,31,5,2482,branch_from
35109,14,31,5,2166,branch_to
35136,3,3,5,0,unblocked
35213,0,25,4,1282,branch_from
35213,0,25,4,1066,branch_to
35232,13,13,4,1282,branch_from
35232,13,13,4,1066,branch_to
35248,14,31,5,2304,blocked
35259,14,31,5,2304,unblocked
35282,11,11,2,1429,branch_from
35282,11,11,2,0,branch_to
35283,16,16,2,1429,branch_from
35283,16,16,2,0,branch_to
35385,15,29,0,500,branch_from
35385,15,29,0,1402,branch_to
35417,15,29,0,1433,branch_from
35417,15,29,0,0,branch_to
35430,0,25,4,1282,branch_from
35430,0,25,4,1066,branch_to
35437,14,31,5,2482,branch_from
35437,14,31,5,2166,branch_to
35450,13,13,4,1283,branch_from
35450,13,13,4,0,branch_to
35451,13,13,4,0,blocked
35454,9,33,1,1500,branch_from
35454,9,33,1,2402,branch_to
35455,9,33,1,2402,blocked
35455,18,32,8,701,branch_from
35455,18,32,8,0,branch_to
35524,17,17,9,1501,branch_from
35524,17,17,9,0,branch_to
35551,13,13,4,0,unblocked
35555,9,33,1,2402,unblocked
35576,14,31,5,2304,blocked
35587,14,31,5,2304,unblocked
35647,0,25,4,1282,branch_from
35647,0,25,4,1066,branch_to
35686,9,33,1,2533,branch_from
35686,9,33,1,0,branch_to
35748,12,12,4,1282,branch_from
35748,12,12,4,1066,branch_to
35765,14,31,5,2482,branch_from
35765,14,31,5,2166,branch_to
35864,0,25,4,1282,branch_from
35864,0,25,4,1066,branch_to
35904,14,31,5,2304,blocked
35915,14,31,5,2304,unblocked
35918,15,29,0,500,branch_from
35918,15,29,0,1402,branch_to
35950,15,29,0,1433,branch_from
35950,15,29,0,0,branch_to
35965,12,12,4,1282,branch_from
35965,12,12,4,1066,branch_to
36081,0,25,4,1282,branch_from
36081,0,25,4,1066,branch_to
36082,7,27,3,2129,branch_from
36082,7,27,3,0,branch_to
36093,14,31,5,2482,branch_from
36093,14,31,5,2166,branch_to
36105,19,19,5,2482,branch_from
36105,19,19,5,2166,branch_to
36156,18,32,8,700,branch_from
36156,18,32,8,703,branch_to
36157,18,32,8,703,branch_from
36157,18,32,8,0,branch_to
36182,12,12,4,1282,branch_from
36182,12,12,4,1066,branch_to
36232,14,31,5,2304,blocked
36243,14,31,5,2304,unblocked
36273,10,20,2,1430,exit
36273,10,20,2,1430,unload
36273,10,34,9,0,load
36274,10,34,9,0,blocked
36298,0,25,4,1282,branch_from
36298,0,25,4,1066,branch_to
36374,10,34,9,0,unblocked
36399,12,12,4,1282,branch_from
36399,12,12,4,1066,branch_to
36421,14,31,5,2482,branch_from
36421,14,31,5,2166,branch_to
36422,19,19,5,2482,branch_from
36422,19,19,5,2166,branch_to
36516,0,25,4,1283,branch_from
36516,0,25,4,0,branch_to
36543,6,28,5,2482,branch_from
36543,6,28,5,2166,branch_to
36560,14,31,5,2304,blocked
36571,14,31,5,2304,unblocked
36616,12,12,4,1282,branch_from
36616,12,12,4,1066,branch_to
36712,11,11,2,1429,branch_from
36712,11,11,2,0,branch_to
36713,16,16,2,1429,branch_from
36713,16,16,2,0,branch_to
36739,19,19,5,2482,branch_from
36739,19,19,5,2166,branch_to
36749,14,31,5,2482,branch_from
36749,14,31,5,2166,branch_to
36833,12,12,4,1282,branch_from
36833,12,12,4,1066,branch_to
36833,13,13,4,1282,branch_from
36833,13,13,4,1066,branch_to
36858,18,32,8,700,branch_from
36858,18,32,8,703,branch_to
36859,18,32,8,703,branch_from
36859,18,32,8,0,branch_to
36860,6,28,5,2482,branch_from
36860,6,28,5,2166,branch_to
36888,14,31,5,2304,blocked
36899,14,31,5,2304,unblocked
36984,1,1,5,2482,branch_from
36984,1,1,5,2166,branch_to
37026,17,17,9,1501,branch_from
37026,17,17,9,0,branch_to
37050,12,12,4,1282,branch_from
37050,12,12,4,1066,branch_to
37050,13,13,4,1282,branch_from
37050,13,13,4,1066,branch_to
37056,19,19,5,2482,branch_from
37056,19,19,5,2166,branch_to
37077,14,31,5,2482,branch_from
37077,14,31,5,2166,branch_to
37150,2,2,3,2129,branch_from
37150,2,2,3,0,branch_to
37150,4,4,3,2129,branch_from
37150,4,4,3,0,branch_to
37150,5,5,3,2129,branch_from
37150,5,5,3,0,branch_to
37150,8,8,3,2129,branch_from
37150,8,8,3,0,branch_to
37177,6,28,5,2482,branch_from
37177,6,28,5,2166,branch_to
37187,9,33,1,1500,branch_from
37187,9,33,1,2402,branch_to
37188,9,33,1,2402,blocked
37216,14,31,5,2304,blocked
37227,14,31,5,2304,unblocked
37252,15,29,0,1301,branch_from
37252,15,29,0,1433,branch_to
37254,15,29,0,1434,exit
37254,15,29,0,1434,unload
37254,15,35,7,0,load
37255,15,35,7,0,blocked
37267,12,12,4,1282,branch_from
37267,12,12,4,1066,branch_to
37267,13,13,4,1282,branch_from
37267,13,13,4,1066,branch_to
37288,9,33,1,2402,unblocked
37301,1,1,5,2482,branch_from
37301,1,1,5,2166,branch_to
37355,15,35,7,0,unblocked
37355,15,35,7,0,branch_from
37355,15,35,7,0,branch_to
37373,19,19,5,2482,branch_from
37373,19,19,5,2166,branch_to
37405,14,31,5,2482,branch_from
37405,14,31,5,2166,branch_to
37419,9,33,1,2533,branch_from
37419,9,33,1,0,branch_to
37484,12,12,4,1282,branch_from
37484,12,12,4,1066,branch_to
37484,13,13,4,1282,branch_from
37484,13,13,4,1066,branch_to
37494,6,28,5,2482,branch_from
37494,6,28,5,2166,branch_to
37544,14,31,5,2304,blocked
37555,14,31,5,2304,unblocked
37561,18,32,8,701,branch_from
37561,18,32,8,0,branch_to
37618,1,1,5,2482,branch_from
37618,1,1,5,2166,branch_to
37618,3,3,5,2482,branch_from
37618,3,3,5,2166,branch_to
37690,19,19,5,2482,branch_from
37690,19,19,5,2166,branch_to
37701,12,12,4,1282,branch_from
37701,12,12,4,1066,branch_to
37701,13,13,4,1282,branch_from
37701,13,13,4,1066,branch_to
37733,14,31,5,2482,branch_from
37733,14,31,5,2166,branch_to
37799,0,25,4,1282,branch_from
37799,0,25,4,1066,branch_to
37811,6,28,5,2482,branch_from
37811,6,28,5,2166,branch_to
37872,14,31,5,2304,blocked
37875,10,34,9,1501,branch_from
37875,10,34,9,0,branch_to
37883,14,31,5,2304,unblocked
37918,12,12,4,1282,branch_from
37918,12,12,4,1066,branch_to
37918,13,13,4,1282,branch_from
37918,13,13,4,1066,branch_to
37935,1,1,5,2482,branch_from
37935,1,1,5,2166,branch_to
37935,3,3,5,2482,branch_from
37935,3,3,5,2166,branch_to
38007,19,19,5,2482,branch_from
38007,19,19,5,2166,branch_to
38016,0,25,4,1282,branch_from
38016,0,25,4,1066,branch_to
38061,14,31,5,2482,branch_from
38061,14,31,5,2166,branch_to
38128,6,28,5,2482,branch_from
38128,6,28,5,2166,branch_to
38135,12,12,4,1282,branch_from
38135,12,12,4,1066,branch_to
38135,13,13,4,1282,branch_from
38135,13,13,4,1066,branch_to
38142,11,11,2,1429,branch_from
38142,11,11,2,0,branch_to
38143,16,16,2,1429,branch_from
38143,16,16,2,0,branch_to
38212,7,27,3,2129,branch_from
38212,7,27,3,0,branch_to
38233,0,25,4,1282,branch_from
38233,0,25,4,1066,branch_to
38252,1,1,5,2482,branch_from
38252,1,1,5,2166,branch_to
38252,3,3,5,2482,branch_from
38252,3,3,5,2166,branch_to
38262,18,32,8,700,branch_from
38262,18,32,8,703,branch_to
38263,18,32,8,703,branch_from
38263,18,32,8,0,branch_to
38324,19,19,5,2482,branch_from
38324,19,19,5,2166,branch_to
38352,12,12,4,1282,branch_from
38352,12,12,4,1066,branch_to
38352,13,13,4,1282,branch_from
38352,13,13,4,1066,branch_to
38379,14,31,5,2483,branch_from
38379,14,31,5,0,branch_to
38380,14,31,5,0,blocked
38445,6,28,5,2482,branch_from
38445,6,28,5,2166,branch_to
38450,0,25,4,1282,branch_from
38450,0,25,4,1066,branch_to
38480,14,31,5,0,unblocked
38527,17,17,9,1500,branch_from
38527,17,17,9,1503,branch_to
38528,17,17,9,1503,branch_from
38528,17,17,9,0,branch_to
38569,1,1,5,2482,branch_from
38569,1,1,5,2166,branch_to
38569,3,3,5,2482,branch_from
38569,3,3,5,2166,branch_to
38569,12,12,4,1282,branch_from
38569,12,12,4,1066,branch_to
38569,13,13,4,1282,branch_from
38569,13,13,4,1066,branch_to
38641,19,19,5,2482,branch_from
38641,19,19,5,2166,branch_to
38667,0,25,4,1282,branch_from
38667,0,25,4,1066,branch_to
38762,6,28,5,2482,branch_from
38762,6,28,5,2166,branch_to
38786,12,12,4,1282,branch_from
38786,12,12,4,1066,branch_to
38786,13,13,4,1282,branch_from
38786,13,13,4,1066,branch_to
38884,0,25,4,1282,branch_from
38884,0,25,4,1066,branch_to
38886,1,1,5,2482,branch_from
38886,1,1,5,2166,branch_to
38886,3,3,5,2482,branch_from
38886,3,3,5,2166,branch_to
38920,9,33,1,1500,branch_from
38920,9,33,1,2402,branch_to
38921,9,33,1,2402,blocked
38958,19,19,5,2482,branch_from
38958,19,19,5,2166,branch_to
38964,18,32,8,700,branch_from
38964,18,32,8,703,branch_to
38965,18,32,8,703,branch_from
38965,18,32,8,0,branch_to
39003,12,12,4,1282,branch_from
39003,12,12,4,1066,branch_to
39003,13,13,4,1282,branch_from
39003,13,13,4,1066,branch_to
39021,9,33,1,2402,unblocked
39079,6,28,5,2482,branch_from
39079,6,28,5,2166,branch_to
39101,0,25,4,1282,branch_from
39101,0,25,4,1066,branch_to
39152,9,33,1,2533,branch_from
39152,9,33,1,0,branch_to
39203,1,1,5,2482,branch_from
39203,1,1,5,2166,branch_to
39203,3,3,5,2482,branch_from
39203,3,3,5,2166,branch_to
39220,12,12,4,1282,branch_from
39220,12,12,4,1066,branch_to
39220,13,13,4,1282,branch_from
39220,13,13,4,1066,branch_to
39275,19,19,5,2482,branch_from
39275,19,19,5,2166,branch_to
39280,2,2,3,2129,branch_from
39280,2,2,3,0,branch_to
39280,4,4,3,2129,branch_from
39280,4,4,3,0,branch_to
39280,5,5,3,2129,branch_from
39280,5,5,3,0,branch_to
39280,8,8,3,2129,branch_from
39280,8,8,3,0,branch_to
39318,0,25,4,1282,branch_from
39318,0,25,4,1066,branch_to
39376,10,34,9,1500,branch_from
39376,10,34,9,1503,branch_to
39377,10,34,9,1503,branch_from
39377,10,34,9,0,branch_to
39396,6,28,5,2482,branch_from
39396,6,28,5,2166,branch_to
39437,13,13,4,1282,branch_from
39437,13,13,4,1066,branch_to
39438,12,12,4,1283,branch_from
39438,12,12,4,0,branch_to
39439,12,12,4,0,blocked
39520,1,1,5,2482,branch_from
39520,1,1,5,2166,branch_to
39520,3,3,5,2482,branch_from
39520,3,3,5,2166,branch_to
39535,0,25,4,1282,branch_from
39535,0,25,4,1066,branch_to
39539,12,12,4,0,unblocked
39572,11,11,2,1429,branch_from
39572,11,11,2,0,branch_to
39573,16,16,2,1429,branch_from
39573,16,16,2,0,branch_to
39592,19,19,5,2482,branch_from
39592,19,19,5,2166,branch_to
39654,13,13,4,1282,branch_from
39654,13,13,4,1066,branch_to
39667,18,32,8,701,branch_from
39667,18,32,8,0,branch_to
39713,6,28,5,2482,branch_from
39713,6,28,5,2166,branch_to
39752,0,25,4,1282,branch_from
39752,0,25,4,1066,branch_to
39837,1,1,5,2482,branch_from
39837,1,1,5,2166,branch_to
39837,3,3,5,2482,branch_from
39837,3,3,5,2166,branch_to
39855,15,35,7,2499,exit
39855,15,35,7,2499,unload
39855,15,36,4,0,load
39856,15,36,4,0,blocked
39871,13,13,4,1282,branch_from
39871,13,13,4,1066,branch_to
39909,19,19,5,2482,branch_from
39909,19,19,5,2166,branch_to
39956,15,36,4,0,unblocked
39969,0,25,4,1282,branch_from
39969,0,25,4,1066,branch_to
40029,17,17,9,1500,branch_from
40029,17,17,9,1503,branch_to
40030,6,28,5,2482,branch_from
40030,6,28,5,2166,branch_to
40030,17,17,9,1503,branch_from
40030,17,17,9,0,branch_to
40088,13,13,4,1282,branch_from
40088,13,13,4,1066,branch_to
40154,1,1,5,2482,branch_from
40154,1,1,5,2166,branch_to
40154,3,3,5,2482,branch_from
40154,3,3,5,2166,branch_to
40186,0,25,4,1282,branch_from
40186,0,25,4,1066,branch_to
40226,19,19,5,2482,branch_from
40226,19,19,5,2166,branch_to
40305,13,13,4,1282,branch_from
40305,13,13,4,1066,branch_to
40342,7,27,3,2129,branch_from
40342,7,27,3,0,branch_to
40347,6,28,5,2482,branch_from
40347,6,28,5,2166,branch_to
40368,18,32,8,700,branch_from
40368,18,32,8,703,branch_to
40369,18,32,8,703,branch_from
40369,18,32,8,0,branch_to
40403,0,25,4,1282,branch_from
40403,0,25,4,1066,branch_to
40471,1,1,5,2482,branch_from
40471,1,1,5,2166,branch_to
40471,3,3,5,2482,branch_from
40471,3,3,5,2166,branch_to
40523,13,13,4,1283,branch_from
40523,13,13,4,0,branch_to
40524,13,13,4,0,blocked
40543,19,19,5,2482,branch_from
40543,19,19,5,2166,branch_to
40620,0,25,4,1282,branch_from
40620,0,25,4,1066,branch_to
40624,13,13,4,0,unblocked
40664,6,28,5,2482,branch_from
40664,6,28,5,2166,branch_to
40788,1,1,5,2482,branch_from
40788,1,1,5,2166,branch_to
40788,3,3,5,2482,branch_from
40788,3,3,5,2166,branch_to
40821,12,12,4,1282,branch_from
40821,12,12,4,1066,branch_to
40838,0,25,4,1283,branch_from
40838,0,25,4,0,branch_to
40860,19,19,5,2482,branch_from
40860,19,19,5,2166,branch_to
40878,10,34,9,1500,branch_from
40878,10,34,9,1503,branch_to
40879,10,34,9,1503,branch_from
40879,10,34,9,0,branch_to
40962,14,31,5,2482,branch_from
40962,14,31,5,2166,branch_to
40981,6,28,5,2482,branch_from
40981,6,28,5,2166,branch_to
41002,11,11,2,1429,branch_from
41002,11,11,2,0,branch_to
41003,16,16,2,1429,branch_from
41003,16,16,2,0,branch_to
41038,12,12,4,1282,branch_from
41038,12,12,4,1066,branch_to
41070,18,32,8,700,branch_from
41070,18,32,8,703,branch_to
41071,18,32,8,703,branch_from
41071,18,32,8,0,branch_to
41105,1,1,5,2482,branch_from
41105,1,1,5,2166,branch_to
41105,3,3,5,2482,branch_from
41105,3,3,5,2166,branch_to
41177,19,19,5,2482,branch_from
41177,19,19,5,2166,branch_to
41238,15,36,4,1282,branch_from
41238,15,36,4,1066,branch_to
41239,15,36,4,1066,blocked
41255,12,12,4,1282,branch_from
41255,12,12,4,1066,branch_to
41279,14,31,5,2482,branch_from
41279,14,31,5,2166,branch_to
41299,6,28,5,2483,branch_from
41299,6,28,5,0,branch_to
41339,15,36,4,1066,unblocked
41410,2,2,3,2129,branch_from
41410,2,2,3,0,branch_to
41410,4,4,3,2129,branch_from
41410,4,4,3,0,branch_to
41410,5,5,3,2129,branch_from
41410,5,5,3,0,branch_to
41410,8,8,3,2129,branch_from
41410,8,8,3,0,branch_to
41422,1,1,5,2482,branch_from
41422,1,1,5,2166,branch_to
41422,3,3,5,2482,branch_from
41422,3,3,5,2166,branch_to
41425,15,36,4,1152,blocked
41436,15,36,4,1152,unblocked
41472,12,12,4,1282,branch_from
41472,12,12,4,1066,branch_to
41494,19,19,5,2482,branch_from
41494,19,19,5,2166,branch_to
41532,17,17,9,1501,branch_from
41532,17,17,9,0,branch_to
41554,9,33,1,2401,branch_from
41554,9,33,1,2533,branch_to
41555,9,33,1,2533,blocked
41557,9,33,1,2533,unblocked
41557,9,33,1,2533,branch_from
41557,9,33,1,0,branch_to
41566,15,36,4,1282,branch_from
41566,15,36,4,1066,branch_to
41567,15,36,4,1066,blocked
41596,14,31,5,2482,branch_from
41596,14,31,5,2166,branch_to
41667,15,36,4,1066,unblocked
41689,12,12,4,1282,branch_from
41689,12,12,4,1066,branch_to
41739,3,3,5,2482,branch_from
41739,3,3,5,2166,branch_to
41740,1,1,5,2483,branch_from
41740,1,1,5,0,branch_to
41741,1,1,5,0,blocked
41753,15,36,4,1152,blocked
41764,15,36,4,1152,unblocked
41773,18,32,8,701,branch_from
41773,18,32,8,0,branch_to
41812,19,19,5,2483,branch_from
41812,19,19,5,0,branch_to
41813,19,19,5,0,blocked
41841,1,1,5,0,unblocked
41894,15,36,4,1282,branch_from
41894,15,36,4,1066,branch_to
41906,12,12,4,1282,branch_from
41906,12,12,4,1066,branch_to
41906,13,13,4,1282,branch_from
41906,13,13,4,1066,branch_to
41913,14,31,5,2482,branch_from
41913,14,31,5,2166,branch_to
41913,19,19,5,0,unblocked
41981,15,36,4,1152,blocked
42056,3,3,5,2482,branch_from
42056,3,3,5,2166,branch_to
42092,15,36,4,1152,unblocked
42121,0,25,4,1282,branch_from
42121,0,25,4,1066,branch_to
42123,12,12,4,1282,branch_from
42123,12,12,4,1066,branch_to
42123,13,13,4,1282,branch_from
42123,13,13,4,1066,branch_to
42222,15,36,4,1282,branch_from
42222,15,36,4,1066,branch_to
42230,14,31,5,2482,branch_from
42230,14,31,5,2166,branch_to
42338,0,25,4,1282,branch_from
42338,0,25,4,1066,branch_to
42340,12,12,4,1282,branch_from
42340,12,12,4,1066,branch_to
42340,13,13,4,1282,branch_from
42340,13,13,4,1066,branch_to
42373,3,3,5,2482,branch_from
42373,3,3,5,2166,branch_to
42381,10,34,9,1501,branch_from
42381,10,34,9,0,branch_to
42432,11,11,2,1429,branch_from
42432,11,11,2,0,branch_to
42433,16,16,2,1429,branch_from
42433,16,16,2,0,branch_to
42439,15,36,4,1282,branch_from
42439,15,36,4,1066,branch_to
42472,7,27,3,2129,branch_from
42472,7,27,3,0,branch_to
42475,18,32,8,701,branch_from
42475,18,32,8,0,branch_to
42547,14,31,5,2482,branch_from
42547,14,31,5,2166,branch_to
42555,0,25,4,1282,branch_from
42555,0,25,4,1066,branch_to
42557,12,12,4,1282,branch_from
42557,12,12,4,1066,branch_to
42557,13,13,4,1282,branch_from
42557,13,13,4,1066,branch_to
42656,15,36,4,1282,branch_from
42656,15,36,4,1066,branch_to
42690,3,3,5,2482,branch_from
42690,3,3,5,2166,branch_to
42772,0,25,4,1282,branch_from
42772,0,25,4,1066,branch_to
42774,12,12,4,1282,branch_from
42774,12,12,4,1066,branch_to
42774,13,13,4,1282,branch_from
42774,13,13,4,1066,branch_to
42864,14,31,5,2482,branch_from
42864,14,31,5,2166,branch_to
42873,15,36,4,1282,branch_from
42873,15,36,4,1066,branch_to
42989,0,25,4,1282,branch_from
42989,0,25,4,1066,branch_to
42991,12,12,4,1282,branch_from
42991,12,12,4,1066,branch_to
42991,13,13,4,1282,branch_from
42991,13,13,4,1066,branch_to
43007,3,3,5,2482,branch_from
43007,3,3,5,2166,branch_to
43034,17,17,9,1501,branch_from
43034,17,17,9,0,branch_to
43058,9,33,1,1500,branch_from
43058,9,33,1,2402,branch_to
43059,9,33,1,2402,blocked
43090,15,36,4,1282,branch_from
43090,15,36,4,1066,branch_to
43159,9,33,1,2402,unblocked
43176,18,32,8,700,branch_from
43176,18,32,8,703,branch_to
43177,18,32,8,703,branch_from
43177,18,32,8,0,branch_to
43181,14,31,5,2482,branch_from
43181,14,31,5,2166,branch_to
43206,0,25,4,1282,branch_from
43206,0,25,4,1066,branch_to
43208,12,12,4,1282,branch_from
43208,12,12,4,1066,branch_to
43208,13,13,4,1282,branch_from
43208,13,13,4,1066,branch_to
43290,9,33,1,2533,branch_from
43290,9,33,1,0,branch_to
43307,15,36,4,1282,branch_from
43307,15,36,4,1066,branch_to
43324,3,3,5,2482,branch_from
43324,3,3,5,2166,branch_to
43423,0,25,4,1282,branch_from
43423,0,25,4,1066,branch_to
43425,12,12,4,1282,branch_from
43425,12,12,4,1066,branch_to
43425,13,13,4,1282,branch_from
43425,13,13,4,1066,branch_to
43498,14,31,5,2482,branch_from
43498,14,31,5,2166,branch_to
43524,15,36,4,1282,branch_from
43524,15,36,4,1066,branch_to
43540,2,2,3,2129,branch_from
43540,2,2,3,0,branch_to
43540,4,4,3,2129,branch_from
43540,4,4,3,0,branch_to
43540,5,5,3,2129,branch_from
43540,5,5,3,0,branch_to
43540,8,8,3,2129,branch_from
43540,8,8,3,0,branch_to
43640,0,25,4,1282,branch_from
43640,0,25,4,1066,branch_to
43641,3,3,5,2482,branch_from
43641,3,3,5,2166,branch_to
43642,13,13,4,1282,branch_from
43642,13,13,4,1066,branch_to
43643,12,12,4,1283,branch_from
43643,12,12,4,0,branch_to
43644,12,12,4,0,blocked
43741,15,36,4,1282,branch_from
43741,15,36,4,1066,branch_to
43744,12,12,4,0,unblocked
43782,6,28,5,2482,branch_from
43782,6,28,5,2166,branch_to
43815,14,31,5,2482,branch_from
43815,14,31,5,2166,branch_to
43857,0,25,4,1282,branch_from
43857,0,25,4,1066,branch_to
43859,13,13,4,1282,branch_from
43859,13,13,4,1066,branch_to
43862,11,11,2,1429,branch_from
43862,11,11,2,0,branch_to
43864,16,16,2,1430,exit
43864,16,16,2,1430,unload
43864,16,37,7,0,load
43865,16,37,7,0,blocked
43878,18,32,8,700,branch_from
43878,18,32,8,703,branch_to
43879,18,32,8,703,branch_from
43879,18,32,8,0,branch_to
43883,10,34,9,1501,branch_from
43883,10,34,9,0,branch_to
43958,3,3,5,2482,branch_from
43958,3,3,5,2166,branch_to
43958,15,36,4,1282,branch_from
43958,15,36,4,1066,branch_to
43965,16,37,7,0,unblocked
43965,16,37,7,0,branch_from
43965,16,37,7,0,branch_to
44074,0,25,4,1282,branch_from
44074,0,25,4,1066,branch_to
44076,13,13,4,1282,branch_from
44076,13,13,4,1066,branch_to
44099,6,28,5,2482,branch_from
44099,6,28,5,2166,branch_to
44132,14,31,5,2482,branch_from
44132,14,31,5,2166,branch_to
44175,15,36,4,1282,branch_from
44175,15,36,4,1066,branch_to
44275,3,3,5,2482,branch_from
44275,3,3,5,2166,branch_to
44291,0,25,4,1282,branch_from
44291,0,25,4,1066,branch_to
44294,13,13,4,1283,branch_from
44294,13,13,4,0,branch_to
44295,13,13,4,0,blocked
44323,1,1,5,2482,branch_from
44323,1,1,5,2166,branch_to
44393,15,36,4,1283,branch_from
44393,15,36,4,0,branch_to
44395,13,13,4,0,unblocked
44395,19,19,5,2482,branch_from
44395,19,19,5,2166,branch_to
44416,6,28,5,2482,branch_from
44416,6,28,5,2166,branch_to
44449,14,31,5,2482,branch_from
44449,14,31,5,2166,branch_to
44508,0,25,4,1282,branch_from
44508,0,25,4,1066,branch_to
44536,17,17,9,1501,branch_from
44536,17,17,9,0,branch_to
44581,18,32,8,701,branch_from
44581,18,32,8,0,branch_to
44592,3,3,5,2482,branch_from
44592,3,3,5,2166,branch_to
44602,7,27,3,2129,branch_from
44602,7,27,3,0,branch_to
44640,1,1,5,2482,branch_from
44640,1,1,5,2166,branch_to
44712,19,19,5,2482,branch_from
44712,19,19,5,2166,branch_to
44725,0,25,4,1282,branch_from
44725,0,25,4,1066,branch_to
44733,6,28,5,2482,branch_from
44733,6,28,5,2166,branch_to
44766,14,31,5,2482,branch_from
44766,14,31,5,2166,branch_to
44791,9,33,1,1500,branch_from
44791,9,33,1,2402,branch_to
44792,9,33,1,2402,blocked
44892,9,33,1,2402,unblocked
44910,3,3,5,2483,branch_from
44910,3,3,5,0,branch_to
44911,3,3,5,0,blocked
44942,0,25,4,1282,branch_from
44942,0,25,4,1066,branch_to
44957,1,1,5,2482,branch_from
44957,1,1,5,2166,branch_to
45011,3,3,5,0,unblocked
45023,9,33,1,2533,branch_from
45023,9,33,1,0,branch_to
45026,12,12,4,1282,branch_from
45026,12,12,4,1066,branch_to
45029,19,19,5,2482,branch_from
45029,19,19,5,2166,branch_to
45050,6,28,5,2482,branch_from
45050,6,28,5,2166,branch_to
45083,14,31,5,2482,branch_from
45083,14,31,5,2166,branch_to
45159,0,25,4,1282,branch_from
45159,0,25,4,1066,branch_to
45243,12,12,4,1282,branch_from
45243,12,12,4,1066,branch_to
45274,1,1,5,2482,branch_from
45274,1,1,5,2166,branch_to
45282,18,32,8,700,branch_from
45282,18,32,8,703,branch_to
45283,18,32,8,703,branch_from
45283,18,32,8,0,branch_to
45292,11,11,2,1429,branch_from
45292,11,11,2,0,branch_to
45346,19,19,5,2482,branch_from
45346,19,19,5,2166,branch_to
45367,6,28,5,2482,branch_from
45367,6,28,5,2166,branch_to
45376,0,25,4,1282,branch_from
45376,0,25,4,1066,branch_to
45384,10,34,9,1500,branch_from
45384,10,34,9,1503,branch_to
45385,10,34,9,1503,branch_from
45385,10,34,9,0,branch_to
45400,14,31,5,2482,branch_from
45400,14,31,5,2166,branch_to
45460,12,12,4,1282,branch_from
45460,12,12,4,1066,branch_to
45591,1,1,5,2482,branch_from
45591,1,1,5,2166,branch_to
45593,0,25,4,1282,branch_from
45593,0,25,4,1066,branch_to
45663,19,19,5,2482,branch_from
45663,19,19,5,2166,branch_to
45670,2,2,3,2129,branch_from
45670,2,2,3,0,branch_to
45670,4,4,3,2129,branch_from
45670,4,4,3,0,branch_to
45670,5,5,3,2129,branch_from
45670,5,5,3,0,branch_to
45670,8,8,3,2129,branch_from
45670,8,8,3,0,branch_to
45676,15,36,4,1282,branch_from
45676,15,36,4,1066,branch_to
45677,12,12,4,1282,branch_from
45677,12,12,4,1066,branch_to
45677,13,13,4,1282,branch_from
45677,13,13,4,1066,branch_to
45684,6,28,5,2482,branch_from
45684,6,28,5,2166,branch_to
45717,14,31,5,2482,branch_from
45717,14,31,5,2166,branch_to
45811,0,25,4,1283,branch_from
45811,0,25,4,0,branch_to
45893,15,36,4,1282,branch_from
45893,15,36,4,1066,branch_to
45894,12,12,4,1282,branch_from
45894,12,12,4,1066,branch_to
45894,13,13,4,1282,branch_from
45894,13,13,4,1066,branch_to
45908,1,1,5,2482,branch_from
45908,1,1,5,2166,branch_to
45980,19,19,5,2482,branch_from
45980,19,19,5,2166,branch_to
45985,18,32,8,701,branch_from
45985,18,32,8,0,branch_to
46001,6,28,5,2482,branch_from
46001,6,28,5,2166,branch_to
46034,14,31,5,2482,branch_from
46034,14,31,5,2166,branch_to
46037,17,17,9,1500,branch_from
46037,17,17,9,1503,branch_to
46038,17,17,9,1503,branch_from
46038,17,17,9,0,branch_to
46110,15,36,4,1282,branch_from
46110,15,36,4,1066,branch_to
46111,12,12,4,1282,branch_from
46111,12,12,4,1066,branch_to
46111,13,13,4,1282,branch_from
46111,13,13,4,1066,branch_to
46225,1,1,5,2482,branch_from
46225,1,1,5,2166,branch_to
46297,19,19,5,2482,branch_from
46297,19,19,5,2166,branch_to
46318,6,28,5,2482,branch_from
46318,6,28,5,2166,branch_to
46327,15,36,4,1282,branch_from
46327,15,36,4,1066,branch_to
46328,12,12,4,1282,branch_from
46328,12,12,4,1066,branch_to
46328,13,13,4,1282,branch_from
46328,13,13,4,1066,branch_to
46351,14,31,5,2482,branch_from
46351,14,31,5,2166,branch_to
46465,16,37,7,2499,exit
46465,16,37,7,2499,unload
46465,16,38,7,0,load
46466,16,38,7,0,blocked
46542,1,1,5,2482,branch_from
46542,1,1,5,2166,branch_to
46544,15,36,4,1282,branch_from
46544,15,36,4,1066,branch_to
46545,12,12,4,1282,branch_from
46545,12,12,4,1066,branch_to
46545,13,13,4,1282,branch_from
46545,13,13,4,1066,branch_to
46566,16,38,7,0,unblocked
46566,16,38,7,0,branch_from
46566,16,38,7,0,branch_to
46614,19,19,5,2482,branch_from
46614,19,19,5,2166,branch_to
46635,6,28,5,2482,branch_from
46635,6,28,5,2166,branch_to
46668,14,31,5,2482,branch_from
46668,14,31,5,2166,branch_to
46687,18,32,8,701,branch_from
46687,18,32,8,0,branch_to
46722,11,11,2,1429,branch_from
46722,11,11,2,0,branch_to
46732,7,27,3,2129,branch_from
46732,7,27,3,0,branch_to
46761,15,36,4,1282,branch_from
46761,15,36,4,1066,branch_to
46762,12,12,4,1282,branch_from
46762,12,12,4,1066,branch_to
46762,13,13,4,1282,branch_from
46762,13,13,4,1066,branch_to
46859,1,1,5,2482,branch_from
46859,1,1,5,2166,branch_to
46887,10,34,9,1501,branch_from
46887,10,34,9,0,branch_to
46931,19,19,5,2482,branch_from
46931,19,19,5,2166,branch_to
46952,6,28,5,2482,branch_from
46952,6,28,5,2166,branch_to
46978,15,36,4,1282,branch_from
46978,15,36,4,1066,branch_to
46979,12,12,4,1282,branch_from
46979,12,12,4,1066,branch_to
46979,13,13,4,1282,branch_from
46979,13,13,4,1066,branch_to
46986,14,31,5,2483,branch_from
46986,14,31,5,0,branch_to
46987,14,31,5,0,blocked
47087,14,31,5,0,unblocked
47094,0,25,4,1282,branch_from
47094,0,25,4,1066,branch_to
47176,1,1,5,2482,branch_from
47176,1,1,5,2166,branch_to
47195,15,36,4,1282,branch_from
47195,15,36,4,1066,branch_to
47196,12,12,4,1282,branch_from
47196,12,12,4,1066,branch_to
47196,13,13,4,1282,branch_from
47196,13,13,4,1066,branch_to
47248,19,19,5,2482,branch_from
47248,19,19,5,2166,branch_to
47269,6,28,5,2482,branch_from
47269,6,28,5,2166,branch_to
47311,0,25,4,1282,branch_from
47311,0,25,4,1066,branch_to
47389,18,32,8,701,branch_from
47389,18,32,8,0,branch_to
47412,15,36,4,1282,branch_from
47412,15,36,4,1066,branch_to
47413,12,12,4,1282,branch_from
47413,12,12,4,1066,branch_to
47413,13,13,4,1282,branch_from
47413,13,13,4,1066,branch_to
47425,9,33,1,2401,branch_from
47425,9,33,1,2533,branch_to
47426,9,33,1,2533,blocked
47428,9,33,1,2533,unblocked
47428,9,33,1,2533,branch_from
47428,9,33,1,0,branch_to
47493,1,1,5,2482,branch_from
47493,1,1,5,2166,branch_to
47493,3,3,5,2482,branch_from
47493,3,3,5,2166,branch_to
47528,0,25,4,1282,branch_from
47528,0,25,4,1066,branch_to
47539,17,17,9,1500,branch_from
47539,17,17,9,1503,branch_to
47540,17,17,9,1503,branch_from
47540,17,17,9,0,branch_to
47565,19,19,5,2482,branch_from
47565,19,19,5,2166,branch_to
47586,6,28,5,2482,branch_from
47586,6,28,5,2166,branch_to
47629,15,36,4,1282,branch_from
47629,15,36,4,1066,branch_to
47630,12,12,4,1282,branch_from
47630,12,12,4,1066,branch_to
47630,13,13,4,1282,branch_from
47630,13,13,4,1066,branch_to
47745,0,25,4,1282,branch_from
47745,0,25,4,1066,branch_to
47800,2,2,3,2129,branch_from
47800,2,2,3,0,branch_to
47800,4,4,3,2129,branch_from
47800,4,4,3,0,branch_to
47800,5,5,3,2129,branch_from
47800,5,5,3,0,branch_to
47800,8,8,3,2129,branch_from
47800,8,8,3,0,branch_to
47810,1,1,5,2482,branch_from
47810,1,1,5,2166,branch_to
47810,3,3,5,2482,branch_from
47810,3,3,5,2166,branch_to
47846,15,36,4,1282,branch_from
47846,15,36,4,1066,branch_to
47847,12,12,4,1282,branch_from
47847,12,12,4,1066,branch_to
47847,13,13,4,1282,branch_from
47847,13,13,4,1066,branch_to
47882,19,19,5,2482,branch_from
47882,19,19,5,2166,branch_to
47903,6,28,5,2482,branch_from
47903,6,28,5,2166,branch_to
47962,0,25,4,1282,branch_from
47962,0,25,4,1066,branch_to
48063,15,36,4,1282,branch_from
48063,15,36,4,1066,branch_to
48064,12,12,4,1282,branch_from
48064,12,12,4,1066,branch_to
48064,13,13,4,1282,branch_from
48064,13,13,4,1066,branch_to
48090,18,32,8,700,branch_from
48090,18,32,8,703,branch_to
48091,18,32,8,703,branch_from
48091,18,32,8,0,branch_to
48127,1,1,5,2482,branch_from
48127,1,1,5,2166,branch_to
48127,3,3,5,2482,branch_from
48127,3,3,5,2166,branch_to
48152,11,11,2,1429,branch_from
48152,11,11,2,0,branch_to
48179,0,25,4,1282,branch_from
48179,0,25,4,1066,branch_to
48199,19,19,5,2482,branch_from
48199,19,19,5,2166,branch_to
48220,6,28,5,2482,branch_from
48220,6,28,5,2166,branch_to
48280,15,36,4,1282,branch_from
48280,15,36,4,1066,branch_to
48281,12,12,4,1282,branch_from
48281,12,12,4,1066,branch_to
48281,13,13,4,1282,branch_from
48281,13,13,4,1066,branch_to
48389,10,34,9,1501,branch_from
48389,10,34,9,0,branch_to
48396,0,25,4,1282,branch_from
48396,0,25,4,1066,branch_to
48444,1,1,5,2482,branch_from
48444,1,1,5,2166,branch_to
48444,3,3,5,2482,branch_from
48444,3,3,5,2166,branch_to
48497,15,36,4,1282,branch_from
48497,15,36,4,1066,branch_to
48498,12,12,4,1282,branch_from
48498,12,12,4,1066,branch_to
48498,13,13,4,1282,branch_from
48498,13,13,4,1066,branch_to
48516,19,19,5,2482,branch_from
48516,19,19,5,2166,branch_to
48537,6,28,5,2482,branch_from
48537,6,28,5,2166,branch_to
48613,0,25,4,1282,branch_from
48613,0,25,4,1066,branch_to
48714,15,36,4,1282,branch_from
48714,15,36,4,1066,branch_to
48715,13,13,4,1282,branch_from
48715,13,13,4,1066,branch_to
48716,12,12,4,1283,branch_from
48716,12,12,4,0,branch_to
48717,12,12,4,0,blocked
48761,1,1,5,2482,branch_from
48761,1,1,5,2166,branch_to
48761,3,3,5,2482,branch_from
48761,3,3,5,2166,branch_to
48792,18,32,8,700,branch_from
48792,18,32,8,703,branch_to
48793,18,32,8,703,branch_from
48793,18,32,8,0,branch_to
48817,12,12,4,0,unblocked
48830,0,25,4,1282,branch_from
48830,0,25,4,1066,branch_to
48833,19,19,5,2482,branch_from
48833,19,19,5,2166,branch_to
48854,6,28,5,2482,branch_from
48854,6,28,5,2166,branch_to
48862,7,27,3,2129,branch_from
48862,7,27,3,0,branch_to
48929,9,33,1,1500,branch_from
48929,9,33,1,2402,branch_to
48930,9,33,1,2402,blocked
48932,13,13,4,1282,branch_from
48932,13,13,4,1066,branch_to
48932,15,36,4,1283,branch_from
48932,15,36,4,0,branch_to
49030,9,33,1,2402,unblocked
49042,17,17,9,1501,branch_from
49042,17,17,9,0,branch_to
49047,0,25,4,1282,branch_from
49047,0,25,4,1066,branch_to
49066,16,38,7,2499,exit
49066,16,38,7,2499,unload
49066,16,39,2,0,load
49067,16,39,2,0,blocked
49078,1,1,5,2482,branch_from
49078,1,1,5,2166,branch_to
49078,3,3,5,2482,branch_from
49078,3,3,5,2166,branch_to
49149,13,13,4,1282,branch_from
49149,13,13,4,1066,branch_to
49150,19,19,5,2482,branch_from
49150,19,19,5,2166,branch_to
49161,9,33,1,2533,branch_from
49161,9,33,1,0,branch_to
49167,16,39,2,0,unblocked
49172,6,28,5,2483,branch_from
49172,6,28,5,0,branch_to
49264,0,25,4,1282,branch_from
49264,0,25,4,1066,branch_to
49367,13,13,4,1283,branch_from
49367,13,13,4,0,branch_to
49368,13,13,4,0,blocked
49395,1,1,5,2482,branch_from
49395,1,1,5,2166,branch_to
49395,3,3,5,2482,branch_from
49395,3,3,5,2166,branch_to
49467,19,19,5,2482,branch_from
49467,19,19,5,2166,branch_to
49468,13,13,4,0,unblocked
49481,0,25,4,1282,branch_from
49481,0,25,4,1066,branch_to
49495,18,32,8,701,branch_from
49495,18,32,8,0,branch_to
49569,14,31,5,2482,branch_from
49569,14,31,5,2166,branch_to
49582,11,11,2,1429,branch_from
49582,11,11,2,0,branch_to
49698,0,25,4,1282,branch_from
49698,0,25,4,1066,branch_to
49712,1,1,5,2482,branch_from
49712,1,1,5,2166,branch_to
49712,3,3,5,2482,branch_from
49712,3,3,5,2166,branch_to
49784,19,19,5,2482,branch_from
49784,19,19,5,2166,branch_to
49886,14,31,5,2482,branch_from
49886,14,31,5,2166,branch_to
49890,10,34,9,1500,branch_from
49890,10,34,9,1503,branch_to
49891,10,34,9,1503,branch_from
49891,10,34,9,0,branch_to
49915,0,25,4,1282,branch_from
49915,0,25,4,1066,branch_to
49930,2,2,3,2129,branch_from
49930,2,2,3,0,branch_to
49930,4,4,3,2129,branch_from
49930,4,4,3,0,branch_to
49930,5,5,3,2129,branch_from
49930,5,5,3,0,branch_to
49930,8,8,3,2129,branch_from
49930,8,8,3,0,branch_to
50029,1,1,5,2482,branch_from
50029,1,1,5,2166,branch_to
50029,3,3,5,2482,branch_from
50029,3,3,5,2166,branch_to
50099,12,12,4,1282,branch_from
50099,12,12,4,1066,branch_to
50101,19,19,5,2482,branch_from
50101,19,19,5,2166,branch_to
50132,0,25,4,1282,branch_from
50132,0,25,4,1066,branch_to
50196,18,32,8,700,branch_from
50196,18,32,8,703,branch_to
50197,18,32,8,703,branch_from
50197,18,32,8,0,branch_to
50203,14,31,5,2482,branch_from
50203,14,31,5,2166,branch_to
50215,15,36,4,1282,branch_from
50215,15,36,4,1066,branch_to
50316,12,12,4,1282,branch_from
50316,12,12,4,1066,branch_to
50346,1,1,5,2482,branch_from
50346,1,1,5,2166,branch_to
50346,3,3,5,2482,branch_from
50346,3,3,5,2166,branch_to
50349,0,25,4,1282,branch_from
50349,0,25,4,1066,branch_to
50418,19,19,5,2482,branch_from
50418,19,19,5,2166,branch_to
50432,15,36,4,1282,branch_from
50432,15,36,4,1066,branch_to
50520,14,31,5,2482,branch_from
50520,14,31,5,2166,branch_to
50533,12,12,4,1282,branch_from
50533,12,12,4,1066,branch_to
50544,17,17,9,1501,branch_from
50544,17,17,9,0,branch_to
50566,0,25,4,1282,branch_from
50566,0,25,4,1066,branch_to
50596,16,39,2,1429,branch_from
50596,16,39,2,0,branch_to
50649,15,36,4,1282,branch_from
50649,15,36,4,1066,branch_to
50662,9,33,1,1500,branch_from
50662,9,33,1,2402,branch_to
50663,1,1,5,2482,branch_from
50663,1,1,5,2166,branch_to
50663,3,3,5,2482,branch_from
50663,3,3,5,2166,branch_to
50663,9,33,1,2402,blocked
50735,19,19,5,2482,branch_from
50735,19,19,5,2166,branch_to
50750,12,12,4,1282,branch_from
50750,12,12,4,1066,branch_to
50750,13,13,4,1282,branch_from
50750,13,13,4,1066,branch_to
50763,9,33,1,2402,unblocked
50783,0,25,4,1282,branch_from
50783,0,25,4,1066,branch_to
50837,14,31,5,2482,branch_from
50837,14,31,5,2166,branch_to
50866,15,36,4,1282,branch_from
50866,15,36,4,1066,branch_to
50894,9,33,1,2533,branch_from
50894,9,33,1,0,branch_to
50899,18,32,8,701,branch_from
50899,18,32,8,0,branch_to
50967,12,12,4,1282,branch_from
50967,12,12,4,1066,branch_to
50967,13,13,4,1282,branch_from
50967,13,13,4,1066,branch_to
50980,1,1,5,2482,branch_from
50980,1,1,5,2166,branch_to
50980,3,3,5,2482,branch_from
50980,3,3,5,2166,branch_to
50992,7,27,3,2129,branch_from
50992,7,27,3,0,branch_to
51001,0,25,4,1283,branch_from
51001,0,25,4,0,branch_to
51012,11,11,2,1429,branch_from
51012,11,11,2,0,branch_to
51052,19,19,5,2482,branch_from
51052,19,19,5,2166,branch_to
51083,15,36,4,1282,branch_from
51083,15,36,4,1066,branch_to
51154,14,31,5,2482,branch_from
51154,14,31,5,2166,branch_to
51184,12,12,4,1282,branch_from
51184,12,12,4,1066,branch_to
51184,13,13,4,1282,branch_from
51184,13,13,4,1066,branch_to
51297,3,3,5,2482,branch_from
51297,3,3,5,2166,branch_to
51298,1,1,5,2483,branch_from
51298,1,1,5,0,branch_to
51299,1,1,5,0,blocked
51300,15,36,4,1282,branch_from
51300,15,36,4,1066,branch_to
51370,19,19,5,2483,branch_from
51370,19,19,5,0,branch_to
51371,19,19,5,0,blocked
51393,10,34,9,1501,branch_from
51393,10,34,9,0,branch_to
51399,1,1,5,0,unblocked
51401,12,12,4,1282,branch_from
51401,12,12,4,1066,branch_to
51401,13,13,4,1282,branch_from
51401,13,13,4,1066,branch_to
51471,14,31,5,2482,branch_from
51471,14,31,5,2166,branch_to
51471,19,19,5,0,unblocked
51517,15,36,4,1282,branch_from
51517,15,36,4,1066,branch_to
51601,18,32,8,701,branch_from
51601,18,32,8,0,branch_to
51614,3,3,5,2482,branch_from
51614,3,3,5,2166,branch_to
51618,12,12,4,1282,branch_from
51618,12,12,4,1066,branch_to
51618,13,13,4,1282,branch_from
51618,13,13,4,1066,branch_to
51655,6,28,5,2482,branch_from
51655,6,28,5,2166,branch_to
51734,15,36,4,1282,branch_from
51734,15,36,4,1066,branch_to
51788,14,31,5,2482,branch_from
51788,14,31,5,2166,branch_to
51835,12,12,4,1282,branch_from
51835,12,12,4,1066,branch_to
51835,13,13,4,1282,branch_from
51835,13,13,4,1066,branch_to
51931,3,3,5,2482,branch_from
51931,3,3,5,2166,branch_to
51951,15,36,4,1282,branch_from
51951,15,36,4,1066,branch_to
51972,6,28,5,2482,branch_from
51972,6,28,5,2166,branch_to
52026,16,39,2,1429,branch_from
52026,16,39,2,0,branch_to
52046,17,17,9,1501,branch_from
52046,17,17,9,0,branch_to
52052,12,12,4,1282,branch_from
52052,12,12,4,1066,branch_to
52052,13,13,4,1282,branch_from
52052,13,13,4,1066,branch_to
52060,2,2,3,2129,branch_from
52060,2,2,3,0,branch_to
52060,4,4,3,2129,branch_from
52060,4,4,3,0,branch_to
52060,5,5,3,2129,branch_from
52060,5,5,3,0,branch_to
52060,8,8,3,2129,branch_from
52060,8,8,3,0,branch_to
52105,14,31,5,2482,branch_from
52105,14,31,5,2166,branch_to
52168,15,36,4,1282,branch_from
52168,15,36,4,1066,branch_to
52248,3,3,5,2482,branch_from
52248,3,3,5,2166,branch_to
52269,12,12,4,1282,branch_from
52269,12,12,4,1066,branch_to
52269,13,13,4,1282,branch_from
52269,13,13,4,1066,branch_to
52284,0,25,4,1282,branch_from
52284,0,25,4,1066,branch_to
52289,6,28,5,2482,branch_from
52289,6,28,5,2166,branch_to
52303,18,32,8,701,branch_from
52303,18,32,8,0,branch_to
52385,15,36,4,1282,branch_from
52385,15,36,4,1066,branch_to
52422,14,31,5,2482,branch_from
52422,14,31,5,2166,branch_to
52442,11,11,2,1429,branch_from
52442,11,11,2,0,branch_to
52486,12,12,4,1282,branch_from
52486,12,12,4,1066,branch_to
52486,13,13,4,1282,branch_from
52486,13,13,4,1066,branch_to
52501,0,25,4,1282,branch_from
52501,0,25,4,1066,branch_to
52565,3,3,5,2482,branch_from
52565,3,3,5,2166,branch_to
52602,15,36,4,1282,branch_from
52602,15,36,4,1066,branch_to
52606,6,28,5,2482,branch_from
52606,6,28,5,2166,branch_to
52703,12,12,4,1282,branch_from
52703,12,12,4,1066,branch_to
52703,13,13,4,1282,branch_from
52703,13,13,4,1066,branch_to
52718,0,25,4,1282,branch_from
52718,0,25,4,1066,branch_to
52739,14,31,5,2482,branch_from
52739,14,31,5,2166,branch_to
52819,15,36,4,1282,branch_from
52819,15,36,4,1066,branch_to
52883,3,3,5,2483,branch_from
52883,3,3,5,0,branch_to
52884,3,3,5,0,blocked
52895,10,34,9,1501,branch_from
52895,10,34,9,0,branch_to
52920,12,12,4,1282,branch_from
52920,12,12,4,1066,branch_to
52920,13,13,4,1282,branch_from
52920,13,13,4,1066,branch_to
52923,6,28,5,2482,branch_from
52923,6,28,5,2166,branch_to
52935,0,25,4,1282,branch_from
52935,0,25,4,1066,branch_to
52984,3,3,5,0,unblocked
53004,18,32,8,700,branch_from
53004,18,32,8,703,branch_to
53005,18,32,8,703,branch_from
53005,18,32,8,0,branch_to
53036,15,36,4,1282,branch_from
53036,15,36,4,1066,branch_to
53056,14,31,5,2482,branch_from
53056,14,31,5,2166,branch_to
53122,7,27,3,2129,branch_from
53122,7,27,3,0,branch_to
53138,12,12,4,1283,branch_from
53138,12,12,4,0,branch_to
53138,13,13,4,1283,branch_from
53138,13,13,4,0,branch_to
53139,12,12,4,0,blocked
53139,13,13,4,0,blocked
53152,0,25,4,1282,branch_from
53152,0,25,4,1066,branch_to
53239,12,12,4,0,unblocked
53239,13,13,4,0,unblocked
53240,6,28,5,2482,branch_from
53240,6,28,5,2166,branch_to
53253,15,36,4,1282,branch_from
53253,15,36,4,1066,branch_to
53296,9,33,1,2401,branch_from
53296,9,33,1,2533,branch_to
53297,9,33,1,2533,blocked
53299,9,33,1,2533,unblocked
53299,9,33,1,2533,branch_from
53299,9,33,1,0,branch_to
53369,0,25,4,1282,branch_from
53369,0,25,4,1066,branch_to
53373,14,31,5,2482,branch_from
53373,14,31,5,2166,branch_to
53456,16,39,2,1429,branch_from
53456,16,39,2,0,branch_to
53470,15,36,4,1282,branch_from
53470,15,36,4,1066,branch_to
53548,17,17,9,1501,branch_from
53548,17,17,9,0,branch_to
53557,6,28,5,2482,branch_from
53557,6,28,5,2166,branch_to
53586,0,25,4,1282,branch_from
53586,0,25,4,1066,branch_to
53687,15,36,4,1282,branch_from
53687,15,36,4,1066,branch_to
53690,14,31,5,2482,branch_from
53690,14,31,5,2166,branch_to
53707,18,32,8,701,branch_from
53707,18,32,8,0,branch_to
53803,0,25,4,1282,branch_from
53803,0,25,4,1066,branch_to
53872,11,11,2,1429,branch_from
53872,11,11,2,0,branch_to
53874,6,28,5,2482,branch_from
53874,6,28,5,2166,branch_to
53881,1,1,5,2482,branch_from
53881,1,1,5,2166,branch_to
53905,15,36,4,1283,branch_from
53905,15,36,4,0,branch_to
53953,19,19,5,2482,branch_from
53953,19,19,5,2166,branch_to
54007,14,31,5,2482,branch_from
54007,14,31,5,2166,branch_to
54020,0,25,4,1282,branch_from
54020,0,25,4,1066,branch_to
54190,2,2,3,2129,branch_from
54190,2,2,3,0,branch_to
54190,4,4,3,2129,branch_from
54190,4,4,3,0,branch_to
54190,5,5,3,2129,branch_from
54190,5,5,3,0,branch_to
54190,8,8,3,2129,branch_from
54190,8,8,3,0,branch_to
54191,6,28,5,2482,branch_from
54191,6,28,5,2166,branch_to
54198,1,1,5,2482,branch_from
54198,1,1,5,2166,branch_to
54237,0,25,4,1282,branch_from
54237,0,25,4,1066,branch_to
54270,19,19,5,2482,branch_from
54270,19,19,5,2166,branch_to
54324,14,31,5,2482,branch_from
54324,14,31,5,2166,branch_to
54396,10,34,9,1500,branch_from
54396,10,34,9,1503,branch_to
54397,10,34,9,1503,branch_from
54397,10,34,9,0,branch_to
54409,18,32,8,701,branch_from
54409,18,32,8,0,branch_to
54454,0,25,4,1282,branch_from
54454,0,25,4,1066,branch_to
54508,6,28,5,2482,branch_from
54508,6,28,5,2166,branch_to
54515,1,1,5,2482,branch_from
54515,1,1,5,2166,branch_to
54521,12,12,4,1282,branch_from
54521,12,12,4,1066,branch_to
54521,13,13,4,1282,branch_from
54521,13,13,4,1066,branch_to
54587,19,19,5,2482,branch_from
54587,19,19,5,2166,branch_to
54641,14,31,5,2482,branch_from
54641,14,31,5,2166,branch_to
54671,0,25,4,1282,branch_from
54671,0,25,4,1066,branch_to
54738,12,12,4,1282,branch_from
54738,12,12,4,1066,branch_to
54738,13,13,4,1282,branch_from
54738,13,13,4,1066,branch_to
54800,9,33,1,1500,branch_from
54800,9,33,1,2402,branch_to
54801,9,33,1,2402,blocked
54825,6,28,5,2482,branch_from
54825,6,28,5,2166,branch_to
54832,1,1,5,2482,branch_from
54832,1,1,5,2166,branch_to
54886,16,39,2,1429,branch_from
54886,16,39,2,0,branch_to
54888,0,25,4,1282,branch_from
54888,0,25,4,1066,branch_to
54901,9,33,1,2402,unblocked
54904,19,19,5,2482,branch_from
54904,19,19,5,2166,branch_to
54955,12,12,4,1282,branch_from
54955,12,12,4,1066,branch_to
54955,13,13,4,1282,branch_from
54955,13,13,4,1066,branch_to
54958,14,31,5,2482,branch_from
54958,14,31,5,2166,branch_to
55032,9,33,1,2533,branch_from
55032,9,33,1,0,branch_to
55049,17,17,9,1500,branch_from
55049,17,17,9,1503,branch_to
55050,17,17,9,1503,branch_from
55050,17,17,9,0,branch_to
55105,0,25,4,1282,branch_from
55105,0,25,4,1066,branch_to
55110,18,32,8,700,branch_from
55110,18,32,8,703,branch_to
55112,18,32,8,704,exit
55112,18,32,8,704,unload
55142,6,28,5,2482,branch_from
55142,6,28,5,2166,branch_to
55149,1,1,5,2482,branch_from
55149,1,1,5,2166,branch_to
55172,12,12,4,1282,branch_from
55172,12,12,4,1066,branch_to
55172,13,13,4,1282,branch_from
55172,13,13,4,1066,branch_to
55188,15,36,4,1282,branch_from
55188,15,36,4,1066,branch_to
55221,19,19,5,2482,branch_from
55221,19,19,5,2166,branch_to
55252,7,27,3,2129,branch_from
55252,7,27,3,0,branch_to
55275,14,31,5,2482,branch_from
55275,14,31,5,2166,branch_to
55302,11,11,2,1429,branch_from
55302,11,11,2,0,branch_to
55322,0,25,4,1282,branch_from
55322,0,25,4,1066,branch_to
55389,12,12,4,1282,branch_from
55389,12,12,4,1066,branch_to
55389,13,13,4,1282,branch_from
55389,13,13,4,1066,branch_to
55405,15,36,4,1282,branch_from
55405,15,36,4,1066,branch_to
55459,6,28,5,2482,branch_from
55459,6,28,5,2166,branch_to
55466,1,1,5,2482,branch_from
55466,1,1,5,2166,branch_to
55466,3,3,5,2482,branch_from
55466,3,3,5,2166,branch_to
55538,19,19,5,2482,branch_from
55538,19,19,5,2166,branch_to
55539,0,25,4,1282,branch_from
55539,0,25,4,1066,branch_to
55592,14,31,5,2482,branch_from
55592,14,31,5,2166,branch_to
55606,12,12,4,1282,branch_from
55606,12,12,4,1066,branch_to
55606,13,13,4,1282,branch_from
55606,13,13,4,1066,branch_to
55622,15,36,4,1282,branch_from
55622,15,36,4,1066,branch_to
55756,0,25,4,1282,branch_from
55756,0,25,4,1066,branch_to
55776,6,28,5,2482,branch_from
55776,6,28,5,2166,branch_to
55783,1,1,5,2482,branch_from
55783,1,1,5,2166,branch_to
55783,3,3,5,2482,branch_from
55783,3,3,5,2166,branch_to
55823,12,12,4,1282,branch_from
55823,12,12,4,1066,branch_to
55823,13,13,4,1282,branch_from
55823,13,13,4,1066,branch_to
55839,15,36,4,1282,branch_from
55839,15,36,4,1066,branch_to
55855,19,19,5,2482,branch_from
55855,19,19,5,2166,branch_to
55898,10,34,9,1500,branch_from
55898,10,34,9,1503,branch_to
55899,10,34,9,1503,branch_from
55899,10,34,9,0,branch_to
55910,14,31,5,2483,branch_from
55910,14,31,5,0,branch_to
55911,14,31,5,0,blocked
55973,0,25,4,1282,branch_from
55973,0,25,4,1066,branch_to
56011,14,31,5,0,unblocked
56040,12,12,4,1282,branch_from
56040,12,12,4,1066,branch_to
56040,13,13,4,1282,branch_from
56040,13,13,4,1066,branch_to
56056,15,36,4,1282,branch_from
56056,15,36,4,1066,branch_to
56093,6,28,5,2482,branch_from
56093,6,28,5,2166,branch_to
56100,1,1,5,2482,branch_from
56100,1,1,5,2166,branch_to
56100,3,3,5,2482,branch_from
56100,3,3,5,2166,branch_to
56172,19,19,5,2482,branch_from
56172,19,19,5,2166,branch_to
56191,0,25,4,1283,branch_from
56191,0,25,4,0,branch_to
56257,12,12,4,1282,branch_from
56257,12,12,4,1066,branch_to
56257,13,13,4,1282,branch_from
56257,13,13,4,1066,branch_to
56273,15,36,4,1282,branch_from
56273,15,36,4,1066,branch_to
56316,16,39,2,1429,branch_from
56316,16,39,2,0,branch_to
56320,2,2,3,2129,branch_from
56320,2,2,3,0,branch_to
56320,4,4,3,2129,branch_from
56320,4,4,3,0,branch_to
56320,8,8,3,2129,branch_from
56320,8,8,3,0,branch_to
56321,5,5,3,2130,exit
56321,5,5,3,2130,unload
56410,6,28,5,2482,branch_from
56410,6,28,5,2166,branch_to
56417,1,1,5,2482,branch_from
56417,1,1,5,2166,branch_to
56417,3,3,5,2482,branch_from
56417,3,3,5,2166,branch_to
56474,12,12,4,1282,branch_from
56474,12,12,4,1066,branch_to
56474,13,13,4,1282,branch_from
56474,13,13,4,1066,branch_to
56489,19,19,5,2482,branch_from
56489,19,19,5,2166,branch_to
56490,15,36,4,1282,branch_from
56490,15,36,4,1066,branch_to
56533,9,33,1,1500,branch_from
56533,9,33,1,2402,branch_to
56534,9,33,1,2402,blocked
56552,17,17,9,1501,branch_from
56552,17,17,9,0,branch_to
56634,9,33,1,2402,unblocked
56691,12,12,4,1282,branch_from
56691,12,12,4,1066,branch_to
56691,13,13,4,1282,branch_from
56691,13,13,4,1066,branch_to
56707,15,36,4,1282,branch_from
56707,15,36,4,1066,branch_to
56727,6,28,5,2482,branch_from
56727,6,28,5,2166,branch_to
56732,11,11,2,1429,branch_from
56732,11,11,2,0,branch_to
56734,1,1,5,2482,branch_from
56734,1,1,5,2166,branch_to
56734,3,3,5,2482,branch_from
56734,3,3,5,2166,branch_to
56765,9,33,1,2533,branch_from
56765,9,33,1,0,branch_to
56806,19,19,5,2482,branch_from
56806,19,19,5,2166,branch_to
56908,13,13,4,1282,branch_from
56908,13,13,4,1066,branch_to
56909,12,12,4,1283,branch_from
56909,12,12,4,0,branch_to
56910,12,12,4,0,blocked
56924,15,36,4,1282,branch_from
56924,15,36,4,1066,branch_to
57010,12,12,4,0,unblocked
57044,6,28,5,2482,branch_from
57044,6,28,5,2166,branch_to
57051,1,1,5,2482,branch_from
57051,1,1,5,2166,branch_to
57051,3,3,5,2482,branch_from
57051,3,3,5,2166,branch_to
57123,19,19,5,2482,branch_from
57123,19,19,5,2166,branch_to
57127,13,13,4,1284,exit
57127,13,13,4,1284,unload
57141,15,36,4,1282,branch_from
57141,15,36,4,1066,branch_to
57358,15,36,4,1282,branch_from
57358,15,36,4,1066,branch_to
57361,6,28,5,2482,branch_from
57361,6,28,5,2166,branch_to
57368,1,1,5,2482,branch_from
57368,1,1,5,2166,branch_to
57368,3,3,5,2482,branch_from
57368,3,3,5,2166,branch_to
57382,7,27,3,2129,branch_from
57382,7,27,3,0,branch_to
57400,10,34,9,1500,branch_from
57400,10,34,9,1503,branch_to
57401,10,34,9,1503,branch_from
57401,10,34,9,0,branch_to
57440,19,19,5,2482,branch_from
57440,19,19,5,2166,branch_to
57474,0,25,4,1282,branch_from
57474,0,25,4,1066,branch_to
57575,15,36,4,1282,branch_from
57575,15,36,4,1066,branch_to
57678,6,28,5,2482,branch_from
57678,6,28,5,2166,branch_to
57685,1,1,5,2482,branch_from
57685,1,1,5,2166,branch_to
57685,3,3,5,2482,branch_from
57685,3,3,5,2166,branch_to
57691,0,25,4,1282,branch_from
57691,0,25,4,1066,branch_to
57746,16,39,2,1429,branch_from
57746,16,39,2,0,branch_to
57757,19,19,5,2482,branch_from
57757,19,19,5,2166,branch_to
57792,15,36,4,1282,branch_from
57792,15,36,4,1066,branch_to
57908,0,25,4,1282,branch_from
57908,0,25,4,1066,branch_to
57995,6,28,5,2482,branch_from
57995,6,28,5,2166,branch_to
58002,1,1,5,2482,branch_from
58002,1,1,5,2166,branch_to
58002,3,3,5,2482,branch_from
58002,3,3,5,2166,branch_to
58009,15,36,4,1282,branch_from
58009,15,36,4,1066,branch_to
58054,17,17,9,1501,branch_from
58054,17,17,9,0,branch_to
58074,19,19,5,2482,branch_from
58074,19,19,5,2166,branch_to
58125,0,25,4,1282,branch_from
58125,0,25,4,1066,branch_to
58162,11,11,2,1429,branch_from
58162,11,11,2,0,branch_to
58226,15,36,4,1282,branch_from
58226,15,36,4,1066,branch_to
58292,12,12,4,1282,branch_from
58292,12,12,4,1066,branch_to
58312,6,28,5,2482,branch_from
58312,6,28,5,2166,branch_to
58319,1,1,5,2482,branch_from
58319,1,1,5,2166,branch_to
58319,3,3,5,2482,branch_from
58319,3,3,5,2166,branch_to
58342,0,25,4,1282,branch_from
58342,0,25,4,1066,branch_to
58391,19,19,5,2482,branch_from
58391,19,19,5,2166,branch_to
58444,15,36,4,1283,branch_from
58444,15,36,4,0,branch_to
58450,2,2,3,2129,branch_from
58450,2,2,3,0,branch_to
58450,4,4,3,2129,branch_from
58450,4,4,3,0,branch_to
58451,8,8,3,2130,exit
58451,8,8,3,2130,unload
58493,14,31,5,2482,branch_from
58493,14,31,5,2166,branch_to
58509,12,12,4,1282,branch_from
58509,12,12,4,1066,branch_to
58559,0,25,4,1282,branch_from
58559,0,25,4,1066,branch_to
58629,6,28,5,2482,branch_from
58629,6,28,5,2166,branch_to
58636,1,1,5,2482,branch_from
58636,1,1,5,2166,branch_to
58636,3,3,5,2482,branch_from
58636,3,3,5,2166,branch_to
58708,19,19,5,2482,branch_from
58708,19,19,5,2166,branch_to
58726,12,12,4,1282,branch_from
58726,12,12,4,1066,branch_to
58776,0,25,4,1282,branch_from
58776,0,25,4,1066,branch_to
58810,14,31,5,2482,branch_from
58810,14,31,5,2166,branch_to
58902,10,34,9,1500,branch_from
58902,10,34,9,1503,branch_to
58903,10,34,9,1503,branch_from
58903,10,34,9,0,branch_to
58943,12,12,4,1282,branch_from
58943,12,12,4,1066,branch_to
58946,6,28,5,2482,branch_from
58946,6,28,5,2166,branch_to
58953,1,1,5,2482,branch_from
58953,1,1,5,2166,branch_to
58953,3,3,5,2482,branch_from
58953,3,3,5,2166,branch_to
58993,0,25,4,1282,branch_from
58993,0,25,4,1066,branch_to
59025,19,19,5,2482,branch_from
59025,19,19,5,2166,branch_to
59127,14,31,5,2482,branch_from
59127,14,31,5,2166,branch_to
59160,12,12,4,1282,branch_from
59160,12,12,4,1066,branch_to
59167,9,33,1,2401,branch_from
59167,9,33,1,2533,branch_to
59168,9,33,1,2533,blocked
59170,9,33,1,2533,unblocked
59170,9,33,1,2533,branch_from
59170,9,33,1,0,branch_to
59176,16,39,2,1429,branch_from
59176,16,39,2,0,branch_to
59210,0,25,4,1282,branch_from
59210,0,25,4,1066,branch_to
59264,6,28,5,2483,branch_from
59264,6,28,5,0,branch_to
59270,1,1,5,2482,branch_from
59270,1,1,5,2166,branch_to
59270,3,3,5,2482,branch_from
59270,3,3,5,2166,branch_to
59342,19,19,5,2482,branch_from
59342,19,19,5,2166,branch_to
59377,12,12,4,1282,branch_from
59377,12,12,4,1066,branch_to
59427,0,25,4,1282,branch_from
59427,0,25,4,1066,branch_to
59444,14,31,5,2482,branch_from
59444,14,31,5,2166,branch_to
59512,7,27,3,2129,branch_from
59512,7,27,3,0,branch_to
59556,17,17,9,1501,branch_from
59556,17,17,9,0,branch_to
59587,3,3,5,2482,branch_from
59587,3,3,5,2166,branch_to
59588,1,1,5,2483,branch_from
59588,1,1,5,0,branch_to
59589,1,1,5,0,blocked
59592,11,11,2,1429,branch_from
59592,11,11,2,0,branch_to
59594,12,12,4,1282,branch_from
59594,12,12,4,1066,branch_to
59644,0,25,4,1282,branch_from
59644,0,25,4,1066,branch_to
59659,19,19,5,2482,branch_from
59659,19,19,5,2166,branch_to
59689,1,1,5,0,unblocked
59727,15,36,4,1282,branch_from
59727,15,36,4,1066,branch_to
59761,14,31,5,2482,branch_from
59761,14,31,5,2166,branch_to
59811,12,12,4,1282,branch_from
59811,12,12,4,1066,branch_to
59861,0,25,4,1282,branch_from
59861,0,25,4,1066,branch_to
59904,3,3,5,2482,branch_from
59904,3,3,5,2166,branch_to
59944,15,36,4,1282,branch_from
59944,15,36,4,1066,branch_to
59976,19,19,5,2482,branch_from
59976,19,19,5,2166,branch_to
60028,12,12,4,1282,branch_from
60028,12,12,4,1066,branch_to
60078,0,25,4,1282,branch_from
60078,0,25,4,1066,branch_to
60078,14,31,5,2482,branch_from
60078,14,31,5,2166,branch_to
60161,15,36,4,1282,branch_from
60161,15,36,4,1066,branch_to
60221,3,3,5,2482,branch_from
60221,3,3,5,2166,branch_to
60245,12,12,4,1282,branch_from
60245,12,12,4,1066,branch_to
60293,19,19,5,2482,branch_from
60293,19,19,5,2166,branch_to
60295,0,25,4,1282,branch_from
60295,0,25,4,1066,branch_to
60378,15,36,4,1282,branch_from
60378,15,36,4,1066,branch_to
60395,14,31,5,2482,branch_from
60395,14,31,5,2166,branch_to
60404,10,34,9,1500,branch_from
60404,10,34,9,1503,branch_to
60405,10,34,9,1503,branch_from
60405,10,34,9,0,branch_to
60462,12,12,4,1282,branch_from
60462,12,12,4,1066,branch_to
60512,0,25,4,1282,branch_from
60512,0,25,4,1066,branch_to
60538,3,3,5,2482,branch_from
60538,3,3,5,2166,branch_to
60580,2,2,3,2129,branch_from
60580,2,2,3,0,branch_to
60580,4,4,3,2129,branch_from
60580,4,4,3,0,branch_to
60595,15,36,4,1282,branch_from
60595,15,36,4,1066,branch_to
60606,16,39,2,1429,branch_from
60606,16,39,2,0,branch_to
60610,19,19,5,2482,branch_from
60610,19,19,5,2166,branch_to
60671,9,33,1,1500,branch_from
60671,9,33,1,2402,branch_to
60672,9,33,1,2402,blocked
60679,12,12,4,1282,branch_from
60679,12,12,4,1066,branch_to
60712,14,31,5,2482,branch_from
60712,14,31,5,2166,branch_to
60729,0,25,4,1282,branch_from
60729,0,25,4,1066,branch_to
60772,9,33,1,2402,unblocked
60812,15,36,4,1282,branch_from
60812,15,36,4,1066,branch_to
60855,3,3,5,2482,branch_from
60855,3,3,5,2166,branch_to
60896,12,12,4,1282,branch_from
60896,12,12,4,1066,branch_to
60903,9,33,1,2533,branch_from
60903,9,33,1,0,branch_to
60927,19,19,5,2482,branch_from
60927,19,19,5,2166,branch_to
60946,0,25,4,1282,branch_from
60946,0,25,4,1066,branch_to
61022,11,11,2,1429,branch_from
61022,11,11,2,0,branch_to
61029,14,31,5,2482,branch_from
61029,14,31,5,2166,branch_to
61029,15,36,4,1282,branch_from
61029,15,36,4,1066,branch_to
61058,17,17,9,1501,branch_from
61058,17,17,9,0,branch_to
61113,12,12,4,1282,branch_from
61113,12,12,4,1066,branch_to
61163,0,25,4,1282,branch_from
61163,0,25,4,1066,branch_to
61172,3,3,5,2482,branch_from
61172,3,3,5,2166,branch_to
61245,19,19,5,2483,branch_from
61245,19,19,5,0,branch_to
61246,15,36,4,1282,branch_from
61246,15,36,4,1066,branch_to
61246,19,19,5,0,blocked
61332,12,12,4,1284,exit
61332,12,12,4,1284,unload
61346,14,31,5,2482,branch_from
61346,14,31,5,2166,branch_to
61346,19,19,5,0,unblocked
61381,0,25,4,1283,branch_from
61381,0,25,4,0,branch_to
61463,15,36,4,1282,branch_from
61463,15,36,4,1066,branch_to
61489,3,3,5,2482,branch_from
61489,3,3,5,2166,branch_to
61642,7,27,3,2129,branch_from
61642,7,27,3,0,branch_to
61663,14,31,5,2482,branch_from
61663,14,31,5,2166,branch_to
61680,15,36,4,1282,branch_from
61680,15,36,4,1066,branch_to
61747,6,28,5,2482,branch_from
61747,6,28,5,2166,branch_to
61806,3,3,5,2482,branch_from
61806,3,3,5,2166,branch_to
61897,15,36,4,1282,branch_from
61897,15,36,4,1066,branch_to
61906,10,34,9,1500,branch_from
61906,10,34,9,1503,branch_to
61907,10,34,9,1503,branch_from
61907,10,34,9,0,branch_to
61980,14,31,5,2482,branch_from
61980,14,31,5,2166,branch_to
62036,16,39,2,1429,branch_from
62036,16,39,2,0,branch_to
62064,6,28,5,2482,branch_from
62064,6,28,5,2166,branch_to
62115,15,36,4,1283,branch_from
62115,15,36,4,0,branch_to
62123,3,3,5,2482,branch_from
62123,3,3,5,2166,branch_to
62171,1,1,5,2482,branch_from
62171,1,1,5,2166,branch_to
62297,14,31,5,2482,branch_from
62297,14,31,5,2166,branch_to
62381,6,28,5,2482,branch_from
62381,6,28,5,2166,branch_to
62404,9,33,1,1500,branch_from
62404,9,33,1,2402,branch_to
62405,9,33,1,2402,blocked
62441,3,3,5,2483,branch_from
62441,3,3,5,0,branch_to
62442,3,3,5,0,blocked
62452,11,11,2,1429,branch_from
62452,11,11,2,0,branch_to
62488,1,1,5,2482,branch_from
62488,1,1,5,2166,branch_to
62505,9,33,1,2402,unblocked
62542,3,3,5,0,unblocked
62559,17,17,9,1500,branch_from
62559,17,17,9,1503,branch_to
62560,17,17,9,1503,branch_from
62560,17,17,9,0,branch_to
62614,14,31,5,2482,branch_from
62614,14,31,5,2166,branch_to
62636,9,33,1,2533,branch_from
62636,9,33,1,0,branch_to
62664,0,25,4,1282,branch_from
62664,0,25,4,1066,branch_to
62698,6,28,5,2482,branch_from
62698,6,28,5,2166,branch_to
62711,2,2,3,2130,exit
62711,2,2,3,2130,unload
62711,4,4,3,2130,exit
62711,4,4,3,2130,unload
62805,1,1,5,2482,branch_from
62805,1,1,5,2166,branch_to
62881,0,25,4,1282,branch_from
62881,0,25,4,1066,branch_to
62931,14,31,5,2482,branch_from
62931,14,31,5,2166,branch_to
63015,6,28,5,2482,branch_from
63015,6,28,5,2166,branch_to
63098,0,25,4,1282,branch_from
63098,0,25,4,1066,branch_to
63122,1,1,5,2482,branch_from
63122,1,1,5,2166,branch_to
63248,14,31,5,2482,branch_from
63248,14,31,5,2166,branch_to
63315,0,25,4,1282,branch_from
63315,0,25,4,1066,branch_to
63332,6,28,5,2482,branch_from
63332,6,28,5,2166,branch_to
63398,15,36,4,1282,branch_from
63398,15,36,4,1066,branch_to
63409,10,34,9,1501,branch_from
63409,10,34,9,0,branch_to
63439,1,1,5,2482,branch_from
63439,1,1,5,2166,branch_to
63466,16,39,2,1429,branch_from
63466,16,39,2,0,branch_to
63532,0,25,4,1282,branch_from
63532,0,25,4,1066,branch_to
63565,14,31,5,2482,branch_from
63565,14,31,5,2166,branch_to
63615,15,36,4,1282,branch_from
63615,15,36,4,1066,branch_to
63649,6,28,5,2482,branch_from
63649,6,28,5,2166,branch_to
63749,0,25,4,1282,branch_from
63749,0,25,4,1066,branch_to
63756,1,1,5,2482,branch_from
63756,1,1,5,2166,branch_to
63772,7,27,3,2129,branch_from
63772,7,27,3,0,branch_to
63828,19,19,5,2482,branch_from
63828,19,19,5,2166,branch_to
63832,15,36,4,1282,branch_from
63832,15,36,4,1066,branch_to
63882,11,11,2,1429,branch_from
63882,11,11,2,0,branch_to
63882,14,31,5,2482,branch_from
63882,14,31,5,2166,branch_to
63966,0,25,4,1282,branch_from
63966,0,25,4,1066,branch_to
63966,6,28,5,2482,branch_from
63966,6,28,5,2166,branch_to
64049,15,36,4,1282,branch_from
64049,15,36,4,1066,branch_to
64062,17,17,9,1501,branch_from
64062,17,17,9,0,branch_to
64073,1,1,5,2482,branch_from
64073,1,1,5,2166,branch_to
64145,19,19,5,2482,branch_from
64145,19,19,5,2166,branch_to
64183,0,25,4,1282,branch_from
64183,0,25,4,1066,branch_to
64199,14,31,5,2482,branch_from
64199,14,31,5,2166,branch_to
64266,15,36,4,1282,branch_from
64266,15,36,4,1066,branch_to
64283,6,28,5,2482,branch_from
64283,6,28,5,2166,branch_to
64390,1,1,5,2482,branch_from
64390,1,1,5,2166,branch_to
64400,0,25,4,1282,branch_from
64400,0,25,4,1066,branch_to
64462,19,19,5,2482,branch_from
64462,19,19,5,2166,branch_to
64483,15,36,4,1282,branch_from
64483,15,36,4,1066,branch_to
64516,14,31,5,2482,branch_from
64516,14,31,5,2166,branch_to
64600,6,28,5,2482,branch_from
64600,6,28,5,2166,branch_to
64617,0,25,4,1282,branch_from
64617,0,25,4,1066,branch_to
64700,15,36,4,1282,branch_from
64700,15,36,4,1066,branch_to
64707,1,1,5,2482,branch_from
64707,1,1,5,2166,branch_to
64779,19,19,5,2482,branch_from
64779,19,19,5,2166,branch_to
64833,14,31,5,2482,branch_from
64833,14,31,5,2166,branch_to
64834,0,25,4,1282,branch_from
64834,0,25,4,1066,branch_to
64896,16,39,2,1429,branch_from
64896,16,39,2,0,branch_to
64911,10,34,9,1501,branch_from
64911,10,34,9,0,branch_to
64917,6,28,5,2482,branch_from
64917,6,28,5,2166,branch_to
64917,15,36,4,1282,branch_from
64917,15,36,4,1066,branch_to
65024,1,1,5,2482,branch_from
65024,1,1,5,2166,branch_to
65024,3,3,5,2482,branch_from
65024,3,3,5,2166,branch_to
65038,9,33,1,2401,branch_from
65038,9,33,1,2533,branch_to
65039,9,33,1,2533,blocked
65041,9,33,1,2533,unblocked
65041,9,33,1,2533,branch_from
65041,9,33,1,0,branch_to
65051,0,25,4,1282,branch_from
65051,0,25,4,1066,branch_to
65096,19,19,5,2482,branch_from
65096,19,19,5,2166,branch_to
65134,15,36,4,1282,branch_from
65134,15,36,4,1066,branch_to
65150,14,31,5,2482,branch_from
65150,14,31,5,2166,branch_to
65234,6,28,5,2482,branch_from
65234,6,28,5,2166,branch_to
65268,0,25,4,1282,branch_from
65268,0,25,4,1066,branch_to
65312,11,11,2,1429,branch_from
65312,11,11,2,0,branch_to
65341,1,1,5,2482,branch_from
65341,1,1,5,2166,branch_to
65341,3,3,5,2482,branch_from
65341,3,3,5,2166,branch_to
65351,15,36,4,1282,branch_from
65351,15,36,4,1066,branch_to
65413,19,19,5,2482,branch_from
65413,19,19,5,2166,branch_to
65467,14,31,5,2482,branch_from
65467,14,31,5,2166,branch_to
65485,0,25,4,1282,branch_from
65485,0,25,4,1066,branch_to
65551,6,28,5,2482,branch_from
65551,6,28,5,2166,branch_to
65564,17,17,9,1501,branch_from
65564,17,17,9,0,branch_to
65568,15,36,4,1282,branch_from
65568,15,36,4,1066,branch_to
65658,1,1,5,2482,branch_from
65658,1,1,5,2166,branch_to
65658,3,3,5,2482,branch_from
65658,3,3,5,2166,branch_to
65702,0,25,4,1282,branch_from
65702,0,25,4,1066,branch_to
65730,19,19,5,2482,branch_from
65730,19,19,5,2166,branch_to
65784,14,31,5,2482,branch_from
65784,14,31,5,2166,branch_to
65785,15,36,4,1282,branch_from
65785,15,36,4,1066,branch_to
65868,6,28,5,2482,branch_from
65868,6,28,5,2166,branch_to
65902,7,27,3,2129,branch_from
65902,7,27,3,0,branch_to
65919,0,25,4,1282,branch_from
65919,0,25,4,1066,branch_to
65975,1,1,5,2482,branch_from
65975,1,1,5,2166,branch_to
65975,3,3,5,2482,branch_from
65975,3,3,5,2166,branch_to
66002,15,36,4,1282,branch_from
66002,15,36,4,1066,branch_to
66047,19,19,5,2482,branch_from
66047,19,19,5,2166,branch_to
66102,14,31,5,2483,branch_from
66102,14,31,5,0,branch_to
66103,14,31,5,0,blocked
66136,0,25,4,1282,branch_from
66136,0,25,4,1066,branch_to
66185,6,28,5,2482,branch_from
66185,6,28,5,2166,branch_to
66203,14,31,5,0,unblocked
66219,15,36,4,1282,branch_from
66219,15,36,4,1066,branch_to
66292,1,1,5,2482,branch_from
66292,1,1,5,2166,branch_to
66292,3,3,5,2482,branch_from
66292,3,3,5,2166,branch_to
66326,16,39,2,1429,branch_from
66326,16,39,2,0,branch_to
66353,0,25,4,1282,branch_from
66353,0,25,4,1066,branch_to
66364,19,19,5,2482,branch_from
66364,19,19,5,2166,branch_to
66413,10,34,9,1501,branch_from
66413,10,34,9,0,branch_to
66436,15,36,4,1282,branch_from
66436,15,36,4,1066,branch_to
66502,6,28,5,2482,branch_from
66502,6,28,5,2166,branch_to
66542,9,33,1,1500,branch_from
66542,9,33,1,2402,branch_to
66543,9,33,1,2402,blocked
66571,0,25,4,1283,branch_from
66571,0,25,4,0,branch_to
66609,1,1,5,2482,branch_from
66609,1,1,5,2166,branch_to
66609,3,3,5,2482,branch_from
66609,3,3,5,2166,branch_to
66643,9,33,1,2402,unblocked
66653,15,36,4,1282,branch_from
66653,15,36,4,1066,branch_to
66681,19,19,5,2482,branch_from
66681,19,19,5,2166,branch_to
66742,11,11,2,1429,branch_from
66742,11,11,2,0,branch_to
66774,9,33,1,2533,branch_from
66774,9,33,1,0,branch_to
66819,6,28,5,2482,branch_from
66819,6,28,5,2166,branch_to
66870,15,36,4,1282,branch_from
66870,15,36,4,1066,branch_to
66926,1,1,5,2482,branch_from
66926,1,1,5,2166,branch_to
66926,3,3,5,2482,branch_from
66926,3,3,5,2166,branch_to
66998,19,19,5,2482,branch_from
66998,19,19,5,2166,branch_to
67066,17,17,9,1501,branch_from
67066,17,17,9,0,branch_to
67087,15,36,4,1282,branch_from
67087,15,36,4,1066,branch_to
67136,6,28,5,2482,branch_from
67136,6,28,5,2166,branch_to
67243,1,1,5,2482,branch_from
67243,1,1,5,2166,branch_to
67243,3,3,5,2482,branch_from
67243,3,3,5,2166,branch_to
67305,15,36,4,1283,branch_from
67305,15,36,4,0,branch_to
67315,19,19,5,2482,branch_from
67315,19,19,5,2166,branch_to
67453,6,28,5,2482,branch_from
67453,6,28,5,2166,branch_to
67560,1,1,5,2482,branch_from
67560,1,1,5,2166,branch_to
67560,3,3,5,2482,branch_from
67560,3,3,5,2166,branch_to
67632,19,19,5,2482,branch_from
67632,19,19,5,2166,branch_to
67756,16,39,2,1429,branch_from
67756,16,39,2,0,branch_to
67770,6,28,5,2482,branch_from
67770,6,28,5,2166,branch_to
67854,0,25,4,1282,branch_from
67854,0,25,4,1066,branch_to
67877,1,1,5,2482,branch_from
67877,1,1,5,2166,branch_to
67877,3,3,5,2482,branch_from
67877,3,3,5,2166,branch_to
67915,10,34,9,1501,branch_from
67915,10,34,9,0,branch_to
67949,19,19,5,2482,branch_from
67949,19,19,5,2166,branch_to
68033,7,27,3,2130,exit
68033,7,27,3,2130,unload
68071,0,25,4,1282,branch_from
68071,0,25,4,1066,branch_to
68087,6,28,5,2482,branch_from
68087,6,28,5,2166,branch_to
68172,11,11,2,1429,branch_from
68172,11,11,2,0,branch_to
68194,1,1,5,2482,branch_from
68194,1,1,5,2166,branch_to
68194,3,3,5,2482,branch_from
68194,3,3,5,2166,branch_to
68266,19,19,5,2482,branch_from
68266,19,19,5,2166,branch_to
68288,0,25,4,1282,branch_from
68288,0,25,4,1066,branch_to
68404,6,28,5,2482,branch_from
68404,6,28,5,2166,branch_to
68505,0,25,4,1282,branch_from
68505,0,25,4,1066,branch_to
68511,1,1,5,2482,branch_from
68511,1,1,5,2166,branch_to
68511,3,3,5,2482,branch_from
68511,3,3,5,2166,branch_to
68568,17,17,9,1501,branch_from
68568,17,17,9,0,branch_to
68583,19,19,5,2482,branch_from
68583,19,19,5,2166,branch_to
68588,15,36,4,1282,branch_from
68588,15,36,4,1066,branch_to
68685,14,31,5,2482,branch_from
68685,14,31,5,2166,branch_to
68721,6,28,5,2482,branch_from
68721,6,28,5,2166,branch_to
68722,0,25,4,1282,branch_from
68722,0,25,4,1066,branch_to
68805,15,36,4,1282,branch_from
68805,15,36,4,1066,branch_to
68828,1,1,5,2482,branch_from
68828,1,1,5,2166,branch_to
68828,3,3,5,2482,branch_from
68828,3,3,5,2166,branch_to
68901,19,19,5,2483,branch_from
68901,19,19,5,0,branch_to
68902,19,19,5,0,blocked
68939,0,25,4,1282,branch_from
68939,0,25,4,1066,branch_to
69002,14,31,5,2482,branch_from
69002,14,31,5,2166,branch_to
69002,19,19,5,0,unblocked
69022,15,36,4,1282,branch_from
69022,15,36,4,1066,branch_to
69038,6,28,5,2482,branch_from
69038,6,28,5,2166,branch_to
69145,3,3,5,2482,branch_from
69145,3,3,5,2166,branch_to
69146,1,1,5,2483,branch_from
69146,1,1,5,0,branch_to
69147,1,1,5,0,blocked
69156,0,25,4,1282,branch_from
69156,0,25,4,1066,branch_to
69176,9,33,1,2401,branch_from
69176,9,33,1,2533,branch_to
69177,9,33,1,2533,blocked
69179,9,33,1,2533,unblocked
69179,9,33,1,2533,branch_from
69179,9,33,1,0,branch_to
69186,16,39,2,1429,branch_from
69186,16,39,2,0,branch_to
69239,15,36,4,1282,branch_from
69239,15,36,4,1066,branch_to
69247,1,1,5,0,unblocked
69319,14,31,5,2482,branch_from
69319,14,31,5,2166,branch_to
69356,6,28,5,2483,branch_from
69356,6,28,5,0,branch_to
69373,0,25,4,1282,branch_from
69373,0,25,4,1066,branch_to
69416,10,34,9,1500,branch_from
69416,10,34,9,1503,branch_to
69417,10,34,9,1503,branch_from
69417,10,34,9,0,branch_to
69456,15,36,4,1282,branch_from
69456,15,36,4,1066,branch_to
69462,3,3,5,2482,branch_from
69462,3,3,5,2166,branch_to
69590,0,25,4,1282,branch_from
69590,0,25,4,1066,branch_to
69602,11,11,2,1429,branch_from
69602,11,11,2,0,branch_to
69636,14,31,5,2482,branch_from
69636,14,31,5,2166,branch_to
69673,15,36,4,1282,branch_from
69673,15,36,4,1066,branch_to
69779,3,3,5,2482,branch_from
69779,3,3,5,2166,branch_to
69807,0,25,4,1282,branch_from
69807,0,25,4,1066,branch_to
69890,15,36,4,1282,branch_from
69890,15,36,4,1066,branch_to
69953,14,31,5,2482,branch_from
69953,14,31,5,2166,branch_to
70024,0,25,4,1282,branch_from
70024,0,25,4,1066,branch_to
70069,17,17,9,1500,branch_from
70069,17,17,9,1503,branch_to
70070,17,17,9,1503,branch_from
70070,17,17,9,0,branch_to
70096,3,3,5,2482,branch_from
70096,3,3,5,2166,branch_to
70107,15,36,4,1282,branch_from
70107,15,36,4,1066,branch_to
70241,0,25,4,1282,branch_from
70241,0,25,4,1066,branch_to
70270,14,31,5,2482,branch_from
70270,14,31,5,2166,branch_to
70324,15,36,4,1282,branch_from
70324,15,36,4,1066,branch_to
70414,3,3,5,2483,branch_from
70414,3,3,5,0,branch_to
70415,3,3,5,0,blocked
70458,0,25,4,1282,branch_from
70458,0,25,4,1066,branch_to
70515,3,3,5,0,unblocked
70541,15,36,4,1282,branch_from
70541,15,36,4,1066,branch_to
70587,14,31,5,2482,branch_from
70587,14,31,5,2166,branch_to
70616,16,39,2,1429,branch_from
70616,16,39,2,0,branch_to
70675,0,25,4,1282,branch_from
70675,0,25,4,1066,branch_to
70680,9,33,1,1500,branch_from
70680,9,33,1,2402,branch_to
70681,9,33,1,2402,blocked
70758,15,36,4,1282,branch_from
70758,15,36,4,1066,branch_to
70781,9,33,1,2402,unblocked
70892,0,25,4,1282,branch_from
70892,0,25,4,1066,branch_to
70904,14,31,5,2482,branch_from
70904,14,31,5,2166,branch_to
70912,9,33,1,2533,branch_from
70912,9,33,1,0,branch_to
70918,10,34,9,1500,branch_from
70918,10,34,9,1503,branch_to
70919,10,34,9,1503,branch_from
70919,10,34,9,0,branch_to
70976,15,36,4,1283,branch_from
70976,15,36,4,0,branch_to
71032,11,11,2,1429,branch_from
71032,11,11,2,0,branch_to
71109,0,25,4,1282,branch_from
71109,0,25,4,1066,branch_to
71221,14,31,5,2482,branch_from
71221,14,31,5,2166,branch_to
71326,0,25,4,1282,branch_from
71326,0,25,4,1066,branch_to
71484,19,19,5,2482,branch_from
71484,19,19,5,2166,branch_to
71538,14,31,5,2482,branch_from
71538,14,31,5,2166,branch_to
71543,0,25,4,1282,branch_from
71543,0,25,4,1066,branch_to
71572,17,17,9,1501,branch_from
71572,17,17,9,0,branch_to
71729,1,1,5,2482,branch_from
71729,1,1,5,2166,branch_to
71761,0,25,4,1283,branch_from
71761,0,25,4,0,branch_to
71801,19,19,5,2482,branch_from
71801,19,19,5,2166,branch_to
71839,6,28,5,2482,branch_from
71839,6,28,5,2166,branch_to
71855,14,31,5,2482,branch_from
71855,14,31,5,2166,branch_to
72046,1,1,5,2482,branch_from
72046,1,1,5,2166,branch_to
72046,16,39,2,1429,branch_from
72046,16,39,2,0,branch_to
72118,19,19,5,2482,branch_from
72118,19,19,5,2166,branch_to
72156,6,28,5,2482,branch_from
72156,6,28,5,2166,branch_to
72172,14,31,5,2482,branch_from
72172,14,31,5,2166,branch_to
72259,15,36,4,1282,branch_from
72259,15,36,4,1066,branch_to
72363,1,1,5,2482,branch_from
72363,1,1,5,2166,branch_to
72413,9,33,1,1500,branch_from
72413,9,33,1,2402,branch_to
72414,9,33,1,2402,blocked
72421,10,34,9,1501,branch_from
72421,10,34,9,0,branch_to
72435,19,19,5,2482,branch_from
72435,19,19,5,2166,branch_to
72463,11,11,2,1430,exit
72463,11,11,2,1430,unload
72473,6,28,5,2482,branch_from
72473,6,28,5,2166,branch_to
72476,15,36,4,1282,branch_from
72476,15,36,4,1066,branch_to
72489,14,31,5,2482,branch_from
72489,14,31,5,2166,branch_to
72514,9,33,1,2402,unblocked
72646,9,33,1,2534,exit
72646,9,33,1,2534,unload
72680,1,1,5,2482,branch_from
72680,1,1,5,2166,branch_to
72693,15,36,4,1282,branch_from
72693,15,36,4,1066,branch_to
72752,19,19,5,2482,branch_from
72752,19,19,5,2166,branch_to
72790,6,28,5,2482,branch_from
72790,6,28,5,2166,branch_to
72806,14,31,5,2482,branch_from
72806,14,31,5,2166,branch_to
72910,15,36,4,1282,branch_from
72910,15,36,4,1066,branch_to
72997,1,1,5,2482,branch_from
72997,1,1,5,2166,branch_to
72997,3,3,5,2482,branch_from
72997,3,3,5,2166,branch_to
73044,0,25,4,1282,branch_from
73044,0,25,4,1066,branch_to
73069,19,19,5,2482,branch_from
73069,19,19,5,2166,branch_to
73074,17,17,9,1501,branch_from
73074,17,17,9,0,branch_to
73107,6,28,5,2482,branch_from
73107,6,28,5,2166,branch_to
73123,14,31,5,2482,branch_from
73123,14,31,5,2166,branch_to
73127,15,36,4,1282,branch_from
73127,15,36,4,1066,branch_to
73261,0,25,4,1282,branch_from
73261,0,25,4,1066,branch_to
73314,1,1,5,2482,branch_from
73314,1,1,5,2166,branch_to
73314,3,3,5,2482,branch_from
73314,3,3,5,2166,branch_to
73344,15,36,4,1282,branch_from
73344,15,36,4,1066,branch_to
73386,19,19,5,2482,branch_from
73386,19,19,5,2166,branch_to
73424,6,28,5,2482,branch_from
73424,6,28,5,2166,branch_to
73440,14,31,5,2482,branch_from
73440,14,31,5,2166,branch_to
73476,16,39,2,1429,branch_from
73476,16,39,2,0,branch_to
73478,0,25,4,1282,branch_from
73478,0,25,4,1066,branch_to
73561,15,36,4,1282,branch_from
73561,15,36,4,1066,branch_to
73631,1,1,5,2482,branch_from
73631,1,1,5,2166,branch_to
73631,3,3,5,2482,branch_from
73631,3,3,5,2166,branch_to
73695,0,25,4,1282,branch_from
73695,0,25,4,1066,branch_to
73703,19,19,5,2482,branch_from
73703,19,19,5,2166,branch_to
73741,6,28,5,2482,branch_from
73741,6,28,5,2166,branch_to
73757,14,31,5,2482,branch_from
73757,14,31,5,2166,branch_to
73778,15,36,4,1282,branch_from
73778,15,36,4,1066,branch_to
73912,0,25,4,1282,branch_from
73912,0,25,4,1066,branch_to
73923,10,34,9,1501,branch_from
73923,10,34,9,0,branch_to
73948,1,1,5,2482,branch_from
73948,1,1,5,2166,branch_to
73948,3,3,5,2482,branch_from
73948,3,3,5,2166,branch_to
73995,15,36,4,1282,branch_from
73995,15,36,4,1066,branch_to
74020,19,19,5,2482,branch_from
74020,19,19,5,2166,branch_to
74058,6,28,5,2482,branch_from
74058,6,28,5,2166,branch_to
74074,14,31,5,2482,branch_from
74074,14,31,5,2166,branch_to
74129,0,25,4,1282,branch_from
74129,0,25,4,1066,branch_to
74212,15,36,4,1282,branch_from
74212,15,36,4,1066,branch_to
74265,1,1,5,2482,branch_from
74265,1,1,5,2166,branch_to
74265,3,3,5,2482,branch_from
74265,3,3,5,2166,branch_to
74337,19,19,5,2482,branch_from
74337,19,19,5,2166,branch_to
74346,0,25,4,1282,branch_from
74346,0,25,4,1066,branch_to
74375,6,28,5,2482,branch_from
74375,6,28,5,2166,branch_to
74391,14,31,5,2482,branch_from
74391,14,31,5,2166,branch_to
74429,15,36,4,1282,branch_from
74429,15,36,4,1066,branch_to
74563,0,25,4,1282,branch_from
74563,0,25,4,1066,branch_to
74576,17,17,9,1501,branch_from
74576,17,17,9,0,branch_to
74582,1,1,5,2482,branch_from
74582,1,1,5,2166,branch_to
74582,3,3,5,2482,branch_from
74582,3,3,5,2166,branch_to
74646,15,36,4,1282,branch_from
74646,15,36,4,1066,branch_to
74654,19,19,5,2482,branch_from
74654,19,19,5,2166,branch_to
74692,6,28,5,2482,branch_from
74692,6,28,5,2166,branch_to
74708,14,31,5,2482,branch_from
74708,14,31,5,2166,branch_to
74780,0,25,4,1282,branch_from
74780,0,25,4,1066,branch_to
74863,15,36,4,1282,branch_from
74863,15,36,4,1066,branch_to
74899,1,1,5,2482,branch_from
74899,1,1,5,2166,branch_to
74899,3,3,5,2482,branch_from
74899,3,3,5,2166,branch_to
74906,16,39,2,1429,branch_from
74906,16,39,2,0,branch_to
74971,19,19,5,2482,branch_from
74971,19,19,5,2166,branch_to
74997,0,25,4,1282,branch_from
74997,0,25,4,1066,branch_to
75009,6,28,5,2482,branch_from
75009,6,28,5,2166,branch_to
75025,14,31,5,2482,branch_from
75025,14,31,5,2166,branch_to
75080,15,36,4,1282,branch_from
75080,15,36,4,1066,branch_to
75214,0,25,4,1282,branch_from
75214,0,25,4,1066,branch_to
75216,1,1,5,2482,branch_from
75216,1,1,5,2166,branch_to
75216,3,3,5,2482,branch_from
75216,3,3,5,2166,branch_to
75288,19,19,5,2482,branch_from
75288,19,19,5,2166,branch_to
75297,15,36,4,1282,branch_from
75297,15,36,4,1066,branch_to
75326,6,28,5,2482,branch_from
75326,6,28,5,2166,branch_to
75342,14,31,5,2482,branch_from
75342,14,31,5,2166,branch_to
75425,10,34,9,1501,branch_from
75425,10,34,9,0,branch_to
75431,0,25,4,1282,branch_from
75431,0,25,4,1066,branch_to
75514,15,36,4,1282,branch_from
75514,15,36,4,1066,branch_to
75533,1,1,5,2482,branch_from
75533,1,1,5,2166,branch_to
75533,3,3,5,2482,branch_from
75533,3,3,5,2166,branch_to
75605,19,19,5,2482,branch_from
75605,19,19,5,2166,branch_to
75643,6,28,5,2482,branch_from
75643,6,28,5,2166,branch_to
75648,0,25,4,1282,branch_from
75648,0,25,4,1066,branch_to
75660,14,31,5,2483,branch_from
75660,14,31,5,0,branch_to
75661,14,31,5,0,blocked
75731,15,36,4,1282,branch_from
75731,15,36,4,1066,branch_to
75761,14,31,5,0,unblocked
75850,1,1,5,2482,branch_from
75850,1,1,5,2166,branch_to
75850,3,3,5,2482,branch_from
75850,3,3,5,2166,branch_to
75865,0,25,4,1282,branch_from
75865,0,25,4,1066,branch_to
75922,19,19,5,2482,branch_from
75922,19,19,5,2166,branch_to
75948,15,36,4,1282,branch_from
75948,15,36,4,1066,branch_to
75960,6,28,5,2482,branch_from
75960,6,28,5,2166,branch_to
76077,17,17,9,1500,branch_from
76077,17,17,9,1503,branch_to
76079,17,17,9,1504,exit
76079,17,17,9,1504,unload
76082,0,25,4,1282,branch_from
76082,0,25,4,1066,branch_to
76165,15,36,4,1282,branch_from
76165,15,36,4,1066,branch_to
76167,1,1,5,2482,branch_from
76167,1,1,5,2166,branch_to
76167,3,3,5,2482,branch_from
76167,3,3,5,2166,branch_to
76239,19,19,5,2482,branch_from
76239,19,19,5,2166,branch_to
76277,6,28,5,2482,branch_from
76277,6,28,5,2166,branch_to
76299,0,25,4,1282,branch_from
76299,0,25,4,1066,branch_to
76336,16,39,2,1429,branch_from
76336,16,39,2,0,branch_to
76383,15,36,4,1283,branch_from
76383,15,36,4,0,branch_to
76484,1,1,5,2482,branch_from
76484,1,1,5,2166,branch_to
76484,3,3,5,2482,branch_from
76484,3,3,5,2166,branch_to
76516,0,25,4,1282,branch_from
76516,0,25,4,1066,branch_to
76556,19,19,5,2482,branch_from
76556,19,19,5,2166,branch_to
76594,6,28,5,2482,branch_from
76594,6,28,5,2166,branch_to
76733,0,25,4,1282,branch_from
76733,0,25,4,1066,branch_to
76801,3,3,5,2482,branch_from
76801,3,3,5,2166,branch_to
76802,1,1,5,2483,branch_from
76802,1,1,5,0,branch_to
76803,1,1,5,0,blocked
76873,19,19,5,2482,branch_from
76873,19,19,5,2166,branch_to
76903,1,1,5,0,unblocked
76911,6,28,5,2482,branch_from
76911,6,28,5,2166,branch_to
76927,10,34,9,1501,branch_from
76927,10,34,9,0,branch_to
76951,0,25,4,1283,branch_from
76951,0,25,4,0,branch_to
77118,3,3,5,2482,branch_from
77118,3,3,5,2166,branch_to
77190,19,19,5,2482,branch_from
77190,19,19,5,2166,branch_to
77229,6,28,5,2483,branch_from
77229,6,28,5,0,branch_to
77435,3,3,5,2482,branch_from
77435,3,3,5,2166,branch_to
77507,19,19,5,2482,branch_from
77507,19,19,5,2166,branch_to
77666,15,36,4,1282,branch_from
77666,15,36,4,1066,branch_to
77752,3,3,5,2482,branch_from
77752,3,3,5,2166,branch_to
77766,16,39,2,1429,branch_from
77766,16,39,2,0,branch_to
77824,19,19,5,2482,branch_from
77824,19,19,5,2166,branch_to
77883,15,36,4,1282,branch_from
77883,15,36,4,1066,branch_to
78070,3,3,5,2483,branch_from
78070,3,3,5,0,branch_to
78071,3,3,5,0,blocked
78100,15,36,4,1282,branch_from
78100,15,36,4,1066,branch_to
78141,19,19,5,2482,branch_from
78141,19,19,5,2166,branch_to
78171,3,3,5,0,unblocked
78234,0,25,4,1282,branch_from
78234,0,25,4,1066,branch_to
78243,14,31,5,2482,branch_from
78243,14,31,5,2166,branch_to
78317,15,36,4,1282,branch_from
78317,15,36,4,1066,branch_to
78429,10,34,9,1501,branch_from
78429,10,34,9,0,branch_to
78451,0,25,4,1282,branch_from
78451,0,25,4,1066,branch_to
78459,19,19,5,2483,branch_from
78459,19,19,5,0,branch_to
78460,19,19,5,0,blocked
78534,15,36,4,1282,branch_from
78534,15,36,4,1066,branch_to
78560,14,31,5,2482,branch_from
78560,14,31,5,2166,branch_to
78560,19,19,5,0,unblocked
78668,0,25,4,1282,branch_from
78668,0,25,4,1066,branch_to
78751,15,36,4,1282,branch_from
78751,15,36,4,1066,branch_to
78877,14,31,5,2482,branch_from
78877,14,31,5,2166,branch_to
78885,0,25,4,1282,branch_from
78885,0,25,4,1066,branch_to
78968,15,36,4,1282,branch_from
78968,15,36,4,1066,branch_to
79102,0,25,4,1282,branch_from
79102,0,25,4,1066,branch_to
79185,15,36,4,1282,branch_from
79185,15,36,4,1066,branch_to
79194,14,31,5,2482,branch_from
79194,14,31,5,2166,branch_to
79196,16,39,2,1429,branch_from
79196,16,39,2,0,branch_to
79319,0,25,4,1282,branch_from
79319,0,25,4,1066,branch_to
79385,1,1,5,2482,branch_from
79385,1,1,5,2166,branch_to
79402,15,36,4,1282,branch_from
79402,15,36,4,1066,branch_to
79511,14,31,5,2482,branch_from
79511,14,31,5,2166,branch_to
79536,0,25,4,1282,branch_from
79536,0,25,4,1066,branch_to
79619,15,36,4,1282,branch_from
79619,15,36,4,1066,branch_to
79702,1,1,5,2482,branch_from
79702,1,1,5,2166,branch_to
79712,6,28,5,2482,branch_from
79712,6,28,5,2166,branch_to
79753,0,25,4,1282,branch_from
79753,0,25,4,1066,branch_to
79828,14,31,5,2482,branch_from
79828,14,31,5,2166,branch_to
79836,15,36,4,1282,branch_from
79836,15,36,4,1066,branch_to
79931,10,34,9,1501,branch_from
79931,10,34,9,0,branch_to
79970,0,25,4,1282,branch_from
79970,0,25,4,1066,branch_to
80019,1,1,5,2482,branch_from
80019,1,1,5,2166,branch_to
80029,6,28,5,2482,branch_from
80029,6,28,5,2166,branch_to
80053,15,36,4,1282,branch_from
80053,15,36,4,1066,branch_to
80145,14,31,5,2482,branch_from
80145,14,31,5,2166,branch_to
80187,0,25,4,1282,branch_from
80187,0,25,4,1066,branch_to
80270,15,36,4,1282,branch_from
80270,15,36,4,1066,branch_to
80336,1,1,5,2482,branch_from
80336,1,1,5,2166,branch_to
80346,6,28,5,2482,branch_from
80346,6,28,5,2166,branch_to
80404,0,25,4,1282,branch_from
80404,0,25,4,1066,branch_to
80462,14,31,5,2482,branch_from
80462,14,31,5,2166,branch_to
80487,15,36,4,1282,branch_from
80487,15,36,4,1066,branch_to
80621,0,25,4,1282,branch_from
80621,0,25,4,1066,branch_to
80626,16,39,2,1429,branch_from
80626,16,39,2,0,branch_to
80653,1,1,5,2482,branch_from
80653,1,1,5,2166,branch_to
80653,3,3,5,2482,branch_from
80653,3,3,5,2166,branch_to
80663,6,28,5,2482,branch_from
80663,6,28,5,2166,branch_to
80704,15,36,4,1282,branch_from
80704,15,36,4,1066,branch_to
80779,14,31,5,2482,branch_from
80779,14,31,5,2166,branch_to
80838,0,25,4,1282,branch_from
80838,0,25,4,1066,branch_to
80921,15,36,4,1282,branch_from
80921,15,36,4,1066,branch_to
80970,1,1,5,2482,branch_from
80970,1,1,5,2166,branch_to
80970,3,3,5,2482,branch_from
80970,3,3,5,2166,branch_to
80980,6,28,5,2482,branch_from
80980,6,28,5,2166,branch_to
81042,19,19,5,2482,branch_from
81042,19,19,5,2166,branch_to
81055,0,25,4,1282,branch_from
81055,0,25,4,1066,branch_to
81096,14,31,5,2482,branch_from
81096,14,31,5,2166,branch_to
81138,15,36,4,1282,branch_from
81138,15,36,4,1066,branch_to
81272,0,25,4,1282,branch_from
81272,0,25,4,1066,branch_to
81287,1,1,5,2482,branch_from
81287,1,1,5,2166,branch_to
81287,3,3,5,2482,branch_from
81287,3,3,5,2166,branch_to
81297,6,28,5,2482,branch_from
81297,6,28,5,2166,branch_to
81355,15,36,4,1282,branch_from
81355,15,36,4,1066,branch_to
81359,19,19,5,2482,branch_from
81359,19,19,5,2166,branch_to
81413,14,31,5,2482,branch_from
81413,14,31,5,2166,branch_to
81433,10,34,9,1501,branch_from
81433,10,34,9,0,branch_to
81490,0,25,4,1283,branch_from
81490,0,25,4,0,branch_to
81573,15,36,4,1283,branch_from
81573,15,36,4,0,branch_to
81604,1,1,5,2482,branch_from
81604,1,1,5,2166,branch_to
81604,3,3,5,2482,branch_from
81604,3,3,5,2166,branch_to
81614,6,28,5,2482,branch_from
81614,6,28,5,2166,branch_to
81676,19,19,5,2482,branch_from
81676,19,19,5,2166,branch_to
81730,14,31,5,2482,branch_from
81730,14,31,5,2166,branch_to
81921,1,1,5,2482,branch_from
81921,1,1,5,2166,branch_to
81921,3,3,5,2482,branch_from
81921,3,3,5,2166,branch_to
81931,6,28,5,2482,branch_from
81931,6,28,5,2166,branch_to
81993,19,19,5,2482,branch_from
81993,19,19,5,2166,branch_to
82047,14,31,5,2482,branch_from
82047,14,31,5,2166,branch_to
82056,16,39,2,1429,branch_from
82056,16,39,2,0,branch_to
82238,1,1,5,2482,branch_from
82238,1,1,5,2166,branch_to
82238,3,3,5,2482,branch_from
82238,3,3,5,2166,branch_to
82248,6,28,5,2482,branch_from
82248,6,28,5,2166,branch_to
82310,19,19,5,2482,branch_from
82310,19,19,5,2166,branch_to
82364,14,31,5,2482,branch_from
82364,14,31,5,2166,branch_to
82555,1,1,5,2482,branch_from
82555,1,1,5,2166,branch_to
82555,3,3,5,2482,branch_from
82555,3,3,5,2166,branch_to
82565,6,28,5,2482,branch_from
82565,6,28,5,2166,branch_to
82627,19,19,5,2482,branch_from
82627,19,19,5,2166,branch_to
82681,14,31,5,2482,branch_from
82681,14,31,5,2166,branch_to
82773,0,25,4,1282,branch_from
82773,0,25,4,1066,branch_to
82856,15,36,4,1282,branch_from
82856,15,36,4,1066,branch_to
82872,1,1,5,2482,branch_from
82872,1,1,5,2166,branch_to
82872,3,3,5,2482,branch_from
82872,3,3,5,2166,branch_to
82882,6,28,5,2482,branch_from
82882,6,28,5,2166,branch_to
82935,10,34,9,1501,branch_from
82935,10,34,9,0,branch_to
82944,19,19,5,2482,branch_from
82944,19,19,5,2166,branch_to
82990,0,25,4,1282,branch_from
82990,0,25,4,1066,branch_to
82998,14,31,5,2482,branch_from
82998,14,31,5,2166,branch_to
83073,15,36,4,1282,branch_from
83073,15,36,4,1066,branch_to
83189,1,1,5,2482,branch_from
83189,1,1,5,2166,branch_to
83189,3,3,5,2482,branch_from
83189,3,3,5,2166,branch_to
83199,6,28,5,2482,branch_from
83199,6,28,5,2166,branch_to
83207,0,25,4,1282,branch_from
83207,0,25,4,1066,branch_to
83261,19,19,5,2482,branch_from
83261,19,19,5,2166,branch_to
83290,15,36,4,1282,branch_from
83290,15,36,4,1066,branch_to
83315,14,31,5,2482,branch_from
83315,14,31,5,2166,branch_to
83424,0,25,4,1282,branch_from
83424,0,25,4,1066,branch_to
83486,16,39,2,1429,branch_from
83486,16,39,2,0,branch_to
83506,1,1,5,2482,branch_from
83506,1,1,5,2166,branch_to
83506,3,3,5,2482,branch_from
83506,3,3,5,2166,branch_to
83507,15,36,4,1282,branch_from
83507,15,36,4,1066,branch_to
83516,6,28,5,2482,branch_from
83516,6,28,5,2166,branch_to
83578,19,19,5,2482,branch_from
83578,19,19,5,2166,branch_to
83632,14,31,5,2482,branch_from
83632,14,31,5,2166,branch_to
83641,0,25,4,1282,branch_from
83641,0,25,4,1066,branch_to
83724,15,36,4,1282,branch_from
83724,15,36,4,1066,branch_to
83823,1,1,5,2482,branch_from
83823,1,1,5,2166,branch_to
83823,3,3,5,2482,branch_from
83823,3,3,5,2166,branch_to
83833,6,28,5,2482,branch_from
83833,6,28,5,2166,branch_to
83858,0,25,4,1282,branch_from
83858,0,25,4,1066,branch_to
83895,19,19,5,2482,branch_from
83895,19,19,5,2166,branch_to
83941,15,36,4,1282,branch_from
83941,15,36,4,1066,branch_to
83949,14,31,5,2482,branch_from
83949,14,31,5,2166,branch_to
84075,0,25,4,1282,branch_from
84075,0,25,4,1066,branch_to
84140,1,1,5,2482,branch_from
84140,1,1,5,2166,branch_to
84140,3,3,5,2482,branch_from
84140,3,3,5,2166,branch_to
84150,6,28,5,2482,branch_from
84150,6,28,5,2166,branch_to
84158,15,36,4,1282,branch_from
84158,15,36,4,1066,branch_to
84212,19,19,5,2482,branch_from
84212,19,19,5,2166,branch_to
84267,14,31,5,2483,branch_from
84267,14,31,5,0,branch_to
84268,14,31,5,0,blocked
84292,0,25,4,1282,branch_from
84292,0,25,4,1066,branch_to
84368,14,31,5,0,unblocked
84375,15,36,4,1282,branch_from
84375,15,36,4,1066,branch_to
84437,10,34,9,1501,branch_from
84437,10,34,9,0,branch_to
84457,1,1,5,2482,branch_from
84457,1,1,5,2166,branch_to
84457,3,3,5,2482,branch_from
84457,3,3,5,2166,branch_to
84467,6,28,5,2482,branch_from
84467,6,28,5,2166,branch_to
84509,0,25,4,1282,branch_from
84509,0,25,4,1066,branch_to
84529,19,19,5,2482,branch_from
84529,19,19,5,2166,branch_to
84592,15,36,4,1282,branch_from
84592,15,36,4,1066,branch_to
84726,0,25,4,1282,branch_from
84726,0,25,4,1066,branch_to
84774,1,1,5,2482,branch_from
84774,1,1,5,2166,branch_to
84774,3,3,5,2482,branch_from
84774,3,3,5,2166,branch_to
84784,6,28,5,2482,branch_from
84784,6,28,5,2166,branch_to
84809,15,36,4,1282,branch_from
84809,15,36,4,1066,branch_to
84846,19,19,5,2482,branch_from
84846,19,19,5,2166,branch_to
84916,16,39,2,1429,branch_from
84916,16,39,2,0,branch_to
84943,0,25,4,1282,branch_from
84943,0,25,4,1066,branch_to
85026,15,36,4,1282,branch_from
85026,15,36,4,1066,branch_to
85091,1,1,5,2482,branch_from
85091,1,1,5,2166,branch_to
85091,3,3,5,2482,branch_from
85091,3,3,5,2166,branch_to
85101,6,28,5,2482,branch_from
85101,6,28,5,2166,branch_to
85160,0,25,4,1282,branch_from
85160,0,25,4,1066,branch_to
85163,19,19,5,2482,branch_from
85163,19,19,5,2166,branch_to
85243,15,36,4,1282,branch_from
85243,15,36,4,1066,branch_to
85377,0,25,4,1282,branch_from
85377,0,25,4,1066,branch_to
85408,1,1,5,2482,branch_from
85408,1,1,5,2166,branch_to
85408,3,3,5,2482,branch_from
85408,3,3,5,2166,branch_to
85418,6,28,5,2482,branch_from
85418,6,28,5,2166,branch_to
85460,15,36,4,1282,branch_from
85460,15,36,4,1066,branch_to
85480,19,19,5,2482,branch_from
85480,19,19,5,2166,branch_to
85595,0,25,4,1283,branch_from
85595,0,25,4,0,branch_to
85677,15,36,4,1282,branch_from
85677,15,36,4,1066,branch_to
85725,1,1,5,2482,branch_from
85725,1,1,5,2166,branch_to
85725,3,3,5,2482,branch_from
85725,3,3,5,2166,branch_to
85735,6,28,5,2482,branch_from
85735,6,28,5,2166,branch_to
85797,19,19,5,2482,branch_from
85797,19,19,5,2166,branch_to
85894,15,36,4,1282,branch_from
85894,15,36,4,1066,branch_to
85939,10,34,9,1501,branch_from
85939,10,34,9,0,branch_to
86042,1,1,5,2482,branch_from
86042,1,1,5,2166,branch_to
86043,3,3,5,2483,branch_from
86043,3,3,5,0,branch_to
86044,3,3,5,0,blocked
86052,6,28,5,2482,branch_from
86052,6,28,5,2166,branch_to
86111,15,36,4,1282,branch_from
86111,15,36,4,1066,branch_to
86114,19,19,5,2482,branch_from
86114,19,19,5,2166,branch_to
86144,3,3,5,0,unblocked
86328,15,36,4,1282,branch_from
86328,15,36,4,1066,branch_to
86346,16,39,2,1429,branch_from
86346,16,39,2,0,branch_to
86359,1,1,5,2482,branch_from
86359,1,1,5,2166,branch_to
86369,6,28,5,2482,branch_from
86369,6,28,5,2166,branch_to
86431,19,19,5,2482,branch_from
86431,19,19,5,2166,branch_to
86545,15,36,4,1282,branch_from
86545,15,36,4,1066,branch_to
86677,1,1,5,2483,branch_from
86677,1,1,5,0,branch_to
86678,1,1,5,0,blocked
86687,6,28,5,2483,branch_from
86687,6,28,5,0,branch_to
86748,19,19,5,2482,branch_from
86748,19,19,5,2166,branch_to
86762,15,36,4,1282,branch_from
86762,15,36,4,1066,branch_to
86778,1,1,5,0,unblocked
86850,14,31,5,2482,branch_from
86850,14,31,5,2166,branch_to
86878,0,25,4,1282,branch_from
86878,0,25,4,1066,branch_to
86980,15,36,4,1283,branch_from
86980,15,36,4,0,branch_to
87065,19,19,5,2482,branch_from
87065,19,19,5,2166,branch_to
87095,0,25,4,1282,branch_from
87095,0,25,4,1066,branch_to
87167,14,31,5,2482,branch_from
87167,14,31,5,2166,branch_to
87312,0,25,4,1282,branch_from
87312,0,25,4,1066,branch_to
87382,19,19,5,2482,branch_from
87382,19,19,5,2166,branch_to
87440,10,34,9,1500,branch_from
87440,10,34,9,1503,branch_to
87441,10,34,9,1503,branch_from
87441,10,34,9,0,branch_to
87484,14,31,5,2482,branch_from
87484,14,31,5,2166,branch_to
87529,0,25,4,1282,branch_from
87529,0,25,4,1066,branch_to
87699,19,19,5,2482,branch_from
87699,19,19,5,2166,branch_to
87746,0,25,4,1282,branch_from
87746,0,25,4,1066,branch_to
87776,16,39,2,1429,branch_from
87776,16,39,2,0,branch_to
87801,14,31,5,2482,branch_from
87801,14,31,5,2166,branch_to
87963,0,25,4,1282,branch_from
87963,0,25,4,1066,branch_to
88016,19,19,5,2482,branch_from
88016,19,19,5,2166,branch_to
88118,14,31,5,2482,branch_from
88118,14,31,5,2166,branch_to
88180,0,25,4,1282,branch_from
88180,0,25,4,1066,branch_to
88263,15,36,4,1282,branch_from
88263,15,36,4,1066,branch_to
88334,19,19,5,2483,branch_from
88334,19,19,5,0,branch_to
88335,19,19,5,0,blocked
88397,0,25,4,1282,branch_from
88397,0,25,4,1066,branch_to
88435,14,31,5,2482,branch_from
88435,14,31,5,2166,branch_to
88435,19,19,5,0,unblocked
88480,15,36,4,1282,branch_from
88480,15,36,4,1066,branch_to
88614,0,25,4,1282,branch_from
88614,0,25,4,1066,branch_to
88626,3,3,5,2482,branch_from
88626,3,3,5,2166,branch_to
88697,15,36,4,1282,branch_from
88697,15,36,4,1066,branch_to
88752,14,31,5,2482,branch_from
88752,14,31,5,2166,branch_to
88831,0,25,4,1282,branch_from
88831,0,25,4,1066,branch_to
88914,15,36,4,1282,branch_from
88914,15,36,4,1066,branch_to
88942,10,34,9,1500,branch_from
88942,10,34,9,1503,branch_to
88943,3,3,5,2482,branch_from
88943,3,3,5,2166,branch_to
88943,10,34,9,1503,branch_from
88943,10,34,9,0,branch_to
89049,0,25,4,1283,branch_from
89049,0,25,4,0,branch_to
89069,14,31,5,2482,branch_from
89069,14,31,5,2166,branch_to
89131,15,36,4,1282,branch_from
89131,15,36,4,1066,branch_to
89170,6,28,5,2482,branch_from
89170,6,28,5,2166,branch_to
89206,16,39,2,1429,branch_from
89206,16,39,2,0,branch_to
89260,1,1,5,2482,branch_from
89260,1,1,5,2166,branch_to
89260,3,3,5,2482,branch_from
89260,3,3,5,2166,branch_to
89348,15,36,4,1282,branch_from
89348,15,36,4,1066,branch_to
89386,14,31,5,2482,branch_from
89386,14,31,5,2166,branch_to
89487,6,28,5,2482,branch_from
89487,6,28,5,2166,branch_to
89565,15,36,4,1282,branch_from
89565,15,36,4,1066,branch_to
89577,1,1,5,2482,branch_from
89577,1,1,5,2166,branch_to
89577,3,3,5,2482,branch_from
89577,3,3,5,2166,branch_to
89703,14,31,5,2482,branch_from
89703,14,31,5,2166,branch_to
89782,15,36,4,1282,branch_from
89782,15,36,4,1066,branch_to
89804,6,28,5,2482,branch_from
89804,6,28,5,2166,branch_to
89894,1,1,5,2482,branch_from
89894,1,1,5,2166,branch_to
89894,3,3,5,2482,branch_from
89894,3,3,5,2166,branch_to
89999,15,36,4,1282,branch_from
89999,15,36,4,1066,branch_to
90020,14,31,5,2482,branch_from
90020,14,31,5,2166,branch_to
90121,6,28,5,2482,branch_from
90121,6,28,5,2166,branch_to
90211,1,1,5,2482,branch_from
90211,1,1,5,2166,branch_to
90211,3,3,5,2482,branch_from
90211,3,3,5,2166,branch_to
90216,15,36,4,1282,branch_from
90216,15,36,4,1066,branch_to
90332,0,25,4,1282,branch_from
90332,0,25,4,1066,branch_to
90337,14,31,5,2482,branch_from
90337,14,31,5,2166,branch_to
90433,15,36,4,1282,branch_from
90433,15,36,4,1066,branch_to
90438,6,28,5,2482,branch_from
90438,6,28,5,2166,branch_to
90445,10,34,9,1501,branch_from
90445,10,34,9,0,branch_to
90528,1,1,5,2482,branch_from
90528,1,1,5,2166,branch_to
90528,3,3,5,2482,branch_from
90528,3,3,5,2166,branch_to
90549,0,25,4,1282,branch_from
90549,0,25,4,1066,branch_to
90636,16,39,2,1429,branch_from
90636,16,39,2,0,branch_to
90651,15,36,4,1283,branch_from
90651,15,36,4,0,branch_to
90654,14,31,5,2482,branch_from
90654,14,31,5,2166,branch_to
90755,6,28,5,2482,branch_from
90755,6,28,5,2166,branch_to
90766,0,25,4,1282,branch_from
90766,0,25,4,1066,branch_to
90845,1,1,5,2482,branch_from
90845,1,1,5,2166,branch_to
90845,3,3,5,2482,branch_from
90845,3,3,5,2166,branch_to
90917,19,19,5,2482,branch_from
90917,19,19,5,2166,branch_to
90971,14,31,5,2482,branch_from
90971,14,31,5,2166,branch_to
90983,0,25,4,1282,branch_from
90983,0,25,4,1066,branch_to
91072,6,28,5,2482,branch_from
91072,6,28,5,2166,branch_to
91162,1,1,5,2482,branch_from
91162,1,1,5,2166,branch_to
91162,3,3,5,2482,branch_from
91162,3,3,5,2166,branch_to
91200,0,25,4,1282,branch_from
91200,0,25,4,1066,branch_to
91234,19,19,5,2482,branch_from
91234,19,19,5,2166,branch_to
91288,14,31,5,2482,branch_from
91288,14,31,5,2166,branch_to
91389,6,28,5,2482,branch_from
91389,6,28,5,2166,branch_to
91417,0,25,4,1282,branch_from
91417,0,25,4,1066,branch_to
91479,1,1,5,2482,branch_from
91479,1,1,5,2166,branch_to
91479,3,3,5,2482,branch_from
91479,3,3,5,2166,branch_to
91551,19,19,5,2482,branch_from
91551,19,19,5,2166,branch_to
91605,14,31,5,2482,branch_from
91605,14,31,5,2166,branch_to
91634,0,25,4,1282,branch_from
91634,0,25,4,1066,branch_to
91706,6,28,5,2482,branch_from
91706,6,28,5,2166,branch_to
91796,1,1,5,2482,branch_from
91796,1,1,5,2166,branch_to
91796,3,3,5,2482,branch_from
91796,3,3,5,2166,branch_to
91851,0,25,4,1282,branch_from
91851,0,25,4,1066,branch_to
91868,19,19,5,2482,branch_from
91868,19,19,5,2166,branch_to
91922,14,31,5,2482,branch_from
91922,14,31,5,2166,branch_to
91934,15,36,4,1282,branch_from
91934,15,36,4,1066,branch_to
91946,10,34,9,1500,branch_from
91946,10,34,9,1503,branch_to
91947,10,34,9,1503,branch_from
91947,10,34,9,0,branch_to
92023,6,28,5,2482,branch_from
92023,6,28,5,2166,branch_to
92066,16,39,2,1429,branch_from
92066,16,39,2,0,branch_to
92068,0,25,4,1282,branch_from
92068,0,25,4,1066,branch_to
92113,1,1,5,2482,branch_from
92113,1,1,5,2166,branch_to
92113,3,3,5,2482,branch_from
92113,3,3,5,2166,branch_to
92151,15,36,4,1282,branch_from
92151,15,36,4,1066,branch_to
92185,19,19,5,2482,branch_from
92185,19,19,5,2166,branch_to
92239,14,31,5,2482,branch_from
92239,14,31,5,2166,branch_to
92285,0,25,4,1282,branch_from
92285,0,25,4,1066,branch_to
92340,6,28,5,2482,branch_from
92340,6,28,5,2166,branch_to
92368,15,36,4,1282,branch_from
92368,15,36,4,1066,branch_to
92430,1,1,5,2482,branch_from
92430,1,1,5,2166,branch_to
92430,3,3,5,2482,branch_from
92430,3,3,5,2166,branch_to
92502,0,25,4,1282,branch_from
92502,0,25,4,1066,branch_to
92502,19,19,5,2482,branch_from
92502,19,19,5,2166,branch_to
92556,14,31,5,2482,branch_from
92556,14,31,5,2166,branch_to
92585,15,36,4,1282,branch_from
92585,15,36,4,1066,branch_to
92657,6,28,5,2482,branch_from
92657,6,28,5,2166,branch_to
92719,0,25,4,1282,branch_from
92719,0,25,4,1066,branch_to
92747,1,1,5,2482,branch_from
92747,1,1,5,2166,branch_to
92747,3,3,5,2482,branch_from
92747,3,3,5,2166,branch_to
92802,15,36,4,1282,branch_from
92802,15,36,4,1066,branch_to
92819,19,19,5,2482,branch_from
92819,19,19,5,2166,branch_to
92873,14,31,5,2482,branch_from
92873,14,31,5,2166,branch_to
92938,0,25,4,1284,exit
92938,0,25,4,1284,unload
92974,6,28,5,2482,branch_from
92974,6,28,5,2166,branch_to
93019,15,36,4,1282,branch_from
93019,15,36,4,1066,branch_to
93064,1,1,5,2482,branch_from
93064,1,1,5,2166,branch_to
93064,3,3,5,2482,branch_from
93064,3,3,5,2166,branch_to
93136,19,19,5,2482,branch_from
93136,19,19,5,2166,branch_to
93190,14,31,5,2482,branch_from
93190,14,31,5,2166,branch_to
93236,15,36,4,1282,branch_from
93236,15,36,4,1066,branch_to
93291,6,28,5,2482,branch_from
93291,6,28,5,2166,branch_to
93381,1,1,5,2482,branch_from
93381,1,1,5,2166,branch_to
93381,3,3,5,2482,branch_from
93381,3,3,5,2166,branch_to
93448,10,34,9,1500,branch_from
93448,10,34,9,1503,branch_to
93450,10,34,9,1504,exit
93450,10,34,9,1504,unload
93453,15,36,4,1282,branch_from
93453,15,36,4,1066,branch_to
93453,19,19,5,2482,branch_from
93453,19,19,5,2166,branch_to
93496,16,39,2,1429,branch_from
93496,16,39,2,0,branch_to
93507,14,31,5,2482,branch_from
93507,14,31,5,2166,branch_to
93608,6,28,5,2482,branch_from
93608,6,28,5,2166,branch_to
93670,15,36,4,1282,branch_from
93670,15,36,4,1066,branch_to
93698,1,1,5,2482,branch_from
93698,1,1,5,2166,branch_to
93698,3,3,5,2482,branch_from
93698,3,3,5,2166,branch_to
93770,19,19,5,2482,branch_from
93770,19,19,5,2166,branch_to
93824,14,31,5,2482,branch_from
93824,14,31,5,2166,branch_to
93887,15,36,4,1282,branch_from
93887,15,36,4,1066,branch_to
93925,6,28,5,2482,branch_from
93925,6,28,5,2166,branch_to
94015,1,1,5,2482,branch_from
94015,1,1,5,2166,branch_to
94015,3,3,5,2482,branch_from
94015,3,3,5,2166,branch_to
94087,19,19,5,2482,branch_from
94087,19,19,5,2166,branch_to
94104,15,36,4,1282,branch_from
94104,15,36,4,1066,branch_to
94141,14,31,5,2482,branch_from
94141,14,31,5,2166,branch_to
94242,6,28,5,2482,branch_from
94242,6,28,5,2166,branch_to
94321,15,36,4,1282,branch_from
94321,15,36,4,1066,branch_to
94332,3,3,5,2482,branch_from
94332,3,3,5,2166,branch_to
94333,1,1,5,2483,branch_from
94333,1,1,5,0,branch_to
94334,1,1,5,0,blocked
94404,19,19,5,2482,branch_from
94404,19,19,5,2166,branch_to
94434,1,1,5,0,unblocked
94459,14,31,5,2483,branch_from
94459,14,31,5,0,branch_to
94460,14,31,5,0,blocked
94538,15,36,4,1282,branch_from
94538,15,36,4,1066,branch_to
94559,6,28,5,2482,branch_from
94559,6,28,5,2166,branch_to
94560,14,31,5,0,unblocked
94650,3,3,5,2483,branch_from
94650,3,3,5,0,branch_to
94651,3,3,5,0,blocked
94721,19,19,5,2482,branch_from
94721,19,19,5,2166,branch_to
94751,3,3,5,0,unblocked
94755,15,36,4,1282,branch_from
94755,15,36,4,1066,branch_to
94877,6,28,5,2483,branch_from
94877,6,28,5,0,branch_to
94926,16,39,2,1429,branch_from
94926,16,39,2,0,branch_to
94972,15,36,4,1282,branch_from
94972,15,36,4,1066,branch_to
95038,19,19,5,2482,branch_from
95038,19,19,5,2166,branch_to
95189,15,36,4,1282,branch_from
95189,15,36,4,1066,branch_to
95355,19,19,5,2482,branch_from
95355,19,19,5,2166,branch_to
95406,15,36,4,1282,branch_from
95406,15,36,4,1066,branch_to
95623,15,36,4,1282,branch_from
95623,15,36,4,1066,branch_to
95672,19,19,5,2482,branch_from
95672,19,19,5,2166,branch_to
95840,15,36,4,1282,branch_from
95840,15,36,4,1066,branch_to
95990,19,19,5,2483,branch_from
95990,19,19,5,0,branch_to
95991,19,19,5,0,blocked
96058,15,36,4,1283,branch_from
96058,15,36,4,0,branch_to
96091,19,19,5,0,unblocked
96356,16,39,2,1429,branch_from
96356,16,39,2,0,branch_to
96916,1,1,5,2482,branch_from
96916,1,1,5,2166,branch_to
97042,14,31,5,2482,branch_from
97042,14,31,5,2166,branch_to
97233,1,1,5,2482,branch_from
97233,1,1,5,2166,branch_to
97233,3,3,5,2482,branch_from
97233,3,3,5,2166,branch_to
97341,15,36,4,1282,branch_from
97341,15,36,4,1066,branch_to
97359,14,31,5,2482,branch_from
97359,14,31,5,2166,branch_to
97360,6,28,5,2482,branch_from
97360,6,28,5,2166,branch_to
97550,1,1,5,2482,branch_from
97550,1,1,5,2166,branch_to
97550,3,3,5,2482,branch_from
97550,3,3,5,2166,branch_to
97558,15,36,4,1282,branch_from
97558,15,36,4,1066,branch_to
97676,14,31,5,2482,branch_from
97676,14,31,5,2166,branch_to
97677,6,28,5,2482,branch_from
97677,6,28,5,2166,branch_to
97775,15,36,4,1282,branch_from
97775,15,36,4,1066,branch_to
97786,16,39,2,1429,branch_from
97786,16,39,2,0,branch_to
97867,1,1,5,2482,branch_from
97867,1,1,5,2166,branch_to
97867,3,3,5,2482,branch_from
97867,3,3,5,2166,branch_to
97992,15,36,4,1282,branch_from
97992,15,36,4,1066,branch_to
97993,14,31,5,2482,branch_from
97993,14,31,5,2166,branch_to
97994,6,28,5,2482,branch_from
97994,6,28,5,2166,branch_to
98184,1,1,5,2482,branch_from
98184,1,1,5,2166,branch_to
98184,3,3,5,2482,branch_from
98184,3,3,5,2166,branch_to
98209,15,36,4,1282,branch_from
98209,15,36,4,1066,branch_to
98310,14,31,5,2482,branch_from
98310,14,31,5,2166,branch_to
98311,6,28,5,2482,branch_from
98311,6,28,5,2166,branch_to
98426,15,36,4,1282,branch_from
98426,15,36,4,1066,branch_to
98501,1,1,5,2482,branch_from
98501,1,1,5,2166,branch_to
98501,3,3,5,2482,branch_from
98501,3,3,5,2166,branch_to
98573,19,19,5,2482,branch_from
98573,19,19,5,2166,branch_to
98627,14,31,5,2482,branch_from
98627,14,31,5,2166,branch_to
98628,6,28,5,2482,branch_from
98628,6,28,5,2166,branch_to
98643,15,36,4,1282,branch_from
98643,15,36,4,1066,branch_to
98818,1,1,5,2482,branch_from
98818,1,1,5,2166,branch_to
98818,3,3,5,2482,branch_from
98818,3,3,5,2166,branch_to
98860,15,36,4,1282,branch_from
98860,15,36,4,1066,branch_to
98890,19,19,5,2482,branch_from
98890,19,19,5,2166,branch_to
98944,14,31,5,2482,branch_from
98944,14,31,5,2166,branch_to
98945,6,28,5,2482,branch_from
98945,6,28,5,2166,branch_to
99077,15,36,4,1282,branch_from
99077,15,36,4,1066,branch_to
99135,1,1,5,2482,branch_from
99135,1,1,5,2166,branch_to
99135,3,3,5,2482,branch_from
99135,3,3,5,2166,branch_to
99207,19,19,5,2482,branch_from
99207,19,19,5,2166,branch_to
99216,16,39,2,1429,branch_from
99216,16,39,2,0,branch_to
99261,14,31,5,2482,branch_from
99261,14,31,5,2166,branch_to
99262,6,28,5,2482,branch_from
99262,6,28,5,2166,branch_to
99294,15,36,4,1282,branch_from
99294,15,36,4,1066,branch_to
99452,1,1,5,2482,branch_from
99452,1,1,5,2166,branch_to
99452,3,3,5,2482,branch_from
99452,3,3,5,2166,branch_to
99511,15,36,4,1282,branch_from
99511,15,36,4,1066,branch_to
99524,19,19,5,2482,branch_from
99524,19,19,5,2166,branch_to
99578,14,31,5,2482,branch_from
99578,14,31,5,2166,branch_to
99579,6,28,5,2482,branch_from
99579,6,28,5,2166,branch_to
99728,15,36,4,1282,branch_from
99728,15,36,4,1066,branch_to
99769,1,1,5,2482,branch_from
99769,1,1,5,2166,branch_to
99769,3,3,5,2482,branch_from
99769,3,3,5,2166,branch_to
99841,19,19,5,2482,branch_from
99841,19,19,5,2166,branch_to
99895,14,31,5,2482,branch_from
99895,14,31,5,2166,branch_to
99896,6,28,5,2482,branch_from
99896,6,28,5,2166,branch_to
99945,15,36,4,1282,branch_from
99945,15,36,4,1066,branch_to
100086,1,1,5,2482,branch_from
100086,1,1,5,2166,branch_to
100086,3,3,5,2482,branch_from
100086,3,3,5,2166,branch_to
100158,19,19,5,2482,branch_from
100158,19,19,5,2166,branch_to
100162,15,36,4,1282,branch_from
100162,15,36,4,1066,branch_to
100212,14,31,5,2482,branch_from
100212,14,31,5,2166,branch_to
100213,6,28,5,2482,branch_from
100213,6,28,5,2166,branch_to
100379,15,36,4,1282,branch_from
100379,15,36,4,1066,branch_to
100403,1,1,5,2482,branch_from
100403,1,1,5,2166,branch_to
100403,3,3,5,2482,branch_from
100403,3,3,5,2166,branch_to
100475,19,19,5,2482,branch_from
100475,19,19,5,2166,branch_to
100529,14,31,5,2482,branch_from
100529,14,31,5,2166,branch_to
100530,6,28,5,2482,branch_from
100530,6,28,5,2166,branch_to
100596,15,36,4,1282,branch_from
100596,15,36,4,1066,branch_to
100646,16,39,2,1429,branch_from
100646,16,39,2,0,branch_to
100720,1,1,5,2482,branch_from
100720,1,1,5,2166,branch_to
100720,3,3,5,2482,branch_from
100720,3,3,5,2166,branch_to
100792,19,19,5,2482,branch_from
100792,19,19,5,2166,branch_to
100813,15,36,4,1282,branch_from
100813,15,36,4,1066,branch_to
100846,14,31,5,2482,branch_from
100846,14,31,5,2166,branch_to
100847,6,28,5,2482,branch_from
100847,6,28,5,2166,branch_to
101030,15,36,4,1282,branch_from
101030,15,36,4,1066,branch_to
101037,1,1,5,2482,branch_from
101037,1,1,5,2166,branch_to
101037,3,3,5,2482,branch_from
101037,3,3,5,2166,branch_to
101109,19,19,5,2482,branch_from
101109,19,19,5,2166,branch_to
101163,14,31,5,2482,branch_from
101163,14,31,5,2166,branch_to
101164,6,28,5,2482,branch_from
101164,6,28,5,2166,branch_to
101247,15,36,4,1282,branch_from
101247,15,36,4,1066,branch_to
101354,1,1,5,2482,branch_from
101354,1,1,5,2166,branch_to
101354,3,3,5,2482,branch_from
101354,3,3,5,2166,branch_to
101426,19,19,5,2482,branch_from
101426,19,19,5,2166,branch_to
101465,15,36,4,1283,branch_from
101465,15,36,4,0,branch_to
101480,14,31,5,2482,branch_from
101480,14,31,5,2166,branch_to
101481,6,28,5,2482,branch_from
101481,6,28,5,2166,branch_to
101671,1,1,5,2482,branch_from
101671,1,1,5,2166,branch_to
101671,3,3,5,2482,branch_from
101671,3,3,5,2166,branch_to
101743,19,19,5,2482,branch_from
101743,19,19,5,2166,branch_to
101797,14,31,5,2482,branch_from
101797,14,31,5,2166,branch_to
101798,6,28,5,2482,branch_from
101798,6,28,5,2166,branch_to
101988,1,1,5,2482,branch_from
101988,1,1,5,2166,branch_to
101988,3,3,5,2482,branch_from
101988,3,3,5,2166,branch_to
102060,19,19,5,2482,branch_from
102060,19,19,5,2166,branch_to
102076,16,39,2,1429,branch_from
102076,16,39,2,0,branch_to
102114,14,31,5,2482,branch_from
102114,14,31,5,2166,branch_to
102115,6,28,5,2482,branch_from
102115,6,28,5,2166,branch_to
102305,1,1,5,2482,branch_from
102305,1,1,5,2166,branch_to
102305,3,3,5,2482,branch_from
102305,3,3,5,2166,branch_to
102377,19,19,5,2482,branch_from
102377,19,19,5,2166,branch_to
102431,14,31,5,2482,branch_from
102431,14,31,5,2166,branch_to
102433,6,28,5,2483,branch_from
102433,6,28,5,0,branch_to
102622,1,1,5,2482,branch_from
102622,1,1,5,2166,branch_to
102623,3,3,5,2483,branch_from
102623,3,3,5,0,branch_to
102624,3,3,5,0,blocked
102694,19,19,5,2482,branch_from
102694,19,19,5,2166,branch_to
102724,3,3,5,0,unblocked
102748,14,31,5,2482,branch_from
102748,14,31,5,2166,branch_to
102748,15,36,4,1282,branch_from
102748,15,36,4,1066,branch_to
102939,1,1,5,2482,branch_from
102939,1,1,5,2166,branch_to
102965,15,36,4,1282,branch_from
102965,15,36,4,1066,branch_to
103011,19,19,5,2482,branch_from
103011,19,19,5,2166,branch_to
103065,14,31,5,2482,branch_from
103065,14,31,5,2166,branch_to
103182,15,36,4,1282,branch_from
103182,15,36,4,1066,branch_to
103257,1,1,5,2483,branch_from
103257,1,1,5,0,branch_to
103258,1,1,5,0,blocked
103328,19,19,5,2482,branch_from
103328,19,19,5,2166,branch_to
103358,1,1,5,0,unblocked
103382,14,31,5,2482,branch_from
103382,14,31,5,2166,branch_to
103399,15,36,4,1282,branch_from
103399,15,36,4,1066,branch_to
103506,16,39,2,1429,branch_from
103506,16,39,2,0,branch_to
103616,15,36,4,1282,branch_from
103616,15,36,4,1066,branch_to
103645,19,19,5,2482,branch_from
103645,19,19,5,2166,branch_to
103699,14,31,5,2482,branch_from
103699,14,31,5,2166,branch_to
103833,15,36,4,1282,branch_from
103833,15,36,4,1066,branch_to
103962,19,19,5,2482,branch_from
103962,19,19,5,2166,branch_to
104016,14,31,5,2482,branch_from
104016,14,31,5,2166,branch_to
104050,15,36,4,1282,branch_from
104050,15,36,4,1066,branch_to
104267,15,36,4,1282,branch_from
104267,15,36,4,1066,branch_to
104279,19,19,5,2482,branch_from
104279,19,19,5,2166,branch_to
104334,14,31,5,2483,branch_from
104334,14,31,5,0,branch_to
104335,14,31,5,0,blocked
104435,14,31,5,0,unblocked
104484,15,36,4,1282,branch_from
104484,15,36,4,1066,branch_to
104596,19,19,5,2482,branch_from
104596,19,19,5,2166,branch_to
104701,15,36,4,1282,branch_from
104701,15,36,4,1066,branch_to
104913,19,19,5,2482,branch_from
104913,19,19,5,2166,branch_to
104916,6,28,5,2482,branch_from
104916,6,28,5,2166,branch_to
104918,15,36,4,1282,branch_from
104918,15,36,4,1066,branch_to
104936,16,39,2,1429,branch_from
104936,16,39,2,0,branch_to
105137,15,36,4,1284,exit
105137,15,36,4,1284,unload
105206,3,3,5,2482,branch_from
105206,3,3,5,2166,branch_to
105230,19,19,5,2482,branch_from
105230,19,19,5,2166,branch_to
105233,6,28,5,2482,branch_from
105233,6,28,5,2166,branch_to
105523,3,3,5,2482,branch_from
105523,3,3,5,2166,branch_to
105548,19,19,5,2483,branch_from
105548,19,19,5,0,branch_to
105549,19,19,5,0,blocked
105550,6,28,5,2482,branch_from
105550,6,28,5,2166,branch_to
105649,19,19,5,0,unblocked
105840,1,1,5,2482,branch_from
105840,1,1,5,2166,branch_to
105840,3,3,5,2482,branch_from
105840,3,3,5,2166,branch_to
105867,6,28,5,2482,branch_from
105867,6,28,5,2166,branch_to
106157,1,1,5,2482,branch_from
106157,1,1,5,2166,branch_to
106157,3,3,5,2482,branch_from
106157,3,3,5,2166,branch_to
106184,6,28,5,2482,branch_from
106184,6,28,5,2166,branch_to
106367,16,39,2,1430,exit
106367,16,39,2,1430,unload
106474,1,1,5,2482,branch_from
106474,1,1,5,2166,branch_to
106474,3,3,5,2482,branch_from
106474,3,3,5,2166,branch_to
106501,6,28,5,2482,branch_from
106501,6,28,5,2166,branch_to
106791,1,1,5,2482,branch_from
106791,1,1,5,2166,branch_to
106791,3,3,5,2482,branch_from
106791,3,3,5,2166,branch_to
106818,6,28,5,2482,branch_from
106818,6,28,5,2166,branch_to
106917,14,31,5,2482,branch_from
106917,14,31,5,2166,branch_to
107108,1,1,5,2482,branch_from
107108,1,1,5,2166,branch_to
107108,3,3,5,2482,branch_from
107108,3,3,5,2166,branch_to
107135,6,28,5,2482,branch_from
107135,6,28,5,2166,branch_to
107234,14,31,5,2482,branch_from
107234,14,31,5,2166,branch_to
107425,1,1,5,2482,branch_from
107425,1,1,5,2166,branch_to
107425,3,3,5,2482,branch_from
107425,3,3,5,2166,branch_to
107452,6,28,5,2482,branch_from
107452,6,28,5,2166,branch_to
107551,14,31,5,2482,branch_from
107551,14,31,5,2166,branch_to
107742,1,1,5,2482,branch_from
107742,1,1,5,2166,branch_to
107742,3,3,5,2482,branch_from
107742,3,3,5,2166,branch_to
107769,6,28,5,2482,branch_from
107769,6,28,5,2166,branch_to
107868,14,31,5,2482,branch_from
107868,14,31,5,2166,branch_to
108059,1,1,5,2482,branch_from
108059,1,1,5,2166,branch_to
108059,3,3,5,2482,branch_from
108059,3,3,5,2166,branch_to
108086,6,28,5,2482,branch_from
108086,6,28,5,2166,branch_to
108131,19,19,5,2482,branch_from
108131,19,19,5,2166,branch_to
108185,14,31,5,2482,branch_from
108185,14,31,5,2166,branch_to
108376,1,1,5,2482,branch_from
108376,1,1,5,2166,branch_to
108376,3,3,5,2482,branch_from
108376,3,3,5,2166,branch_to
108403,6,28,5,2482,branch_from
108403,6,28,5,2166,branch_to
108448,19,19,5,2482,branch_from
108448,19,19,5,2166,branch_to
108502,14,31,5,2482,branch_from
108502,14,31,5,2166,branch_to
108693,1,1,5,2482,branch_from
108693,1,1,5,2166,branch_to
108693,3,3,5,2482,branch_from
108693,3,3,5,2166,branch_to
108720,6,28,5,2482,branch_from
108720,6,28,5,2166,branch_to
108765,19,19,5,2482,branch_from
108765,19,19,5,2166,branch_to
108819,14,31,5,2482,branch_from
108819,14,31,5,2166,branch_to
109010,1,1,5,2482,branch_from
109010,1,1,5,2166,branch_to
109010,3,3,5,2482,branch_from
109010,3,3,5,2166,branch_to
109037,6,28,5,2482,branch_from
109037,6,28,5,2166,branch_to
109082,19,19,5,2482,branch_from
109082,19,19,5,2166,branch_to
109136,14,31,5,2482,branch_from
109136,14,31,5,2166,branch_to
109327,1,1,5,2482,branch_from
109327,1,1,5,2166,branch_to
109327,3,3,5,2482,branch_from
109327,3,3,5,2166,branch_to
109354,6,28,5,2482,branch_from
109354,6,28,5,2166,branch_to
109399,19,19,5,2482,branch_from
109399,19,19,5,2166,branch_to
109453,14,31,5,2482,branch_from
109453,14,31,5,2166,branch_to
109644,1,1,5,2482,branch_from
109644,1,1,5,2166,branch_to
109644,3,3,5,2482,branch_from
109644,3,3,5,2166,branch_to
109673,6,28,5,2484,exit
109673,6,28,5,2484,unload
109716,19,19,5,2482,branch_from
109716,19,19,5,2166,branch_to
109770,14,31,5,2482,branch_from
109770,14,31,5,2166,branch_to
109961,1,1,5,2482,branch_from
109961,1,1,5,2166,branch_to
109961,3,3,5,2482,branch_from
109961,3,3,5,2166,branch_to
110033,19,19,5,2482,branch_from
110033,19,19,5,2166,branch_to
110087,14,31,5,2482,branch_from
110087,14,31,5,2166,branch_to
110278,1,1,5,2482,branch_from
110278,1,1,5,2166,branch_to
110278,3,3,5,2482,branch_from
110278,3,3,5,2166,branch_to
110350,19,19,5,2482,branch_from
110350,19,19,5,2166,branch_to
110404,14,31,5,2482,branch_from
110404,14,31,5,2166,branch_to
110595,1,1,5,2482,branch_from
110595,1,1,5,2166,branch_to
110595,3,3,5,2482,branch_from
110595,3,3,5,2166,branch_to
110667,19,19,5,2482,branch_from
110667,19,19,5,2166,branch_to
110721,14,31,5,2482,branch_from
110721,14,31,5,2166,branch_to
110912,1,1,5,2482,branch_from
110912,1,1,5,2166,branch_to
110912,3,3,5,2482,branch_from
110912,3,3,5,2166,branch_to
110984,19,19,5,2482,branch_from
110984,19,19,5,2166,branch_to
111038,14,31,5,2482,branch_from
111038,14,31,5,2166,branch_to
111229,1,1,5,2482,branch_from
111229,1,1,5,2166,branch_to
111229,3,3,5,2482,branch_from
111229,3,3,5,2166,branch_to
111301,19,19,5,2482,branch_from
111301,19,19,5,2166,branch_to
111355,14,31,5,2482,branch_from
111355,14,31,5,2166,branch_to
111546,3,3,5,2482,branch_from
111546,3,3,5,2166,branch_to
111547,1,1,5,2483,branch_from
111547,1,1,5,0,branch_to
111548,1,1,5,0,blocked
111618,19,19,5,2482,branch_from
111618,19,19,5,2166,branch_to
111648,1,1,5,0,unblocked
111672,14,31,5,2482,branch_from
111672,14,31,5,2166,branch_to
111863,3,3,5,2482,branch_from
111863,3,3,5,2166,branch_to
111935,19,19,5,2482,branch_from
111935,19,19,5,2166,branch_to
111989,14,31,5,2482,branch_from
111989,14,31,5,2166,branch_to
112180,3,3,5,2482,branch_from
112180,3,3,5,2166,branch_to
112252,19,19,5,2482,branch_from
112252,19,19,5,2166,branch_to
112306,14,31,5,2482,branch_from
112306,14,31,5,2166,branch_to
112497,3,3,5,2482,branch_from
112497,3,3,5,2166,branch_to
112569,19,19,5,2482,branch_from
112569,19,19,5,2166,branch_to
112623,14,31,5,2482,branch_from
112623,14,31,5,2166,branch_to
112815,3,3,5,2483,branch_from
112815,3,3,5,0,branch_to
112816,3,3,5,0,blocked
112886,19,19,5,2482,branch_from
112886,19,19,5,2166,branch_to
112916,3,3,5,0,unblocked
112940,14,31,5,2482,branch_from
112940,14,31,5,2166,branch_to
113203,19,19,5,2482,branch_from
113203,19,19,5,2166,branch_to
113258,14,31,5,2483,branch_from
113258,14,31,5,0,branch_to
113259,14,31,5,0,blocked
113359,14,31,5,0,unblocked
113520,19,19,5,2482,branch_from
113520,19,19,5,2166,branch_to
113837,19,19,5,2482,branch_from
113837,19,19,5,2166,branch_to
114130,1,1,5,2482,branch_from
114130,1,1,5,2166,branch_to
114154,19,19,5,2482,branch_from
114154,19,19,5,2166,branch_to
114447,1,1,5,2482,branch_from
114447,1,1,5,2166,branch_to
114471,19,19,5,2482,branch_from
114471,19,19,5,2166,branch_to
114764,1,1,5,2482,branch_from
114764,1,1,5,2166,branch_to
114789,19,19,5,2483,branch_from
114789,19,19,5,0,branch_to
114790,19,19,5,0,blocked
114890,19,19,5,0,unblocked
115081,1,1,5,2482,branch_from
115081,1,1,5,2166,branch_to
115398,1,1,5,2482,branch_from
115398,1,1,5,2166,branch_to
115398,3,3,5,2482,branch_from
115398,3,3,5,2166,branch_to
115715,1,1,5,2482,branch_from
115715,1,1,5,2166,branch_to
115715,3,3,5,2482,branch_from
115715,3,3,5,2166,branch_to
115841,14,31,5,2482,branch_from
115841,14,31,5,2166,branch_to
116032,1,1,5,2482,branch_from
116032,1,1,5,2166,branch_to
116032,3,3,5,2482,branch_from
116032,3,3,5,2166,branch_to
116158,14,31,5,2482,branch_from
116158,14,31,5,2166,branch_to
116349,1,1,5,2482,branch_from
116349,1,1,5,2166,branch_to
116349,3,3,5,2482,branch_from
116349,3,3,5,2166,branch_to
116475,14,31,5,2482,branch_from
116475,14,31,5,2166,branch_to
116666,1,1,5,2482,branch_from
116666,1,1,5,2166,branch_to
116666,3,3,5,2482,branch_from
116666,3,3,5,2166,branch_to
116792,14,31,5,2482,branch_from
116792,14,31,5,2166,branch_to
116983,1,1,5,2482,branch_from
116983,1,1,5,2166,branch_to
116983,3,3,5,2482,branch_from
116983,3,3,5,2166,branch_to
117109,14,31,5,2482,branch_from
117109,14,31,5,2166,branch_to
117300,1,1,5,2482,branch_from
117300,1,1,5,2166,branch_to
117300,3,3,5,2482,branch_from
117300,3,3,5,2166,branch_to
117372,19,19,5,2482,branch_from
117372,19,19,5,2166,branch_to
117426,14,31,5,2482,branch_from
117426,14,31,5,2166,branch_to
117617,1,1,5,2482,branch_from
117617,1,1,5,2166,branch_to
117617,3,3,5,2482,branch_from
117617,3,3,5,2166,branch_to
117689,19,19,5,2482,branch_from
117689,19,19,5,2166,branch_to
117743,14,31,5,2482,branch_from
117743,14,31,5,2166,branch_to
117934,1,1,5,2482,branch_from
117934,1,1,5,2166,branch_to
117934,3,3,5,2482,branch_from
117934,3,3,5,2166,branch_to
118006,19,19,5,2482,branch_from
118006,19,19,5,2166,branch_to
118060,14,31,5,2482,branch_from
118060,14,31,5,2166,branch_to
118251,1,1,5,2482,branch_from
118251,1,1,5,2166,branch_to
118251,3,3,5,2482,branch_from
118251,3,3,5,2166,branch_to
118323,19,19,5,2482,branch_from
118323,19,19,5,2166,branch_to
118377,14,31,5,2482,branch_from
118377,14,31,5,2166,branch_to
118568,1,1,5,2482,branch_from
118568,1,1,5,2166,branch_to
118568,3,3,5,2482,branch_from
118568,3,3,5,2166,branch_to
118640,19,19,5,2482,branch_from
118640,19,19,5,2166,branch_to
118694,14,31,5,2482,branch_from
118694,14,31,5,2166,branch_to
118885,1,1,5,2482,branch_from
118885,1,1,5,2166,branch_to
118885,3,3,5,2482,branch_from
118885,3,3,5,2166,branch_to
118957,19,19,5,2482,branch_from
118957,19,19,5,2166,branch_to
119011,14,31,5,2482,branch_from
119011,14,31,5,2166,branch_to
119202,1,1,5,2482,branch_from
119202,1,1,5,2166,branch_to
119202,3,3,5,2482,branch_from
119202,3,3,5,2166,branch_to
119274,19,19,5,2482,branch_from
119274,19,19,5,2166,branch_to
119328,14,31,5,2482,branch_from
119328,14,31,5,2166,branch_to
119519,3,3,5,2482,branch_from
119519,3,3,5,2166,branch_to
119520,1,1,5,2483,branch_from
119520,1,1,5,0,branch_to
119521,1,1,5,0,blocked
119591,19,19,5,2482,branch_from
119591,19,19,5,2166,branch_to
119621,1,1,5,0,unblocked
119645,14,31,5,2482,branch_from
119645,14,31,5,2166,branch_to
119836,3,3,5,2482,branch_from
119836,3,3,5,2166,branch_to
119908,19,19,5,2482,branch_from
119908,19,19,5,2166,branch_to
119962,14,31,5,2482,branch_from
119962,14,31,5,2166,branch_to
120153,3,3,5,2482,branch_from
120153,3,3,5,2166,branch_to
120225,19,19,5,2482,branch_from
120225,19,19,5,2166,branch_to
120279,14,31,5,2482,branch_from
120279,14,31,5,2166,branch_to
120470,3,3,5,2482,branch_from
120470,3,3,5,2166,branch_to
120542,19,19,5,2482,branch_from
120542,19,19,5,2166,branch_to
120596,14,31,5,2482,branch_from
120596,14,31,5,2166,branch_to
120787,3,3,5,2482,branch_from
120787,3,3,5,2166,branch_to
120859,19,19,5,2482,branch_from
120859,19,19,5,2166,branch_to
120913,14,31,5,2482,branch_from
120913,14,31,5,2166,branch_to
121104,3,3,5,2482,branch_from
121104,3,3,5,2166,branch_to
121176,19,19,5,2482,branch_from
121176,19,19,5,2166,branch_to
121230,14,31,5,2482,branch_from
121230,14,31,5,2166,branch_to
121422,3,3,5,2483,branch_from
121422,3,3,5,0,branch_to
121423,3,3,5,0,blocked
121493,19,19,5,2482,branch_from
121493,19,19,5,2166,branch_to
121523,3,3,5,0,unblocked
121547,14,31,5,2482,branch_from
121547,14,31,5,2166,branch_to
121810,19,19,5,2482,branch_from
121810,19,19,5,2166,branch_to
121864,14,31,5,2482,branch_from
121864,14,31,5,2166,branch_to
122103,1,1,5,2482,branch_from
122103,1,1,5,2166,branch_to
122127,19,19,5,2482,branch_from
122127,19,19,5,2166,branch_to
122182,14,31,5,2483,branch_from
122182,14,31,5,0,branch_to
122183,14,31,5,0,blocked
122283,14,31,5,0,unblocked
122420,1,1,5,2482,branch_from
122420,1,1,5,2166,branch_to
122444,19,19,5,2482,branch_from
122444,19,19,5,2166,branch_to
122737,1,1,5,2482,branch_from
122737,1,1,5,2166,branch_to
122761,19,19,5,2482,branch_from
122761,19,19,5,2166,branch_to
123054,1,1,5,2482,branch_from
123054,1,1,5,2166,branch_to
123078,19,19,5,2482,branch_from
123078,19,19,5,2166,branch_to
123371,1,1,5,2482,branch_from
123371,1,1,5,2166,branch_to
123395,19,19,5,2482,branch_from
123395,19,19,5,2166,branch_to
123688,1,1,5,2482,branch_from
123688,1,1,5,2166,branch_to
123712,19,19,5,2482,branch_from
123712,19,19,5,2166,branch_to
124005,1,1,5,2482,branch_from
124005,1,1,5,2166,branch_to
124005,3,3,5,2482,branch_from
124005,3,3,5,2166,branch_to
124029,19,19,5,2482,branch_from
124029,19,19,5,2166,branch_to
124322,1,1,5,2482,branch_from
124322,1,1,5,2166,branch_to
124322,3,3,5,2482,branch_from
124322,3,3,5,2166,branch_to
124347,19,19,5,2483,branch_from
124347,19,19,5,0,branch_to
124348,19,19,5,0,blocked
124448,19,19,5,0,unblocked
124639,1,1,5,2482,branch_from
124639,1,1,5,2166,branch_to
124639,3,3,5,2482,branch_from
124639,3,3,5,2166,branch_to
124765,14,31,5,2482,branch_from
124765,14,31,5,2166,branch_to
124956,1,1,5,2482,branch_from
124956,1,1,5,2166,branch_to
124956,3,3,5,2482,branch_from
124956,3,3,5,2166,branch_to
125082,14,31,5,2482,branch_from
125082,14,31,5,2166,branch_to
125273,1,1,5,2482,branch_from
125273,1,1,5,2166,branch_to
125273,3,3,5,2482,branch_from
125273,3,3,5,2166,branch_to
125399,14,31,5,2482,branch_from
125399,14,31,5,2166,branch_to
125590,1,1,5,2482,branch_from
125590,1,1,5,2166,branch_to
125590,3,3,5,2482,branch_from
125590,3,3,5,2166,branch_to
125716,14,31,5,2482,branch_from
125716,14,31,5,2166,branch_to
125907,1,1,5,2482,branch_from
125907,1,1,5,2166,branch_to
125907,3,3,5,2482,branch_from
125907,3,3,5,2166,branch_to
126033,14,31,5,2482,branch_from
126033,14,31,5,2166,branch_to
126224,1,1,5,2482,branch_from
126224,1,1,5,2166,branch_to
126224,3,3,5,2482,branch_from
126224,3,3,5,2166,branch_to
126350,14,31,5,2482,branch_from
126350,14,31,5,2166,branch_to
126541,1,1,5,2482,branch_from
126541,1,1,5,2166,branch_to
126541,3,3,5,2482,branch_from
126541,3,3,5,2166,branch_to
126667,14,31,5,2482,branch_from
126667,14,31,5,2166,branch_to
126858,1,1,5,2482,branch_from
126858,1,1,5,2166,branch_to
126858,3,3,5,2482,branch_from
126858,3,3,5,2166,branch_to
126930,19,19,5,2482,branch_from
126930,19,19,5,2166,branch_to
126984,14,31,5,2482,branch_from
126984,14,31,5,2166,branch_to
127175,1,1,5,2482,branch_from
127175,1,1,5,2166,branch_to
127175,3,3,5,2482,branch_from
127175,3,3,5,2166,branch_to
127247,19,19,5,2482,branch_from
127247,19,19,5,2166,branch_to
127301,14,31,5,2482,branch_from
127301,14,31,5,2166,branch_to
127492,1,1,5,2482,branch_from
127492,1,1,5,2166,branch_to
127492,3,3,5,2482,branch_from
127492,3,3,5,2166,branch_to
127564,19,19,5,2482,branch_from
127564,19,19,5,2166,branch_to
127618,14,31,5,2482,branch_from
127618,14,31,5,2166,branch_to
127809,1,1,5,2482,branch_from
127809,1,1,5,2166,branch_to
127809,3,3,5,2482,branch_from
127809,3,3,5,2166,branch_to
127881,19,19,5,2482,branch_from
127881,19,19,5,2166,branch_to
127935,14,31,5,2482,branch_from
127935,14,31,5,2166,branch_to
128126,1,1,5,2482,branch_from
128126,1,1,5,2166,branch_to
128126,3,3,5,2482,branch_from
128126,3,3,5,2166,branch_to
128198,19,19,5,2482,branch_from
128198,19,19,5,2166,branch_to
128252,14,31,5,2482,branch_from
128252,14,31,5,2166,branch_to
128443,1,1,5,2482,branch_from
128443,1,1,5,2166,branch_to
128443,3,3,5,2482,branch_from
128443,3,3,5,2166,branch_to
128515,19,19,5,2482,branch_from
128515,19,19,5,2166,branch_to
128569,14,31,5,2482,branch_from
128569,14,31,5,2166,branch_to
128760,3,3,5,2482,branch_from
128760,3,3,5,2166,branch_to
128761,1,1,5,2483,branch_from
128761,1,1,5,0,branch_to
128762,1,1,5,0,blocked
128832,19,19,5,2482,branch_from
128832,19,19,5,2166,branch_to
128862,1,1,5,0,unblocked
128886,14,31,5,2482,branch_from
128886,14,31,5,2166,branch_to
129077,3,3,5,2482,branch_from
129077,3,3,5,2166,branch_to
129149,19,19,5,2482,branch_from
129149,19,19,5,2166,branch_to
129203,14,31,5,2482,branch_from
129203,14,31,5,2166,branch_to
129394,3,3,5,2482,branch_from
129394,3,3,5,2166,branch_to
129466,19,19,5,2482,branch_from
129466,19,19,5,2166,branch_to
129520,14,31,5,2482,branch_from
129520,14,31,5,2166,branch_to
129711,3,3,5,2482,branch_from
129711,3,3,5,2166,branch_to
129783,19,19,5,2482,branch_from
129783,19,19,5,2166,branch_to
129837,14,31,5,2482,branch_from
129837,14,31,5,2166,branch_to
130028,3,3,5,2482,branch_from
130028,3,3,5,2166,branch_to
130100,19,19,5,2482,branch_from
130100,19,19,5,2166,branch_to
130154,14,31,5,2482,branch_from
130154,14,31,5,2166,branch_to
130345,3,3,5,2482,branch_from
130345,3,3,5,2166,branch_to
130417,19,19,5,2482,branch_from
130417,19,19,5,2166,branch_to
130471,14,31,5,2482,branch_from
130471,14,31,5,2166,branch_to
130663,3,3,5,2483,branch_from
130663,3,3,5,0,branch_to
130664,3,3,5,0,blocked
130734,19,19,5,2482,branch_from
130734,19,19,5,2166,branch_to
130764,3,3,5,0,unblocked
130788,14,31,5,2482,branch_from
130788,14,31,5,2166,branch_to
131051,19,19,5,2482,branch_from
131051,19,19,5,2166,branch_to
131105,14,31,5,2482,branch_from
131105,14,31,5,2166,branch_to
131344,1,1,5,2482,branch_from
131344,1,1,5,2166,branch_to
131368,19,19,5,2482,branch_from
131368,19,19,5,2166,branch_to
131422,14,31,5,2482,branch_from
131422,14,31,5,2166,branch_to
131661,1,1,5,2482,branch_from
131661,1,1,5,2166,branch_to
131685,19,19,5,2482,branch_from
131685,19,19,5,2166,branch_to
131740,14,31,5,2483,branch_from
131740,14,31,5,0,branch_to
131741,14,31,5,0,blocked
131841,14,31,5,0,unblocked
131978,1,1,5,2482,branch_from
131978,1,1,5,2166,branch_to
132002,19,19,5,2482,branch_from
132002,19,19,5,2166,branch_to
132295,1,1,5,2482,branch_from
132295,1,1,5,2166,branch_to
132319,19,19,5,2482,branch_from
132319,19,19,5,2166,branch_to
132612,1,1,5,2482,branch_from
132612,1,1,5,2166,branch_to
132636,19,19,5,2482,branch_from
132636,19,19,5,2166,branch_to
132929,1,1,5,2482,branch_from
132929,1,1,5,2166,branch_to
132953,19,19,5,2482,branch_from
132953,19,19,5,2166,branch_to
133246,1,1,5,2482,branch_from
133246,1,1,5,2166,branch_to
133246,3,3,5,2482,branch_from
133246,3,3,5,2166,branch_to
133270,19,19,5,2482,branch_from
133270,19,19,5,2166,branch_to
133563,1,1,5,2482,branch_from
133563,1,1,5,2166,branch_to
133563,3,3,5,2482,branch_from
133563,3,3,5,2166,branch_to
133587,19,19,5,2482,branch_from
133587,19,19,5,2166,branch_to
133880,1,1,5,2482,branch_from
133880,1,1,5,2166,branch_to
133880,3,3,5,2482,branch_from
133880,3,3,5,2166,branch_to
133904,19,19,5,2482,branch_from
133904,19,19,5,2166,branch_to
134197,1,1,5,2482,branch_from
134197,1,1,5,2166,branch_to
134197,3,3,5,2482,branch_from
134197,3,3,5,2166,branch_to
134221,19,19,5,2482,branch_from
134221,19,19,5,2166,branch_to
134323,14,31,5,2482,branch_from
134323,14,31,5,2166,branch_to
134514,1,1,5,2482,branch_from
134514,1,1,5,2166,branch_to
134514,3,3,5,2482,branch_from
134514,3,3,5,2166,branch_to
134539,19,19,5,2483,branch_from
134539,19,19,5,0,branch_to
134540,19,19,5,0,blocked
134640,14,31,5,2482,branch_from
134640,14,31,5,2166,branch_to
134640,19,19,5,0,unblocked
134831,1,1,5,2482,branch_from
134831,1,1,5,2166,branch_to
134831,3,3,5,2482,branch_from
134831,3,3,5,2166,branch_to
134957,14,31,5,2482,branch_from
134957,14,31,5,2166,branch_to
135148,1,1,5,2482,branch_from
135148,1,1,5,2166,branch_to
135148,3,3,5,2482,branch_from
135148,3,3,5,2166,branch_to
135274,14,31,5,2482,branch_from
135274,14,31,5,2166,branch_to
135465,1,1,5,2482,branch_from
135465,1,1,5,2166,branch_to
135465,3,3,5,2482,branch_from
135465,3,3,5,2166,branch_to
135591,14,31,5,2482,branch_from
135591,14,31,5,2166,branch_to
135782,1,1,5,2482,branch_from
135782,1,1,5,2166,branch_to
135782,3,3,5,2482,branch_from
135782,3,3,5,2166,branch_to
135908,14,31,5,2482,branch_from
135908,14,31,5,2166,branch_to
136099,1,1,5,2482,branch_from
136099,1,1,5,2166,branch_to
136099,3,3,5,2482,branch_from
136099,3,3,5,2166,branch_to
136225,14,31,5,2482,branch_from
136225,14,31,5,2166,branch_to
136416,1,1,5,2482,branch_from
136416,1,1,5,2166,branch_to
136416,3,3,5,2482,branch_from
136416,3,3,5,2166,branch_to
136542,14,31,5,2482,branch_from
136542,14,31,5,2166,branch_to
136733,1,1,5,2482,branch_from
136733,1,1,5,2166,branch_to
136733,3,3,5,2482,branch_from
136733,3,3,5,2166,branch_to
136859,14,31,5,2482,branch_from
136859,14,31,5,2166,branch_to
137050,1,1,5,2482,branch_from
137050,1,1,5,2166,branch_to
137050,3,3,5,2482,branch_from
137050,3,3,5,2166,branch_to
137122,19,19,5,2482,branch_from
137122,19,19,5,2166,branch_to
137176,14,31,5,2482,branch_from
137176,14,31,5,2166,branch_to
137367,1,1,5,2482,branch_from
137367,1,1,5,2166,branch_to
137367,3,3,5,2482,branch_from
137367,3,3,5,2166,branch_to
137439,19,19,5,2482,branch_from
137439,19,19,5,2166,branch_to
137493,14,31,5,2482,branch_from
137493,14,31,5,2166,branch_to
137684,1,1,5,2482,branch_from
137684,1,1,5,2166,branch_to
137684,3,3,5,2482,branch_from
137684,3,3,5,2166,branch_to
137756,19,19,5,2482,branch_from
137756,19,19,5,2166,branch_to
137810,14,31,5,2482,branch_from
137810,14,31,5,2166,branch_to
138001,1,1,5,2482,branch_from
138001,1,1,5,2166,branch_to
138001,3,3,5,2482,branch_from
138001,3,3,5,2166,branch_to
138073,19,19,5,2482,branch_from
138073,19,19,5,2166,branch_to
138127,14,31,5,2482,branch_from
138127,14,31,5,2166,branch_to
138318,1,1,5,2482,branch_from
138318,1,1,5,2166,branch_to
138318,3,3,5,2482,branch_from
138318,3,3,5,2166,branch_to
138390,19,19,5,2482,branch_from
138390,19,19,5,2166,branch_to
138444,14,31,5,2482,branch_from
138444,14,31,5,2166,branch_to
138635,1,1,5,2482,branch_from
138635,1,1,5,2166,branch_to
138635,3,3,5,2482,branch_from
138635,3,3,5,2166,branch_to
138707,19,19,5,2482,branch_from
138707,19,19,5,2166,branch_to
138761,14,31,5,2482,branch_from
138761,14,31,5,2166,branch_to
138952,3,3,5,2482,branch_from
138952,3,3,5,2166,branch_to
138953,1,1,5,2483,branch_from
138953,1,1,5,0,branch_to
138954,1,1,5,0,blocked
139024,19,19,5,2482,branch_from
139024,19,19,5,2166,branch_to
139054,1,1,5,0,unblocked
139078,14,31,5,2482,branch_from
139078,14,31,5,2166,branch_to
139270,3,3,5,2483,branch_from
139270,3,3,5,0,branch_to
139271,3,3,5,0,blocked
139341,19,19,5,2482,branch_from
139341,19,19,5,2166,branch_to
139371,3,3,5,0,unblocked
139395,14,31,5,2482,branch_from
139395,14,31,5,2166,branch_to
139658,19,19,5,2482,branch_from
139658,19,19,5,2166,branch_to
139712,14,31,5,2482,branch_from
139712,14,31,5,2166,branch_to
139975,19,19,5,2482,branch_from
139975,19,19,5,2166,branch_to
140029,14,31,5,2482,branch_from
140029,14,31,5,2166,branch_to
140292,19,19,5,2482,branch_from
140292,19,19,5,2166,branch_to
140346,14,31,5,2482,branch_from
140346,14,31,5,2166,branch_to
140609,19,19,5,2482,branch_from
140609,19,19,5,2166,branch_to
140663,14,31,5,2482,branch_from
140663,14,31,5,2166,branch_to
140926,19,19,5,2482,branch_from
140926,19,19,5,2166,branch_to
140981,14,31,5,2483,branch_from
140981,14,31,5,0,branch_to
140982,14,31,5,0,blocked
141082,14,31,5,0,unblocked
141243,19,19,5,2482,branch_from
141243,19,19,5,2166,branch_to
141536,1,1,5,2482,branch_from
141536,1,1,5,2166,branch_to
141560,19,19,5,2482,branch_from
141560,19,19,5,2166,branch_to
141853,1,1,5,2482,branch_from
141853,1,1,5,2166,branch_to
141853,3,3,5,2482,branch_from
141853,3,3,5,2166,branch_to
141877,19,19,5,2482,branch_from
141877,19,19,5,2166,branch_to
142170,1,1,5,2482,branch_from
142170,1,1,5,2166,branch_to
142170,3,3,5,2482,branch_from
142170,3,3,5,2166,branch_to
142195,19,19,5,2483,branch_from
142195,19,19,5,0,branch_to
142196,19,19,5,0,blocked
142296,19,19,5,0,unblocked
142487,1,1,5,2482,branch_from
142487,1,1,5,2166,branch_to
142487,3,3,5,2482,branch_from
142487,3,3,5,2166,branch_to
142804,1,1,5,2482,branch_from
142804,1,1,5,2166,branch_to
142804,3,3,5,2482,branch_from
142804,3,3,5,2166,branch_to
143121,1,1,5,2482,branch_from
143121,1,1,5,2166,branch_to
143121,3,3,5,2482,branch_from
143121,3,3,5,2166,branch_to
143438,1,1,5,2482,branch_from
143438,1,1,5,2166,branch_to
143438,3,3,5,2482,branch_from
143438,3,3,5,2166,branch_to
143564,14,31,5,2482,branch_from
143564,14,31,5,2166,branch_to
143755,1,1,5,2482,branch_from
143755,1,1,5,2166,branch_to
143755,3,3,5,2482,branch_from
143755,3,3,5,2166,branch_to
143881,14,31,5,2482,branch_from
143881,14,31,5,2166,branch_to
144072,1,1,5,2482,branch_from
144072,1,1,5,2166,branch_to
144072,3,3,5,2482,branch_from
144072,3,3,5,2166,branch_to
144198,14,31,5,2482,branch_from
144198,14,31,5,2166,branch_to
144389,1,1,5,2482,branch_from
144389,1,1,5,2166,branch_to
144389,3,3,5,2482,branch_from
144389,3,3,5,2166,branch_to
144515,14,31,5,2482,branch_from
144515,14,31,5,2166,branch_to
144706,1,1,5,2482,branch_from
144706,1,1,5,2166,branch_to
144706,3,3,5,2482,branch_from
144706,3,3,5,2166,branch_to
144778,19,19,5,2482,branch_from
144778,19,19,5,2166,branch_to
144832,14,31,5,2482,branch_from
144832,14,31,5,2166,branch_to
145023,1,1,5,2482,branch_from
145023,1,1,5,2166,branch_to
145023,3,3,5,2482,branch_from
145023,3,3,5,2166,branch_to
145095,19,19,5,2482,branch_from
145095,19,19,5,2166,branch_to
145149,14,31,5,2482,branch_from
145149,14,31,5,2166,branch_to
145340,1,1,5,2482,branch_from
145340,1,1,5,2166,branch_to
145340,3,3,5,2482,branch_from
145340,3,3,5,2166,branch_to
145412,19,19,5,2482,branch_from
145412,19,19,5,2166,branch_to
145466,14,31,5,2482,branch_from
145466,14,31,5,2166,branch_to
145657,1,1,5,2482,branch_from
145657,1,1,5,2166,branch_to
145657,3,3,5,2482,branch_from
145657,3,3,5,2166,branch_to
145729,19,19,5,2482,branch_from
145729,19,19,5,2166,branch_to
145783,14,31,5,2482,branch_from
145783,14,31,5,2166,branch_to
145974,1,1,5,2482,branch_from
145974,1,1,5,2166,branch_to
145974,3,3,5,2482,branch_from
145974,3,3,5,2166,branch_to
146046,19,19,5,2482,branch_from
146046,19,19,5,2166,branch_to
146100,14,31,5,2482,branch_from
146100,14,31,5,2166,branch_to
146291,1,1,5,2482,branch_from
146291,1,1,5,2166,branch_to
146291,3,3,5,2482,branch_from
146291,3,3,5,2166,branch_to
146363,19,19,5,2482,branch_from
146363,19,19,5,2166,branch_to
146417,14,31,5,2482,branch_from
146417,14,31,5,2166,branch_to
146608,1,1,5,2482,branch_from
146608,1,1,5,2166,branch_to
146608,3,3,5,2482,branch_from
146608,3,3,5,2166,branch_to
146680,19,19,5,2482,branch_from
146680,19,19,5,2166,branch_to
146734,14,31,5,2482,branch_from
146734,14,31,5,2166,branch_to
146925,1,1,5,2482,branch_from
146925,1,1,5,2166,branch_to
146926,3,3,5,2483,branch_from
146926,3,3,5,0,branch_to
146927,3,3,5,0,blocked
146997,19,19,5,2482,branch_from
146997,19,19,5,2166,branch_to
147027,3,3,5,0,unblocked
147051,14,31,5,2482,branch_from
147051,14,31,5,2166,branch_to
147242,1,1,5,2482,branch_from
147242,1,1,5,2166,branch_to
147314,19,19,5,2482,branch_from
147314,19,19,5,2166,branch_to
147368,14,31,5,2482,branch_from
147368,14,31,5,2166,branch_to
147559,1,1,5,2482,branch_from
147559,1,1,5,2166,branch_to
147631,19,19,5,2482,branch_from
147631,19,19,5,2166,branch_to
147685,14,31,5,2482,branch_from
147685,14,31,5,2166,branch_to
147876,1,1,5,2482,branch_from
147876,1,1,5,2166,branch_to
147948,19,19,5,2482,branch_from
147948,19,19,5,2166,branch_to
148002,14,31,5,2482,branch_from
148002,14,31,5,2166,branch_to
148193,1,1,5,2482,branch_from
148193,1,1,5,2166,branch_to
148265,19,19,5,2482,branch_from
148265,19,19,5,2166,branch_to
148319,14,31,5,2482,branch_from
148319,14,31,5,2166,branch_to
148510,1,1,5,2482,branch_from
148510,1,1,5,2166,branch_to
148582,19,19,5,2482,branch_from
148582,19,19,5,2166,branch_to
148636,14,31,5,2482,branch_from
148636,14,31,5,2166,branch_to
148828,1,1,5,2483,branch_from
148828,1,1,5,0,branch_to
148829,1,1,5,0,blocked
148899,19,19,5,2482,branch_from
148899,19,19,5,2166,branch_to
148929,1,1,5,0,unblocked
148953,14,31,5,2482,branch_from
148953,14,31,5,2166,branch_to
149216,19,19,5,2482,branch_from
149216,19,19,5,2166,branch_to
149270,14,31,5,2482,branch_from
149270,14,31,5,2166,branch_to
149509,3,3,5,2482,branch_from
149509,3,3,5,2166,branch_to
149533,19,19,5,2482,branch_from
149533,19,19,5,2166,branch_to
149587,14,31,5,2482,branch_from
149587,14,31,5,2166,branch_to
149826,3,3,5,2482,branch_from
149826,3,3,5,2166,branch_to
149850,19,19,5,2482,branch_from
149850,19,19,5,2166,branch_to
149905,14,31,5,2483,branch_from
149905,14,31,5,0,branch_to
149906,14,31,5,0,blocked
150006,14,31,5,0,unblocked
150143,3,3,5,2482,branch_from
150143,3,3,5,2166,branch_to
150167,19,19,5,2482,branch_from
150167,19,19,5,2166,branch_to
150460,3,3,5,2482,branch_from
150460,3,3,5,2166,branch_to
150484,19,19,5,2482,branch_from
150484,19,19,5,2166,branch_to
150777,3,3,5,2482,branch_from
150777,3,3,5,2166,branch_to
150801,19,19,5,2482,branch_from
150801,19,19,5,2166,branch_to
151094,3,3,5,2482,branch_from
151094,3,3,5,2166,branch_to
151118,19,19,5,2482,branch_from
151118,19,19,5,2166,branch_to
151411,1,1,5,2482,branch_from
151411,1,1,5,2166,branch_to
151411,3,3,5,2482,branch_from
151411,3,3,5,2166,branch_to
151435,19,19,5,2482,branch_from
151435,19,19,5,2166,branch_to
151728,1,1,5,2482,branch_from
151728,1,1,5,2166,branch_to
151728,3,3,5,2482,branch_from
151728,3,3,5,2166,branch_to
151753,19,19,5,2483,branch_from
151753,19,19,5,0,branch_to
151754,19,19,5,0,blocked
151854,19,19,5,0,unblocked
152045,1,1,5,2482,branch_from
152045,1,1,5,2166,branch_to
152045,3,3,5,2482,branch_from
152045,3,3,5,2166,branch_to
152362,1,1,5,2482,branch_from
152362,1,1,5,2166,branch_to
152362,3,3,5,2482,branch_from
152362,3,3,5,2166,branch_to
152488,14,31,5,2482,branch_from
152488,14,31,5,2166,branch_to
152679,1,1,5,2482,branch_from
152679,1,1,5,2166,branch_to
152679,3,3,5,2482,branch_from
152679,3,3,5,2166,branch_to
152805,14,31,5,2482,branch_from
152805,14,31,5,2166,branch_to
152996,1,1,5,2482,branch_from
152996,1,1,5,2166,branch_to
152996,3,3,5,2482,branch_from
152996,3,3,5,2166,branch_to
153122,14,31,5,2482,branch_from
153122,14,31,5,2166,branch_to
153313,1,1,5,2482,branch_from
153313,1,1,5,2166,branch_to
153313,3,3,5,2482,branch_from
153313,3,3,5,2166,branch_to
153439,14,31,5,2482,branch_from
153439,14,31,5,2166,branch_to
153630,1,1,5,2482,branch_from
153630,1,1,5,2166,branch_to
153630,3,3,5,2482,branch_from
153630,3,3,5,2166,branch_to
153756,14,31,5,2482,branch_from
153756,14,31,5,2166,branch_to
153947,1,1,5,2482,branch_from
153947,1,1,5,2166,branch_to
153947,3,3,5,2482,branch_from
153947,3,3,5,2166,branch_to
154073,14,31,5,2482,branch_from
154073,14,31,5,2166,branch_to
154264,1,1,5,2482,branch_from
154264,1,1,5,2166,branch_to
154264,3,3,5,2482,branch_from
154264,3,3,5,2166,branch_to
154336,19,19,5,2482,branch_from
154336,19,19,5,2166,branch_to
154390,14,31,5,2482,branch_from
154390,14,31,5,2166,branch_to
154581,1,1,5,2482,branch_from
154581,1,1,5,2166,branch_to
154581,3,3,5,2482,branch_from
154581,3,3,5,2166,branch_to
154653,19,19,5,2482,branch_from
154653,19,19,5,2166,branch_to
154707,14,31,5,2482,branch_from
154707,14,31,5,2166,branch_to
154898,1,1,5,2482,branch_from
154898,1,1,5,2166,branch_to
154898,3,3,5,2482,branch_from
154898,3,3,5,2166,branch_to
154970,19,19,5,2482,branch_from
154970,19,19,5,2166,branch_to
155024,14,31,5,2482,branch_from
155024,14,31,5,2166,branch_to
155215,1,1,5,2482,branch_from
155215,1,1,5,2166,branch_to
155216,3,3,5,2483,branch_from
155216,3,3,5,0,branch_to
155217,3,3,5,0,blocked
155287,19,19,5,2482,branch_from
155287,19,19,5,2166,branch_to
155317,3,3,5,0,unblocked
155341,14,31,5,2482,branch_from
155341,14,31,5,2166,branch_to
155532,1,1,5,2482,branch_from
155532,1,1,5,2166,branch_to
155604,19,19,5,2482,branch_from
155604,19,19,5,2166,branch_to
155658,14,31,5,2482,branch_from
155658,14,31,5,2166,branch_to
155849,1,1,5,2482,branch_from
155849,1,1,5,2166,branch_to
155921,19,19,5,2482,branch_from
155921,19,19,5,2166,branch_to
155975,14,31,5,2482,branch_from
155975,14,31,5,2166,branch_to
156166,1,1,5,2482,branch_from
156166,1,1,5,2166,branch_to
156238,19,19,5,2482,branch_from
156238,19,19,5,2166,branch_to
156292,14,31,5,2482,branch_from
156292,14,31,5,2166,branch_to
156483,1,1,5,2482,branch_from
156483,1,1,5,2166,branch_to
156555,19,19,5,2482,branch_from
156555,19,19,5,2166,branch_to
156609,14,31,5,2482,branch_from
156609,14,31,5,2166,branch_to
156800,1,1,5,2482,branch_from
156800,1,1,5,2166,branch_to
156872,19,19,5,2482,branch_from
156872,19,19,5,2166,branch_to
156926,14,31,5,2482,branch_from
156926,14,31,5,2166,branch_to
157117,1,1,5,2482,branch_from
157117,1,1,5,2166,branch_to
157189,19,19,5,2482,branch_from
157189,19,19,5,2166,branch_to
157243,14,31,5,2482,branch_from
157243,14,31,5,2166,branch_to
157436,1,1,5,2484,exit
157436,1,1,5,2484,unload
157506,19,19,5,2482,branch_from
157506,19,19,5,2166,branch_to
157560,14,31,5,2482,branch_from
157560,14,31,5,2166,branch_to
157799,3,3,5,2482,branch_from
157799,3,3,5,2166,branch_to
157823,19,19,5,2482,branch_from
157823,19,19,5,2166,branch_to
157877,14,31,5,2482,branch_from
157877,14,31,5,2166,branch_to
158116,3,3,5,2482,branch_from
158116,3,3,5,2166,branch_to
158140,19,19,5,2482,branch_from
158140,19,19,5,2166,branch_to
158194,14,31,5,2482,branch_from
158194,14,31,5,2166,branch_to
158433,3,3,5,2482,branch_from
158433,3,3,5,2166,branch_to
158457,19,19,5,2482,branch_from
158457,19,19,5,2166,branch_to
158511,14,31,5,2482,branch_from
158511,14,31,5,2166,branch_to
158750,3,3,5,2482,branch_from
158750,3,3,5,2166,branch_to
158774,19,19,5,2482,branch_from
158774,19,19,5,2166,branch_to
158828,14,31,5,2482,branch_from
158828,14,31,5,2166,branch_to
159067,3,3,5,2482,branch_from
159067,3,3,5,2166,branch_to
159091,19,19,5,2482,branch_from
159091,19,19,5,2166,branch_to
159145,14,31,5,2482,branch_from
159145,14,31,5,2166,branch_to
159384,3,3,5,2482,branch_from
159384,3,3,5,2166,branch_to
159408,19,19,5,2482,branch_from
159408,19,19,5,2166,branch_to
159462,14,31,5,2482,branch_from
159462,14,31,5,2166,branch_to
159701,3,3,5,2482,branch_from
159701,3,3,5,2166,branch_to
159725,19,19,5,2482,branch_from
159725,19,19,5,2166,branch_to
159780,14,31,5,2483,branch_from
159780,14,31,5,0,branch_to
159781,14,31,5,0,blocked
159881,14,31,5,0,unblocked
160018,3,3,5,2482,branch_from
160018,3,3,5,2166,branch_to
160042,19,19,5,2482,branch_from
160042,19,19,5,2166,branch_to
160335,3,3,5,2482,branch_from
160335,3,3,5,2166,branch_to
160359,19,19,5,2482,branch_from
160359,19,19,5,2166,branch_to
160652,3,3,5,2482,branch_from
160652,3,3,5,2166,branch_to
160676,19,19,5,2482,branch_from
160676,19,19,5,2166,branch_to
160969,3,3,5,2482,branch_from
160969,3,3,5,2166,branch_to
160993,19,19,5,2482,branch_from
160993,19,19,5,2166,branch_to
161286,3,3,5,2482,branch_from
161286,3,3,5,2166,branch_to
161312,19,19,5,2484,exit
161312,19,19,5,2484,unload
161603,3,3,5,2482,branch_from
161603,3,3,5,2166,branch_to
161920,3,3,5,2482,branch_from
161920,3,3,5,2166,branch_to
162237,3,3,5,2482,branch_from
162237,3,3,5,2166,branch_to
162363,14,31,5,2482,branch_from
162363,14,31,5,2166,branch_to
162554,3,3,5,2482,branch_from
162554,3,3,5,2166,branch_to
162680,14,31,5,2482,branch_from
162680,14,31,5,2166,branch_to
162872,3,3,5,2483,branch_from
162872,3,3,5,0,branch_to
162873,3,3,5,0,blocked
162973,3,3,5,0,unblocked
162997,14,31,5,2482,branch_from
162997,14,31,5,2166,branch_to
163314,14,31,5,2482,branch_from
163314,14,31,5,2166,branch_to
163631,14,31,5,2482,branch_from
163631,14,31,5,2166,branch_to
163948,14,31,5,2482,branch_from
163948,14,31,5,2166,branch_to
164265,14,31,5,2482,branch_from
164265,14,31,5,2166,branch_to
164582,14,31,5,2482,branch_from
164582,14,31,5,2166,branch_to
164899,14,31,5,2482,branch_from
164899,14,31,5,2166,branch_to
165216,14,31,5,2482,branch_from
165216,14,31,5,2166,branch_to
165455,3,3,5,2482,branch_from
165455,3,3,5,2166,branch_to
165533,14,31,5,2482,branch_from
165533,14,31,5,2166,branch_to
165772,3,3,5,2482,branch_from
165772,3,3,5,2166,branch_to
165850,14,31,5,2482,branch_from
165850,14,31,5,2166,branch_to
166089,3,3,5,2482,branch_from
166089,3,3,5,2166,branch_to
166167,14,31,5,2482,branch_from
166167,14,31,5,2166,branch_to
166406,3,3,5,2482,branch_from
166406,3,3,5,2166,branch_to
166484,14,31,5,2482,branch_from
166484,14,31,5,2166,branch_to
166723,3,3,5,2482,branch_from
166723,3,3,5,2166,branch_to
166801,14,31,5,2482,branch_from
166801,14,31,5,2166,branch_to
167040,3,3,5,2482,branch_from
167040,3,3,5,2166,branch_to
167118,14,31,5,2482,branch_from
167118,14,31,5,2166,branch_to
167357,3,3,5,2482,branch_from
167357,3,3,5,2166,branch_to
167435,14,31,5,2482,branch_from
167435,14,31,5,2166,branch_to
167674,3,3,5,2482,branch_from
167674,3,3,5,2166,branch_to
167752,14,31,5,2482,branch_from
167752,14,31,5,2166,branch_to
167991,3,3,5,2482,branch_from
167991,3,3,5,2166,branch_to
168069,14,31,5,2482,branch_from
168069,14,31,5,2166,branch_to
168308,3,3,5,2482,branch_from
168308,3,3,5,2166,branch_to
168387,14,31,5,2483,branch_from
168387,14,31,5,0,branch_to
168388,14,31,5,0,blocked
168488,14,31,5,0,unblocked
168625,3,3,5,2482,branch_from
168625,3,3,5,2166,branch_to
168942,3,3,5,2482,branch_from
168942,3,3,5,2166,branch_to
169259,3,3,5,2482,branch_from
169259,3,3,5,2166,branch_to
169576,3,3,5,2482,branch_from
169576,3,3,5,2166,branch_to
169893,3,3,5,2482,branch_from
169893,3,3,5,2166,branch_to
170212,3,3,5,2484,exit
170212,3,3,5,2484,unload
170970,14,31,5,2482,branch_from
170970,14,31,5,2166,branch_to
171287,14,31,5,2482,branch_from
171287,14,31,5,2166,branch_to
171604,14,31,5,2482,branch_from
171604,14,31,5,2166,branch_to
171921,14,31,5,2482,branch_from
171921,14,31,5,2166,branch_to
172238,14,31,5,2482,branch_from
172238,14,31,5,2166,branch_to
172555,14,31,5,2482,branch_from
172555,14,31,5,2166,branch_to
172872,14,31,5,2482,branch_from
172872,14,31,5,2166,branch_to
173189,14,31,5,2482,branch_from
173189,14,31,5,2166,branch_to
173506,14,31,5,2482,branch_from
173506,14,31,5,2166,branch_to
173823,14,31,5,2482,branch_from
173823,14,31,5,2166,branch_to
174140,14,31,5,2482,branch_from
174140,14,31,5,2166,branch_to
174457,14,31,5,2482,branch_from
174457,14,31,5,2166,branch_to
174774,14,31,5,2482,branch_from
174774,14,31,5,2166,branch_to
175091,14,31,5,2482,branch_from
175091,14,31,5,2166,branch_to
175408,14,31,5,2482,branch_from
175408,14,31,5,2166,branch_to
175725,14,31,5,2482,branch_from
175725,14,31,5,2166,branch_to
176042,14,31,5,2482,branch_from
176042,14,31,5,2166,branch_to
176359,14,31,5,2482,branch_from
176359,14,31,5,2166,branch_to
176676,14,31,5,2482,branch_from
176676,14,31,5,2166,branch_to
176993,14,31,5,2482,branch_from
176993,14,31,5,2166,branch_to
177310,14,31,5,2482,branch_from
177310,14,31,5,2166,branch_to
177628,14,31,5,2483,branch_from
177628,14,31,5,0,branch_to
177629,14,31,5,0,blocked
177729,14,31,5,0,unblocked
180211,14,31,5,2482,branch_from
180211,14,31,5,2166,branch_to
180528,14,31,5,2482,branch_from
180528,14,31,5,2166,branch_to
180845,14,31,5,2482,branch_from
180845,14,31,5,2166,branch_to
181162,14,31,5,2482,branch_from
181162,14,31,5,2166,branch_to
181479,14,31,5,2482,branch_from
181479,14,31,5,2166,branch_to
181796,14,31,5,2482,branch_from
181796,14,31,5,2166,branch_to
182113,14,31,5,2482,branch_from
182113,14,31,5,2166,branch_to
182430,14,31,5,2482,branch_from
182430,14,31,5,2166,branch_to
182747,14,31,5,2482,branch_from
182747,14,31,5,2166,branch_to
183064,14,31,5,2482,branch_from
183064,14,31,5,2166,branch_to
183381,14,31,5,2482,branch_from
183381,14,31,5,2166,branch_to
183698,14,31,5,2482,branch_from
183698,14,31,5,2166,branch_to
184015,14,31,5,2482,branch_from
184015,14,31,5,2166,branch_to
184332,14,31,5,2482,branch_from
184332,14,31,5,2166,branch_to
184649,14,31,5,2482,branch_from
184649,14,31,5,2166,branch_to
184966,14,31,5,2482,branch_from
184966,14,31,5,2166,branch_to
185283,14,31,5,2482,branch_from
185283,14,31,5,2166,branch_to
185600,14,31,5,2482,branch_from
185600,14,31,5,2166,branch_to
185917,14,31,5,2482,branch_from
185917,14,31,5,2166,branch_to
186235,14,31,5,2483,branch_from
186235,14,31,5,0,branch_to
186236,14,31,5,0,blocked
186336,14,31,5,0,unblocked
188818,14,31,5,2482,branch_from
188818,14,31,5,2166,branch_to
189135,14,31,5,2482,branch_from
189135,14,31,5,2166,branch_to
189452,14,31,5,2482,branch_from
189452,14,31,5,2166,branch_to
189769,14,31,5,2482,branch_from
189769,14,31,5,2166,branch_to
190086,14,31,5,2482,branch_from
190086,14,31,5,2166,branch_to
190403,14,31,5,2482,branch_from
190403,14,31,5,2166,branch_to
190720,14,31,5,2482,branch_from
190720,14,31,5,2166,branch_to
191037,14,31,5,2482,branch_from
191037,14,31,5,2166,branch_to
191354,14,31,5,2482,branch_from
191354,14,31,5,2166,branch_to
191671,14,31,5,2482,branch_from
191671,14,31,5,2166,branch_to
191988,14,31,5,2482,branch_from
191988,14,31,5,2166,branch_to
192305,14,31,5,2482,branch_from
192305,14,31,5,2166,branch_to
192622,14,31,5,2482,branch_from
192622,14,31,5,2166,branch_to
192939,14,31,5,2482,branch_from
192939,14,31,5,2166,branch_to
193256,14,31,5,2482,branch_from
193256,14,31,5,2166,branch_to
193573,14,31,5,2482,branch_from
193573,14,31,5,2166,branch_to
193890,14,31,5,2482,branch_from
193890,14,31,5,2166,branch_to
194207,14,31,5,2482,branch_from
194207,14,31,5,2166,branch_to
194524,14,31,5,2482,branch_from
194524,14,31,5,2166,branch_to
194841,14,31,5,2482,branch_from
194841,14,31,5,2166,branch_to
195159,14,31,5,2483,branch_from
195159,14,31,5,0,branch_to
195160,14,31,5,0,blocked
195260,14,31,5,0,unblocked
197742,14,31,5,2482,branch_from
197742,14,31,5,2166,branch_to
198059,14,31,5,2482,branch_from
198059,14,31,5,2166,branch_to
198376,14,31,5,2482,branch_from
198376,14,31,5,2166,branch_to
198693,14,31,5,2482,branch_from
198693,14,31,5,2166,branch_to
199010,14,31,5,2482,branch_from
199010,14,31,5,2166,branch_to
199327,14,31,5,2482,branch_from
199327,14,31,5,2166,branch_to
199644,14,31,5,2482,branch_from
199644,14,31,5,2166,branch_to
199961,14,31,5,2482,branch_from
199961,14,31,5,2166,branch_to
200278,14,31,5,2482,branch_from
200278,14,31,5,2166,branch_to
200595,14,31,5,2482,branch_from
200595,14,31,5,2166,branch_to
200912,14,31,5,2482,branch_from
200912,14,31,5,2166,branch_to
201229,14,31,5,2482,branch_from
201229,14,31,5,2166,branch_to
201546,14,31,5,2482,branch_from
201546,14,31,5,2166,branch_to
201863,14,31,5,2482,branch_from
201863,14,31,5,2166,branch_to
202180,14,31,5,2482,branch_from
202180,14,31,5,2166,branch_to
202497,14,31,5,2482,branch_from
202497,14,31,5,2166,branch_to
202814,14,31,5,2482,branch_from
202814,14,31,5,2166,branch_to
203131,14,31,5,2482,branch_from
203131,14,31,5,2166,branch_to
203448,14,31,5,2482,branch_from
203448,14,31,5,2166,branch_to
203765,14,31,5,2482,branch_from
203765,14,31,5,2166,branch_to
204082,14,31,5,2482,branch_from
204082,14,31,5,2166,branch_to
204400,14,31,5,2483,branch_from
204400,14,31,5,0,branch_to
204401,14,31,5,0,blocked
204501,14,31,5,0,unblocked
206983,14,31,5,2482,branch_from
206983,14,31,5,2166,branch_to
207300,14,31,5,2482,branch_from
207300,14,31,5,2166,branch_to
207617,14,31,5,2482,branch_from
207617,14,31,5,2166,branch_to
207934,14,31,5,2482,branch_from
207934,14,31,5,2166,branch_to
208251,14,31,5,2482,branch_from
208251,14,31,5,2166,branch_to
208568,14,31,5,2482,branch_from
208568,14,31,5,2166,branch_to
208885,14,31,5,2482,branch_from
208885,14,31,5,2166,branch_to
209202,14,31,5,2482,branch_from
209202,14,31,5,2166,branch_to
209519,14,31,5,2482,branch_from
209519,14,31,5,2166,branch_to
209836,14,31,5,2482,branch_from
209836,14,31,5,2166,branch_to
210153,14,31,5,2482,branch_from
210153,14,31,5,2166,branch_to
210470,14,31,5,2482,branch_from
210470,14,31,5,2166,branch_to
210787,14,31,5,2482,branch_from
210787,14,31,5,2166,branch_to
211104,14,31,5,2482,branch_from
211104,14,31,5,2166,branch_to
211421,14,31,5,2482,branch_from
211421,14,31,5,2166,branch_to
211738,14,31,5,2482,branch_from
211738,14,31,5,2166,branch_to
212057,14,31,5,2484,exit
212057,14,31,5,2484,unload
