0,0,0,0,0,out
0,0,1,0,0,out
0,0,2,0,0,out
0,0,3,0,0,out
0,0,4,0,0,out
0,0,5,0,0,out
0,0,6,0,0,out
0,0,7,0,0,out
0,0,8,0,0,out
0,0,9,0,0,out
0,0,10,0,0,out
0,0,11,0,0,out
0,0,12,0,0,out
0,0,13,0,0,out
0,0,14,0,0,out
0,0,15,0,0,out
0,0,16,0,0,out
0,0,17,0,0,out
0,0,18,0,0,out
0,0,19,0,0,out
0,1,0,1,5,out
0,1,1,1,5,out
0,1,2,1,5,out
0,1,3,1,5,out
0,1,4,1,5,out
0,1,5,1,5,out
0,1,6,1,5,out
0,1,7,1,5,out
0,1,8,1,5,out
0,1,9,1,5,out
0,1,10,1,5,out
0,1,11,1,5,out
0,1,12,1,5,out
0,1,13,1,5,out
0,1,14,1,5,out
0,1,15,1,5,out
0,1,16,1,5,out
0,1,17,1,5,out
0,1,18,1,5,out
0,1,19,1,5,out
0,2,0,2,3,out
0,2,1,2,3,out
0,2,2,2,3,out
0,2,3,2,3,out
0,2,4,2,3,out
0,2,5,2,3,out
0,2,6,2,3,out
0,2,7,2,3,out
0,2,8,2,3,out
0,2,9,2,3,out
0,2,10,2,3,out
0,2,11,2,3,out
0,2,12,2,3,out
0,2,13,2,3,out
0,2,14,2,3,out
0,2,15,2,3,out
0,2,16,2,3,out
0,2,17,2,3,out
0,2,18,2,3,out
0,2,19,2,3,out
0,3,0,3,5,out
0,3,1,3,5,out
0,3,2,3,5,out
0,3,3,3,5,out
0,3,4,3,5,out
0,3,5,3,5,out
0,3,6,3,5,out
0,3,7,3,5,out
0,3,8,3,5,out
0,3,9,3,5,out
0,3,10,3,5,out
0,3,11,3,5,out
0,3,12,3,5,out
0,3,13,3,5,out
0,3,14,3,5,out
0,3,15,3,5,out
0,3,16,3,5,out
0,3,17,3,5,out
0,3,18,3,5,out
0,3,19,3,5,out
0,4,0,4,3,out
0,4,1,4,3,out
0,4,2,4,3,out
0,4,3,4,3,out
0,4,4,4,3,out
0,4,5,4,3,out
0,4,6,4,3,out
0,4,7,4,3,out
0,4,8,4,3,out
0,4,9,4,3,out
0,4,10,4,3,out
0,4,11,4,3,out
0,4,12,4,3,out
0,4,13,4,3,out
0,4,14,4,3,out
0,4,15,4,3,out
0,4,16,4,3,out
0,4,17,4,3,out
0,4,18,4,3,out
0,4,19,4,3,out
0,5,0,5,3,out
0,5,1,5,3,out
0,5,2,5,3,out
0,5,3,5,3,out
0,5,4,5,3,out
0,5,5,5,3,out
0,5,6,5,3,out
0,5,7,5,3,out
0,5,8,5,3,out
0,5,9,5,3,out
0,5,10,5,3,out
0,5,11,5,3,out
0,5,12,5,3,out
0,5,13,5,3,out
0,5,14,5,3,out
0,5,15,5,3,out
0,5,16,5,3,out
0,5,17,5,3,out
0,5,18,5,3,out
0,5,19,5,3,out
0,6,0,6,0,out
0,6,1,6,0,out
0,6,2,6,0,out
0,6,3,6,0,out
0,6,4,6,0,out
0,6,5,6,0,out
0,6,6,6,0,out
0,6,7,6,0,out
0,6,8,6,0,out
0,6,9,6,0,out
0,6,10,6,0,out
0,6,11,6,0,out
0,6,12,6,0,out
0,6,13,6,0,out
0,6,14,6,0,out
0,6,15,6,0,out
0,6,16,6,0,out
0,6,17,6,0,out
0,6,18,6,0,out
0,6,19,6,0,out
0,7,0,7,7,out
0,7,1,7,7,out
0,7,2,7,7,out
0,7,3,7,7,out
0,7,4,7,7,out
0,7,5,7,7,out
0,7,6,7,7,out
0,7,7,7,7,out
0,7,8,7,7,out
0,7,9,7,7,out
0,7,10,7,7,out
0,7,11,7,7,out
0,7,12,7,7,out
0,7,13,7,7,out
0,7,14,7,7,out
0,7,15,7,7,out
0,7,16,7,7,out
0,7,17,7,7,out
0,7,18,7,7,out
0,7,19,7,7,out
0,8,0,8,3,out
0,8,1,8,3,out
0,8,2,8,3,out
0,8,3,8,3,out
0,8,4,8,3,out
0,8,5,8,3,out
0,8,6,8,3,out
0,8,7,8,3,out
0,8,8,8,3,out
0,8,9,8,3,out
0,8,10,8,3,out
0,8,11,8,3,out
0,8,12,8,3,out
0,8,13,8,3,out
0,8,14,8,3,out
0,8,15,8,3,out
0,8,16,8,3,out
0,8,17,8,3,out
0,8,18,8,3,out
0,8,19,8,3,out
0,9,0,9,2,out
0,9,1,9,2,out
0,9,2,9,2,out
0,9,3,9,2,out
0,9,4,9,2,out
0,9,5,9,2,out
0,9,6,9,2,out
0,9,7,9,2,out
0,9,8,9,2,out
0,9,9,9,2,out
0,9,10,9,2,out
0,9,11,9,2,out
0,9,12,9,2,out
0,9,13,9,2,out
0,9,14,9,2,out
0,9,15,9,2,out
0,9,16,9,2,out
0,9,17,9,2,out
0,9,18,9,2,out
0,9,19,9,2,out
0,10,0,10,6,out
0,10,1,10,6,out
0,10,2,10,6,out
0,10,3,10,6,out
0,10,4,10,6,out
0,10,5,10,6,out
0,10,6,10,6,out
0,10,7,10,6,out
0,10,8,10,6,out
0,10,9,10,6,out
0,10,10,10,6,out
0,10,11,10,6,out
0,10,12,10,6,out
0,10,13,10,6,out
0,10,14,10,6,out
0,10,15,10,6,out
0,10,16,10,6,out
0,10,17,10,6,out
0,10,18,10,6,out
0,10,19,10,6,out
0,11,0,11,2,out
0,11,1,11,2,out
0,11,2,11,2,out
0,11,3,11,2,out
0,11,4,11,2,out
0,11,5,11,2,out
0,11,6,11,2,out
0,11,7,11,2,out
0,11,8,11,2,out
0,11,9,11,2,out
0,11,10,11,2,out
0,11,11,11,2,out
0,11,12,11,2,out
0,11,13,11,2,out
0,11,14,11,2,out
0,11,15,11,2,out
0,11,16,11,2,out
0,11,17,11,2,out
0,11,18,11,2,out
0,11,19,11,2,out
0,12,0,12,4,out
0,12,1,12,4,out
0,12,2,12,4,out
0,12,3,12,4,out
0,12,4,12,4,out
0,12,5,12,4,out
0,12,6,12,4,out
0,12,7,12,4,out
0,12,8,12,4,out
0,12,9,12,4,out
0,12,10,12,4,out
0,12,11,12,4,out
0,12,12,12,4,out
0,12,13,12,4,out
0,12,14,12,4,out
0,12,15,12,4,out
0,12,16,12,4,out
0,12,17,12,4,out
0,12,18,12,4,out
0,12,19,12,4,out
0,13,0,13,4,out
0,13,1,13,4,out
0,13,2,13,4,out
0,13,3,13,4,out
0,13,4,13,4,out
0,13,5,13,4,out
0,13,6,13,4,out
0,13,7,13,4,out
0,13,8,13,4,out
0,13,9,13,4,out
0,13,10,13,4,out
0,13,11,13,4,out
0,13,12,13,4,out
0,13,13,13,4,out
0,13,14,13,4,out
0,13,15,13,4,out
0,13,16,13,4,out
0,13,17,13,4,out
0,13,18,13,4,out
0,13,19,13,4,out
0,14,0,14,8,out
0,14,1,14,8,out
0,14,2,14,8,out
0,14,3,14,8,out
0,14,4,14,8,out
0,14,5,14,8,out
0,14,6,14,8,out
0,14,7,14,8,out
0,14,8,14,8,out
0,14,9,14,8,out
0,14,10,14,8,out
0,14,11,14,8,out
0,14,12,14,8,out
0,14,13,14,8,out
0,14,14,14,8,out
0,14,15,14,8,out
0,14,16,14,8,out
0,14,17,14,8,out
0,14,18,14,8,out
0,14,19,14,8,out
0,15,0,15,6,out
0,15,1,15,6,out
0,15,2,15,6,out
0,15,3,15,6,out
0,15,4,15,6,out
0,15,5,15,6,out
0,15,6,15,6,out
0,15,7,15,6,out
0,15,8,15,6,out
0,15,9,15,6,out
0,15,10,15,6,out
0,15,11,15,6,out
0,15,12,15,6,out
0,15,13,15,6,out
0,15,14,15,6,out
0,15,15,15,6,out
0,15,16,15,6,out
0,15,17,15,6,out
0,15,18,15,6,out
0,15,19,15,6,out
0,16,0,16,2,out
0,16,1,16,2,out
0,16,2,16,2,out
0,16,3,16,2,out
0,16,4,16,2,out
0,16,5,16,2,out
0,16,6,16,2,out
0,16,7,16,2,out
0,16,8,16,2,out
0,16,9,16,2,out
0,16,10,16,2,out
0,16,11,16,2,out
0,16,12,16,2,out
0,16,13,16,2,out
0,16,14,16,2,out
0,16,15,16,2,out
0,16,16,16,2,out
0,16,17,16,2,out
0,16,18,16,2,out
0,16,19,16,2,out
0,17,0,17,9,out
0,17,1,17,9,out
0,17,2,17,9,out
0,17,3,17,9,out
0,17,4,17,9,out
0,17,5,17,9,out
0,17,6,17,9,out
0,17,7,17,9,out
0,17,8,17,9,out
0,17,9,17,9,out
0,17,10,17,9,out
0,17,11,17,9,out
0,17,12,17,9,out
0,17,13,17,9,out
0,17,14,17,9,out
0,17,15,17,9,out
0,17,16,17,9,out
0,17,17,17,9,out
0,17,18,17,9,out
0,17,19,17,9,out
0,18,0,18,7,out
0,18,1,18,7,out
0,18,2,18,7,out
0,18,3,18,7,out
0,18,4,18,7,out
0,18,5,18,7,out
0,18,6,18,7,out
0,18,7,18,7,out
0,18,8,18,7,out
0,18,9,18,7,out
0,18,10,18,7,out
0,18,11,18,7,out
0,18,12,18,7,out
0,18,13,18,7,out
0,18,14,18,7,out
0,18,15,18,7,out
0,18,16,18,7,out
0,18,17,18,7,out
0,18,18,18,7,out
0,18,19,18,7,out
0,19,0,19,5,out
0,19,1,19,5,out
0,19,2,19,5,out
0,19,3,19,5,out
0,19,4,19,5,out
0,19,5,19,5,out
0,19,6,19,5,out
0,19,7,19,5,out
0,19,8,19,5,out
0,19,9,19,5,out
0,19,10,19,5,out
0,19,11,19,5,out
0,19,12,19,5,out
0,19,13,19,5,out
0,19,14,19,5,out
0,19,15,19,5,out
0,19,16,19,5,out
0,19,17,19,5,out
0,19,18,19,5,out
0,19,19,19,5,out
0,0,0,0,0,coming
0,1,0,1,5,coming
0,2,0,2,3,coming
0,3,0,3,5,coming
0,4,0,4,3,coming
0,5,0,5,3,coming
0,6,0,6,0,coming
0,7,0,7,7,coming
0,8,0,8,3,coming
0,9,0,9,2,coming
0,10,0,10,6,coming
0,11,0,11,2,coming
0,12,0,12,4,coming
0,13,0,13,4,coming
0,14,0,14,8,coming
0,15,0,15,6,coming
0,16,0,16,2,coming
0,17,0,17,9,coming
0,18,0,18,7,coming
0,19,0,19,5,coming
2,0,1,0,0,coming
2,1,1,1,5,coming
2,2,1,2,3,coming
2,3,1,3,5,coming
2,4,1,4,3,coming
2,5,1,5,3,coming
2,6,1,6,0,coming
2,7,1,7,7,coming
2,8,1,8,3,coming
2,9,1,9,2,coming
2,10,1,10,6,coming
2,11,1,11,2,coming
2,12,1,12,4,coming
2,13,1,13,4,coming
2,14,1,14,8,coming
2,15,1,15,6,coming
2,16,1,16,2,coming
2,17,1,17,9,coming
2,18,1,18,7,coming
2,19,1,19,5,coming
100,0,0,0,0,in
100,1,0,1,5,in
100,2,0,2,3,in
100,3,0,3,5,in
100,4,0,4,3,in
100,5,0,5,3,in
100,6,0,6,0,in
100,7,0,7,7,in
100,8,0,8,3,in
100,9,0,9,2,in
100,10,0,10,6,in
100,11,0,11,2,in
100,12,0,12,4,in
100,13,0,13,4,in
100,14,0,14,8,in
100,15,0,15,6,in
100,16,0,16,2,in
100,17,0,17,9,in
100,18,0,18,7,in
100,19,0,19,5,in
102,0,1,0,0,in
102,1,1,1,5,in
102,2,1,2,3,in
102,3,1,3,5,in
102,4,1,4,3,in
102,5,1,5,3,in
102,6,1,6,0,in
102,7,1,7,7,in
102,8,1,8,3,in
102,9,1,9,2,in
102,10,1,10,6,in
102,11,1,11,2,in
102,12,1,12,4,in
102,13,1,13,4,in
102,14,1,14,8,in
102,15,1,15,6,in
102,16,1,16,2,in
102,17,1,17,9,in
102,18,1,18,7,in
102,19,1,19,5,in
228,0,2,0,0,coming
228,1,2,1,5,coming
228,2,2,2,3,coming
228,3,2,3,5,coming
228,4,2,4,3,coming
228,5,2,5,3,coming
228,6,2,6,0,coming
228,8,2,8,3,coming
228,9,2,9,2,coming
228,11,2,11,2,coming
228,12,2,12,4,coming
228,13,2,13,4,coming
228,14,2,14,8,coming
228,16,2,16,2,coming
228,17,2,17,9,coming
228,19,2,19,5,coming
229,7,2,7,7,coming
229,10,2,10,6,coming
229,15,2,15,6,coming
229,18,2,18,7,coming
328,0,2,0,0,in
328,1,2,1,5,in
328,2,2,2,3,in
328,3,2,3,5,in
328,4,2,4,3,in
328,5,2,5,3,in
328,6,2,6,0,in
328,8,2,8,3,in
328,9,2,9,2,in
328,11,2,11,2,in
328,12,2,12,4,in
328,13,2,13,4,in
328,14,2,14,8,in
328,16,2,16,2,in
328,17,2,17,9,in
328,19,2,19,5,in
329,7,2,7,7,in
329,10,2,10,6,in
329,15,2,15,6,in
329,18,2,18,7,in
356,0,3,0,0,coming
356,1,3,1,5,coming
356,2,3,2,3,coming
356,3,3,3,5,coming
356,4,3,4,3,coming
356,5,3,5,3,coming
356,6,3,6,0,coming
356,8,3,8,3,coming
356,9,3,9,2,coming
356,11,3,11,2,coming
356,12,3,12,4,coming
356,13,3,13,4,coming
356,14,3,14,8,coming
356,16,3,16,2,coming
356,17,3,17,9,coming
356,19,3,19,5,coming
357,7,3,7,7,coming
357,10,3,10,6,coming
357,15,3,15,6,coming
357,18,3,18,7,coming
456,0,3,0,0,in
456,1,3,1,5,in
456,2,3,2,3,in
456,3,3,3,5,in
456,4,3,4,3,in
456,5,3,5,3,in
456,6,3,6,0,in
456,8,3,8,3,in
456,9,3,9,2,in
456,11,3,11,2,in
456,12,3,12,4,in
456,13,3,13,4,in
456,14,3,14,8,in
456,16,3,16,2,in
456,17,3,17,9,in
456,19,3,19,5,in
457,7,3,7,7,in
457,10,3,10,6,in
457,15,3,15,6,in
457,18,3,18,7,in
484,0,4,0,0,coming
484,1,4,1,5,coming
484,2,4,2,3,coming
484,3,4,3,5,coming
484,4,4,4,3,coming
484,5,4,5,3,coming
484,6,4,6,0,coming
484,8,4,8,3,coming
484,9,4,9,2,coming
484,11,4,11,2,coming
484,12,4,12,4,coming
484,13,4,13,4,coming
484,14,4,14,8,coming
484,16,4,16,2,coming
484,17,4,17,9,coming
484,19,4,19,5,coming
485,7,4,7,7,coming
485,10,4,10,6,coming
485,15,4,15,6,coming
485,18,4,18,7,coming
584,0,4,0,0,in
584,1,4,1,5,in
584,2,4,2,3,in
584,3,4,3,5,in
584,4,4,4,3,in
584,5,4,5,3,in
584,6,4,6,0,in
584,8,4,8,3,in
584,9,4,9,2,in
584,11,4,11,2,in
584,12,4,12,4,in
584,13,4,13,4,in
584,14,4,14,8,in
584,16,4,16,2,in
584,17,4,17,9,in
584,19,4,19,5,in
585,7,4,7,7,in
585,10,4,10,6,in
585,15,4,15,6,in
585,18,4,18,7,in
1280,0,1,0,0,going
1280,0,2,0,0,going
1280,0,3,0,0,going
1280,0,4,0,0,going
1280,1,1,1,5,going
1280,1,2,1,5,going
1280,1,3,1,5,going
1280,1,4,1,5,going
1280,2,1,2,3,going
1280,2,2,2,3,going
1280,2,3,2,3,going
1280,2,4,2,3,going
1280,3,1,3,5,going
1280,3,2,3,5,going
1280,3,3,3,5,going
1280,3,4,3,5,going
1280,4,1,4,3,going
1280,4,2,4,3,going
1280,4,3,4,3,going
1280,4,4,4,3,going
1280,5,1,5,3,going
1280,5,2,5,3,going
1280,5,3,5,3,going
1280,5,4,5,3,going
1280,6,1,6,0,going
1280,6,2,6,0,going
1280,6,3,6,0,going
1280,6,4,6,0,going
1280,7,1,7,7,going
1280,7,2,7,7,going
1280,7,3,7,7,going
1280,7,4,7,7,going
1280,8,1,8,3,going
1280,8,2,8,3,going
1280,8,3,8,3,going
1280,8,4,8,3,going
1280,9,1,9,2,going
1280,9,2,9,2,going
1280,9,3,9,2,going
1280,9,4,9,2,going
1280,10,1,10,6,going
1280,10,2,10,6,going
1280,10,3,10,6,going
1280,10,4,10,6,going
1280,11,1,11,2,going
1280,11,2,11,2,going
1280,11,3,11,2,going
1280,11,4,11,2,going
1280,12,1,12,4,going
1280,12,2,12,4,going
1280,12,3,12,4,going
1280,12,4,12,4,going
1280,13,1,13,4,going
1280,13,2,13,4,going
1280,13,3,13,4,going
1280,13,4,13,4,going
1280,14,1,14,8,going
1280,14,2,14,8,going
1280,14,3,14,8,going
1280,14,4,14,8,going
1280,15,1,15,6,going
1280,15,2,15,6,going
1280,15,3,15,6,going
1280,15,4,15,6,going
1280,16,1,16,2,going
1280,16,2,16,2,going
1280,16,3,16,2,going
1280,16,4,16,2,going
1280,17,1,17,9,going
1280,17,2,17,9,going
1280,17,3,17,9,going
1280,17,4,17,9,going
1280,18,1,18,7,going
1280,18,2,18,7,going
1280,18,3,18,7,going
1280,18,4,18,7,going
1280,19,1,19,5,going
1280,19,2,19,5,going
1280,19,3,19,5,going
1280,19,4,19,5,going
1380,0,1,0,0,out
1380,0,2,0,0,out
1380,0,3,0,0,out
1380,0,4,0,0,out
1380,1,1,1,5,out
1380,1,2,1,5,out
1380,1,3,1,5,out
1380,1,4,1,5,out
1380,2,1,2,3,out
1380,2,2,2,3,out
1380,2,3,2,3,out
1380,2,4,2,3,out
1380,3,1,3,5,out
1380,3,2,3,5,out
1380,3,3,3,5,out
1380,3,4,3,5,out
1380,4,1,4,3,out
1380,4,2,4,3,out
1380,4,3,4,3,out
1380,4,4,4,3,out
1380,5,1,5,3,out
1380,5,2,5,3,out
1380,5,3,5,3,out
1380,5,4,5,3,out
1380,6,1,6,0,out
1380,6,2,6,0,out
1380,6,3,6,0,out
1380,6,4,6,0,out
1380,7,1,7,7,out
1380,7,2,7,7,out
1380,7,3,7,7,out
1380,7,4,7,7,out
1380,8,1,8,3,out
1380,8,2,8,3,out
1380,8,3,8,3,out
1380,8,4,8,3,out
1380,9,1,9,2,out
1380,9,2,9,2,out
1380,9,3,9,2,out
1380,9,4,9,2,out
1380,10,1,10,6,out
1380,10,2,10,6,out
1380,10,3,10,6,out
1380,10,4,10,6,out
1380,11,1,11,2,out
1380,11,2,11,2,out
1380,11,3,11,2,out
1380,11,4,11,2,out
1380,12,1,12,4,out
1380,12,2,12,4,out
1380,12,3,12,4,out
1380,12,4,12,4,out
1380,13,1,13,4,out
1380,13,2,13,4,out
1380,13,3,13,4,out
1380,13,4,13,4,out
1380,14,1,14,8,out
1380,14,2,14,8,out
1380,14,3,14,8,out
1380,14,4,14,8,out
1380,15,1,15,6,out
1380,15,2,15,6,out
1380,15,3,15,6,out
1380,15,4,15,6,out
1380,16,1,16,2,out
1380,16,2,16,2,out
1380,16,3,16,2,out
1380,16,4,16,2,out
1380,17,1,17,9,out
1380,17,2,17,9,out
1380,17,3,17,9,out
1380,17,4,17,9,out
1380,18,1,18,7,out
1380,18,2,18,7,out
1380,18,3,18,7,out
1380,18,4,18,7,out
1380,19,1,19,5,out
1380,19,2,19,5,out
1380,19,3,19,5,out
1380,19,4,19,5,out
1380,0,5,0,0,coming
1380,0,6,0,0,coming
1380,1,5,1,5,coming
1380,1,6,1,5,coming
1380,2,5,2,3,coming
1380,2,6,2,3,coming
1380,3,5,3,5,coming
1380,3,6,3,5,coming
1380,4,5,4,3,coming
1380,4,6,4,3,coming
1380,5,5,5,3,coming
1380,5,6,5,3,coming
1380,6,5,6,0,coming
1380,6,6,6,0,coming
1380,7,5,7,7,coming
1380,7,6,7,7,coming
1380,8,5,8,3,coming
1380,8,6,8,3,coming
1380,9,5,9,2,coming
1380,9,6,9,2,coming
1380,10,5,10,6,coming
1380,10,6,10,6,coming
1380,11,5,11,2,coming
1380,11,6,11,2,coming
1380,12,5,12,4,coming
1380,12,6,12,4,coming
1380,13,5,13,4,coming
1380,13,6,13,4,coming
1380,14,5,14,8,coming
1380,14,6,14,8,coming
1380,15,5,15,6,coming
1380,15,6,15,6,coming
1380,16,5,16,2,coming
1380,16,6,16,2,coming
1380,17,5,17,9,coming
1380,17,6,17,9,coming
1380,18,5,18,7,coming
1380,18,6,18,7,coming
1380,19,5,19,5,coming
1380,19,6,19,5,coming
1480,0,5,0,0,in
1480,0,6,0,0,in
1480,1,5,1,5,in
1480,1,6,1,5,in
1480,2,5,2,3,in
1480,2,6,2,3,in
1480,3,5,3,5,in
1480,3,6,3,5,in
1480,4,5,4,3,in
1480,4,6,4,3,in
1480,5,5,5,3,in
1480,5,6,5,3,in
1480,6,5,6,0,in
1480,6,6,6,0,in
1480,7,5,7,7,in
1480,7,6,7,7,in
1480,8,5,8,3,in
1480,8,6,8,3,in
1480,9,5,9,2,in
1480,9,6,9,2,in
1480,10,5,10,6,in
1480,10,6,10,6,in
1480,11,5,11,2,in
1480,11,6,11,2,in
1480,12,5,12,4,in
1480,12,6,12,4,in
1480,13,5,13,4,in
1480,13,6,13,4,in
1480,14,5,14,8,in
1480,14,6,14,8,in
1480,15,5,15,6,in
1480,15,6,15,6,in
1480,16,5,16,2,in
1480,16,6,16,2,in
1480,17,5,17,9,in
1480,17,6,17,9,in
1480,18,5,18,7,in
1480,18,6,18,7,in
1480,19,5,19,5,in
1480,19,6,19,5,in
1542,14,6,14,8,going
1542,14,1,14,8,coming
1608,0,7,0,0,coming
1608,1,7,1,5,coming
1608,2,7,2,3,coming
1608,3,7,3,5,coming
1608,4,7,4,3,coming
1608,5,7,5,3,coming
1608,6,7,6,0,coming
1608,7,7,7,7,coming
1608,8,7,8,3,coming
1608,9,7,9,2,coming
1608,10,7,10,6,coming
1608,11,7,11,2,coming
1608,12,7,12,4,coming
1608,13,7,13,4,coming
1608,15,7,15,6,coming
1608,16,7,16,2,coming
1608,17,7,17,9,coming
1608,18,7,18,7,coming
1608,19,7,19,5,coming
1642,14,1,14,8,in
1642,14,6,14,8,out
1670,14,2,14,8,coming
1708,0,7,0,0,in
1708,1,7,1,5,in
1708,2,7,2,3,in
1708,3,7,3,5,in
1708,4,7,4,3,in
1708,5,7,5,3,in
1708,6,7,6,0,in
1708,7,7,7,7,in
1708,8,7,8,3,in
1708,9,7,9,2,in
1708,10,7,10,6,in
1708,11,7,11,2,in
1708,12,7,12,4,in
1708,13,7,13,4,in
1708,15,7,15,6,in
1708,16,7,16,2,in
1708,17,7,17,9,in
1708,18,7,18,7,in
1708,19,7,19,5,in
1736,0,6,0,0,going
1736,0,8,0,0,coming
1736,1,6,1,5,going
1736,1,8,1,5,coming
1736,2,6,2,3,going
1736,2,8,2,3,coming
1736,3,6,3,5,going
1736,3,8,3,5,coming
1736,4,6,4,3,going
1736,4,8,4,3,coming
1736,5,6,5,3,going
1736,5,8,5,3,coming
1736,6,6,6,0,going
1736,6,8,6,0,coming
1736,7,6,7,7,going
1736,7,8,7,7,coming
1736,8,6,8,3,going
1736,8,8,8,3,coming
1736,9,6,9,2,going
1736,9,8,9,2,coming
1736,10,6,10,6,going
1736,10,8,10,6,coming
1736,11,6,11,2,going
1736,11,8,11,2,coming
1736,12,6,12,4,going
1736,12,8,12,4,coming
1736,13,6,13,4,going
1736,13,8,13,4,coming
1736,15,6,15,6,going
1736,15,8,15,6,coming
1736,16,6,16,2,going
1736,16,8,16,2,coming
1736,17,6,17,9,going
1736,17,8,17,9,coming
1736,18,6,18,7,going
1736,18,8,18,7,coming
1736,19,6,19,5,going
1736,19,8,19,5,coming
1752,10,0,10,6,out
1752,10,1,10,6,out
1752,10,2,10,6,out
1752,10,3,10,6,out
1752,10,4,10,6,out
1752,10,5,10,6,out
1752,10,6,10,6,out
1752,10,7,10,6,out
1752,10,8,10,6,out
1752,10,9,10,6,out
1752,10,10,10,6,out
1752,10,11,10,6,out
1752,10,12,10,6,out
1752,10,13,10,6,out
1752,10,14,10,6,out
1752,10,15,10,6,out
1752,10,16,10,6,out
1752,10,17,10,6,out
1752,10,18,10,6,out
1752,10,19,10,6,out
1752,15,0,15,6,out
1752,15,1,15,6,out
1752,15,2,15,6,out
1752,15,3,15,6,out
1752,15,4,15,6,out
1752,15,5,15,6,out
1752,15,6,15,6,out
1752,15,7,15,6,out
1752,15,8,15,6,out
1752,15,9,15,6,out
1752,15,10,15,6,out
1752,15,11,15,6,out
1752,15,12,15,6,out
1752,15,13,15,6,out
1752,15,14,15,6,out
1752,15,15,15,6,out
1752,15,16,15,6,out
1752,15,17,15,6,out
1752,15,18,15,6,out
1752,15,19,15,6,out
1752,10,0,20,2,coming
1752,10,1,20,2,coming
1752,10,5,20,2,coming
1752,15,0,21,8,coming
1752,15,1,21,8,coming
1752,15,5,21,8,coming
1770,14,2,14,8,in
1798,14,3,14,8,coming
1836,0,6,0,0,out
1836,0,8,0,0,in
1836,1,6,1,5,out
1836,1,8,1,5,in
1836,2,6,2,3,out
1836,2,8,2,3,in
1836,3,6,3,5,out
1836,3,8,3,5,in
1836,4,6,4,3,out
1836,4,8,4,3,in
1836,5,6,5,3,out
1836,5,8,5,3,in
1836,6,6,6,0,out
1836,6,8,6,0,in
1836,7,6,7,7,out
1836,7,8,7,7,in
1836,8,6,8,3,out
1836,8,8,8,3,in
1836,9,6,9,2,out
1836,9,8,9,2,in
1836,11,6,11,2,out
1836,11,8,11,2,in
1836,12,6,12,4,out
1836,12,8,12,4,in
1836,13,6,13,4,out
1836,13,8,13,4,in
1836,16,6,16,2,out
1836,16,8,16,2,in
1836,17,6,17,9,out
1836,17,8,17,9,in
1836,18,6,18,7,out
1836,18,8,18,7,in
1836,19,6,19,5,out
1836,19,8,19,5,in
1852,10,0,20,2,in
1852,10,1,20,2,in
1852,10,5,20,2,in
1852,15,0,21,8,in
1852,15,1,21,8,in
1852,15,5,21,8,in
1864,0,7,0,0,going
1864,0,9,0,0,coming
1864,1,7,1,5,going
1864,1,9,1,5,coming
1864,2,7,2,3,going
1864,2,9,2,3,coming
1864,3,7,3,5,going
1864,3,9,3,5,coming
1864,4,7,4,3,going
1864,4,9,4,3,coming
1864,5,7,5,3,going
1864,5,9,5,3,coming
1864,6,7,6,0,going
1864,6,9,6,0,coming
1864,7,7,7,7,going
1864,7,9,7,7,coming
1864,8,7,8,3,going
1864,8,9,8,3,coming
1864,9,7,9,2,going
1864,9,9,9,2,coming
1864,11,7,11,2,going
1864,11,9,11,2,coming
1864,12,7,12,4,going
1864,12,9,12,4,coming
1864,13,7,13,4,going
1864,13,9,13,4,coming
1864,16,7,16,2,going
1864,16,9,16,2,coming
1864,17,7,17,9,going
1864,17,9,17,9,coming
1864,18,7,18,7,going
1864,18,9,18,7,coming
1864,19,7,19,5,going
1864,19,9,19,5,coming
1898,14,3,14,8,in
1926,14,4,14,8,coming
1964,0,7,0,0,out
1964,0,9,0,0,in
1964,1,7,1,5,out
1964,1,9,1,5,in
1964,2,7,2,3,out
1964,2,9,2,3,in
1964,3,7,3,5,out
1964,3,9,3,5,in
1964,4,7,4,3,out
1964,4,9,4,3,in
1964,5,7,5,3,out
1964,5,9,5,3,in
1964,6,7,6,0,out
1964,6,9,6,0,in
1964,7,7,7,7,out
1964,7,9,7,7,in
1964,8,7,8,3,out
1964,8,9,8,3,in
1964,9,7,9,2,out
1964,9,9,9,2,in
1964,11,7,11,2,out
1964,11,9,11,2,in
1964,12,7,12,4,out
1964,12,9,12,4,in
1964,13,7,13,4,out
1964,13,9,13,4,in
1964,16,7,16,2,out
1964,16,9,16,2,in
1964,17,7,17,9,out
1964,17,9,17,9,in
1964,18,7,18,7,out
1964,18,9,18,7,in
1964,19,7,19,5,out
1964,19,9,19,5,in
1980,10,2,20,2,coming
1980,15,2,21,8,coming
1992,0,8,0,0,going
1992,0,10,0,0,coming
1992,1,8,1,5,going
1992,1,10,1,5,coming
1992,2,8,2,3,going
1992,2,10,2,3,coming
1992,3,8,3,5,going
1992,3,10,3,5,coming
1992,4,8,4,3,going
1992,4,10,4,3,coming
1992,5,8,5,3,going
1992,5,10,5,3,coming
1992,6,8,6,0,going
1992,6,10,6,0,coming
1992,7,8,7,7,going
1992,7,10,7,7,coming
1992,8,8,8,3,going
1992,8,10,8,3,coming
1992,9,8,9,2,going
1992,9,10,9,2,coming
1992,11,8,11,2,going
1992,11,10,11,2,coming
1992,12,8,12,4,going
1992,12,10,12,4,coming
1992,13,8,13,4,going
1992,13,10,13,4,coming
1992,16,8,16,2,going
1992,16,10,16,2,coming
1992,17,8,17,9,going
1992,17,10,17,9,coming
1992,18,8,18,7,going
1992,18,10,18,7,coming
1992,19,8,19,5,going
1992,19,10,19,5,coming
2026,14,4,14,8,in
2080,10,2,20,2,in
2080,15,2,21,8,in
2092,0,8,0,0,out
2092,0,10,0,0,in
2092,1,8,1,5,out
2092,1,10,1,5,in
2092,2,8,2,3,out
2092,2,10,2,3,in
2092,3,8,3,5,out
2092,3,10,3,5,in
2092,4,8,4,3,out
2092,4,10,4,3,in
2092,5,8,5,3,out
2092,5,10,5,3,in
2092,6,8,6,0,out
2092,6,10,6,0,in
2092,7,8,7,7,out
2092,7,10,7,7,in
2092,8,8,8,3,out
2092,8,10,8,3,in
2092,9,8,9,2,out
2092,9,10,9,2,in
2092,11,8,11,2,out
2092,11,10,11,2,in
2092,12,8,12,4,out
2092,12,10,12,4,in
2092,13,8,13,4,out
2092,13,10,13,4,in
2092,16,8,16,2,out
2092,16,10,16,2,in
2092,17,8,17,9,out
2092,17,10,17,9,in
2092,18,8,18,7,out
2092,18,10,18,7,in
2092,19,8,19,5,out
2092,19,10,19,5,in
2108,10,3,20,2,coming
2108,15,3,21,8,coming
2120,0,9,0,0,going
2120,0,11,0,0,coming
2120,1,9,1,5,going
2120,1,11,1,5,coming
2120,2,9,2,3,going
2120,2,11,2,3,coming
2120,3,9,3,5,going
2120,3,11,3,5,coming
2120,4,9,4,3,going
2120,4,11,4,3,coming
2120,5,9,5,3,going
2120,5,11,5,3,coming
2120,6,9,6,0,going
2120,6,11,6,0,coming
2120,7,9,7,7,going
2120,7,11,7,7,coming
2120,8,9,8,3,going
2120,8,11,8,3,coming
2120,9,9,9,2,going
2120,9,11,9,2,coming
2120,11,9,11,2,going
2120,11,11,11,2,coming
2120,12,9,12,4,going
2120,12,11,12,4,coming
2120,13,9,13,4,going
2120,13,11,13,4,coming
2120,16,9,16,2,going
2120,16,11,16,2,coming
2120,17,9,17,9,going
2120,17,11,17,9,coming
2120,18,9,18,7,going
2120,18,11,18,7,coming
2120,19,9,19,5,going
2123,12,10,12,4,going
2123,13,10,13,4,going
2124,12,0,12,4,going
2124,13,0,13,4,going
2128,12,5,12,4,going
2128,13,5,13,4,going
2142,0,10,0,0,going
2142,6,10,6,0,going
2208,10,3,20,2,in
2208,15,3,21,8,in
2220,0,9,0,0,out
2220,0,11,0,0,in
2220,1,9,1,5,out
2220,1,11,1,5,in
2220,2,9,2,3,out
2220,2,11,2,3,in
2220,3,9,3,5,out
2220,3,11,3,5,in
2220,4,9,4,3,out
2220,4,11,4,3,in
2220,5,9,5,3,out
2220,5,11,5,3,in
2220,6,9,6,0,out
2220,6,11,6,0,in
2220,7,9,7,7,out
2220,7,11,7,7,in
2220,8,9,8,3,out
2220,8,11,8,3,in
2220,9,9,9,2,out
2220,9,11,9,2,in
2220,11,9,11,2,out
2220,11,11,11,2,in
2220,12,9,12,4,out
2220,12,11,12,4,in
2220,13,9,13,4,out
2220,13,11,13,4,in
2220,16,9,16,2,out
2220,16,11,16,2,in
2220,17,9,17,9,out
2220,17,11,17,9,in
2220,18,9,18,7,out
2220,18,11,18,7,in
2220,19,9,19,5,out
2220,0,12,0,0,coming
2220,6,12,6,0,coming
2220,12,11,12,4,going
2220,12,8,12,4,coming
2220,12,9,12,4,coming
2220,13,11,13,4,going
2220,13,8,13,4,coming
2220,13,9,13,4,coming
2220,14,6,14,8,coming
2220,19,11,19,5,coming
2221,0,11,0,0,going
2221,0,1,0,0,coming
2221,6,11,6,0,going
2221,6,1,6,0,coming
2223,12,10,12,4,out
2223,13,10,13,4,out
2224,12,0,12,4,out
2224,13,0,13,4,out
2228,12,5,12,4,out
2228,13,5,13,4,out
2236,10,4,20,2,coming
2236,15,4,21,8,coming
2242,0,10,0,0,out
2242,6,10,6,0,out
2248,1,10,1,5,going
2248,1,12,1,5,coming
2248,2,10,2,3,going
2248,2,12,2,3,coming
2248,3,10,3,5,going
2248,3,12,3,5,coming
2248,4,10,4,3,going
2248,4,12,4,3,coming
2248,5,10,5,3,going
2248,5,12,5,3,coming
2248,7,10,7,7,going
2248,7,12,7,7,coming
2248,8,10,8,3,going
2248,8,12,8,3,coming
2248,9,10,9,2,going
2248,9,12,9,2,coming
2248,11,10,11,2,going
2248,11,12,11,2,coming
2248,16,10,16,2,going
2248,16,12,16,2,coming
2248,17,10,17,9,going
2248,17,12,17,9,coming
2248,18,10,18,7,going
2248,18,12,18,7,coming
2248,19,10,19,5,going
2248,19,12,19,5,coming
2270,9,11,9,2,going
2270,11,11,11,2,going
2270,16,11,16,2,going
2280,1,0,1,5,going
2280,2,0,2,3,going
2280,3,0,3,5,going
2280,4,0,4,3,going
2280,5,0,5,3,going
2280,8,0,8,3,going
2280,17,0,17,9,going
2280,19,0,19,5,going
2290,7,0,7,7,going
2290,18,0,18,7,going
2320,0,12,0,0,in
2320,6,12,6,0,in
2320,12,8,12,4,in
2320,12,9,12,4,in
2320,12,11,12,4,out
2320,13,8,13,4,in
2320,13,9,13,4,in
2320,13,11,13,4,out
2320,14,6,14,8,in
2320,19,11,19,5,in
2320,0,12,0,0,going
2320,6,12,6,0,going
2320,9,1,9,2,coming
2320,11,1,11,2,coming
2320,14,6,14,8,going
2321,0,1,0,0,in
2321,0,11,0,0,out
2321,6,1,6,0,in
2321,6,11,6,0,out
2321,16,1,16,2,coming
2336,10,4,20,2,in
2336,15,4,21,8,in
2342,17,11,17,9,going
2342,17,1,17,9,coming
2346,17,5,17,9,going
2348,1,10,1,5,out
2348,1,12,1,5,in
2348,2,10,2,3,out
2348,2,12,2,3,in
2348,3,10,3,5,out
2348,3,12,3,5,in
2348,4,10,4,3,out
2348,4,12,4,3,in
2348,5,10,5,3,out
2348,5,12,5,3,in
2348,7,10,7,7,out
2348,7,12,7,7,in
2348,8,10,8,3,out
2348,8,12,8,3,in
2348,9,10,9,2,out
2348,9,12,9,2,in
2348,11,10,11,2,out
2348,11,12,11,2,in
2348,16,10,16,2,out
2348,16,12,16,2,in
2348,17,10,17,9,out
2348,17,12,17,9,in
2348,18,10,18,7,out
2348,18,12,18,7,in
2348,19,10,19,5,out
2348,19,12,19,5,in
2348,9,12,9,2,going
2348,11,12,11,2,going
2348,16,12,16,2,going
2348,17,12,17,9,going
2349,0,2,0,0,coming
2349,6,2,6,0,coming
2370,9,11,9,2,out
2370,11,11,11,2,out
2370,16,11,16,2,out
2376,1,11,1,5,going
2376,1,13,1,5,coming
2376,2,11,2,3,going
2376,2,13,2,3,coming
2376,3,11,3,5,going
2376,3,13,3,5,coming
2376,4,11,4,3,going
2376,4,13,4,3,coming
2376,5,11,5,3,going
2376,5,13,5,3,coming
2376,7,11,7,7,going
2376,7,13,7,7,coming
2376,8,11,8,3,going
2376,8,13,8,3,coming
2376,18,11,18,7,going
2376,18,13,18,7,coming
2380,1,0,1,5,out
2380,2,0,2,3,out
2380,3,0,3,5,out
2380,4,0,4,3,out
2380,5,0,5,3,out
2380,8,0,8,3,out
2380,17,0,17,9,out
2380,19,0,19,5,out
2380,17,0,17,9,coming
2390,7,0,7,7,out
2390,18,0,18,7,out
2398,9,2,9,2,coming
2398,11,2,11,2,coming
2398,16,2,16,2,coming
2406,12,10,12,4,coming
2406,13,10,13,4,coming
2420,0,12,0,0,out
2420,6,12,6,0,out
2420,9,1,9,2,in
2420,11,1,11,2,in
2420,14,6,14,8,out
2421,16,1,16,2,in
2442,17,1,17,9,in
2442,17,11,17,9,out
2446,17,5,17,9,out
2448,9,12,9,2,out
2448,11,12,11,2,out
2448,16,12,16,2,out
2448,17,12,17,9,out
2448,19,11,19,5,going
2448,19,13,19,5,coming
2449,0,2,0,0,in
2449,6,2,6,0,in
2476,1,11,1,5,out
2476,1,13,1,5,in
2476,2,11,2,3,out
2476,2,13,2,3,in
2476,3,11,3,5,out
2476,3,13,3,5,in
2476,4,11,4,3,out
2476,4,13,4,3,in
2476,5,11,5,3,out
2476,5,13,5,3,in
2476,7,11,7,7,out
2476,7,13,7,7,in
2476,8,11,8,3,out
2476,8,13,8,3,in
2476,18,11,18,7,out
2476,18,13,18,7,in
2477,0,3,0,0,coming
2477,6,3,6,0,coming
2480,17,0,17,9,in
2492,10,6,20,2,coming
2492,15,6,21,8,coming
2498,9,2,9,2,in
2498,11,2,11,2,in
2498,16,2,16,2,in
2504,1,12,1,5,going
2504,1,14,1,5,coming
2504,2,12,2,3,going
2504,2,14,2,3,coming
2504,3,12,3,5,going
2504,3,14,3,5,coming
2504,4,12,4,3,going
2504,4,14,4,3,coming
2504,5,12,5,3,going
2504,5,14,5,3,coming
2504,7,12,7,7,going
2504,7,14,7,7,coming
2504,8,12,8,3,going
2504,8,14,8,3,coming
2504,18,12,18,7,going
2504,18,14,18,7,coming
2506,12,10,12,4,in
2506,13,10,13,4,in
2534,12,9,12,4,going
2534,12,11,12,4,coming
2534,13,9,13,4,going
2534,13,11,13,4,coming
2537,12,10,12,4,going
2537,13,10,13,4,going
2548,19,11,19,5,out
2548,19,13,19,5,in
2548,9,3,9,2,coming
2548,11,3,11,2,coming
2549,16,3,16,2,coming
2560,0,1,0,0,going
2560,6,1,6,0,going
2560,10,1,20,2,going
2560,10,2,20,2,going
2560,10,3,20,2,going
2560,10,4,20,2,going
2560,14,4,14,8,going
2560,15,2,21,8,going
2560,15,3,21,8,going
2560,15,4,21,8,going
2576,19,12,19,5,going
2576,19,14,19,5,coming
2577,0,3,0,0,in
2577,6,3,6,0,in
2592,10,6,20,2,in
2592,15,6,21,8,in
2592,15,6,21,8,going
2604,1,12,1,5,out
2604,1,14,1,5,in
2604,2,12,2,3,out
2604,2,14,2,3,in
2604,3,12,3,5,out
2604,3,14,3,5,in
2604,4,12,4,3,out
2604,4,14,4,3,in
2604,5,12,5,3,out
2604,5,14,5,3,in
2604,7,12,7,7,out
2604,7,14,7,7,in
2604,8,12,8,3,out
2604,8,14,8,3,in
2604,18,12,18,7,out
2604,18,14,18,7,in
2605,0,2,0,0,going
2605,0,4,0,0,coming
2605,6,2,6,0,going
2605,6,4,6,0,coming
2608,17,2,17,9,coming
2620,10,7,20,2,coming
2632,1,13,1,5,going
2632,1,15,1,5,coming
2632,2,13,2,3,going
2632,2,15,2,3,coming
2632,3,13,3,5,going
2632,3,15,3,5,coming
2632,4,13,4,3,going
2632,4,15,4,3,coming
2632,5,13,5,3,going
2632,5,15,5,3,coming
2632,7,13,7,7,going
2632,7,15,7,7,coming
2632,8,13,8,3,going
2632,8,15,8,3,coming
2632,18,13,18,7,going
2632,18,15,18,7,coming
2634,12,9,12,4,out
2634,12,11,12,4,in
2634,13,9,13,4,out
2634,13,11,13,4,in
2634,12,11,12,4,going
2634,12,9,12,4,coming
2634,13,11,13,4,going
2634,13,9,13,4,coming
2637,12,10,12,4,out
2637,13,10,13,4,out
2637,12,10,12,4,coming
2637,13,10,13,4,coming
2648,9,3,9,2,in
2648,11,3,11,2,in
2649,16,3,16,2,in
2660,0,1,0,0,out
2660,6,1,6,0,out
2660,10,1,20,2,out
2660,10,2,20,2,out
2660,10,3,20,2,out
2660,10,4,20,2,out
2660,14,4,14,8,out
2660,15,2,21,8,out
2660,15,3,21,8,out
2660,15,4,21,8,out
2660,14,4,14,8,coming
2676,19,12,19,5,out
2676,19,14,19,5,in
2676,9,2,9,2,going
2676,9,4,9,2,coming
2676,11,2,11,2,going
2676,11,4,11,2,coming
2677,16,2,16,2,going
2677,16,4,16,2,coming
2682,15,2,21,8,coming
2692,15,6,21,8,out
2704,19,13,19,5,going
2704,19,15,19,5,coming
2705,0,2,0,0,out
2705,0,4,0,0,in
2705,6,2,6,0,out
2705,6,4,6,0,in
2708,17,2,17,9,in
2720,10,7,20,2,in
2722,6,3,6,0,going
2722,6,4,6,0,going
2722,6,10,6,0,coming
2722,6,11,6,0,coming
2727,6,0,6,0,going
2730,6,5,6,0,going
2732,1,13,1,5,out
2732,1,15,1,5,in
2732,2,13,2,3,out
2732,2,15,2,3,in
2732,3,13,3,5,out
2732,3,15,3,5,in
2732,4,13,4,3,out
2732,4,15,4,3,in
2732,5,13,5,3,out
2732,5,15,5,3,in
2732,7,13,7,7,out
2732,7,15,7,7,in
2732,8,13,8,3,out
2732,8,15,8,3,in
2732,18,13,18,7,out
2732,18,15,18,7,in
2733,0,3,0,0,going
2734,12,9,12,4,in
2734,12,11,12,4,out
2734,13,9,13,4,in
2734,13,11,13,4,out
2736,17,1,17,9,going
2736,17,3,17,9,coming
2737,12,10,12,4,in
2737,13,10,13,4,in
2748,10,6,20,2,going
2748,10,8,20,2,coming
2758,14,1,14,8,going
2758,14,2,14,8,going
2758,14,3,14,8,going
2759,14,0,14,8,going
2760,14,4,14,8,in
2760,1,14,1,5,going
2760,1,16,1,5,coming
2760,2,14,2,3,going
2760,2,16,2,3,coming
2760,3,14,3,5,going
2760,3,16,3,5,coming
2760,4,14,4,3,going
2760,4,16,4,3,coming
2760,5,14,5,3,going
2760,5,16,5,3,coming
2760,7,14,7,7,going
2760,7,16,7,7,coming
2760,8,14,8,3,going
2760,8,16,8,3,coming
2760,18,14,18,7,going
2760,18,16,18,7,coming
2776,9,2,9,2,out
2776,9,4,9,2,in
2776,11,2,11,2,out
2776,11,4,11,2,in
2777,16,2,16,2,out
2777,16,4,16,2,in
2780,9,1,9,2,going
2780,11,1,11,2,going
2782,15,2,21,8,in
2790,16,1,16,2,going
2804,19,13,19,5,out
2804,19,15,19,5,in
2804,9,3,9,2,going
2804,11,3,11,2,going
2805,16,3,16,2,going
2810,15,3,21,8,coming
2822,6,3,6,0,out
2822,6,4,6,0,out
2822,6,10,6,0,in
2822,6,11,6,0,in
2827,6,0,6,0,out
2828,6,12,6,0,coming
2830,6,5,6,0,out
2832,19,14,19,5,going
2832,19,16,19,5,coming
2833,0,3,0,0,out
2836,17,1,17,9,out
2836,17,3,17,9,in
2848,10,6,20,2,out
2848,10,8,20,2,in
2854,6,11,6,0,going
2854,6,0,6,0,coming
2854,6,1,6,0,coming
2858,14,1,14,8,out
2858,14,2,14,8,out
2858,14,3,14,8,out
2859,14,0,14,8,out
2860,1,14,1,5,out
2860,1,16,1,5,in
2860,2,14,2,3,out
2860,2,16,2,3,in
2860,3,14,3,5,out
2860,3,16,3,5,in
2860,4,14,4,3,out
2860,4,16,4,3,in
2860,5,14,5,3,out
2860,5,16,5,3,in
2860,7,14,7,7,out
2860,7,16,7,7,in
2860,8,14,8,3,out
2860,8,16,8,3,in
2860,18,14,18,7,out
2860,18,16,18,7,in
2861,0,4,0,0,going
2861,0,6,0,0,coming
2862,12,9,12,4,going
2862,12,11,12,4,coming
2862,13,9,13,4,going
2862,13,11,13,4,coming
2864,17,2,17,9,going
2864,17,4,17,9,coming
2865,12,10,12,4,going
2865,13,10,13,4,going
2876,10,7,20,2,going
2876,10,9,20,2,coming
2880,9,1,9,2,out
2880,11,1,11,2,out
2888,1,15,1,5,going
2888,1,17,1,5,coming
2888,2,15,2,3,going
2888,2,17,2,3,coming
2888,3,15,3,5,going
2888,3,17,3,5,coming
2888,4,15,4,3,going
2888,4,17,4,3,coming
2888,5,15,5,3,going
2888,5,17,5,3,coming
2888,7,15,7,7,going
2888,7,17,7,7,coming
2888,8,15,8,3,going
2888,8,17,8,3,coming
2888,14,6,14,8,coming
2888,18,15,18,7,going
2888,18,17,18,7,coming
2890,16,1,16,2,out
2904,9,3,9,2,out
2904,11,3,11,2,out
2905,16,3,16,2,out
2910,15,3,21,8,in
2928,6,12,6,0,in
2928,6,12,6,0,going
2932,19,14,19,5,out
2932,19,16,19,5,in
2932,9,4,9,2,going
2932,9,6,9,2,coming
2932,11,4,11,2,going
2932,11,6,11,2,coming
2933,16,4,16,2,going
2933,16,6,16,2,coming
2938,15,4,21,8,coming
2950,14,0,14,8,coming
2950,14,1,14,8,coming
2952,14,5,14,8,going
2953,6,10,6,0,going
2954,6,0,6,0,in
2954,6,1,6,0,in
2954,6,11,6,0,out
2956,14,4,14,8,going
2960,19,15,19,5,going
2960,19,17,19,5,coming
2961,0,4,0,0,out
2961,0,6,0,0,in
2962,12,9,12,4,out
2962,12,11,12,4,in
2962,13,9,13,4,out
2962,13,11,13,4,in
2962,12,11,12,4,going
2962,12,9,12,4,coming
2962,13,11,13,4,going
2962,13,9,13,4,coming
2964,17,2,17,9,out
2964,17,4,17,9,in
2965,12,10,12,4,out
2965,13,10,13,4,out
2965,12,10,12,4,coming
2965,13,10,13,4,coming
2970,2,16,2,3,going
2970,2,0,2,3,coming
2970,2,1,2,3,coming
2970,4,16,4,3,going
2970,4,0,4,3,coming
2970,4,1,4,3,coming
2970,5,16,5,3,going
2970,5,0,5,3,coming
2970,5,1,5,3,coming
2970,8,16,8,3,going
2970,8,0,8,3,coming
2970,8,1,8,3,coming
2974,2,5,2,3,going
2974,4,5,4,3,going
2974,5,5,5,3,going
2974,8,5,8,3,going
2976,10,7,20,2,out
2976,10,9,20,2,in
2988,1,15,1,5,out
2988,1,17,1,5,in
2988,2,15,2,3,out
2988,2,17,2,3,in
2988,3,15,3,5,out
2988,3,17,3,5,in
2988,4,15,4,3,out
2988,4,17,4,3,in
2988,5,15,5,3,out
2988,5,17,5,3,in
2988,7,15,7,7,out
2988,7,17,7,7,in
2988,8,15,8,3,out
2988,8,17,8,3,in
2988,14,6,14,8,in
2988,18,15,18,7,out
2988,18,17,18,7,in
2988,2,17,2,3,going
2988,4,17,4,3,going
2988,5,17,5,3,going
2988,8,17,8,3,going
2988,14,6,14,8,going
2989,0,7,0,0,coming
2992,17,3,17,9,going
2992,17,5,17,9,coming
3004,10,8,20,2,going
3004,10,10,20,2,coming
3016,1,16,1,5,going
3016,1,18,1,5,coming
3016,3,16,3,5,going
3016,3,18,3,5,coming
3016,7,16,7,7,going
3016,7,18,7,7,coming
3016,18,16,18,7,going
3016,18,18,18,7,coming
3028,6,12,6,0,out
3032,9,4,9,2,out
3032,9,6,9,2,in
3032,11,4,11,2,out
3032,11,6,11,2,in
3033,16,4,16,2,out
3033,16,6,16,2,in
3038,15,4,21,8,in
3050,14,0,14,8,in
3050,14,1,14,8,in
3052,14,5,14,8,out
3053,6,10,6,0,out
3056,14,4,14,8,out
3060,19,15,19,5,out
3060,19,17,19,5,in
3060,9,7,9,2,coming
3060,11,7,11,2,coming
3061,16,7,16,2,coming
3062,12,9,12,4,in
3062,12,11,12,4,out
3062,13,9,13,4,in
3062,13,11,13,4,out
3065,12,10,12,4,in
3065,13,10,13,4,in
3070,2,0,2,3,in
3070,2,1,2,3,in
3070,2,16,2,3,out
3070,4,0,4,3,in
3070,4,1,4,3,in
3070,4,16,4,3,out
3070,5,0,5,3,in
3070,5,1,5,3,in
3070,5,16,5,3,out
3070,8,0,8,3,in
3070,8,1,8,3,in
3070,8,16,8,3,out
3074,2,5,2,3,out
3074,4,5,4,3,out
3074,5,5,5,3,out
3074,8,5,8,3,out
3082,6,2,6,0,coming
3088,2,17,2,3,out
3088,4,17,4,3,out
3088,5,17,5,3,out
3088,8,17,8,3,out
3088,14,6,14,8,out
3088,19,16,19,5,going
3088,19,18,19,5,coming
3089,0,7,0,0,in
3092,17,3,17,9,out
3092,17,5,17,9,in
3104,10,8,20,2,out
3104,10,10,20,2,in
3116,1,16,1,5,out
3116,1,18,1,5,in
3116,3,16,3,5,out
3116,3,18,3,5,in
3116,7,16,7,7,out
3116,7,18,7,7,in
3116,18,16,18,7,out
3116,18,18,18,7,in
3117,0,6,0,0,going
3117,0,8,0,0,coming
3120,17,4,17,9,going
3120,17,6,17,9,coming
3132,10,9,20,2,going
3132,10,11,20,2,coming
3144,1,17,1,5,going
3144,1,19,1,5,coming
3144,3,17,3,5,going
3144,3,19,3,5,coming
3144,7,17,7,7,going
3144,7,19,7,7,coming
3144,18,17,18,7,going
3144,18,19,18,7,coming
3160,9,7,9,2,in
3160,11,7,11,2,in
3161,16,7,16,2,in
3178,14,2,14,8,coming
3182,6,2,6,0,in
3188,19,16,19,5,out
3188,19,18,19,5,in
3188,9,6,9,2,going
3188,9,8,9,2,coming
3188,11,6,11,2,going
3188,11,8,11,2,coming
3189,16,6,16,2,going
3189,16,8,16,2,coming
3190,12,11,12,4,coming
3190,13,11,13,4,coming
3193,12,10,12,4,going
3193,13,10,13,4,going
3194,15,6,21,8,coming
3198,2,2,2,3,coming
3198,4,2,4,3,coming
3198,5,2,5,3,coming
3198,8,2,8,3,coming
3210,6,1,6,0,going
3210,6,3,6,0,coming
3216,19,17,19,5,going
3216,19,19,19,5,coming
3217,0,6,0,0,out
3217,0,8,0,0,in
3220,17,4,17,9,out
3220,17,6,17,9,in
3232,10,9,20,2,out
3232,10,11,20,2,in
3244,1,17,1,5,out
3244,1,19,1,5,in
3244,3,17,3,5,out
3244,3,19,3,5,in
3244,7,17,7,7,out
3244,7,19,7,7,in
3244,18,17,18,7,out
3244,18,19,18,7,in
3245,0,7,0,0,going
3245,0,9,0,0,coming
3248,17,5,17,9,going
3248,17,7,17,9,coming
3260,10,10,20,2,going
3260,10,12,20,2,coming
3272,1,18,1,5,going
3272,3,18,3,5,going
3272,7,18,7,7,going
3272,18,18,18,7,going
3278,14,2,14,8,in
3282,10,11,20,2,going
3282,10,1,20,2,coming
3288,9,6,9,2,out
3288,9,8,9,2,in
3288,11,6,11,2,out
3288,11,8,11,2,in
3289,16,6,16,2,out
3289,16,8,16,2,in
3290,12,11,12,4,in
3290,13,11,13,4,in
3290,12,11,12,4,going
3290,13,11,13,4,going
3293,12,10,12,4,out
3293,13,10,13,4,out
3293,12,10,12,4,coming
3293,13,10,13,4,coming
3294,15,6,21,8,in
3294,15,6,21,8,going
3298,2,2,2,3,in
3298,4,2,4,3,in
3298,5,2,5,3,in
3298,8,2,8,3,in
3306,14,1,14,8,going
3306,14,3,14,8,coming
3310,6,1,6,0,out
3310,6,3,6,0,in
3316,19,17,19,5,out
3316,19,19,19,5,in
3316,9,7,9,2,going
3316,9,9,9,2,coming
3316,11,7,11,2,going
3316,11,9,11,2,coming
3317,16,7,16,2,going
3317,16,9,16,2,coming
3323,1,19,1,5,going
3323,1,16,1,5,coming
3323,1,17,1,5,coming
3323,3,19,3,5,going
3323,3,16,3,5,coming
3323,3,17,3,5,coming
3326,2,1,2,3,going
3326,2,3,2,3,coming
3326,4,1,4,3,going
3326,4,3,4,3,coming
3326,5,1,5,3,going
3326,5,3,5,3,coming
3326,8,1,8,3,going
3326,8,3,8,3,coming
3328,1,5,1,5,going
3328,3,5,3,5,going
3338,6,2,6,0,going
3338,6,4,6,0,coming
3340,7,0,7,7,out
3340,7,1,7,7,out
3340,7,2,7,7,out
3340,7,3,7,7,out
3340,7,4,7,7,out
3340,7,5,7,7,out
3340,7,6,7,7,out
3340,7,7,7,7,out
3340,7,8,7,7,out
3340,7,9,7,7,out
3340,7,10,7,7,out
3340,7,11,7,7,out
3340,7,12,7,7,out
3340,7,13,7,7,out
3340,7,14,7,7,out
3340,7,15,7,7,out
3340,7,16,7,7,out
3340,7,17,7,7,out
3340,7,18,7,7,out
3340,7,19,7,7,out
3340,18,0,18,7,out
3340,18,1,18,7,out
3340,18,2,18,7,out
3340,18,3,18,7,out
3340,18,4,18,7,out
3340,18,5,18,7,out
3340,18,6,18,7,out
3340,18,7,18,7,out
3340,18,8,18,7,out
3340,18,9,18,7,out
3340,18,10,18,7,out
3340,18,11,18,7,out
3340,18,12,18,7,out
3340,18,13,18,7,out
3340,18,14,18,7,out
3340,18,15,18,7,out
3340,18,16,18,7,out
3340,18,17,18,7,out
3340,18,18,18,7,out
3340,18,19,18,7,out
3340,7,0,22,0,coming
3340,7,1,22,0,coming
3340,7,5,22,0,coming
3340,18,0,23,0,coming
3340,18,1,23,0,coming
3340,18,5,23,0,coming
3344,19,18,19,5,going
3345,0,7,0,0,out
3345,0,9,0,0,in
3348,17,5,17,9,out
3348,17,7,17,9,in
3360,10,10,20,2,out
3360,10,12,20,2,in
3360,10,12,20,2,going
3372,1,18,1,5,out
3372,3,18,3,5,out
3373,0,8,0,0,going
3373,0,10,0,0,coming
3376,17,6,17,9,going
3376,17,8,17,9,coming
3382,10,1,20,2,in
3382,10,11,20,2,out
3390,12,11,12,4,out
3390,13,11,13,4,out
3393,12,10,12,4,in
3393,13,10,13,4,in
3394,15,6,21,8,out
3395,19,19,19,5,going
3395,19,16,19,5,coming
3395,19,17,19,5,coming
3400,19,5,19,5,going
3406,14,1,14,8,out
3406,14,3,14,8,in
3407,12,11,12,4,coming
3407,13,11,13,4,coming
3410,10,2,20,2,coming
3410,12,10,12,4,going
3410,13,10,13,4,going
3416,9,7,9,2,out
3416,9,9,9,2,in
3416,11,7,11,2,out
3416,11,9,11,2,in
3417,16,7,16,2,out
3417,16,9,16,2,in
3423,1,16,1,5,in
3423,1,17,1,5,in
3423,1,19,1,5,out
3423,3,16,3,5,in
3423,3,17,3,5,in
3423,3,19,3,5,out
3426,2,1,2,3,out
3426,2,3,2,3,in
3426,4,1,4,3,out
3426,4,3,4,3,in
3426,5,1,5,3,out
3426,5,3,5,3,in
3426,8,1,8,3,out
3426,8,3,8,3,in
3428,1,5,1,5,out
3428,3,5,3,5,out
3433,1,18,1,5,coming
3433,3,18,3,5,coming
3434,14,2,14,8,going
3434,14,4,14,8,coming
3438,6,2,6,0,out
3438,6,4,6,0,in
3440,7,0,22,0,in
3440,7,1,22,0,in
3440,7,5,22,0,in
3440,18,0,23,0,in
3440,18,1,23,0,in
3440,18,5,23,0,in
3444,19,18,19,5,out
3444,9,8,9,2,going
3444,9,10,9,2,coming
3444,11,8,11,2,going
3444,11,10,11,2,coming
3445,16,8,16,2,going
3445,16,10,16,2,coming
3454,2,2,2,3,going
3454,2,4,2,3,coming
3454,4,2,4,3,going
3454,4,4,4,3,coming
3454,5,2,5,3,going
3454,5,4,5,3,coming
3454,8,2,8,3,going
3454,8,4,8,3,coming
3460,10,12,20,2,out
3466,6,3,6,0,going
3466,6,5,6,0,coming
3473,0,8,0,0,out
3473,0,10,0,0,in
3476,17,6,17,9,out
3476,17,8,17,9,in
3495,19,16,19,5,in
3495,19,17,19,5,in
3495,19,19,19,5,out
3500,19,5,19,5,out
3501,0,9,0,0,going
3501,0,11,0,0,coming
3504,17,7,17,9,going
3504,17,9,17,9,coming
3505,19,18,19,5,coming
3507,12,11,12,4,in
3507,13,11,13,4,in
3507,12,11,12,4,going
3507,13,11,13,4,going
3510,10,2,20,2,in
3510,12,10,12,4,out
3510,13,10,13,4,out
3510,12,10,12,4,coming
3510,13,10,13,4,coming
3523,0,10,0,0,going
3523,0,12,0,0,coming
3533,1,18,1,5,in
3533,3,18,3,5,in
3534,14,2,14,8,out
3534,14,4,14,8,in
3538,10,3,20,2,coming
3544,9,8,9,2,out
3544,9,10,9,2,in
3544,11,8,11,2,out
3544,11,10,11,2,in
3545,16,8,16,2,out
3545,16,10,16,2,in
3554,2,2,2,3,out
3554,2,4,2,3,in
3554,4,2,4,3,out
3554,4,4,4,3,in
3554,5,2,5,3,out
3554,5,4,5,3,in
3554,8,2,8,3,out
3554,8,4,8,3,in
3560,0,0,0,0,going
3560,9,0,9,2,going
3560,11,0,11,2,going
3560,16,0,16,2,going
3561,1,17,1,5,going
3561,1,19,1,5,coming
3561,3,17,3,5,going
3561,3,19,3,5,coming
3562,14,3,14,8,going
3562,14,5,14,8,coming
3566,6,3,6,0,out
3566,6,5,6,0,in
3568,7,2,22,0,coming
3568,18,2,23,0,coming
3572,9,9,9,2,going
3572,9,11,9,2,coming
3572,11,9,11,2,going
3572,11,11,11,2,coming
3573,16,9,16,2,going
3573,16,11,16,2,coming
3582,2,3,2,3,going
3582,2,5,2,3,coming
3582,4,3,4,3,going
3582,4,5,4,3,coming
3582,5,3,5,3,going
3582,5,5,5,3,coming
3582,8,3,8,3,going
3582,8,5,8,3,coming
3594,6,4,6,0,going
3594,6,6,6,0,coming
3601,0,9,0,0,out
3601,0,11,0,0,in
3602,0,11,0,0,going
3602,0,1,0,0,coming
3604,17,7,17,9,out
3604,17,9,17,9,in
3605,19,18,19,5,in
3606,0,5,0,0,going
3607,12,11,12,4,out
3607,13,11,13,4,out
3610,12,10,12,4,in
3610,13,10,13,4,in
3623,0,10,0,0,out
3623,0,12,0,0,in
3623,0,12,0,0,going
3624,12,11,12,4,coming
3624,13,11,13,4,coming
3627,12,10,12,4,going
3627,13,10,13,4,going
3632,17,8,17,9,going
3632,17,10,17,9,coming
3633,19,17,19,5,going
3633,19,19,19,5,coming
3638,10,3,20,2,in
3660,0,0,0,0,out
3660,9,0,9,2,out
3660,11,0,11,2,out
3660,16,0,16,2,out
3660,0,0,0,0,coming
3661,1,17,1,5,out
3661,1,19,1,5,in
3661,3,17,3,5,out
3661,3,19,3,5,in
3662,14,3,14,8,out
3662,14,5,14,8,in
3666,10,4,20,2,coming
3668,7,2,22,0,in
3668,18,2,23,0,in
3672,9,9,9,2,out
3672,9,11,9,2,in
3672,11,9,11,2,out
3672,11,11,11,2,in
3673,16,9,16,2,out
3673,16,11,16,2,in
3682,2,3,2,3,out
3682,2,5,2,3,in
3682,4,3,4,3,out
3682,4,5,4,3,in
3682,5,3,5,3,out
3682,5,5,5,3,in
3682,8,3,8,3,out
3682,8,5,8,3,in
3689,1,18,1,5,going
3689,3,18,3,5,going
3690,14,4,14,8,going
3690,14,6,14,8,coming
3694,6,4,6,0,out
3694,6,6,6,0,in
3696,7,1,22,0,going
3696,7,3,22,0,coming
3696,18,1,23,0,going
3696,18,3,23,0,coming
3700,9,10,9,2,going
3700,9,12,9,2,coming
3700,11,10,11,2,going
3700,11,12,11,2,coming
3701,16,10,16,2,going
3701,16,12,16,2,coming
3702,0,1,0,0,in
3702,0,11,0,0,out
3706,0,5,0,0,out
3710,2,4,2,3,going
3710,2,6,2,3,coming
3710,4,4,4,3,going
3710,4,6,4,3,coming
3710,5,4,5,3,going
3710,5,6,5,3,coming
3710,8,4,8,3,going
3710,8,6,8,3,coming
3722,6,5,6,0,going
3722,6,7,6,0,coming
3722,9,11,9,2,going
3722,9,0,9,2,coming
3722,9,1,9,2,coming
3722,11,11,11,2,going
3722,11,0,11,2,coming
3722,11,1,11,2,coming
3723,0,12,0,0,out
3723,16,11,16,2,going
3723,16,0,16,2,coming
3723,16,1,16,2,coming
3724,12,11,12,4,in
3724,13,11,13,4,in
3724,12,11,12,4,going
3724,13,11,13,4,going
3726,9,5,9,2,going
3726,11,5,11,2,going
3727,12,10,12,4,out
3727,13,10,13,4,out
3727,12,10,12,4,coming
3727,13,10,13,4,coming
3727,16,5,16,2,going
3732,17,8,17,9,out
3732,17,10,17,9,in
3733,19,17,19,5,out
3733,19,19,19,5,in
3740,1,19,1,5,going
3740,1,17,1,5,coming
3740,3,19,3,5,going
3740,3,17,3,5,coming
3752,14,5,14,8,going
3752,14,1,14,8,coming
3760,0,0,0,0,in
3760,17,9,17,9,going
3760,17,11,17,9,coming
3761,19,18,19,5,going
3766,10,4,20,2,in
3789,1,18,1,5,out
3789,3,18,3,5,out
3789,1,18,1,5,coming
3789,3,18,3,5,coming
3790,14,4,14,8,out
3790,14,6,14,8,in
3790,14,6,14,8,going
3796,7,1,22,0,out
3796,7,3,22,0,in
3796,18,1,23,0,out
3796,18,3,23,0,in
3800,9,10,9,2,out
3800,9,12,9,2,in
3800,11,10,11,2,out
3800,11,12,11,2,in
3800,9,12,9,2,going
3800,11,12,11,2,going
3801,16,10,16,2,out
3801,16,12,16,2,in
3801,16,12,16,2,going
3810,2,4,2,3,out
3810,2,6,2,3,in
3810,4,4,4,3,out
3810,4,6,4,3,in
3810,5,4,5,3,out
3810,5,6,5,3,in
3810,8,4,8,3,out
3810,8,6,8,3,in
3812,19,19,19,5,going
3812,19,17,19,5,coming
3822,6,5,6,0,out
3822,6,7,6,0,in
3822,9,0,9,2,in
3822,9,1,9,2,in
3822,9,11,9,2,out
3822,11,0,11,2,in
3822,11,1,11,2,in
3822,11,11,11,2,out
3823,16,0,16,2,in
3823,16,1,16,2,in
3823,16,11,16,2,out
3824,12,11,12,4,out
3824,13,11,13,4,out
3824,7,2,22,0,going
3824,7,4,22,0,coming
3824,18,2,23,0,going
3824,18,4,23,0,coming
3826,9,5,9,2,out
3826,11,5,11,2,out
3827,12,10,12,4,in
3827,13,10,13,4,in
3827,16,5,16,2,out
3838,2,5,2,3,going
3838,2,7,2,3,coming
3838,4,5,4,3,going
3838,4,7,4,3,coming
3838,5,5,5,3,going
3838,5,7,5,3,coming
3838,8,5,8,3,going
3838,8,7,8,3,coming
3840,1,17,1,5,in
3840,1,19,1,5,out
3840,3,17,3,5,in
3840,3,19,3,5,out
3840,10,1,20,2,going
3840,10,2,20,2,going
3840,10,3,20,2,going
3841,12,11,12,4,coming
3841,13,11,13,4,coming
3844,12,10,12,4,going
3844,13,10,13,4,going
3850,6,6,6,0,going
3850,6,8,6,0,coming
3852,14,1,14,8,in
3852,14,5,14,8,out
3860,17,9,17,9,out
3860,17,11,17,9,in
3861,19,18,19,5,out
3861,19,18,19,5,coming
3880,14,2,14,8,coming
3888,0,2,0,0,coming
3888,17,10,17,9,going
3888,17,12,17,9,coming
3889,1,18,1,5,in
3889,3,18,3,5,in
3890,14,6,14,8,out
3896,15,6,21,8,coming
3900,9,12,9,2,out
3900,11,12,11,2,out
3901,16,12,16,2,out
3912,19,17,19,5,in
3912,19,19,19,5,out
3922,10,4,20,2,going
3922,10,6,20,2,coming
3924,7,2,22,0,out
3924,7,4,22,0,in
3924,18,2,23,0,out
3924,18,4,23,0,in
3938,2,5,2,3,out
3938,2,7,2,3,in
3938,4,5,4,3,out
3938,4,7,4,3,in
3938,5,5,5,3,out
3938,5,7,5,3,in
3938,8,5,8,3,out
3938,8,7,8,3,in
3940,10,1,20,2,out
3940,10,2,20,2,out
3940,10,3,20,2,out
3941,12,11,12,4,in
3941,13,11,13,4,in
3941,7,3,22,0,going
3941,7,4,22,0,going
3941,7,10,22,0,coming
3941,7,11,22,0,coming
3941,12,11,12,4,going
3941,13,11,13,4,going
3941,18,3,23,0,going
3941,18,4,23,0,going
3941,18,10,23,0,coming
3941,18,11,23,0,coming
3944,12,10,12,4,out
3944,13,10,13,4,out
3944,12,10,12,4,coming
3944,13,10,13,4,coming
3950,6,6,6,0,out
3950,6,8,6,0,in
3950,9,2,9,2,coming
3950,11,2,11,2,coming
3951,16,2,16,2,coming
3961,19,18,19,5,in
3966,2,6,2,3,going
3966,2,8,2,3,coming
3966,4,6,4,3,going
3966,4,8,4,3,coming
3966,5,6,5,3,going
3966,5,8,5,3,coming
3966,8,6,8,3,going
3966,8,8,8,3,coming
3968,1,17,1,5,going
3968,1,19,1,5,coming
3968,3,17,3,5,going
3968,3,19,3,5,coming
3978,6,7,6,0,going
3978,6,9,6,0,coming
3980,14,2,14,8,in
3982,17,11,17,9,going
3982,17,1,17,9,coming
3988,0,2,0,0,in
3988,17,10,17,9,out
3988,17,12,17,9,in
3988,17,12,17,9,going
3996,15,6,21,8,in
3996,15,6,21,8,going
4008,14,1,14,8,going
4008,14,3,14,8,coming
4016,0,1,0,0,going
4016,0,3,0,0,coming
4022,10,4,20,2,out
4022,10,6,20,2,in
4040,19,17,19,5,going
4040,19,19,19,5,coming
4041,7,3,22,0,out
4041,7,4,22,0,out
4041,7,10,22,0,in
4041,7,11,22,0,in
4041,12,11,12,4,out
4041,13,11,13,4,out
4041,18,3,23,0,out
4041,18,4,23,0,out
4041,18,10,23,0,in
4041,18,11,23,0,in
4044,12,10,12,4,in
4044,13,10,13,4,in
4047,7,10,22,0,going
4047,7,12,22,0,coming
4047,18,10,23,0,going
4047,18,12,23,0,coming
4050,9,2,9,2,in
4050,11,2,11,2,in
4050,10,7,20,2,coming
4051,16,2,16,2,in
4058,12,11,12,4,coming
4058,13,11,13,4,coming
4061,12,10,12,4,going
4061,13,10,13,4,going
4066,2,6,2,3,out
4066,2,8,2,3,in
4066,4,6,4,3,out
4066,4,8,4,3,in
4066,5,6,5,3,out
4066,5,8,5,3,in
4066,8,6,8,3,out
4066,8,8,8,3,in
4068,1,17,1,5,out
4068,1,19,1,5,in
4068,3,17,3,5,out
4068,3,19,3,5,in
4073,7,11,22,0,going
4073,7,1,22,0,coming
4073,18,11,23,0,going
4073,18,1,23,0,coming
4078,6,7,6,0,out
4078,6,9,6,0,in
4078,9,1,9,2,going
4078,9,3,9,2,coming
4078,11,1,11,2,going
4078,11,3,11,2,coming
4079,16,1,16,2,going
4079,16,3,16,2,coming
4082,17,1,17,9,in
4082,17,11,17,9,out
4088,17,12,17,9,out
4094,2,7,2,3,going
4094,2,9,2,3,coming
4094,4,7,4,3,going
4094,4,9,4,3,coming
4094,5,7,5,3,going
4094,5,9,5,3,coming
4094,8,7,8,3,going
4094,8,9,8,3,coming
4096,15,6,21,8,out
4096,1,18,1,5,going
4096,3,18,3,5,going
4106,6,8,6,0,going
4106,6,10,6,0,coming
4108,14,1,14,8,out
4108,14,3,14,8,in
4110,17,2,17,9,coming
4116,0,1,0,0,out
4116,0,3,0,0,in
4136,14,2,14,8,going
4136,14,4,14,8,coming
4140,19,17,19,5,out
4140,19,19,19,5,in
4144,0,2,0,0,going
4144,0,4,0,0,coming
4147,7,10,22,0,out
4147,7,12,22,0,in
4147,18,10,23,0,out
4147,18,12,23,0,in
4147,1,19,1,5,going
4147,1,17,1,5,coming
4147,3,19,3,5,going
4147,3,17,3,5,coming
4147,7,12,22,0,going
4147,18,12,23,0,going
4150,10,7,20,2,in
4158,12,11,12,4,in
4158,13,11,13,4,in
4158,12,11,12,4,going
4158,13,11,13,4,going
4161,12,10,12,4,out
4161,13,10,13,4,out
4161,12,10,12,4,coming
4161,13,10,13,4,coming
4168,19,18,19,5,going
4169,1,16,1,5,going
4169,3,16,3,5,going
4173,7,1,22,0,in
4173,7,11,22,0,out
4173,18,1,23,0,in
4173,18,11,23,0,out
4178,9,1,9,2,out
4178,9,3,9,2,in
4178,11,1,11,2,out
4178,11,3,11,2,in
4178,10,6,20,2,going
4178,10,8,20,2,coming
4179,16,1,16,2,out
4179,16,3,16,2,in
4194,2,7,2,3,out
4194,2,9,2,3,in
4194,4,7,4,3,out
4194,4,9,4,3,in
4194,5,7,5,3,out
4194,5,9,5,3,in
4194,8,7,8,3,out
4194,8,9,8,3,in
4196,1,18,1,5,out
4196,3,18,3,5,out
4196,1,18,1,5,coming
4196,3,18,3,5,coming
4201,7,2,22,0,coming
4201,18,2,23,0,coming
4206,6,8,6,0,out
4206,6,10,6,0,in
4206,9,2,9,2,going
4206,9,4,9,2,coming
4206,11,2,11,2,going
4206,11,4,11,2,coming
4207,16,2,16,2,going
4207,16,4,16,2,coming
4210,17,2,17,9,in
4219,19,19,19,5,going
4219,19,17,19,5,coming
4222,2,8,2,3,going
4222,2,10,2,3,coming
4222,4,8,4,3,going
4222,4,10,4,3,coming
4222,5,8,5,3,going
4222,5,10,5,3,coming
4222,8,8,8,3,going
4222,8,10,8,3,coming
4234,6,9,6,0,going
4234,6,11,6,0,coming
4236,14,2,14,8,out
4236,14,4,14,8,in
4238,17,1,17,9,going
4238,17,3,17,9,coming
4241,19,16,19,5,going
4244,0,2,0,0,out
4244,0,4,0,0,in
4247,1,17,1,5,in
4247,1,19,1,5,out
4247,3,17,3,5,in
4247,3,19,3,5,out
4247,7,12,22,0,out
4247,18,12,23,0,out
4256,6,10,6,0,going
4256,6,12,6,0,coming
4258,12,11,12,4,out
4258,13,11,13,4,out
4261,12,10,12,4,in
4261,13,10,13,4,in
4261,0,3,0,0,going
4261,0,4,0,0,going
4261,0,10,0,0,coming
4261,0,11,0,0,coming
4264,14,3,14,8,going
4264,14,5,14,8,coming
4268,19,18,19,5,out
4268,19,18,19,5,coming
4269,1,16,1,5,out
4269,3,16,3,5,out
4275,12,11,12,4,coming
4275,13,11,13,4,coming
4278,10,6,20,2,out
4278,10,8,20,2,in
4278,12,10,12,4,going
4278,13,10,13,4,going
4296,1,18,1,5,in
4296,3,18,3,5,in
4301,7,2,22,0,in
4301,18,2,23,0,in
4306,9,2,9,2,out
4306,9,4,9,2,in
4306,11,2,11,2,out
4306,11,4,11,2,in
4306,10,7,20,2,going
4306,10,9,20,2,coming
4307,16,2,16,2,out
4307,16,4,16,2,in
4319,19,17,19,5,in
4319,19,19,19,5,out
4322,2,8,2,3,out
4322,2,10,2,3,in
4322,4,8,4,3,out
4322,4,10,4,3,in
4322,5,8,5,3,out
4322,5,10,5,3,in
4322,8,8,8,3,out
4322,8,10,8,3,in
4329,7,1,22,0,going
4329,7,3,22,0,coming
4329,18,1,23,0,going
4329,18,3,23,0,coming
4334,6,9,6,0,out
4334,6,11,6,0,in
4334,9,3,9,2,going
4334,9,5,9,2,coming
4334,11,3,11,2,going
4334,11,5,11,2,coming
4335,6,11,6,0,going
4335,6,1,6,0,coming
4335,16,3,16,2,going
4335,16,5,16,2,coming
4338,17,1,17,9,out
4338,17,3,17,9,in
4341,19,16,19,5,out
4350,2,9,2,3,going
4350,2,11,2,3,coming
4350,4,9,4,3,going
4350,4,11,4,3,coming
4350,5,9,5,3,going
4350,5,11,5,3,coming
4350,8,9,8,3,going
4350,8,11,8,3,coming
4356,6,10,6,0,out
4356,6,12,6,0,in
4356,6,12,6,0,going
4361,0,3,0,0,out
4361,0,4,0,0,out
4361,0,10,0,0,in
4361,0,11,0,0,in
4364,14,3,14,8,out
4364,14,5,14,8,in
4366,17,2,17,9,going
4366,17,4,17,9,coming
4367,0,10,0,0,going
4367,0,12,0,0,coming
4368,19,18,19,5,in
4375,12,11,12,4,in
4375,13,11,13,4,in
4375,1,19,1,5,coming
4375,3,19,3,5,coming
4375,12,11,12,4,going
4375,13,11,13,4,going
4378,12,10,12,4,out
4378,13,10,13,4,out
4378,12,10,12,4,coming
4378,13,10,13,4,coming
4392,14,4,14,8,going
4392,14,6,14,8,coming
4393,0,11,0,0,going
4393,0,1,0,0,coming
4406,10,7,20,2,out
4406,10,9,20,2,in
4429,7,1,22,0,out
4429,7,3,22,0,in
4429,18,1,23,0,out
4429,18,3,23,0,in
4434,9,3,9,2,out
4434,9,5,9,2,in
4434,11,3,11,2,out
4434,11,5,11,2,in
4434,10,8,20,2,going
4434,10,10,20,2,coming
4435,6,1,6,0,in
4435,6,11,6,0,out
4435,16,3,16,2,out
4435,16,5,16,2,in
4447,19,19,19,5,coming
4450,2,9,2,3,out
4450,2,11,2,3,in
4450,4,9,4,3,out
4450,4,11,4,3,in
4450,5,9,5,3,out
4450,5,11,5,3,in
4450,8,9,8,3,out
4450,8,11,8,3,in
4454,14,5,14,8,going
4454,14,1,14,8,coming
4456,6,12,6,0,out
4457,7,2,22,0,going
4457,7,4,22,0,coming
4457,18,2,23,0,going
4457,18,4,23,0,coming
4462,9,4,9,2,going
4462,9,6,9,2,coming
4462,11,4,11,2,going
4462,11,6,11,2,coming
4463,6,2,6,0,coming
4463,16,4,16,2,going
4463,16,6,16,2,coming
4466,17,2,17,9,out
4466,17,4,17,9,in
4467,0,10,0,0,out
4467,0,12,0,0,in
4467,0,12,0,0,going
4475,1,19,1,5,in
4475,3,19,3,5,in
4475,12,11,12,4,out
4475,13,11,13,4,out
4478,12,10,12,4,in
4478,13,10,13,4,in
4478,2,10,2,3,going
4478,2,12,2,3,coming
4478,4,10,4,3,going
4478,4,12,4,3,coming
4478,5,10,5,3,going
4478,5,12,5,3,coming
4478,8,10,8,3,going
4478,8,12,8,3,coming
4492,14,4,14,8,out
4492,14,6,14,8,in
4492,12,11,12,4,coming
4492,13,11,13,4,coming
4492,14,6,14,8,going
4493,0,1,0,0,in
4493,0,11,0,0,out
4494,17,3,17,9,going
4494,17,5,17,9,coming
4495,12,10,12,4,going
4495,13,10,13,4,going
4503,1,18,1,5,going
4503,3,18,3,5,going
4521,0,2,0,0,coming
4534,10,8,20,2,out
4534,10,10,20,2,in
4547,19,19,19,5,in
4554,14,1,14,8,in
4554,14,5,14,8,out
4554,1,19,1,5,going
4554,1,16,1,5,coming
4554,3,19,3,5,going
4554,3,16,3,5,coming
4557,7,2,22,0,out
4557,7,4,22,0,in
4557,18,2,23,0,out
4557,18,4,23,0,in
4562,9,4,9,2,out
4562,9,6,9,2,in
4562,11,4,11,2,out
4562,11,6,11,2,in
4562,10,9,20,2,going
4562,10,11,20,2,coming
4563,6,2,6,0,in
4563,16,4,16,2,out
4563,16,6,16,2,in
4567,0,12,0,0,out
4574,18,3,23,0,going
4574,18,4,23,0,going
4574,18,10,23,0,coming
4574,18,11,23,0,coming
4575,19,18,19,5,going
4576,18,0,23,0,going
4578,2,10,2,3,out
4578,2,12,2,3,in
4578,4,10,4,3,out
4578,4,12,4,3,in
4578,5,10,5,3,out
4578,5,12,5,3,in
4578,8,10,8,3,out
4578,8,12,8,3,in
4578,18,5,23,0,going
4582,14,2,14,8,coming
4585,7,3,22,0,going
4590,9,5,9,2,going
4590,9,7,9,2,coming
4590,11,5,11,2,going
4590,11,7,11,2,coming
4591,6,1,6,0,going
4591,6,3,6,0,coming
4591,16,5,16,2,going
4591,16,7,16,2,coming
4592,12,11,12,4,in
4592,13,11,13,4,in
4592,14,6,14,8,out
4592,12,11,12,4,going
4592,13,11,13,4,going
4594,17,3,17,9,out
4594,17,5,17,9,in
4595,12,10,12,4,out
4595,13,10,13,4,out
4595,12,10,12,4,coming
4595,13,10,13,4,coming
4598,15,6,21,8,coming
4603,1,18,1,5,out
4603,3,18,3,5,out
4606,2,11,2,3,going
4606,2,13,2,3,coming
4606,4,11,4,3,going
4606,4,13,4,3,coming
4606,5,11,5,3,going
4606,5,13,5,3,coming
4606,8,11,8,3,going
4606,8,13,8,3,coming
4621,0,2,0,0,in
4622,17,4,17,9,going
4622,17,6,17,9,coming
4626,19,19,19,5,going
4626,19,16,19,5,coming
4649,0,1,0,0,going
4649,0,3,0,0,coming
4654,1,16,1,5,in
4654,1,19,1,5,out
4654,3,16,3,5,in
4654,3,19,3,5,out
4662,10,9,20,2,out
4662,10,11,20,2,in
4664,1,18,1,5,coming
4664,3,18,3,5,coming
4674,18,3,23,0,out
4674,18,4,23,0,out
4674,18,10,23,0,in
4674,18,11,23,0,in
4675,19,18,19,5,out
4676,18,0,23,0,out
4678,18,5,23,0,out
4680,18,12,23,0,coming
4682,14,2,14,8,in
4685,7,3,22,0,out
4690,9,5,9,2,out
4690,9,7,9,2,in
4690,11,5,11,2,out
4690,11,7,11,2,in
4690,10,10,20,2,going
4690,10,12,20,2,coming
4691,6,1,6,0,out
4691,6,3,6,0,in
4691,16,5,16,2,out
4691,16,7,16,2,in
4692,12,11,12,4,out
4692,13,11,13,4,out
4695,12,10,12,4,in
4695,13,10,13,4,in
4698,15,6,21,8,in
4698,15,6,21,8,going
4706,2,11,2,3,out
4706,2,13,2,3,in
4706,4,11,4,3,out
4706,4,13,4,3,in
4706,5,11,5,3,out
4706,5,13,5,3,in
4706,8,11,8,3,out
4706,8,13,8,3,in
4706,18,11,23,0,going
4706,18,0,23,0,coming
4706,18,1,23,0,coming
4709,12,11,12,4,coming
4709,13,11,13,4,coming
4710,14,1,14,8,going
4710,14,3,14,8,coming
4712,10,11,20,2,going
4712,10,1,20,2,coming
4712,12,10,12,4,going
4712,13,10,13,4,going
4713,7,4,22,0,going
4713,7,6,22,0,coming
4718,9,6,9,2,going
4718,9,8,9,2,coming
4718,11,6,11,2,going
4718,11,8,11,2,coming
4719,6,2,6,0,going
4719,6,4,6,0,coming
4719,16,6,16,2,going
4719,16,8,16,2,coming
4722,17,4,17,9,out
4722,17,6,17,9,in
4726,19,16,19,5,in
4726,19,19,19,5,out
4734,2,12,2,3,going
4734,2,14,2,3,coming
4734,4,12,4,3,going
4734,4,14,4,3,coming
4734,5,12,5,3,going
4734,5,14,5,3,coming
4734,8,12,8,3,going
4734,8,14,8,3,coming
4736,19,18,19,5,coming
4749,0,1,0,0,out
4749,0,3,0,0,in
4750,17,5,17,9,going
4750,17,7,17,9,coming
4764,1,18,1,5,in
4764,3,18,3,5,in
4777,0,2,0,0,going
4777,0,4,0,0,coming
4780,18,12,23,0,in
4780,18,12,23,0,going
4790,10,10,20,2,out
4790,10,12,20,2,in
4790,10,12,20,2,going
4792,1,19,1,5,coming
4792,3,19,3,5,coming
4798,15,6,21,8,out
4806,18,0,23,0,in
4806,18,1,23,0,in
4806,18,11,23,0,out
4809,12,11,12,4,in
4809,13,11,13,4,in
4809,12,11,12,4,going
4809,13,11,13,4,going
4810,14,1,14,8,out
4810,14,3,14,8,in
4812,10,1,20,2,in
4812,10,11,20,2,out
4812,12,10,12,4,out
4812,13,10,13,4,out
4812,12,10,12,4,coming
4812,13,10,13,4,coming
4813,7,4,22,0,out
4813,7,6,22,0,in
4818,9,6,9,2,out
4818,9,8,9,2,in
4818,11,6,11,2,out
4818,11,8,11,2,in
4819,6,2,6,0,out
4819,6,4,6,0,in
4819,16,6,16,2,out
4819,16,8,16,2,in
4834,2,12,2,3,out
4834,2,14,2,3,in
4834,4,12,4,3,out
4834,4,14,4,3,in
4834,5,12,5,3,out
4834,5,14,5,3,in
4834,8,12,8,3,out
4834,8,14,8,3,in
4836,19,18,19,5,in
4836,6,3,6,0,going
4836,6,4,6,0,going
4836,6,10,6,0,coming
4836,6,11,6,0,coming
4838,14,2,14,8,going
4838,14,4,14,8,coming
4840,10,2,20,2,coming
4841,7,7,22,0,coming
4843,6,0,6,0,going
4846,9,7,9,2,going
4846,9,9,9,2,coming
4846,11,7,11,2,going
4846,11,9,11,2,coming
4847,16,7,16,2,going
4847,16,9,16,2,coming
4850,17,5,17,9,out
4850,17,7,17,9,in
4862,2,13,2,3,going
4862,2,15,2,3,coming
4862,4,13,4,3,going
4862,4,15,4,3,coming
4862,5,13,5,3,going
4862,5,15,5,3,coming
4862,8,13,8,3,going
4862,8,15,8,3,coming
4864,19,19,19,5,coming
4877,0,2,0,0,out
4877,0,4,0,0,in
4878,17,6,17,9,going
4878,17,8,17,9,coming
4880,18,12,23,0,out
4890,10,12,20,2,out
4892,1,19,1,5,in
4892,3,19,3,5,in
4894,0,3,0,0,going
4894,0,4,0,0,going
4894,0,10,0,0,coming
4894,0,11,0,0,coming
4909,12,11,12,4,out
4909,13,11,13,4,out
4912,12,10,12,4,in
4912,13,10,13,4,in
4920,1,18,1,5,going
4920,3,18,3,5,going
4926,12,11,12,4,coming
4926,13,11,13,4,coming
4929,12,10,12,4,going
4929,13,10,13,4,going
4934,18,2,23,0,coming
4936,6,3,6,0,out
4936,6,4,6,0,out
4936,6,10,6,0,in
4936,6,11,6,0,in
4938,14,2,14,8,out
4938,14,4,14,8,in
4940,10,2,20,2,in
4941,7,7,22,0,in
4942,6,12,6,0,coming
4943,6,0,6,0,out
4946,9,7,9,2,out
4946,9,9,9,2,in
4946,11,7,11,2,out
4946,11,9,11,2,in
4947,16,7,16,2,out
4947,16,9,16,2,in
4962,2,13,2,3,out
4962,2,15,2,3,in
4962,4,13,4,3,out
4962,4,15,4,3,in
4962,5,13,5,3,out
4962,5,15,5,3,in
4962,8,13,8,3,out
4962,8,15,8,3,in
4964,19,19,19,5,in
4966,14,3,14,8,going
4966,14,5,14,8,coming
4968,6,11,6,0,going
4968,6,0,6,0,coming
4968,6,1,6,0,coming
4968,10,3,20,2,coming
4969,7,6,22,0,going
4969,7,8,22,0,coming
4971,1,19,1,5,going
4971,3,19,3,5,going
4974,9,8,9,2,going
4974,9,10,9,2,coming
4974,11,8,11,2,going
4974,11,10,11,2,coming
4975,16,8,16,2,going
4975,16,10,16,2,coming
4978,17,6,17,9,out
4978,17,8,17,9,in
4990,2,14,2,3,going
4990,2,16,2,3,coming
4990,4,14,4,3,going
4990,4,16,4,3,coming
4990,5,14,5,3,going
4990,5,16,5,3,coming
4990,8,14,8,3,going
4990,8,16,8,3,coming
4992,19,18,19,5,going
4994,0,3,0,0,out
4994,0,4,0,0,out
4994,0,10,0,0,in
4994,0,11,0,0,in
5000,0,12,0,0,coming
5006,17,7,17,9,going
5006,17,9,17,9,coming
5020,1,18,1,5,out
5020,3,18,3,5,out
5020,1,18,1,5,coming
5020,3,18,3,5,coming
5026,12,11,12,4,in
5026,13,11,13,4,in
5026,0,11,0,0,going
5026,0,1,0,0,coming
5026,12,11,12,4,going
5026,13,11,13,4,going
5029,12,10,12,4,out
5029,13,10,13,4,out
5029,12,10,12,4,coming
5029,13,10,13,4,coming
5034,18,2,23,0,in
5042,6,12,6,0,in
5042,6,12,6,0,going
5043,19,19,19,5,going
5062,18,1,23,0,going
5062,18,3,23,0,coming
5066,14,3,14,8,out
5066,14,5,14,8,in
5068,6,0,6,0,in
5068,6,1,6,0,in
5068,6,11,6,0,out
5068,10,3,20,2,in
5069,7,6,22,0,out
5069,7,8,22,0,in
5071,1,19,1,5,out
5071,3,19,3,5,out
5074,9,8,9,2,out
5074,9,10,9,2,in
5074,11,8,11,2,out
5074,11,10,11,2,in
5075,16,8,16,2,out
5075,16,10,16,2,in
5090,2,14,2,3,out
5090,2,16,2,3,in
5090,4,14,4,3,out
5090,4,16,4,3,in
5090,5,14,5,3,out
5090,5,16,5,3,in
5090,8,14,8,3,out
5090,8,16,8,3,in
5092,19,18,19,5,out
5092,19,18,19,5,coming
5094,14,4,14,8,going
5094,14,6,14,8,coming
5096,10,4,20,2,coming
5097,7,7,22,0,going
5097,7,9,22,0,coming
5100,0,12,0,0,in
5100,0,12,0,0,going
5102,9,9,9,2,going
5102,9,11,9,2,coming
5102,11,9,11,2,going
5102,11,11,11,2,coming
5103,16,9,16,2,going
5103,16,11,16,2,coming
5106,17,7,17,9,out
5106,17,9,17,9,in
5109,1,19,1,5,coming
5109,3,19,3,5,coming
5118,2,15,2,3,going
5118,2,17,2,3,coming
5118,4,15,4,3,going
5118,4,17,4,3,coming
5118,5,15,5,3,going
5118,5,17,5,3,coming
5118,8,15,8,3,going
5118,8,17,8,3,coming
5120,1,18,1,5,in
5120,3,18,3,5,in
5120,10,1,20,2,going
5120,10,2,20,2,going
5126,0,1,0,0,in
5126,0,11,0,0,out
5126,12,11,12,4,out
5126,13,11,13,4,out
5129,12,10,12,4,in
5129,13,10,13,4,in
5134,17,8,17,9,going
5134,17,10,17,9,coming
5142,6,12,6,0,out
5143,19,19,19,5,out
5143,12,11,12,4,coming
5143,13,11,13,4,coming
5146,12,10,12,4,going
5146,13,10,13,4,going
5154,0,2,0,0,coming
5156,14,5,14,8,going
5156,14,1,14,8,coming
5162,18,1,23,0,out
5162,18,3,23,0,in
5181,19,19,19,5,coming
5190,18,2,23,0,going
5190,18,4,23,0,coming
5192,19,18,19,5,in
5194,14,4,14,8,out
5194,14,6,14,8,in
5194,14,6,14,8,going
5196,10,4,20,2,in
5196,6,2,6,0,coming
5197,7,7,22,0,out
5197,7,9,22,0,in
5200,0,12,0,0,out
5200,2,16,2,3,going
5200,2,1,2,3,coming
5200,4,16,4,3,going
5200,4,1,4,3,coming
5200,5,16,5,3,going
5200,5,1,5,3,coming
5200,8,16,8,3,going
5200,8,1,8,3,coming
5202,9,9,9,2,out
5202,9,11,9,2,in
5202,11,9,11,2,out
5202,11,11,11,2,in
5203,16,9,16,2,out
5203,16,11,16,2,in
5209,1,19,1,5,in
5209,3,19,3,5,in
5218,2,15,2,3,out
5218,2,17,2,3,in
5218,4,15,4,3,out
5218,4,17,4,3,in
5218,5,15,5,3,out
5218,5,17,5,3,in
5218,8,15,8,3,out
5218,8,17,8,3,in
5218,2,17,2,3,going
5218,4,17,4,3,going
5218,5,17,5,3,going
5218,8,17,8,3,going
5220,10,1,20,2,out
5220,10,2,20,2,out
5224,10,3,20,2,going
5225,7,8,22,0,going
5225,7,10,22,0,coming
5230,9,10,9,2,going
5230,9,12,9,2,coming
5230,11,10,11,2,going
5230,11,12,11,2,coming
5231,16,10,16,2,going
5231,16,12,16,2,coming
5234,17,8,17,9,out
5234,17,10,17,9,in
5243,12,11,12,4,in
5243,13,11,13,4,in
5243,12,11,12,4,going
5243,13,11,13,4,going
5246,12,10,12,4,out
5246,13,10,13,4,out
5246,12,10,12,4,coming
5246,13,10,13,4,coming
5248,1,18,1,5,going
5248,3,18,3,5,going
5252,9,11,9,2,going
5252,9,1,9,2,coming
5252,11,11,11,2,going
5252,11,1,11,2,coming
5253,16,11,16,2,going
5253,16,1,16,2,coming
5254,0,2,0,0,in
5256,14,1,14,8,in
5256,14,5,14,8,out
5262,17,9,17,9,going
5262,17,11,17,9,coming
5281,19,19,19,5,in
5282,0,1,0,0,going
5282,0,3,0,0,coming
5284,14,2,14,8,coming
5290,18,2,23,0,out
5290,18,4,23,0,in
5294,14,6,14,8,out
5296,6,2,6,0,in
5299,1,19,1,5,going
5299,3,19,3,5,going
5300,2,1,2,3,in
5300,2,16,2,3,out
5300,4,1,4,3,in
5300,4,16,4,3,out
5300,5,1,5,3,in
5300,5,16,5,3,out
5300,8,1,8,3,in
5300,8,16,8,3,out
5300,15,6,21,8,coming
5318,2,17,2,3,out
5318,4,17,4,3,out
5318,5,17,5,3,out
5318,8,17,8,3,out
5318,18,3,23,0,going
5318,18,5,23,0,coming
5320,19,18,19,5,going
5324,10,3,20,2,out
5324,6,1,6,0,going
5324,6,3,6,0,coming
5325,7,8,22,0,out
5325,7,10,22,0,in
5328,2,2,2,3,coming
5328,4,2,4,3,coming
5328,5,2,5,3,coming
5328,8,2,8,3,coming
5330,9,10,9,2,out
5330,9,12,9,2,in
5330,11,10,11,2,out
5330,11,12,11,2,in
5330,9,12,9,2,going
5330,11,12,11,2,going
5331,16,10,16,2,out
5331,16,12,16,2,in
5331,16,12,16,2,going
5343,12,11,12,4,out
5343,13,11,13,4,out
5346,12,10,12,4,in
5346,13,10,13,4,in
5348,1,18,1,5,out
5348,3,18,3,5,out
5348,1,18,1,5,coming
5348,3,18,3,5,coming
5352,9,1,9,2,in
5352,9,11,9,2,out
5352,11,1,11,2,in
5352,11,11,11,2,out
5352,10,4,20,2,going
5352,10,6,20,2,coming
5353,16,1,16,2,in
5353,16,11,16,2,out
5353,7,9,22,0,going
5353,7,11,22,0,coming
5360,12,11,12,4,coming
5360,13,11,13,4,coming
5362,17,9,17,9,out
5362,17,11,17,9,in
5363,12,10,12,4,going
5363,13,10,13,4,going
5371,19,19,19,5,going
5375,7,10,22,0,going
5375,7,12,22,0,coming
5380,9,2,9,2,coming
5380,11,2,11,2,coming
5381,16,2,16,2,coming
5382,0,1,0,0,out
5382,0,3,0,0,in
5384,14,2,14,8,in
5390,17,10,17,9,going
5390,17,12,17,9,coming
5399,1,19,1,5,out
5399,3,19,3,5,out
5400,15,6,21,8,in
5400,15,6,21,8,going
5410,0,2,0,0,going
5410,0,4,0,0,coming
5412,14,1,14,8,going
5412,14,3,14,8,coming
5418,18,3,23,0,out
5418,18,5,23,0,in
5420,19,18,19,5,out
5420,19,18,19,5,coming
5424,6,1,6,0,out
5424,6,3,6,0,in
5428,2,2,2,3,in
5428,4,2,4,3,in
5428,5,2,5,3,in
5428,8,2,8,3,in
5430,9,12,9,2,out
5430,11,12,11,2,out
5431,16,12,16,2,out
5437,1,19,1,5,coming
5437,3,19,3,5,coming
5446,18,4,23,0,going
5446,18,6,23,0,coming
5448,1,18,1,5,in
5448,3,18,3,5,in
5452,10,4,20,2,out
5452,10,6,20,2,in
5452,6,2,6,0,going
5452,6,4,6,0,coming
5453,7,9,22,0,out
5453,7,11,22,0,in
5454,7,11,22,0,going
5454,7,1,22,0,coming
5456,2,1,2,3,going
5456,2,3,2,3,coming
5456,4,1,4,3,going
5456,4,3,4,3,coming
5456,5,1,5,3,going
5456,5,3,5,3,coming
5456,8,1,8,3,going
5456,8,3,8,3,coming
5460,12,11,12,4,in
5460,13,11,13,4,in
5460,12,11,12,4,going
5460,13,11,13,4,going
5463,12,10,12,4,out
5463,13,10,13,4,out
5463,12,10,12,4,coming
5463,13,10,13,4,coming
5471,19,19,19,5,out
5475,7,10,22,0,out
5475,7,12,22,0,in
5475,7,12,22,0,going
5480,9,2,9,2,in
5480,11,2,11,2,in
5480,10,7,20,2,coming
5481,16,2,16,2,in
5484,17,11,17,9,going
5484,17,1,17,9,coming
5490,17,10,17,9,out
5490,17,12,17,9,in
5490,17,12,17,9,going
5500,15,6,21,8,out
5508,9,1,9,2,going
5508,9,3,9,2,coming
5508,11,1,11,2,going
5508,11,3,11,2,coming
5509,16,1,16,2,going
5509,16,3,16,2,coming
5509,19,19,19,5,coming
5510,0,2,0,0,out
5510,0,4,0,0,in
5512,14,1,14,8,out
5512,14,3,14,8,in
5520,19,18,19,5,in
5527,0,3,0,0,going
5527,0,4,0,0,going
5527,0,11,0,0,coming
5533,0,12,0,0,coming
5537,1,19,1,5,in
5537,3,19,3,5,in
5540,14,2,14,8,going
5540,14,4,14,8,coming
5546,18,4,23,0,out
5546,18,6,23,0,in
5552,6,2,6,0,out
5552,6,4,6,0,in
5554,7,1,22,0,in
5554,7,11,22,0,out
5556,2,1,2,3,out
5556,2,3,2,3,in
5556,4,1,4,3,out
5556,4,3,4,3,in
5556,5,1,5,3,out
5556,5,3,5,3,in
5556,8,1,8,3,out
5556,8,3,8,3,in
5560,12,11,12,4,out
5560,13,11,13,4,out
5563,12,10,12,4,in
5563,13,10,13,4,in
5569,6,3,6,0,going
5569,6,4,6,0,going
5569,6,11,6,0,coming
5574,18,5,23,0,going
5574,18,7,23,0,coming
5575,7,12,22,0,out
5575,6,12,6,0,coming
5576,1,18,1,5,going
5576,3,18,3,5,going
5577,12,11,12,4,coming
5577,13,11,13,4,coming
5580,10,7,20,2,in
5580,13,10,13,4,going
5581,12,10,12,4,going
5581,12,0,12,4,coming
5581,12,1,12,4,coming
5582,7,2,22,0,coming
5584,17,1,17,9,in
5584,17,11,17,9,out
5584,2,2,2,3,going
5584,2,4,2,3,coming
5584,4,2,4,3,going
5584,4,4,4,3,coming
5584,5,2,5,3,going
5584,5,4,5,3,coming
5584,8,2,8,3,going
5584,8,4,8,3,coming
5590,17,12,17,9,out
5608,9,1,9,2,out
5608,9,3,9,2,in
5608,11,1,11,2,out
5608,11,3,11,2,in
5608,10,6,20,2,going
5608,10,8,20,2,coming
5609,16,1,16,2,out
5609,16,3,16,2,in
5609,19,19,19,5,in
5612,17,2,17,9,coming
5627,0,3,0,0,out
5627,0,4,0,0,out
5627,0,11,0,0,in
5627,1,19,1,5,going
5627,3,19,3,5,going
5633,0,12,0,0,in
5636,9,2,9,2,going
5636,9,4,9,2,coming
5636,11,2,11,2,going
5636,11,4,11,2,coming
5637,16,2,16,2,going
5637,16,4,16,2,coming
5640,14,2,14,8,out
5640,14,4,14,8,in
5648,19,18,19,5,going
5653,0,11,0,0,going
5653,0,12,0,0,going
5653,0,1,0,0,coming
5668,14,3,14,8,going
5668,14,5,14,8,coming
5669,6,3,6,0,out
5669,6,4,6,0,out
5669,6,11,6,0,in
5674,18,5,23,0,out
5674,18,7,23,0,in
5675,6,12,6,0,in
5676,1,18,1,5,out
5676,3,18,3,5,out
5676,1,18,1,5,coming
5676,3,18,3,5,coming
5677,12,11,12,4,in
5677,13,11,13,4,in
5677,12,11,12,4,going
5677,13,11,13,4,going
5680,13,10,13,4,out
5680,13,10,13,4,coming
5681,12,0,12,4,in
5681,12,1,12,4,in
5681,12,10,12,4,out
5682,7,2,22,0,in
5684,2,2,2,3,out
5684,2,4,2,3,in
5684,4,2,4,3,out
5684,4,4,4,3,in
5684,5,2,5,3,out
5684,5,4,5,3,in
5684,8,2,8,3,out
5684,8,4,8,3,in
5695,6,11,6,0,going
5695,6,12,6,0,going
5695,6,1,6,0,coming
5699,19,19,19,5,going
5702,18,6,23,0,going
5702,18,8,23,0,coming
5708,10,6,20,2,out
5708,10,8,20,2,in
5710,7,1,22,0,going
5710,7,3,22,0,coming
5712,17,2,17,9,in
5712,2,3,2,3,going
5712,2,5,2,3,coming
5712,4,3,4,3,going
5712,4,5,4,3,coming
5712,5,3,5,3,going
5712,5,5,5,3,coming
5712,8,3,8,3,going
5712,8,5,8,3,coming
5727,1,19,1,5,out
5727,3,19,3,5,out
5736,9,2,9,2,out
5736,9,4,9,2,in
5736,11,2,11,2,out
5736,11,4,11,2,in
5736,10,7,20,2,going
5736,10,9,20,2,coming
5737,16,2,16,2,out
5737,16,4,16,2,in
5740,17,1,17,9,going
5740,17,3,17,9,coming
5748,19,18,19,5,out
5748,19,18,19,5,coming
5753,0,1,0,0,in
5753,0,11,0,0,out
5753,0,12,0,0,out
5764,9,3,9,2,going
5764,9,5,9,2,coming
5764,11,3,11,2,going
5764,11,5,11,2,coming
5765,1,19,1,5,coming
5765,3,19,3,5,coming
5765,16,3,16,2,going
5765,16,5,16,2,coming
5768,14,3,14,8,out
5768,14,5,14,8,in
5776,1,18,1,5,in
5776,3,18,3,5,in
5777,12,11,12,4,out
5777,13,11,13,4,out
5780,13,10,13,4,in
5781,0,2,0,0,coming
5794,13,11,13,4,coming
5795,6,1,6,0,in
5795,6,11,6,0,out
5795,6,12,6,0,out
5796,14,4,14,8,going
5796,14,6,14,8,coming
5797,13,10,13,4,going
5799,19,19,19,5,out
5802,18,6,23,0,out
5802,18,8,23,0,in
5809,12,0,12,4,going
5809,12,2,12,4,coming
5810,7,1,22,0,out
5810,7,3,22,0,in
5812,2,3,2,3,out
5812,2,5,2,3,in
5812,4,3,4,3,out
5812,4,5,4,3,in
5812,5,3,5,3,out
5812,5,5,5,3,in
5812,8,3,8,3,out
5812,8,5,8,3,in
5823,6,2,6,0,coming
5830,18,7,23,0,going
5830,18,9,23,0,coming
5836,10,7,20,2,out
5836,10,9,20,2,in
5837,19,19,19,5,coming
5838,7,2,22,0,going
5838,7,4,22,0,coming
5840,17,1,17,9,out
5840,17,3,17,9,in
5840,2,4,2,3,going
5840,2,6,2,3,coming
5840,4,4,4,3,going
5840,4,6,4,3,coming
5840,5,4,5,3,going
5840,5,6,5,3,coming
5840,8,4,8,3,going
5840,8,6,8,3,coming
5848,19,18,19,5,in
5858,14,5,14,8,going
5858,14,1,14,8,coming
5864,9,3,9,2,out
5864,9,5,9,2,in
5864,11,3,11,2,out
5864,11,5,11,2,in
5864,10,8,20,2,going
5864,10,10,20,2,coming
5865,1,19,1,5,in
5865,3,19,3,5,in
5865,16,3,16,2,out
5865,16,5,16,2,in
5868,17,2,17,9,going
5868,17,4,17,9,coming
5881,0,2,0,0,in
5892,9,4,9,2,going
5892,9,6,9,2,coming
5892,11,4,11,2,going
5892,11,6,11,2,coming
5893,16,4,16,2,going
5893,16,6,16,2,coming
5894,13,11,13,4,in
5894,13,11,13,4,going
5896,14,4,14,8,out
5896,14,6,14,8,in
5896,14,6,14,8,going
5897,13,10,13,4,out
5897,13,10,13,4,coming
5904,1,18,1,5,going
5904,3,18,3,5,going
5909,12,0,12,4,out
5909,12,2,12,4,in
5909,0,1,0,0,going
5909,0,3,0,0,coming
5923,6,2,6,0,in
5930,18,7,23,0,out
5930,18,9,23,0,in
5937,19,19,19,5,in
5937,12,1,12,4,going
5937,12,3,12,4,coming
5938,7,2,22,0,out
5938,7,4,22,0,in
5940,2,4,2,3,out
5940,2,6,2,3,in
5940,4,4,4,3,out
5940,4,6,4,3,in
5940,5,4,5,3,out
5940,5,6,5,3,in
5940,8,4,8,3,out
5940,8,6,8,3,in
5951,6,1,6,0,going
5951,6,3,6,0,coming
5955,1,19,1,5,going
5955,3,19,3,5,going
5955,7,3,22,0,going
5955,7,4,22,0,going
5955,7,10,22,0,coming
5955,7,11,22,0,coming
5957,7,0,22,0,going
5958,14,1,14,8,in
5958,14,5,14,8,out
5958,18,8,23,0,going
5959,7,5,22,0,going
5964,10,8,20,2,out
5964,10,10,20,2,in
5968,17,2,17,9,out
5968,17,4,17,9,in
5968,2,5,2,3,going
5968,2,7,2,3,coming
5968,4,5,4,3,going
5968,4,7,4,3,coming
5968,5,5,5,3,going
5968,5,7,5,3,coming
5968,8,5,8,3,going
5968,8,7,8,3,coming
5976,19,18,19,5,going
5986,14,2,14,8,coming
5992,9,4,9,2,out
5992,9,6,9,2,in
5992,11,4,11,2,out
5992,11,6,11,2,in
5992,10,9,20,2,going
5992,10,11,20,2,coming
5993,16,4,16,2,out
5993,16,6,16,2,in
5994,13,11,13,4,out
5996,14,6,14,8,out
5996,17,3,17,9,going
5996,17,5,17,9,coming
5997,13,10,13,4,in
6002,15,6,21,8,coming
6004,1,18,1,5,out
6004,3,18,3,5,out
6004,1,18,1,5,coming
6004,3,18,3,5,coming
6009,0,1,0,0,out
6009,0,3,0,0,in
6011,13,11,13,4,coming
6014,13,10,13,4,going
6020,9,5,9,2,going
6020,9,7,9,2,coming
6020,11,5,11,2,going
6020,11,7,11,2,coming
6021,16,5,16,2,going
6021,16,7,16,2,coming
6027,19,19,19,5,going
6037,12,1,12,4,out
6037,12,3,12,4,in
6037,0,2,0,0,going
6037,0,4,0,0,coming
6051,6,1,6,0,out
6051,6,3,6,0,in
6055,1,19,1,5,out
6055,3,19,3,5,out
6055,7,3,22,0,out
6055,7,4,22,0,out
6055,7,10,22,0,in
6055,7,11,22,0,in
6057,7,0,22,0,out
6058,18,8,23,0,out
6059,7,5,22,0,out
6061,7,12,22,0,coming
6065,12,2,12,4,going
6065,12,4,12,4,coming
6068,2,5,2,3,out
6068,2,7,2,3,in
6068,4,5,4,3,out
6068,4,7,4,3,in
6068,5,5,5,3,out
6068,5,7,5,3,in
6068,8,5,8,3,out
6068,8,7,8,3,in
6076,19,18,19,5,out
6076,19,18,19,5,coming
6079,6,2,6,0,going
6079,6,4,6,0,coming
6086,14,2,14,8,in
6086,18,9,23,0,going
6086,18,11,23,0,coming
6087,7,11,22,0,going
6087,7,0,22,0,coming
6087,7,1,22,0,coming
6092,10,9,20,2,out
6092,10,11,20,2,in
6093,1,19,1,5,coming
6093,3,19,3,5,coming
6096,17,3,17,9,out
6096,17,5,17,9,in
6096,2,6,2,3,going
6096,2,8,2,3,coming
6096,4,6,4,3,going
6096,4,8,4,3,coming
6096,5,6,5,3,going
6096,5,8,5,3,coming
6096,8,6,8,3,going
6096,8,8,8,3,coming
6102,15,6,21,8,in
6102,15,6,21,8,going
6104,1,18,1,5,in
6104,3,18,3,5,in
6108,18,12,23,0,coming
6111,13,11,13,4,in
6111,13,11,13,4,going
6114,13,10,13,4,out
6114,13,10,13,4,coming
6114,14,1,14,8,going
6114,14,3,14,8,coming
6120,9,5,9,2,out
6120,9,7,9,2,in
6120,11,5,11,2,out
6120,11,7,11,2,in
6120,10,10,20,2,going
6120,10,12,20,2,coming
6121,16,5,16,2,out
6121,16,7,16,2,in
6124,17,4,17,9,going
6124,17,6,17,9,coming
6127,19,19,19,5,out
6137,0,2,0,0,out
6137,0,4,0,0,in
6142,10,11,20,2,going
6142,10,1,20,2,coming
6148,9,6,9,2,going
6148,9,8,9,2,coming
6148,11,6,11,2,going
6148,11,8,11,2,coming
6149,16,6,16,2,going
6149,16,8,16,2,coming
6154,0,3,0,0,going
6154,0,4,0,0,going
6154,0,11,0,0,coming
6160,0,12,0,0,coming
6161,7,12,22,0,in
6161,7,12,22,0,going
6165,12,2,12,4,out
6165,12,4,12,4,in
6165,19,19,19,5,coming
6176,19,18,19,5,in
6179,6,2,6,0,out
6179,6,4,6,0,in
6186,18,9,23,0,out
6186,18,11,23,0,in
6187,7,0,22,0,in
6187,7,1,22,0,in
6187,7,11,22,0,out
6187,18,11,23,0,going
6187,18,1,23,0,coming
6193,1,19,1,5,in
6193,3,19,3,5,in
6193,12,3,12,4,going
6193,12,5,12,4,coming
6196,2,6,2,3,out
6196,2,8,2,3,in
6196,4,6,4,3,out
6196,4,8,4,3,in
6196,5,6,5,3,out
6196,5,8,5,3,in
6196,8,6,8,3,out
6196,8,8,8,3,in
6202,15,6,21,8,out
6207,6,3,6,0,going
6207,6,5,6,0,coming
6208,18,12,23,0,in
6208,18,12,23,0,going
6211,13,11,13,4,out
6214,13,10,13,4,in
6214,14,1,14,8,out
6214,14,3,14,8,in
6220,10,10,20,2,out
6220,10,12,20,2,in
6220,10,12,20,2,going
6224,17,4,17,9,out
6224,17,6,17,9,in
6224,2,7,2,3,going
6224,2,9,2,3,coming
6224,4,7,4,3,going
6224,4,9,4,3,coming
6224,5,7,5,3,going
6224,5,9,5,3,coming
6224,8,7,8,3,going
6224,8,9,8,3,coming
6228,13,11,13,4,coming
6232,1,18,1,5,going
6232,3,18,3,5,going
6232,13,10,13,4,going
6232,13,0,13,4,coming
6232,13,1,13,4,coming
6242,10,1,20,2,in
6242,10,11,20,2,out
6242,14,2,14,8,going
6242,14,4,14,8,coming
6248,9,6,9,2,out
6248,9,8,9,2,in
6248,11,6,11,2,out
6248,11,8,11,2,in
6249,16,6,16,2,out
6249,16,8,16,2,in
6252,17,5,17,9,going
6252,17,7,17,9,coming
6254,0,3,0,0,out
6254,0,4,0,0,out
6254,0,11,0,0,in
6260,0,12,0,0,in
6261,7,12,22,0,out
6265,19,19,19,5,in
6270,10,2,20,2,coming
6276,9,7,9,2,going
6276,9,9,9,2,coming
6276,11,7,11,2,going
6276,11,9,11,2,coming
6277,16,7,16,2,going
6277,16,9,16,2,coming
6280,0,12,0,0,going
6280,0,1,0,0,coming
6283,1,19,1,5,going
6283,3,19,3,5,going
6287,18,1,23,0,in
6287,18,11,23,0,out
6293,12,3,12,4,out
6293,12,5,12,4,in
6304,19,18,19,5,going
6307,6,3,6,0,out
6307,6,5,6,0,in
6308,18,12,23,0,out
6315,7,2,22,0,coming
6315,18,2,23,0,coming
6320,10,12,20,2,out
6321,12,4,12,4,going
6321,12,6,12,4,coming
6324,2,7,2,3,out
6324,2,9,2,3,in
6324,4,7,4,3,out
6324,4,9,4,3,in
6324,5,7,5,3,out
6324,5,9,5,3,in
6324,8,7,8,3,out
6324,8,9,8,3,in
6328,13,11,13,4,in
6328,13,11,13,4,going
6332,1,18,1,5,out
6332,3,18,3,5,out
6332,13,0,13,4,in
6332,13,1,13,4,in
6332,13,10,13,4,out
6332,1,18,1,5,coming
6332,3,18,3,5,coming
6335,6,4,6,0,going
6335,6,6,6,0,coming
6342,14,2,14,8,out
6342,14,4,14,8,in
6352,17,5,17,9,out
6352,17,7,17,9,in
6352,2,8,2,3,going
6352,2,10,2,3,coming
6352,4,8,4,3,going
6352,4,10,4,3,coming
6352,5,8,5,3,going
6352,5,10,5,3,coming
6352,8,8,8,3,going
6352,8,10,8,3,coming
6355,19,19,19,5,going
6370,10,2,20,2,in
6370,14,3,14,8,going
6370,14,5,14,8,coming
6376,9,7,9,2,out
6376,9,9,9,2,in
6376,11,7,11,2,out
6376,11,9,11,2,in
6377,16,7,16,2,out
6377,16,9,16,2,in
6380,0,1,0,0,in
6380,0,12,0,0,out
6380,17,6,17,9,going
6380,17,8,17,9,coming
6383,1,19,1,5,out
6383,3,19,3,5,out
6398,10,3,20,2,coming
6404,19,18,19,5,out
6404,9,8,9,2,going
6404,9,10,9,2,coming
6404,11,8,11,2,going
6404,11,10,11,2,coming
6404,19,18,19,5,coming
6405,16,8,16,2,going
6405,16,10,16,2,coming
6408,0,2,0,0,coming
6415,7,2,22,0,in
6415,18,2,23,0,in
6421,12,4,12,4,out
6421,12,6,12,4,in
6421,1,19,1,5,coming
6421,3,19,3,5,coming
6428,13,11,13,4,out
6432,1,18,1,5,in
6432,3,18,3,5,in
6435,6,4,6,0,out
6435,6,6,6,0,in
6443,7,1,22,0,going
6443,7,3,22,0,coming
6443,18,1,23,0,going
6443,18,3,23,0,coming
6449,12,5,12,4,going
6449,12,7,12,4,coming
6452,2,8,2,3,out
6452,2,10,2,3,in
6452,4,8,4,3,out
6452,4,10,4,3,in
6452,5,8,5,3,out
6452,5,10,5,3,in
6452,8,8,8,3,out
6452,8,10,8,3,in
6455,19,19,19,5,out
6460,13,0,13,4,going
6460,13,2,13,4,coming
6463,6,5,6,0,going
6463,6,7,6,0,coming
6470,14,3,14,8,out
6470,14,5,14,8,in
6480,17,6,17,9,out
6480,17,8,17,9,in
6480,2,9,2,3,going
6480,2,11,2,3,coming
6480,4,9,4,3,going
6480,4,11,4,3,coming
6480,5,9,5,3,going
6480,5,11,5,3,coming
6480,8,9,8,3,going
6480,8,11,8,3,coming
6493,19,19,19,5,coming
6498,10,3,20,2,in
6498,14,4,14,8,going
6498,14,6,14,8,coming
6504,9,8,9,2,out
6504,9,10,9,2,in
6504,11,8,11,2,out
6504,11,10,11,2,in
6504,19,18,19,5,in
6505,16,8,16,2,out
6505,16,10,16,2,in
6508,0,2,0,0,in
6508,17,7,17,9,going
6508,17,9,17,9,coming
6521,1,19,1,5,in
6521,3,19,3,5,in
6526,10,4,20,2,coming
6531,10,1,20,2,going
6531,10,2,20,2,going
6532,9,9,9,2,going
6532,9,11,9,2,coming
6532,11,9,11,2,going
6532,11,11,11,2,coming
6533,16,9,16,2,going
6533,16,11,16,2,coming
6536,0,1,0,0,going
6536,0,3,0,0,coming
6543,7,1,22,0,out
6543,7,3,22,0,in
6543,18,1,23,0,out
6543,18,3,23,0,in
6549,12,5,12,4,out
6549,12,7,12,4,in
6560,13,0,13,4,out
6560,13,2,13,4,in
6560,1,18,1,5,going
6560,3,18,3,5,going
6560,14,5,14,8,going
6560,14,1,14,8,coming
6563,6,5,6,0,out
6563,6,7,6,0,in
6571,7,2,22,0,going
6571,7,4,22,0,coming
6571,18,2,23,0,going
6571,18,4,23,0,coming
6577,12,6,12,4,going
6580,2,9,2,3,out
6580,2,11,2,3,in
6580,4,9,4,3,out
6580,4,11,4,3,in
6580,5,9,5,3,out
6580,5,11,5,3,in
6580,8,9,8,3,out
6580,8,11,8,3,in
6588,13,1,13,4,going
6588,13,3,13,4,coming
6591,6,6,6,0,going
6591,6,8,6,0,coming
6593,19,19,19,5,in
6598,14,4,14,8,out
6598,14,6,14,8,in
6598,14,6,14,8,going
6608,17,7,17,9,out
6608,17,9,17,9,in
6608,2,10,2,3,going
6608,2,12,2,3,coming
6608,4,10,4,3,going
6608,4,12,4,3,coming
6608,5,10,5,3,going
6608,5,12,5,3,coming
6608,8,10,8,3,going
6608,8,12,8,3,coming
6611,1,19,1,5,going
6611,3,19,3,5,going
6626,10,4,20,2,in
6631,10,1,20,2,out
6631,10,2,20,2,out
6632,9,9,9,2,out
6632,9,11,9,2,in
6632,11,9,11,2,out
6632,11,11,11,2,in
6632,19,18,19,5,going
6633,16,9,16,2,out
6633,16,11,16,2,in
6636,0,1,0,0,out
6636,0,3,0,0,in
6636,17,8,17,9,going
6636,17,10,17,9,coming
6654,10,3,20,2,going
6660,1,18,1,5,out
6660,3,18,3,5,out
6660,14,1,14,8,in
6660,14,5,14,8,out
6660,1,18,1,5,coming
6660,3,18,3,5,coming
6660,9,10,9,2,going
6660,9,12,9,2,coming
6660,11,10,11,2,going
6660,11,12,11,2,coming
6661,16,10,16,2,going
6661,16,12,16,2,coming
6664,0,2,0,0,going
6664,0,4,0,0,coming
6671,7,2,22,0,out
6671,7,4,22,0,in
6671,18,2,23,0,out
6671,18,4,23,0,in
6677,12,6,12,4,out
6682,9,11,9,2,going
6682,9,1,9,2,coming
6682,11,11,11,2,going
6682,11,1,11,2,coming
6683,16,11,16,2,going
6683,16,1,16,2,coming
6683,19,19,19,5,going
6688,13,1,13,4,out
6688,13,3,13,4,in
6688,7,3,22,0,going
6688,7,4,22,0,going
6688,7,11,22,0,coming
6688,14,2,14,8,coming
6691,6,6,6,0,out
6691,6,8,6,0,in
6694,7,12,22,0,coming
6698,14,6,14,8,out
6699,18,3,23,0,going
6699,18,5,23,0,coming
6704,15,6,21,8,coming
6705,12,7,12,4,going
6708,2,10,2,3,out
6708,2,12,2,3,in
6708,4,10,4,3,out
6708,4,12,4,3,in
6708,5,10,5,3,out
6708,5,12,5,3,in
6708,8,10,8,3,out
6708,8,12,8,3,in
6711,1,19,1,5,out
6711,3,19,3,5,out
6716,13,2,13,4,going
6716,13,4,13,4,coming
6719,6,7,6,0,going
6719,6,9,6,0,coming
6732,19,18,19,5,out
6732,19,18,19,5,coming
6736,17,8,17,9,out
6736,17,10,17,9,in
6736,2,11,2,3,going
6736,2,13,2,3,coming
6736,4,11,4,3,going
6736,4,13,4,3,coming
6736,5,11,5,3,going
6736,5,13,5,3,coming
6736,8,11,8,3,going
6736,8,13,8,3,coming
6749,1,19,1,5,coming
6749,3,19,3,5,coming
6754,10,3,20,2,out
6760,1,18,1,5,in
6760,3,18,3,5,in
6760,9,10,9,2,out
6760,9,12,9,2,in
6760,11,10,11,2,out
6760,11,12,11,2,in
6760,9,12,9,2,going
6760,11,12,11,2,going
6761,16,10,16,2,out
6761,16,12,16,2,in
6761,16,12,16,2,going
6764,0,2,0,0,out
6764,0,4,0,0,in
6764,17,9,17,9,going
6764,17,11,17,9,coming
6781,0,3,0,0,going
6781,0,4,0,0,going
6782,9,1,9,2,in
6782,9,11,9,2,out
6782,11,1,11,2,in
6782,11,11,11,2,out
6782,10,4,20,2,going
6782,10,6,20,2,coming
6783,16,1,16,2,in
6783,16,11,16,2,out
6783,19,19,19,5,out
6787,0,12,0,0,coming
6788,7,3,22,0,out
6788,7,4,22,0,out
6788,7,11,22,0,in
6788,14,2,14,8,in
6794,7,12,22,0,in
6799,18,3,23,0,out
6799,18,5,23,0,in
6804,15,6,21,8,in
6804,15,6,21,8,going
6805,12,7,12,4,out
6810,9,2,9,2,coming
6810,11,2,11,2,coming
6811,16,2,16,2,coming
6813,0,1,0,0,coming
6814,7,11,22,0,going
6814,7,12,22,0,going
6814,7,1,22,0,coming
6816,13,2,13,4,out
6816,13,4,13,4,in
6816,14,1,14,8,going
6816,14,3,14,8,coming
6819,6,7,6,0,out
6819,6,9,6,0,in
6821,19,19,19,5,coming
6827,18,4,23,0,going
6827,18,6,23,0,coming
6832,19,18,19,5,in
6833,12,10,12,4,coming
6836,2,11,2,3,out
6836,2,13,2,3,in
6836,4,11,4,3,out
6836,4,13,4,3,in
6836,5,11,5,3,out
6836,5,13,5,3,in
6836,8,11,8,3,out
6836,8,13,8,3,in
6844,13,3,13,4,going
6844,13,5,13,4,coming
6847,6,8,6,0,going
6849,1,19,1,5,in
6849,3,19,3,5,in
6860,9,12,9,2,out
6860,11,12,11,2,out
6861,16,12,16,2,out
6864,17,9,17,9,out
6864,17,11,17,9,in
6864,2,12,2,3,going
6864,2,14,2,3,coming
6864,4,12,4,3,going
6864,4,14,4,3,coming
6864,5,12,5,3,going
6864,5,14,5,3,coming
6864,8,12,8,3,going
6864,8,14,8,3,coming
6881,0,3,0,0,out
6881,0,4,0,0,out
6882,10,4,20,2,out
6882,10,6,20,2,in
6887,0,12,0,0,in
6887,0,12,0,0,going
6888,1,18,1,5,going
6888,3,18,3,5,going
6892,17,10,17,9,going
6892,17,12,17,9,coming
6904,15,6,21,8,out
6910,9,2,9,2,in
6910,11,2,11,2,in
6910,10,7,20,2,coming
6911,16,2,16,2,in
6913,0,1,0,0,in
6914,7,1,22,0,in
6914,7,11,22,0,out
6914,7,12,22,0,out
6916,14,1,14,8,out
6916,14,3,14,8,in
6921,19,19,19,5,in
6927,18,4,23,0,out
6927,18,6,23,0,in
6933,12,10,12,4,in
6938,9,1,9,2,going
6938,9,3,9,2,coming
6938,11,1,11,2,going
6938,11,3,11,2,coming
6939,1,19,1,5,going
6939,3,19,3,5,going
6939,16,1,16,2,going
6939,16,3,16,2,coming
6941,0,2,0,0,coming
6942,7,2,22,0,coming
6944,13,3,13,4,out
6944,13,5,13,4,in
6944,14,2,14,8,going
6944,14,4,14,8,coming
6947,6,8,6,0,out
6955,18,5,23,0,going
6955,18,7,23,0,coming
6960,19,18,19,5,going
6961,12,11,12,4,coming
6964,2,12,2,3,out
6964,2,14,2,3,in
6964,4,12,4,3,out
6964,4,14,4,3,in
6964,5,12,5,3,out
6964,5,14,5,3,in
6964,8,12,8,3,out
6964,8,14,8,3,in
6964,12,10,12,4,going
6972,13,4,13,4,going
6972,13,6,13,4,coming
6975,6,9,6,0,going
6975,6,11,6,0,coming
6986,17,11,17,9,going
6986,17,1,17,9,coming
6987,0,12,0,0,out
6988,1,18,1,5,out
6988,3,18,3,5,out
6988,1,18,1,5,coming
6988,3,18,3,5,coming
6992,17,10,17,9,out
6992,17,12,17,9,in
6992,2,13,2,3,going
6992,2,15,2,3,coming
6992,4,13,4,3,going
6992,4,15,4,3,coming
6992,5,13,5,3,going
6992,5,15,5,3,coming
6992,8,13,8,3,going
6992,8,15,8,3,coming
6992,17,12,17,9,going
6997,6,12,6,0,coming
7010,10,7,20,2,in
7011,19,19,19,5,going
7038,9,1,9,2,out
7038,9,3,9,2,in
7038,11,1,11,2,out
7038,11,3,11,2,in
7038,10,6,20,2,going
7038,10,8,20,2,coming
7039,1,19,1,5,out
7039,3,19,3,5,out
7039,16,1,16,2,out
7039,16,3,16,2,in
7041,0,2,0,0,in
7042,7,2,22,0,in
7044,14,2,14,8,out
7044,14,4,14,8,in
7055,18,5,23,0,out
7055,18,7,23,0,in
7060,19,18,19,5,out
7060,19,18,19,5,coming
7061,12,11,12,4,in
7061,12,11,12,4,going
7064,12,10,12,4,out
7064,12,10,12,4,coming
7066,9,2,9,2,going
7066,9,4,9,2,coming
7066,11,2,11,2,going
7066,11,4,11,2,coming
7067,16,2,16,2,going
7067,16,4,16,2,coming
7069,0,1,0,0,going
7069,0,3,0,0,coming
7070,7,1,22,0,going
7070,7,3,22,0,coming
7072,13,4,13,4,out
7072,13,6,13,4,in
7072,14,3,14,8,going
7072,14,5,14,8,coming
7075,6,9,6,0,out
7075,6,11,6,0,in
7076,6,11,6,0,going
7076,6,1,6,0,coming
7077,1,19,1,5,coming
7077,3,19,3,5,coming
7083,18,6,23,0,going
7083,18,8,23,0,coming
7086,17,1,17,9,in
7086,17,11,17,9,out
7088,1,18,1,5,in
7088,3,18,3,5,in
7092,2,13,2,3,out
7092,2,15,2,3,in
7092,4,13,4,3,out
7092,4,15,4,3,in
7092,5,13,5,3,out
7092,5,15,5,3,in
7092,8,13,8,3,out
7092,8,15,8,3,in
7092,17,12,17,9,out
7097,6,12,6,0,in
7097,6,12,6,0,going
7100,13,5,13,4,going
7100,13,7,13,4,coming
7111,19,19,19,5,out
7114,17,2,17,9,coming
7120,2,14,2,3,going
7120,2,16,2,3,coming
7120,4,14,4,3,going
7120,4,16,4,3,coming
7120,5,14,5,3,going
7120,5,16,5,3,coming
7120,8,14,8,3,going
7120,8,16,8,3,coming
7138,10,6,20,2,out
7138,10,8,20,2,in
7149,19,19,19,5,coming
7160,19,18,19,5,in
7161,12,11,12,4,out
7164,12,10,12,4,in
7166,9,2,9,2,out
7166,9,4,9,2,in
7166,11,2,11,2,out
7166,11,4,11,2,in
7166,10,7,20,2,going
7166,10,9,20,2,coming
7167,16,2,16,2,out
7167,16,4,16,2,in
7169,0,1,0,0,out
7169,0,3,0,0,in
7170,7,1,22,0,out
7170,7,3,22,0,in
7172,14,3,14,8,out
7172,14,5,14,8,in
7176,6,1,6,0,in
7176,6,11,6,0,out
7177,1,19,1,5,in
7177,3,19,3,5,in
7178,12,11,12,4,coming
7181,12,10,12,4,going
7183,18,6,23,0,out
7183,18,8,23,0,in
7194,9,3,9,2,going
7194,9,5,9,2,coming
7194,11,3,11,2,going
7194,11,5,11,2,coming
7195,16,3,16,2,going
7195,16,5,16,2,coming
7197,6,12,6,0,out
7197,0,2,0,0,going
7197,0,4,0,0,coming
7198,7,2,22,0,going
7198,7,4,22,0,coming
7200,13,5,13,4,out
7200,13,7,13,4,in
7200,14,4,14,8,going
7200,14,6,14,8,coming
7204,6,2,6,0,coming
7211,18,7,23,0,going
7211,18,9,23,0,coming
7214,17,2,17,9,in
7216,1,18,1,5,going
7216,3,18,3,5,going
7220,2,14,2,3,out
7220,2,16,2,3,in
7220,4,14,4,3,out
7220,4,16,4,3,in
7220,5,14,5,3,out
7220,5,16,5,3,in
7220,8,14,8,3,out
7220,8,16,8,3,in
7228,13,6,13,4,going
7242,17,1,17,9,going
7242,17,3,17,9,coming
7248,2,15,2,3,going
7248,2,17,2,3,coming
7248,4,15,4,3,going
7248,4,17,4,3,coming
7248,5,15,5,3,going
7248,5,17,5,3,coming
7248,8,15,8,3,going
7248,8,17,8,3,coming
7249,19,19,19,5,in
7262,14,5,14,8,going
7262,14,1,14,8,coming
7266,10,7,20,2,out
7266,10,9,20,2,in
7267,1,19,1,5,going
7267,3,19,3,5,going
7278,12,11,12,4,in
7278,12,11,12,4,going
7281,12,10,12,4,out
7281,12,10,12,4,coming
7288,19,18,19,5,going
7294,9,3,9,2,out
7294,9,5,9,2,in
7294,11,3,11,2,out
7294,11,5,11,2,in
7294,10,8,20,2,going
7294,10,10,20,2,coming
7295,16,3,16,2,out
7295,16,5,16,2,in
7297,0,2,0,0,out
7297,0,4,0,0,in
7298,7,2,22,0,out
7298,7,4,22,0,in
7300,14,4,14,8,out
7300,14,6,14,8,in
7300,14,6,14,8,going
7304,6,2,6,0,in
7311,18,7,23,0,out
7311,18,9,23,0,in
7314,0,3,0,0,going
7314,0,4,0,0,going
7315,7,3,22,0,going
7315,7,4,22,0,going
7315,7,11,22,0,coming
7316,1,18,1,5,out
7316,3,18,3,5,out
7316,1,18,1,5,coming
7316,3,18,3,5,coming
7320,0,12,0,0,coming
7321,7,12,22,0,coming
7322,9,4,9,2,going
7322,9,6,9,2,coming
7322,11,4,11,2,going
7322,11,6,11,2,coming
7323,16,4,16,2,going
7323,16,6,16,2,coming
7328,13,6,13,4,out
7329,7,10,22,0,going
7330,2,16,2,3,going
7330,2,1,2,3,coming
7330,4,16,4,3,going
7330,4,1,4,3,coming
7330,5,16,5,3,going
7330,5,1,5,3,coming
7330,8,16,8,3,going
7330,8,1,8,3,coming
7331,7,0,22,0,going
7332,6,1,6,0,going
7332,6,3,6,0,coming
7339,18,8,23,0,going
7339,19,19,19,5,going
7342,17,1,17,9,out
7342,17,3,17,9,in
7346,0,1,0,0,coming
7348,2,15,2,3,out
7348,2,17,2,3,in
7348,4,15,4,3,out
7348,4,17,4,3,in
7348,5,15,5,3,out
7348,5,17,5,3,in
7348,8,15,8,3,out
7348,8,17,8,3,in
7348,2,17,2,3,going
7348,4,17,4,3,going
7348,5,17,5,3,going
7348,8,17,8,3,going
7356,13,7,13,4,going
7362,14,1,14,8,in
7362,14,5,14,8,out
7367,1,19,1,5,out
7367,3,19,3,5,out
7370,17,2,17,9,going
7370,17,4,17,9,coming
7378,12,11,12,4,out
7381,12,10,12,4,in
7388,19,18,19,5,out
7388,19,18,19,5,coming
7390,14,2,14,8,coming
7394,10,8,20,2,out
7394,10,10,20,2,in
7395,12,11,12,4,coming
7398,12,10,12,4,going
7400,14,6,14,8,out
7405,1,19,1,5,coming
7405,3,19,3,5,coming
7406,15,6,21,8,coming
7414,0,3,0,0,out
7414,0,4,0,0,out
7415,7,3,22,0,out
7415,7,4,22,0,out
7415,7,11,22,0,in
7416,1,18,1,5,in
7416,3,18,3,5,in
7420,0,12,0,0,in
7420,0,12,0,0,going
7421,7,12,22,0,in
7422,9,4,9,2,out
7422,9,6,9,2,in
7422,11,4,11,2,out
7422,11,6,11,2,in
7422,10,9,20,2,going
7422,10,11,20,2,coming
7423,16,4,16,2,out
7423,16,6,16,2,in
7429,7,10,22,0,out
7430,2,1,2,3,in
7430,2,16,2,3,out
7430,4,1,4,3,in
7430,4,16,4,3,out
7430,5,1,5,3,in
7430,5,16,5,3,out
7430,8,1,8,3,in
7430,8,16,8,3,out
7431,7,0,22,0,out
7432,6,1,6,0,out
7432,6,3,6,0,in
7439,18,8,23,0,out
7439,19,19,19,5,out
7441,7,12,22,0,going
7441,7,0,22,0,coming
7441,7,1,22,0,coming
7446,0,1,0,0,in
7448,2,17,2,3,out
7448,4,17,4,3,out
7448,5,17,5,3,out
7448,8,17,8,3,out
7450,9,5,9,2,going
7450,9,7,9,2,coming
7450,11,5,11,2,going
7450,11,7,11,2,coming
7451,16,5,16,2,going
7451,16,7,16,2,coming
7456,13,7,13,4,out
7458,2,2,2,3,coming
7458,4,2,4,3,coming
7458,5,2,5,3,coming
7458,8,2,8,3,coming
7460,6,2,6,0,going
7460,6,4,6,0,coming
7467,18,9,23,0,going
7467,18,11,23,0,coming
7470,17,2,17,9,out
7470,17,4,17,9,in
7474,0,2,0,0,coming
7477,19,19,19,5,coming
7484,13,10,13,4,coming
7488,19,18,19,5,in
7489,18,12,23,0,coming
7490,14,2,14,8,in
7495,12,11,12,4,in
7495,12,11,12,4,going
7498,12,10,12,4,out
7498,12,10,12,4,coming
7498,17,3,17,9,going
7498,17,5,17,9,coming
7505,1,19,1,5,in
7505,3,19,3,5,in
7506,15,6,21,8,in
7506,15,6,21,8,going
7518,14,1,14,8,going
7518,14,3,14,8,coming
7520,0,12,0,0,out
7522,10,9,20,2,out
7522,10,11,20,2,in
7541,7,0,22,0,in
7541,7,1,22,0,in
7541,7,12,22,0,out
7544,1,18,1,5,going
7544,3,18,3,5,going
7550,9,5,9,2,out
7550,9,7,9,2,in
7550,11,5,11,2,out
7550,11,7,11,2,in
7550,10,10,20,2,going
7550,10,12,20,2,coming
7551,16,5,16,2,out
7551,16,7,16,2,in
7558,2,2,2,3,in
7558,4,2,4,3,in
7558,5,2,5,3,in
7558,8,2,8,3,in
7560,6,2,6,0,out
7560,6,4,6,0,in
7567,18,9,23,0,out
7567,18,11,23,0,in
7568,18,11,23,0,going
7568,18,1,23,0,coming
7572,10,11,20,2,going
7572,10,1,20,2,coming
7574,0,2,0,0,in
7577,19,19,19,5,in
7577,6,3,6,0,going
7577,6,4,6,0,going
7577,6,11,6,0,coming
7578,9,6,9,2,going
7578,9,8,9,2,coming
7578,11,6,11,2,going
7578,11,8,11,2,coming
7579,16,6,16,2,going
7579,16,8,16,2,coming
7583,6,12,6,0,coming
7584,13,10,13,4,in
7586,2,1,2,3,going
7586,2,3,2,3,coming
7586,4,1,4,3,going
7586,4,3,4,3,coming
7586,5,1,5,3,going
7586,5,3,5,3,coming
7586,8,1,8,3,going
7586,8,3,8,3,coming
7589,18,12,23,0,in
7589,18,12,23,0,going
7595,12,11,12,4,out
7595,1,19,1,5,going
7595,3,19,3,5,going
7598,12,10,12,4,in
7598,17,3,17,9,out
7598,17,5,17,9,in
7602,0,1,0,0,going
7602,0,3,0,0,coming
7606,15,6,21,8,out
7612,12,11,12,4,coming
7612,13,11,13,4,coming
7615,12,10,12,4,going
7615,13,10,13,4,going
7616,19,18,19,5,going
7618,14,1,14,8,out
7618,14,3,14,8,in
7626,17,4,17,9,going
7626,17,6,17,9,coming
7644,1,18,1,5,out
7644,3,18,3,5,out
7644,1,18,1,5,coming
7644,3,18,3,5,coming
7646,14,2,14,8,going
7646,14,4,14,8,coming
7650,10,10,20,2,out
7650,10,12,20,2,in
7650,10,12,20,2,going
7667,19,19,19,5,going
7668,18,1,23,0,in
7668,18,11,23,0,out
7669,7,2,22,0,coming
7672,10,1,20,2,in
7672,10,11,20,2,out
7677,6,3,6,0,out
7677,6,4,6,0,out
7677,6,11,6,0,in
7678,9,6,9,2,out
7678,9,8,9,2,in
7678,11,6,11,2,out
7678,11,8,11,2,in
7679,16,6,16,2,out
7679,16,8,16,2,in
7683,6,12,6,0,in
7686,2,1,2,3,out
7686,2,3,2,3,in
7686,4,1,4,3,out
7686,4,3,4,3,in
7686,5,1,5,3,out
7686,5,3,5,3,in
7686,8,1,8,3,out
7686,8,3,8,3,in
7689,18,12,23,0,out
7695,1,19,1,5,out
7695,3,19,3,5,out
7696,18,2,23,0,coming
7700,10,2,20,2,coming
7702,0,1,0,0,out
7702,0,3,0,0,in
7703,6,12,6,0,going
7703,6,1,6,0,coming
7706,9,7,9,2,going
7706,9,9,9,2,coming
7706,11,7,11,2,going
7706,11,9,11,2,coming
7707,16,7,16,2,going
7707,16,9,16,2,coming
7712,12,11,12,4,in
7712,13,11,13,4,in
7712,12,11,12,4,going
7712,13,11,13,4,going
7714,2,2,2,3,going
7714,2,4,2,3,coming
7714,4,2,4,3,going
7714,4,4,4,3,coming
7714,5,2,5,3,going
7714,5,4,5,3,coming
7714,8,2,8,3,going
7714,8,4,8,3,coming
7715,12,10,12,4,out
7715,13,10,13,4,out
7715,12,10,12,4,coming
7715,13,10,13,4,coming
7716,19,18,19,5,out
7716,19,18,19,5,coming
7726,17,4,17,9,out
7726,17,6,17,9,in
7730,0,2,0,0,going
7730,0,4,0,0,coming
7733,1,19,1,5,coming
7733,3,19,3,5,coming
7744,1,18,1,5,in
7744,3,18,3,5,in
7746,14,2,14,8,out
7746,14,4,14,8,in
7750,10,12,20,2,out
7754,17,5,17,9,going
7754,17,7,17,9,coming
7767,19,19,19,5,out
7769,7,2,22,0,in
7774,14,3,14,8,going
7774,14,5,14,8,coming
7796,18,2,23,0,in
7797,7,1,22,0,going
7797,7,3,22,0,coming
7800,10,2,20,2,in
7803,6,1,6,0,in
7803,6,12,6,0,out
7805,19,19,19,5,coming
7806,9,7,9,2,out
7806,9,9,9,2,in
7806,11,7,11,2,out
7806,11,9,11,2,in
7807,16,7,16,2,out
7807,16,9,16,2,in
7812,12,11,12,4,out
7812,13,11,13,4,out
7814,2,2,2,3,out
7814,2,4,2,3,in
7814,4,2,4,3,out
7814,4,4,4,3,in
7814,5,2,5,3,out
7814,5,4,5,3,in
7814,8,2,8,3,out
7814,8,4,8,3,in
7815,12,10,12,4,in
7815,13,10,13,4,in
7816,19,18,19,5,in
7824,18,1,23,0,going
7824,18,3,23,0,coming
7828,10,1,20,2,going
7828,10,3,20,2,coming
7829,12,11,12,4,coming
7829,13,11,13,4,coming
7830,0,2,0,0,out
7830,0,4,0,0,in
7831,6,2,6,0,coming
7832,12,10,12,4,going
7832,13,10,13,4,going
7833,1,19,1,5,in
7833,3,19,3,5,in
7834,9,8,9,2,going
7834,9,10,9,2,coming
7834,11,8,11,2,going
7834,11,10,11,2,coming
7835,16,8,16,2,going
7835,16,10,16,2,coming
7842,2,3,2,3,going
7842,2,5,2,3,coming
7842,4,3,4,3,going
7842,4,5,4,3,coming
7842,5,3,5,3,going
7842,5,5,5,3,coming
7842,8,3,8,3,going
7842,8,5,8,3,coming
7847,0,3,0,0,going
7847,0,4,0,0,going
7853,0,12,0,0,coming
7854,17,5,17,9,out
7854,17,7,17,9,in
7872,1,18,1,5,going
7872,3,18,3,5,going
7874,14,3,14,8,out
7874,14,5,14,8,in
7879,0,1,0,0,coming
7882,17,6,17,9,going
7882,17,8,17,9,coming
7897,7,1,22,0,out
7897,7,3,22,0,in
7902,14,4,14,8,going
7902,14,6,14,8,coming
7905,19,19,19,5,in
7923,1,19,1,5,going
7923,3,19,3,5,going
7924,18,1,23,0,out
7924,18,3,23,0,in
7925,7,2,22,0,going
7925,7,4,22,0,coming
7928,10,1,20,2,out
7928,10,3,20,2,in
7929,12,11,12,4,in
7929,13,11,13,4,in
7929,12,11,12,4,going
7929,13,11,13,4,going
7931,6,2,6,0,in
7932,12,10,12,4,out
7932,13,10,13,4,out
7932,12,10,12,4,coming
7932,13,10,13,4,coming
7934,9,8,9,2,out
7934,9,10,9,2,in
7934,11,8,11,2,out
7934,11,10,11,2,in
7935,16,8,16,2,out
7935,16,10,16,2,in
7942,2,3,2,3,out
7942,2,5,2,3,in
7942,4,3,4,3,out
7942,4,5,4,3,in
7942,5,3,5,3,out
7942,5,5,5,3,in
7942,8,3,8,3,out
7942,8,5,8,3,in
7944,19,18,19,5,going
7947,0,3,0,0,out
7947,0,4,0,0,out
7952,18,2,23,0,going
7952,18,4,23,0,coming
7953,0,12,0,0,in
7953,0,12,0,0,going
7956,10,2,20,2,going
7956,10,4,20,2,coming
7959,6,1,6,0,going
7959,6,3,6,0,coming
7962,9,9,9,2,going
7962,9,11,9,2,coming
7962,11,9,11,2,going
7962,11,11,11,2,coming
7963,16,9,16,2,going
7963,16,11,16,2,coming
7964,14,5,14,8,going
7964,14,1,14,8,coming
7970,2,4,2,3,going
7970,2,6,2,3,coming
7970,4,4,4,3,going
7970,4,6,4,3,coming
7970,5,4,5,3,going
7970,5,6,5,3,coming
7970,8,4,8,3,going
7970,8,6,8,3,coming
7972,1,18,1,5,out
7972,3,18,3,5,out
7972,1,18,1,5,coming
7972,3,18,3,5,coming
7979,0,1,0,0,in
7982,17,6,17,9,out
7982,17,8,17,9,in
7995,19,19,19,5,going
8002,14,4,14,8,out
8002,14,6,14,8,in
8002,14,6,14,8,going
8007,0,2,0,0,coming
8010,17,7,17,9,going
8010,17,9,17,9,coming
8023,1,19,1,5,out
8023,3,19,3,5,out
8025,7,2,22,0,out
8025,7,4,22,0,in
8029,12,11,12,4,out
8029,13,11,13,4,out
8032,12,10,12,4,in
8032,13,10,13,4,in
8042,7,3,22,0,going
8042,7,4,22,0,going
8042,7,10,22,0,coming
8044,19,18,19,5,out
8044,19,18,19,5,coming
8046,12,11,12,4,coming
8046,13,11,13,4,coming
8049,12,10,12,4,going
8049,13,10,13,4,going
8052,18,2,23,0,out
8052,18,4,23,0,in
8053,0,12,0,0,out
8056,10,2,20,2,out
8056,10,4,20,2,in
8059,6,1,6,0,out
8059,6,3,6,0,in
8061,1,19,1,5,coming
8061,3,19,3,5,coming
8062,9,9,9,2,out
8062,9,11,9,2,in
8062,11,9,11,2,out
8062,11,11,11,2,in
8063,16,9,16,2,out
8063,16,11,16,2,in
8064,14,1,14,8,in
8064,14,5,14,8,out
8069,18,3,23,0,going
8069,18,4,23,0,going
8069,18,11,23,0,coming
8070,2,4,2,3,out
8070,2,6,2,3,in
8070,4,4,4,3,out
8070,4,6,4,3,in
8070,5,4,5,3,out
8070,5,6,5,3,in
8070,8,4,8,3,out
8070,8,6,8,3,in
8072,1,18,1,5,in
8072,3,18,3,5,in
8075,18,12,23,0,coming
8084,10,3,20,2,going
8087,6,2,6,0,going
8087,6,4,6,0,coming
8090,9,10,9,2,going
8090,9,12,9,2,coming
8090,11,10,11,2,going
8090,11,12,11,2,coming
8091,16,10,16,2,going
8091,16,12,16,2,coming
8092,14,2,14,8,coming
8095,19,19,19,5,out
8098,2,5,2,3,going
8098,2,7,2,3,coming
8098,4,5,4,3,going
8098,4,7,4,3,coming
8098,5,5,5,3,going
8098,5,7,5,3,coming
8098,8,5,8,3,going
8098,8,7,8,3,coming
8102,14,6,14,8,out
8107,0,2,0,0,in
8108,15,6,21,8,coming
8110,17,7,17,9,out
8110,17,9,17,9,in
8112,9,11,9,2,going
8112,9,1,9,2,coming
8112,11,11,11,2,going
8112,11,1,11,2,coming
8113,16,11,16,2,going
8113,16,1,16,2,coming
8133,19,19,19,5,coming
8135,0,1,0,0,going
8135,0,3,0,0,coming
8138,17,8,17,9,going
8138,17,10,17,9,coming
8142,7,3,22,0,out
8142,7,4,22,0,out
8142,7,10,22,0,in
8144,19,18,19,5,in
8146,12,11,12,4,in
8146,13,11,13,4,in
8146,12,11,12,4,going
8146,13,11,13,4,going
8148,7,12,22,0,coming
8149,12,10,12,4,out
8149,13,10,13,4,out
8149,12,10,12,4,coming
8149,13,10,13,4,coming
8161,1,19,1,5,in
8161,3,19,3,5,in
8169,18,3,23,0,out
8169,18,4,23,0,out
8169,18,11,23,0,in
8174,7,1,22,0,coming
8175,18,12,23,0,in
8184,10,3,20,2,out
8187,6,2,6,0,out
8187,6,4,6,0,in
8190,9,10,9,2,out
8190,9,12,9,2,in
8190,11,10,11,2,out
8190,11,12,11,2,in
8190,9,12,9,2,going
8190,11,12,11,2,going
8191,16,10,16,2,out
8191,16,12,16,2,in
8191,16,12,16,2,going
8192,14,2,14,8,in
8195,18,11,23,0,going
8195,18,12,23,0,going
8195,18,1,23,0,coming
8198,2,5,2,3,out
8198,2,7,2,3,in
8198,4,5,4,3,out
8198,4,7,4,3,in
8198,5,5,5,3,out
8198,5,7,5,3,in
8198,8,5,8,3,out
8198,8,7,8,3,in
8200,1,18,1,5,going
8200,3,18,3,5,going
8204,6,3,6,0,going
8204,6,4,6,0,going
8208,15,6,21,8,in
8208,15,6,21,8,going
8210,6,12,6,0,coming
8212,9,1,9,2,in
8212,9,11,9,2,out
8212,11,1,11,2,in
8212,11,11,11,2,out
8212,10,4,20,2,going
8212,10,6,20,2,coming
8213,16,1,16,2,in
8213,16,11,16,2,out
8220,14,1,14,8,going
8220,14,3,14,8,coming
8226,2,6,2,3,going
8226,2,8,2,3,coming
8226,4,6,4,3,going
8226,4,8,4,3,coming
8226,5,6,5,3,going
8226,5,8,5,3,coming
8226,8,6,8,3,going
8226,8,8,8,3,coming
8233,19,19,19,5,in
8235,0,1,0,0,out
8235,0,3,0,0,in
8236,6,1,6,0,coming
8238,17,8,17,9,out
8238,17,10,17,9,in
8240,9,2,9,2,coming
8240,11,2,11,2,coming
8241,16,2,16,2,coming
8246,12,11,12,4,out
8246,13,11,13,4,out
8248,7,12,22,0,in
8248,7,12,22,0,going
8249,12,10,12,4,in
8249,13,10,13,4,in
8251,1,19,1,5,going
8251,3,19,3,5,going
8263,0,2,0,0,going
8263,0,4,0,0,coming
8263,12,11,12,4,coming
8263,13,11,13,4,coming
8266,12,10,12,4,going
8266,13,10,13,4,going
8266,17,9,17,9,going
8266,17,11,17,9,coming
8272,19,18,19,5,going
8274,7,1,22,0,in
8290,9,12,9,2,out
8290,11,12,11,2,out
8291,16,12,16,2,out
8295,18,1,23,0,in
8295,18,11,23,0,out
8295,18,12,23,0,out
8300,1,18,1,5,out
8300,3,18,3,5,out
8300,1,18,1,5,coming
8300,3,18,3,5,coming
8302,7,2,22,0,coming
8304,6,3,6,0,out
8304,6,4,6,0,out
8308,15,6,21,8,out
8310,6,12,6,0,in
8310,6,12,6,0,going
8312,10,4,20,2,out
8312,10,6,20,2,in
8320,14,1,14,8,out
8320,14,3,14,8,in
8323,18,2,23,0,coming
8323,19,19,19,5,going
8326,2,6,2,3,out
8326,2,8,2,3,in
8326,4,6,4,3,out
8326,4,8,4,3,in
8326,5,6,5,3,out
8326,5,8,5,3,in
8326,8,6,8,3,out
8326,8,8,8,3,in
8336,6,1,6,0,in
8340,9,2,9,2,in
8340,11,2,11,2,in
8340,10,7,20,2,coming
8341,16,2,16,2,in
8348,7,12,22,0,out
8348,14,2,14,8,going
8348,14,4,14,8,coming
8351,1,19,1,5,out
8351,3,19,3,5,out
8354,2,7,2,3,going
8354,2,9,2,3,coming
8354,4,7,4,3,going
8354,4,9,4,3,coming
8354,5,7,5,3,going
8354,5,9,5,3,coming
8354,8,7,8,3,going
8354,8,9,8,3,coming
8363,0,2,0,0,out
8363,0,4,0,0,in
8363,12,11,12,4,in
8363,13,11,13,4,in
8363,12,11,12,4,going
8363,13,11,13,4,going
8364,6,2,6,0,coming
8366,12,10,12,4,out
8366,13,10,13,4,out
8366,17,9,17,9,out
8366,17,11,17,9,in
8366,12,10,12,4,coming
8366,13,10,13,4,coming
8368,9,1,9,2,going
8368,9,3,9,2,coming
8368,11,1,11,2,going
8368,11,3,11,2,coming
8369,16,1,16,2,going
8369,16,3,16,2,coming
8372,19,18,19,5,out
8372,19,18,19,5,coming
8389,1,19,1,5,coming
8389,3,19,3,5,coming
8391,0,3,0,0,going
8391,0,5,0,0,coming
8394,17,10,17,9,going
8394,17,12,17,9,coming
8400,1,18,1,5,in
8400,3,18,3,5,in
8402,7,2,22,0,in
8410,6,12,6,0,out
8423,18,2,23,0,in
8423,19,19,19,5,out
8430,7,1,22,0,going
8430,7,3,22,0,coming
8440,10,7,20,2,in
8448,14,2,14,8,out
8448,14,4,14,8,in
8451,18,1,23,0,going
8451,18,3,23,0,coming
8454,2,7,2,3,out
8454,2,9,2,3,in
8454,4,7,4,3,out
8454,4,9,4,3,in
8454,5,7,5,3,out
8454,5,9,5,3,in
8454,8,7,8,3,out
8454,8,9,8,3,in
8461,19,19,19,5,coming
8463,12,11,12,4,out
8463,13,11,13,4,out
8464,6,2,6,0,in
8466,12,10,12,4,in
8466,13,10,13,4,in
8468,9,1,9,2,out
8468,9,3,9,2,in
8468,11,1,11,2,out
8468,11,3,11,2,in
8468,10,6,20,2,going
8468,10,8,20,2,coming
8469,16,1,16,2,out
8469,16,3,16,2,in
8472,19,18,19,5,in
8476,14,3,14,8,going
8476,14,5,14,8,coming
8480,12,11,12,4,coming
8480,13,11,13,4,coming
8482,2,8,2,3,going
8482,2,10,2,3,coming
8482,4,8,4,3,going
8482,4,10,4,3,coming
8482,5,8,5,3,going
8482,5,10,5,3,coming
8482,8,8,8,3,going
8482,8,10,8,3,coming
8483,12,10,12,4,going
8483,13,10,13,4,going
8488,17,11,17,9,going
8488,17,1,17,9,coming
8489,1,19,1,5,in
8489,3,19,3,5,in
8491,0,3,0,0,out
8491,0,5,0,0,in
8492,6,1,6,0,going
8492,6,3,6,0,coming
8494,17,10,17,9,out
8494,17,12,17,9,in
8494,17,12,17,9,going
8496,9,2,9,2,going
8496,9,4,9,2,coming
8496,11,2,11,2,going
8496,11,4,11,2,coming
8497,16,2,16,2,going
8497,16,4,16,2,coming
8519,0,4,0,0,going
8519,0,6,0,0,coming
8530,7,1,22,0,out
8530,7,3,22,0,in
8551,18,1,23,0,out
8551,18,3,23,0,in
8558,7,2,22,0,going
8558,7,4,22,0,coming
8561,19,19,19,5,in
8568,10,6,20,2,out
8568,10,8,20,2,in
8576,14,3,14,8,out
8576,14,5,14,8,in
8579,1,19,1,5,going
8579,3,19,3,5,going
8579,18,2,23,0,going
8579,18,4,23,0,coming
8580,12,11,12,4,in
8580,13,11,13,4,in
8580,12,11,12,4,going
8580,13,11,13,4,going
8582,2,8,2,3,out
8582,2,10,2,3,in
8582,4,8,4,3,out
8582,4,10,4,3,in
8582,5,8,5,3,out
8582,5,10,5,3,in
8582,8,8,8,3,out
8582,8,10,8,3,in
8583,12,10,12,4,out
8583,13,10,13,4,out
8583,12,10,12,4,coming
8583,13,10,13,4,coming
8588,17,1,17,9,in
8588,17,11,17,9,out
8592,6,1,6,0,out
8592,6,3,6,0,in
8594,17,12,17,9,out
8596,9,2,9,2,out
8596,9,4,9,2,in
8596,11,2,11,2,out
8596,11,4,11,2,in
8596,10,7,20,2,going
8596,10,9,20,2,coming
8597,16,2,16,2,out
8597,16,4,16,2,in
8604,14,4,14,8,going
8604,14,6,14,8,coming
8610,2,9,2,3,going
8610,2,11,2,3,coming
8610,4,9,4,3,going
8610,4,11,4,3,coming
8610,5,9,5,3,going
8610,5,11,5,3,coming
8610,8,9,8,3,going
8610,8,11,8,3,coming
8616,17,2,17,9,coming
8619,0,4,0,0,out
8619,0,6,0,0,in
8620,6,2,6,0,going
8620,6,4,6,0,coming
8624,9,3,9,2,going
8624,9,5,9,2,coming
8624,11,3,11,2,going
8624,11,5,11,2,coming
8625,16,3,16,2,going
8625,16,5,16,2,coming
8647,0,5,0,0,going
8647,0,7,0,0,coming
8651,19,19,19,5,going
8658,7,2,22,0,out
8658,7,4,22,0,in
8666,14,5,14,8,going
8666,14,1,14,8,coming
8675,7,3,22,0,going
8675,7,4,22,0,going
8679,1,19,1,5,out
8679,3,19,3,5,out
8679,18,2,23,0,out
8679,18,4,23,0,in
8680,12,11,12,4,out
8680,13,11,13,4,out
8681,7,12,22,0,coming
8683,12,10,12,4,in
8683,13,10,13,4,in
8696,10,7,20,2,out
8696,10,9,20,2,in
8697,12,11,12,4,coming
8697,13,11,13,4,coming
8700,12,10,12,4,going
8700,13,10,13,4,going
8704,14,4,14,8,out
8704,14,6,14,8,in
8704,14,6,14,8,going
8707,7,1,22,0,coming
8707,18,3,23,0,going
8707,18,5,23,0,coming
8710,2,9,2,3,out
8710,2,11,2,3,in
8710,4,9,4,3,out
8710,4,11,4,3,in
8710,5,9,5,3,out
8710,5,11,5,3,in
8710,8,9,8,3,out
8710,8,11,8,3,in
8716,17,2,17,9,in
8717,1,19,1,5,coming
8717,3,19,3,5,coming
8720,6,2,6,0,out
8720,6,4,6,0,in
8724,9,3,9,2,out
8724,9,5,9,2,in
8724,11,3,11,2,out
8724,11,5,11,2,in
8724,10,8,20,2,going
8724,10,10,20,2,coming
8725,16,3,16,2,out
8725,16,5,16,2,in
8737,6,3,6,0,going
8737,6,4,6,0,going
8738,2,10,2,3,going
8738,2,12,2,3,coming
8738,4,10,4,3,going
8738,4,12,4,3,coming
8738,5,10,5,3,going
8738,5,12,5,3,coming
8738,8,10,8,3,going
8738,8,12,8,3,coming
8743,6,12,6,0,coming
8744,17,1,17,9,going
8744,17,3,17,9,coming
8747,0,5,0,0,out
8747,0,7,0,0,in
8751,19,19,19,5,out
8752,9,4,9,2,going
8752,9,6,9,2,coming
8752,11,4,11,2,going
8752,11,6,11,2,coming
8753,16,4,16,2,going
8753,16,6,16,2,coming
8766,14,1,14,8,in
8766,14,5,14,8,out
8769,6,1,6,0,coming
8775,7,3,22,0,out
8775,7,4,22,0,out
8775,0,6,0,0,going
8775,0,8,0,0,coming
8781,7,12,22,0,in
8781,7,12,22,0,going
8789,19,19,19,5,coming
8794,14,2,14,8,coming
8797,12,11,12,4,in
8797,13,11,13,4,in
8797,12,11,12,4,going
8797,13,11,13,4,going
8800,12,10,12,4,out
8800,13,10,13,4,out
8800,12,10,12,4,coming
8800,13,10,13,4,coming
8804,14,6,14,8,out
8807,7,1,22,0,in
8807,18,3,23,0,out
8807,18,5,23,0,in
8810,15,6,21,8,coming
8817,1,19,1,5,in
8817,3,19,3,5,in
8824,10,8,20,2,out
8824,10,10,20,2,in
8835,7,2,22,0,coming
8835,18,4,23,0,going
8835,18,6,23,0,coming
8837,6,3,6,0,out
8837,6,4,6,0,out
8838,2,10,2,3,out
8838,2,12,2,3,in
8838,4,10,4,3,out
8838,4,12,4,3,in
8838,5,10,5,3,out
8838,5,12,5,3,in
8838,8,10,8,3,out
8838,8,12,8,3,in
8843,6,12,6,0,in
8843,6,12,6,0,going
8844,17,1,17,9,out
8844,17,3,17,9,in
8852,9,4,9,2,out
8852,9,6,9,2,in
8852,11,4,11,2,out
8852,11,6,11,2,in
8852,10,9,20,2,going
8852,10,11,20,2,coming
8853,16,4,16,2,out
8853,16,6,16,2,in
8866,2,11,2,3,going
8866,2,13,2,3,coming
8866,4,11,4,3,going
8866,4,13,4,3,coming
8866,5,11,5,3,going
8866,5,13,5,3,coming
8866,8,11,8,3,going
8866,8,13,8,3,coming
8869,6,1,6,0,in
8872,17,2,17,9,going
8872,17,4,17,9,coming
8875,0,6,0,0,out
8875,0,8,0,0,in
8880,9,5,9,2,going
8880,9,7,9,2,coming
8880,11,5,11,2,going
8880,11,7,11,2,coming
8881,7,12,22,0,out
8881,16,5,16,2,going
8881,16,7,16,2,coming
8889,19,19,19,5,in
8894,14,2,14,8,in
8896,1,19,1,5,going
8896,3,19,3,5,going
8897,12,11,12,4,out
8897,13,11,13,4,out
8897,6,2,6,0,coming
8900,12,10,12,4,in
8900,13,10,13,4,in
8903,0,7,0,0,going
8903,0,9,0,0,coming
8910,15,6,21,8,in
8910,15,6,21,8,going
8914,12,11,12,4,coming
8914,13,11,13,4,coming
8917,12,10,12,4,going
8917,13,10,13,4,going
8922,14,1,14,8,going
8922,14,3,14,8,coming
8935,7,2,22,0,in
8935,18,4,23,0,out
8935,18,6,23,0,in
8943,6,12,6,0,out
8952,10,9,20,2,out
8952,10,11,20,2,in
8963,7,1,22,0,going
8963,7,3,22,0,coming
8963,18,5,23,0,going
8963,18,7,23,0,coming
8966,2,11,2,3,out
8966,2,13,2,3,in
8966,4,11,4,3,out
8966,4,13,4,3,in
8966,5,11,5,3,out
8966,5,13,5,3,in
8966,8,11,8,3,out
8966,8,13,8,3,in
8968,19,19,19,5,going
8972,17,2,17,9,out
8972,17,4,17,9,in
8980,9,5,9,2,out
8980,9,7,9,2,in
8980,11,5,11,2,out
8980,11,7,11,2,in
8980,10,10,20,2,going
8980,10,12,20,2,coming
8981,16,5,16,2,out
8981,16,7,16,2,in
8994,2,12,2,3,going
8994,2,14,2,3,coming
8994,4,12,4,3,going
8994,4,14,4,3,coming
8994,5,12,5,3,going
8994,5,14,5,3,coming
8994,8,12,8,3,going
8994,8,14,8,3,coming
8996,1,19,1,5,out
8996,3,19,3,5,out
8997,6,2,6,0,in
9000,17,3,17,9,going
9000,17,5,17,9,coming
9002,10,11,20,2,going
9002,10,1,20,2,coming
9003,0,7,0,0,out
9003,0,9,0,0,in
9008,9,6,9,2,going
9008,9,8,9,2,coming
9008,11,6,11,2,going
9008,11,8,11,2,coming
9009,16,6,16,2,going
9009,16,8,16,2,coming
9010,15,6,21,8,out
9014,12,11,12,4,in
9014,13,11,13,4,in
9014,12,11,12,4,going
9014,13,11,13,4,going
9017,12,10,12,4,out
9017,13,10,13,4,out
9017,12,10,12,4,coming
9017,13,10,13,4,coming
9022,14,1,14,8,out
9022,14,3,14,8,in
9025,6,1,6,0,going
9025,6,3,6,0,coming
9031,0,8,0,0,going
9034,1,19,1,5,coming
9034,3,19,3,5,coming
9050,14,2,14,8,going
9050,14,4,14,8,coming
9063,7,1,22,0,out
9063,7,3,22,0,in
9063,18,5,23,0,out
9063,18,7,23,0,in
9068,19,19,19,5,out
9080,10,10,20,2,out
9080,10,12,20,2,in
9080,10,12,20,2,going
9091,7,2,22,0,going
9091,7,4,22,0,coming
9091,18,6,23,0,going
9091,18,8,23,0,coming
9094,2,12,2,3,out
9094,2,14,2,3,in
9094,4,12,4,3,out
9094,4,14,4,3,in
9094,5,12,5,3,out
9094,5,14,5,3,in
9094,8,12,8,3,out
9094,8,14,8,3,in
9100,17,3,17,9,out
9100,17,5,17,9,in
9102,10,1,20,2,in
9102,10,11,20,2,out
9106,19,19,19,5,coming
9108,9,6,9,2,out
9108,9,8,9,2,in
9108,11,6,11,2,out
9108,11,8,11,2,in
9109,16,6,16,2,out
9109,16,8,16,2,in
9114,12,11,12,4,out
9114,13,11,13,4,out
9117,12,10,12,4,in
9117,13,10,13,4,in
9122,2,13,2,3,going
9122,2,15,2,3,coming
9122,4,13,4,3,going
9122,4,15,4,3,coming
9122,5,13,5,3,going
9122,5,15,5,3,coming
9122,8,13,8,3,going
9122,8,15,8,3,coming
9125,6,1,6,0,out
9125,6,3,6,0,in
9128,17,4,17,9,going
9128,17,6,17,9,coming
9130,10,2,20,2,coming
9131,0,8,0,0,out
9131,12,11,12,4,coming
9131,13,11,13,4,coming
9134,1,19,1,5,in
9134,3,19,3,5,in
9134,13,10,13,4,going
9135,12,10,12,4,going
9135,12,0,12,4,coming
9135,12,1,12,4,coming
9136,9,7,9,2,going
9136,9,9,9,2,coming
9136,11,7,11,2,going
9136,11,9,11,2,coming
9137,16,7,16,2,going
9137,16,9,16,2,coming
9150,14,2,14,8,out
9150,14,4,14,8,in
9153,6,2,6,0,going
9153,6,4,6,0,coming
9159,0,9,0,0,going
9178,14,3,14,8,going
9178,14,5,14,8,coming
9180,10,12,20,2,out
9181,0,12,0,0,coming
9182,0,1,0,0,coming
9191,7,2,22,0,out
9191,7,4,22,0,in
9191,18,6,23,0,out
9191,18,8,23,0,in
9206,19,19,19,5,in
9208,7,3,22,0,going
9208,7,4,22,0,going
9213,1,19,1,5,going
9214,3,19,3,5,going
9214,3,0,3,5,coming
9214,3,1,3,5,coming
9214,7,12,22,0,coming
9219,18,7,23,0,going
9219,18,9,23,0,coming
9222,2,13,2,3,out
9222,2,15,2,3,in
9222,4,13,4,3,out
9222,4,15,4,3,in
9222,5,13,5,3,out
9222,5,15,5,3,in
9222,8,13,8,3,out
9222,8,15,8,3,in
9228,17,4,17,9,out
9228,17,6,17,9,in
9230,10,2,20,2,in
9231,12,11,12,4,in
9231,13,11,13,4,in
9231,12,11,12,4,going
9231,13,11,13,4,going
9234,13,10,13,4,out
9234,13,10,13,4,coming
9235,12,0,12,4,in
9235,12,1,12,4,in
9235,12,10,12,4,out
9236,9,7,9,2,out
9236,9,9,9,2,in
9236,11,7,11,2,out
9236,11,9,11,2,in
9237,16,7,16,2,out
9237,16,9,16,2,in
9240,7,1,22,0,coming
9250,2,14,2,3,going
9250,2,16,2,3,coming
9250,4,14,4,3,going
9250,4,16,4,3,coming
9250,5,14,5,3,going
9250,5,16,5,3,coming
9250,8,14,8,3,going
9250,8,16,8,3,coming
9253,6,2,6,0,out
9253,6,4,6,0,in
9256,17,5,17,9,going
9256,17,7,17,9,coming
9258,10,1,20,2,going
9258,10,3,20,2,coming
9259,0,9,0,0,out
9264,9,8,9,2,going
9264,9,10,9,2,coming
9264,11,8,11,2,going
9264,11,10,11,2,coming
9265,16,8,16,2,going
9265,16,10,16,2,coming
9270,6,3,6,0,going
9270,6,4,6,0,going
9276,6,12,6,0,coming
9278,14,3,14,8,out
9278,14,5,14,8,in
9281,0,12,0,0,in
9281,0,12,0,0,going
9282,0,1,0,0,in
9285,19,19,19,5,going
9302,6,1,6,0,coming
9306,14,4,14,8,going
9306,14,6,14,8,coming
9308,7,3,22,0,out
9308,7,4,22,0,out
9310,0,2,0,0,coming
9313,1,19,1,5,out
9314,3,0,3,5,in
9314,3,1,3,5,in
9314,3,19,3,5,out
9314,7,12,22,0,in
9314,7,12,22,0,going
9319,18,7,23,0,out
9319,18,9,23,0,in
9331,12,11,12,4,out
9331,13,11,13,4,out
9334,13,10,13,4,in
9340,7,1,22,0,in
9347,18,8,23,0,going
9348,13,11,13,4,coming
9350,2,14,2,3,out
9350,2,16,2,3,in
9350,4,14,4,3,out
9350,4,16,4,3,in
9350,5,14,5,3,out
9350,5,16,5,3,in
9350,8,14,8,3,out
9350,8,16,8,3,in
9351,1,19,1,5,coming
9351,13,10,13,4,going
9356,17,5,17,9,out
9356,17,7,17,9,in
9358,10,1,20,2,out
9358,10,3,20,2,in
9363,12,0,12,4,going
9363,12,2,12,4,coming
9364,9,8,9,2,out
9364,9,10,9,2,in
9364,11,8,11,2,out
9364,11,10,11,2,in
9365,16,8,16,2,out
9365,16,10,16,2,in
9368,7,2,22,0,coming
9368,14,5,14,8,going
9368,14,1,14,8,coming
9370,6,3,6,0,out
9370,6,4,6,0,out
9376,6,12,6,0,in
9376,6,12,6,0,going
9378,2,15,2,3,going
9378,2,17,2,3,coming
9378,4,15,4,3,going
9378,4,17,4,3,coming
9378,5,15,5,3,going
9378,5,17,5,3,coming
9378,8,15,8,3,going
9378,8,17,8,3,coming
9381,0,12,0,0,out
9384,17,6,17,9,going
9384,17,8,17,9,coming
9385,19,19,19,5,out
9386,10,2,20,2,going
9386,10,4,20,2,coming
9392,9,9,9,2,going
9392,9,11,9,2,coming
9392,11,9,11,2,going
9392,11,11,11,2,coming
9393,16,9,16,2,going
9393,16,11,16,2,coming
9402,6,1,6,0,in
9406,14,4,14,8,out
9406,14,6,14,8,in
9406,14,6,14,8,going
9410,0,2,0,0,in
9414,7,12,22,0,out
9423,19,19,19,5,coming
9430,6,2,6,0,coming
9438,0,1,0,0,going
9438,0,3,0,0,coming
9442,3,0,3,5,going
9442,3,2,3,5,coming
9447,18,8,23,0,out
9448,13,11,13,4,in
9448,13,11,13,4,going
9451,1,19,1,5,in
9451,13,10,13,4,out
9451,13,10,13,4,coming
9460,2,16,2,3,going
9460,2,1,2,3,coming
9460,4,16,4,3,going
9460,4,1,4,3,coming
9460,5,16,5,3,going
9460,5,1,5,3,coming
9460,8,16,8,3,going
9460,8,1,8,3,coming
9463,12,0,12,4,out
9463,12,2,12,4,in
9468,7,2,22,0,in
9468,14,1,14,8,in
9468,14,5,14,8,out
9475,18,9,23,0,going
9475,18,11,23,0,coming
9476,6,12,6,0,out
9478,2,15,2,3,out
9478,2,17,2,3,in
9478,4,15,4,3,out
9478,4,17,4,3,in
9478,5,15,5,3,out
9478,5,17,5,3,in
9478,8,15,8,3,out
9478,8,17,8,3,in
9478,2,17,2,3,going
9478,4,17,4,3,going
9478,5,17,5,3,going
9478,8,17,8,3,going
9484,17,6,17,9,out
9484,17,8,17,9,in
9486,10,2,20,2,out
9486,10,4,20,2,in
9491,12,1,12,4,going
9491,12,3,12,4,coming
9492,9,9,9,2,out
9492,9,11,9,2,in
9492,11,9,11,2,out
9492,11,11,11,2,in
9493,16,9,16,2,out
9493,16,11,16,2,in
9496,7,1,22,0,going
9496,7,3,22,0,coming
9496,14,2,14,8,coming
9497,18,12,23,0,coming
9506,14,6,14,8,out
9512,15,6,21,8,coming
9512,17,7,17,9,going
9512,17,9,17,9,coming
9514,10,3,20,2,going
9520,9,10,9,2,going
9520,9,12,9,2,coming
9520,11,10,11,2,going
9520,11,12,11,2,coming
9521,16,10,16,2,going
9521,16,12,16,2,coming
9523,19,19,19,5,in
9530,6,2,6,0,in
9530,1,19,1,5,going
9538,0,1,0,0,out
9538,0,3,0,0,in
9542,3,0,3,5,out
9542,3,2,3,5,in
9542,9,11,9,2,going
9542,9,1,9,2,coming
9542,11,11,11,2,going
9542,11,1,11,2,coming
9543,16,11,16,2,going
9543,16,1,16,2,coming
9548,13,11,13,4,out
9551,13,10,13,4,in
9558,6,1,6,0,going
9558,6,3,6,0,coming
9560,2,1,2,3,in
9560,2,16,2,3,out
9560,4,1,4,3,in
9560,4,16,4,3,out
9560,5,1,5,3,in
9560,5,16,5,3,out
9560,8,1,8,3,in
9560,8,16,8,3,out
9565,13,11,13,4,coming
9566,0,2,0,0,going
9566,0,4,0,0,coming
9568,13,10,13,4,going
9570,3,1,3,5,going
9570,3,3,3,5,coming
9575,18,9,23,0,out
9575,18,11,23,0,in
9576,18,11,23,0,going
9576,18,1,23,0,coming
9578,2,17,2,3,out
9578,4,17,4,3,out
9578,5,17,5,3,out
9578,8,17,8,3,out
9588,2,2,2,3,coming
9588,4,2,4,3,coming
9588,5,2,5,3,coming
9588,8,2,8,3,coming
9591,12,1,12,4,out
9591,12,3,12,4,in
9596,7,1,22,0,out
9596,7,3,22,0,in
9596,14,2,14,8,in
9597,18,12,23,0,in
9597,18,12,23,0,going
9602,19,19,19,5,going
9612,15,6,21,8,in
9612,17,7,17,9,out
9612,17,9,17,9,in
9612,15,6,21,8,going
9614,10,3,20,2,out
9619,12,2,12,4,going
9619,12,4,12,4,coming
9620,9,10,9,2,out
9620,9,12,9,2,in
9620,11,10,11,2,out
9620,11,12,11,2,in
9620,9,12,9,2,going
9620,11,12,11,2,going
9621,16,10,16,2,out
9621,16,12,16,2,in
9621,16,12,16,2,going
9624,7,2,22,0,going
9624,7,4,22,0,coming
9624,14,1,14,8,going
9624,14,3,14,8,coming
9630,1,19,1,5,out
9640,17,8,17,9,going
9640,17,10,17,9,coming
9642,9,1,9,2,in
9642,9,11,9,2,out
9642,11,1,11,2,in
9642,11,11,11,2,out
9642,10,4,20,2,going
9642,10,6,20,2,coming
9643,16,1,16,2,in
9643,16,11,16,2,out
9658,6,1,6,0,out
9658,6,3,6,0,in
9665,13,11,13,4,in
9665,13,11,13,4,going
9666,0,2,0,0,out
9666,0,4,0,0,in
9668,13,10,13,4,out
9668,1,19,1,5,coming
9668,13,10,13,4,coming
9670,3,1,3,5,out
9670,3,3,3,5,in
9670,9,2,9,2,coming
9670,11,2,11,2,coming
9671,16,2,16,2,coming
9676,18,1,23,0,in
9676,18,11,23,0,out
9686,6,2,6,0,going
9686,6,4,6,0,coming
9688,2,2,2,3,in
9688,4,2,4,3,in
9688,5,2,5,3,in
9688,8,2,8,3,in
9694,0,3,0,0,going
9694,0,5,0,0,coming
9697,18,12,23,0,out
9698,3,2,3,5,going
9698,3,4,3,5,coming
9702,19,19,19,5,out
9704,18,2,23,0,coming
9712,15,6,21,8,out
9716,2,1,2,3,going
9716,2,3,2,3,coming
9716,4,1,4,3,going
9716,4,3,4,3,coming
9716,5,1,5,3,going
9716,5,3,5,3,coming
9716,8,1,8,3,going
9716,8,3,8,3,coming
9719,12,2,12,4,out
9719,12,4,12,4,in
9720,9,12,9,2,out
9720,11,12,11,2,out
9721,16,12,16,2,out
9724,7,2,22,0,out
9724,7,4,22,0,in
9724,14,1,14,8,out
9724,14,3,14,8,in
9740,17,8,17,9,out
9740,17,10,17,9,in
9740,19,19,19,5,coming
9741,7,3,22,0,going
9741,7,4,22,0,going
9742,10,4,20,2,out
9742,10,6,20,2,in
9747,7,12,22,0,coming
9747,12,3,12,4,going
9747,12,5,12,4,coming
9752,14,2,14,8,going
9752,14,4,14,8,coming
9765,13,11,13,4,out
9768,1,19,1,5,in
9768,13,10,13,4,in
9768,17,9,17,9,going
9768,17,11,17,9,coming
9770,9,2,9,2,in
9770,11,2,11,2,in
9770,10,7,20,2,coming
9771,16,2,16,2,in
9773,7,1,22,0,coming
9782,13,11,13,4,coming
9786,6,2,6,0,out
9786,6,4,6,0,in
9786,13,10,13,4,going
9786,13,0,13,4,coming
9786,13,1,13,4,coming
9794,0,3,0,0,out
9794,0,5,0,0,in
9798,3,2,3,5,out
9798,3,4,3,5,in
9798,9,1,9,2,going
9798,9,3,9,2,coming
9798,11,1,11,2,going
9798,11,3,11,2,coming
9799,16,1,16,2,going
9799,16,3,16,2,coming
9803,6,3,6,0,going
9803,6,4,6,0,going
9804,18,2,23,0,in
9809,6,12,6,0,coming
9816,2,1,2,3,out
9816,2,3,2,3,in
9816,4,1,4,3,out
9816,4,3,4,3,in
9816,5,1,5,3,out
9816,5,3,5,3,in
9816,8,1,8,3,out
9816,8,3,8,3,in
9822,0,4,0,0,going
9822,0,6,0,0,coming
9826,3,3,3,5,going
9826,3,5,3,5,coming
9832,18,1,23,0,going
9832,18,3,23,0,coming
9835,6,1,6,0,coming
9840,19,19,19,5,in
9841,7,3,22,0,out
9841,7,4,22,0,out
9844,2,2,2,3,going
9844,2,4,2,3,coming
9844,4,2,4,3,going
9844,4,4,4,3,coming
9844,5,2,5,3,going
9844,5,4,5,3,coming
9844,8,2,8,3,going
9844,8,4,8,3,coming
9847,7,12,22,0,in
9847,12,3,12,4,out
9847,12,5,12,4,in
9847,1,19,1,5,going
9847,7,12,22,0,going
9852,14,2,14,8,out
9852,14,4,14,8,in
9868,17,9,17,9,out
9868,17,11,17,9,in
9870,10,7,20,2,in
9873,7,1,22,0,in
9875,12,4,12,4,going
9875,12,6,12,4,coming
9880,14,3,14,8,going
9880,14,5,14,8,coming
9882,13,11,13,4,in
9882,13,11,13,4,going
9886,13,0,13,4,in
9886,13,1,13,4,in
9886,13,10,13,4,out
9896,17,10,17,9,going
9896,17,12,17,9,coming
9898,9,1,9,2,out
9898,9,3,9,2,in
9898,11,1,11,2,out
9898,11,3,11,2,in
9898,10,6,20,2,going
9898,10,8,20,2,coming
9899,16,1,16,2,out
9899,16,3,16,2,in
9901,7,2,22,0,coming
9903,6,3,6,0,out
9903,6,4,6,0,out
9909,6,12,6,0,in
9909,6,12,6,0,going
9919,19,19,19,5,going
9922,0,4,0,0,out
9922,0,6,0,0,in
9926,3,3,3,5,out
9926,3,5,3,5,in
9926,9,2,9,2,going
9926,9,4,9,2,coming
9926,11,2,11,2,going
9926,11,4,11,2,coming
9927,16,2,16,2,going
9927,16,4,16,2,coming
9932,18,1,23,0,out
9932,18,3,23,0,in
9935,6,1,6,0,in
9944,2,2,2,3,out
9944,2,4,2,3,in
9944,4,2,4,3,out
9944,4,4,4,3,in
9944,5,2,5,3,out
9944,5,4,5,3,in
9944,8,2,8,3,out
9944,8,4,8,3,in
9947,1,19,1,5,out
9947,7,12,22,0,out
9950,0,5,0,0,going
9950,0,7,0,0,coming
9954,3,4,3,5,going
9954,3,6,3,5,coming
9960,18,2,23,0,going
9960,18,4,23,0,coming
9963,6,2,6,0,coming
9972,2,3,2,3,going
9972,2,5,2,3,coming
9972,4,3,4,3,going
9972,4,5,4,3,coming
9972,5,3,5,3,going
9972,5,5,5,3,coming
9972,8,3,8,3,going
9972,8,5,8,3,coming
9975,12,4,12,4,out
9975,12,6,12,4,in
9980,14,3,14,8,out
9980,14,5,14,8,in
9982,13,11,13,4,out
9985,1,19,1,5,coming
9990,17,11,17,9,going
9990,17,1,17,9,coming
9996,17,10,17,9,out
9996,17,12,17,9,in
9996,17,12,17,9,going
9998,10,6,20,2,out
9998,10,8,20,2,in
10001,7,2,22,0,in
10003,12,5,12,4,going
10003,12,7,12,4,coming
10008,14,4,14,8,going
10008,14,6,14,8,coming
10009,6,12,6,0,out
10014,13,0,13,4,going
10014,13,2,13,4,coming
10019,19,19,19,5,out
10026,9,2,9,2,out
10026,9,4,9,2,in
10026,11,2,11,2,out
10026,11,4,11,2,in
10026,10,7,20,2,going
10026,10,9,20,2,coming
10027,16,2,16,2,out
10027,16,4,16,2,in
10029,7,1,22,0,going
10029,7,3,22,0,coming
10050,0,5,0,0,out
10050,0,7,0,0,in
10054,3,4,3,5,out
10054,3,6,3,5,in
10054,9,3,9,2,going
10054,9,5,9,2,coming
10054,11,3,11,2,going
10054,11,5,11,2,coming
10055,16,3,16,2,going
10055,16,5,16,2,coming
10057,19,19,19,5,coming
10060,18,2,23,0,out
10060,18,4,23,0,in
10063,6,2,6,0,in
10070,14,5,14,8,going
10070,14,1,14,8,coming
10072,2,3,2,3,out
10072,2,5,2,3,in
10072,4,3,4,3,out
10072,4,5,4,3,in
10072,5,3,5,3,out
10072,5,5,5,3,in
10072,8,3,8,3,out
10072,8,5,8,3,in
10078,0,6,0,0,going
10078,0,8,0,0,coming
10082,3,5,3,5,going
10082,3,7,3,5,coming
10085,1,19,1,5,in
10088,18,3,23,0,going
10088,18,5,23,0,coming
10090,17,1,17,9,in
10090,17,11,17,9,out
10091,6,1,6,0,going
10091,6,3,6,0,coming
10096,17,12,17,9,out
10100,2,4,2,3,going
10100,2,6,2,3,coming
10100,4,4,4,3,going
10100,4,6,4,3,coming
10100,5,4,5,3,going
10100,5,6,5,3,coming
10100,8,4,8,3,going
10100,8,6,8,3,coming
10103,12,5,12,4,out
10103,12,7,12,4,in
10108,14,4,14,8,out
10108,14,6,14,8,in
10108,14,6,14,8,going
10114,13,0,13,4,out
10114,13,2,13,4,in
10118,17,2,17,9,coming
10126,10,7,20,2,out
10126,10,9,20,2,in
10129,7,1,22,0,out
10129,7,3,22,0,in
10131,12,6,12,4,going
10142,13,1,13,4,going
10142,13,3,13,4,coming
10154,9,3,9,2,out
10154,9,5,9,2,in
10154,11,3,11,2,out
10154,11,5,11,2,in
10154,10,8,20,2,going
10154,10,10,20,2,coming
10155,16,3,16,2,out
10155,16,5,16,2,in
10157,19,19,19,5,in
10157,7,2,22,0,going
10157,7,4,22,0,coming
10165,1,19,1,5,going
10165,1,0,1,5,coming
10165,1,1,1,5,coming
10170,14,1,14,8,in
10170,14,5,14,8,out
10178,0,6,0,0,out
10178,0,8,0,0,in
10182,3,5,3,5,out
10182,3,7,3,5,in
10182,9,4,9,2,going
10182,9,6,9,2,coming
10182,11,4,11,2,going
10182,11,6,11,2,coming
10183,16,4,16,2,going
10183,16,6,16,2,coming
10188,18,3,23,0,out
10188,18,5,23,0,in
10191,6,1,6,0,out
10191,6,3,6,0,in
10198,14,2,14,8,coming
10200,2,4,2,3,out
10200,2,6,2,3,in
10200,4,4,4,3,out
10200,4,6,4,3,in
10200,5,4,5,3,out
10200,5,6,5,3,in
10200,8,4,8,3,out
10200,8,6,8,3,in
10206,0,7,0,0,going
10206,0,9,0,0,coming
10208,14,6,14,8,out
10210,3,6,3,5,going
10210,3,8,3,5,coming
10214,15,6,21,8,coming
10216,18,4,23,0,going
10216,18,6,23,0,coming
10218,17,2,17,9,in
10219,6,2,6,0,going
10219,6,4,6,0,coming
10228,2,5,2,3,going
10228,2,7,2,3,coming
10228,4,5,4,3,going
10228,4,7,4,3,coming
10228,5,5,5,3,going
10228,5,7,5,3,coming
10228,8,5,8,3,going
10228,8,7,8,3,coming
10231,12,6,12,4,out
10237,19,19,19,5,going
10237,19,0,19,5,coming
10237,19,1,19,5,coming
10242,13,1,13,4,out
10242,13,3,13,4,in
10246,17,1,17,9,going
10246,17,3,17,9,coming
10254,10,8,20,2,out
10254,10,10,20,2,in
10257,7,2,22,0,out
10257,7,4,22,0,in
10259,12,7,12,4,going
10265,1,0,1,5,in
10265,1,1,1,5,in
10265,1,19,1,5,out
10270,13,2,13,4,going
10270,13,4,13,4,coming
10282,9,4,9,2,out
10282,9,6,9,2,in
10282,11,4,11,2,out
10282,11,6,11,2,in
10282,10,9,20,2,going
10282,10,11,20,2,coming
10283,16,4,16,2,out
10283,16,6,16,2,in
10285,7,3,22,0,going
10285,7,5,22,0,coming
10298,14,2,14,8,in
10306,0,7,0,0,out
10306,0,9,0,0,in
10310,3,6,3,5,out
10310,3,8,3,5,in
10310,9,5,9,2,going
10310,9,7,9,2,coming
10310,11,5,11,2,going
10310,11,7,11,2,coming
10311,16,5,16,2,going
10311,16,7,16,2,coming
10314,15,6,21,8,in
10314,15,6,21,8,going
10316,18,4,23,0,out
10316,18,6,23,0,in
10319,6,2,6,0,out
10319,6,4,6,0,in
10326,14,1,14,8,going
10326,14,3,14,8,coming
10328,2,5,2,3,out
10328,2,7,2,3,in
10328,4,5,4,3,out
10328,4,7,4,3,in
10328,5,5,5,3,out
10328,5,7,5,3,in
10328,8,5,8,3,out
10328,8,7,8,3,in
10334,0,8,0,0,going
10337,19,0,19,5,in
10337,19,1,19,5,in
10337,19,19,19,5,out
10338,3,7,3,5,going
10338,3,9,3,5,coming
10344,18,5,23,0,going
10344,18,7,23,0,coming
10346,17,1,17,9,out
10346,17,3,17,9,in
10347,6,3,6,0,going
10347,6,5,6,0,coming
10356,2,6,2,3,going
10356,2,8,2,3,coming
10356,4,6,4,3,going
10356,4,8,4,3,coming
10356,5,6,5,3,going
10356,5,8,5,3,coming
10356,8,6,8,3,going
10356,8,8,8,3,coming
10359,12,7,12,4,out
10370,13,2,13,4,out
10370,13,4,13,4,in
10374,17,2,17,9,going
10374,17,4,17,9,coming
10382,10,9,20,2,out
10382,10,11,20,2,in
10385,7,3,22,0,out
10385,7,5,22,0,in
10387,12,10,12,4,coming
10393,1,0,1,5,going
10393,1,2,1,5,coming
10398,13,3,13,4,going
10398,13,5,13,4,coming
10410,9,5,9,2,out
10410,9,7,9,2,in
10410,11,5,11,2,out
10410,11,7,11,2,in
10410,10,10,20,2,going
10410,10,12,20,2,coming
10411,16,5,16,2,out
10411,16,7,16,2,in
10413,7,4,22,0,going
10413,7,6,22,0,coming
10414,15,6,21,8,out
10426,14,1,14,8,out
10426,14,3,14,8,in
10432,10,11,20,2,going
10432,10,1,20,2,coming
10434,0,8,0,0,out
10438,3,7,3,5,out
10438,3,9,3,5,in
10438,9,6,9,2,going
10438,9,8,9,2,coming
10438,11,6,11,2,going
10438,11,8,11,2,coming
10439,16,6,16,2,going
10439,16,8,16,2,coming
10444,18,5,23,0,out
10444,18,7,23,0,in
10447,6,3,6,0,out
10447,6,5,6,0,in
10454,14,2,14,8,going
10454,14,4,14,8,coming
10456,2,6,2,3,out
10456,2,8,2,3,in
10456,4,6,4,3,out
10456,4,8,4,3,in
10456,5,6,5,3,out
10456,5,8,5,3,in
10456,8,6,8,3,out
10456,8,8,8,3,in
10462,0,9,0,0,going
10465,19,0,19,5,going
10465,19,2,19,5,coming
10466,3,8,3,5,going
10466,3,10,3,5,coming
10472,18,6,23,0,going
10472,18,8,23,0,coming
10474,17,2,17,9,out
10474,17,4,17,9,in
10475,6,4,6,0,going
10475,6,6,6,0,coming
10484,0,12,0,0,coming
10484,2,7,2,3,going
10484,2,9,2,3,coming
10484,4,7,4,3,going
10484,4,9,4,3,coming
10484,5,7,5,3,going
10484,5,9,5,3,coming
10484,8,7,8,3,going
10484,8,9,8,3,coming
10485,0,1,0,0,coming
10487,12,10,12,4,in
10493,1,0,1,5,out
10493,1,2,1,5,in
10498,13,3,13,4,out
10498,13,5,13,4,in
10502,17,3,17,9,going
10502,17,5,17,9,coming
10510,10,10,20,2,out
10510,10,12,20,2,in
10510,10,12,20,2,going
10513,7,4,22,0,out
10513,7,6,22,0,in
10515,12,11,12,4,coming
10518,12,10,12,4,going
10521,1,1,1,5,going
10521,1,3,1,5,coming
10526,13,4,13,4,going
10526,13,6,13,4,coming
10532,10,1,20,2,in
10532,10,11,20,2,out
10538,9,6,9,2,out
10538,9,8,9,2,in
10538,11,6,11,2,out
10538,11,8,11,2,in
10539,16,6,16,2,out
10539,16,8,16,2,in
10541,7,5,22,0,going
10541,7,7,22,0,coming
10554,14,2,14,8,out
10554,14,4,14,8,in
10560,10,2,20,2,coming
10562,0,9,0,0,out
10565,19,0,19,5,out
10565,19,2,19,5,in
10566,3,8,3,5,out
10566,3,10,3,5,in
10566,9,7,9,2,going
10566,9,9,9,2,coming
10566,11,7,11,2,going
10566,11,9,11,2,coming
10567,16,7,16,2,going
10567,16,9,16,2,coming
10572,18,6,23,0,out
10572,18,8,23,0,in
10575,6,4,6,0,out
10575,6,6,6,0,in
10582,14,3,14,8,going
10582,14,5,14,8,coming
10584,0,12,0,0,in
10584,2,7,2,3,out
10584,2,9,2,3,in
10584,4,7,4,3,out
10584,4,9,4,3,in
10584,5,7,5,3,out
10584,5,9,5,3,in
10584,8,7,8,3,out
10584,8,9,8,3,in
10584,0,12,0,0,going
10585,0,1,0,0,in
10593,19,1,19,5,going
10593,19,3,19,5,coming
10594,3,9,3,5,going
10594,3,11,3,5,coming
10600,18,7,23,0,going
10600,18,9,23,0,coming
10602,17,3,17,9,out
10602,17,5,17,9,in
10603,6,5,6,0,going
10603,6,7,6,0,coming
10610,10,12,20,2,out
10612,2,8,2,3,going
10612,2,10,2,3,coming
10612,4,8,4,3,going
10612,4,10,4,3,coming
10612,5,8,5,3,going
10612,5,10,5,3,coming
10612,8,8,8,3,going
10612,8,10,8,3,coming
10613,0,2,0,0,coming
10615,12,11,12,4,in
10615,12,11,12,4,going
10618,12,10,12,4,out
10618,12,10,12,4,coming
10621,1,1,1,5,out
10621,1,3,1,5,in
10626,13,4,13,4,out
10626,13,6,13,4,in
10630,17,4,17,9,going
10630,17,6,17,9,coming
10641,7,5,22,0,out
10641,7,7,22,0,in
10649,1,2,1,5,going
10649,1,4,1,5,coming
10654,13,5,13,4,going
10654,13,7,13,4,coming
10660,10,2,20,2,in
10666,9,7,9,2,out
10666,9,9,9,2,in
10666,11,7,11,2,out
10666,11,9,11,2,in
10667,16,7,16,2,out
10667,16,9,16,2,in
10669,7,6,22,0,going
10669,7,8,22,0,coming
10682,14,3,14,8,out
10682,14,5,14,8,in
10684,0,12,0,0,out
10688,10,1,20,2,going
10688,10,3,20,2,coming
10693,19,1,19,5,out
10693,19,3,19,5,in
10694,3,9,3,5,out
10694,3,11,3,5,in
10694,9,8,9,2,going
10694,9,10,9,2,coming
10694,11,8,11,2,going
10694,11,10,11,2,coming
10695,16,8,16,2,going
10695,16,10,16,2,coming
10700,18,7,23,0,out
10700,18,9,23,0,in
10703,6,5,6,0,out
10703,6,7,6,0,in
10710,14,4,14,8,going
10710,14,6,14,8,coming
10712,2,8,2,3,out
10712,2,10,2,3,in
10712,4,8,4,3,out
10712,4,10,4,3,in
10712,5,8,5,3,out
10712,5,10,5,3,in
10712,8,8,8,3,out
10712,8,10,8,3,in
10713,0,2,0,0,in
10715,12,11,12,4,out
10718,12,10,12,4,in
10721,19,2,19,5,going
10721,19,4,19,5,coming
10722,3,10,3,5,going
10722,3,12,3,5,coming
10728,18,8,23,0,going
10730,17,4,17,9,out
10730,17,6,17,9,in
10731,6,6,6,0,going
10731,6,8,6,0,coming
10732,12,11,12,4,coming
10735,12,10,12,4,going
10740,2,9,2,3,going
10740,2,11,2,3,coming
10740,4,9,4,3,going
10740,4,11,4,3,coming
10740,5,9,5,3,going
10740,5,11,5,3,coming
10740,8,9,8,3,going
10740,8,11,8,3,coming
10741,0,1,0,0,going
10741,0,3,0,0,coming
10749,1,2,1,5,out
10749,1,4,1,5,in
10754,13,5,13,4,out
10754,13,7,13,4,in
10758,17,5,17,9,going
10758,17,7,17,9,coming
10769,7,6,22,0,out
10769,7,8,22,0,in
10772,14,5,14,8,going
10772,14,1,14,8,coming
10777,1,3,1,5,going
10777,1,5,1,5,coming
10782,13,6,13,4,going
10788,10,1,20,2,out
10788,10,3,20,2,in
10794,9,8,9,2,out
10794,9,10,9,2,in
10794,11,8,11,2,out
10794,11,10,11,2,in
10795,16,8,16,2,out
10795,16,10,16,2,in
10797,7,7,22,0,going
10797,7,9,22,0,coming
10810,14,4,14,8,out
10810,14,6,14,8,in
10810,14,6,14,8,going
10816,10,2,20,2,going
10816,10,4,20,2,coming
10821,19,2,19,5,out
10821,19,4,19,5,in
10822,3,10,3,5,out
10822,3,12,3,5,in
10822,9,9,9,2,going
10822,9,11,9,2,coming
10822,11,9,11,2,going
10822,11,11,11,2,coming
10823,16,9,16,2,going
10823,16,11,16,2,coming
10828,18,8,23,0,out
10831,6,6,6,0,out
10831,6,8,6,0,in
10832,12,11,12,4,in
10832,12,11,12,4,going
10835,12,10,12,4,out
10835,12,10,12,4,coming
10840,2,9,2,3,out
10840,2,11,2,3,in
10840,4,9,4,3,out
10840,4,11,4,3,in
10840,5,9,5,3,out
10840,5,11,5,3,in
10840,8,9,8,3,out
10840,8,11,8,3,in
10841,0,1,0,0,out
10841,0,3,0,0,in
10849,19,3,19,5,going
10849,19,5,19,5,coming
10850,3,11,3,5,going
10850,3,13,3,5,coming
10856,18,9,23,0,going
10856,18,11,23,0,coming
10858,17,5,17,9,out
10858,17,7,17,9,in
10859,6,7,6,0,going
10859,6,9,6,0,coming
10868,2,10,2,3,going
10868,2,12,2,3,coming
10868,4,10,4,3,going
10868,4,12,4,3,coming
10868,5,10,5,3,going
10868,5,12,5,3,coming
10868,8,10,8,3,going
10868,8,12,8,3,coming
10869,0,2,0,0,going
10869,0,4,0,0,coming
10872,14,1,14,8,in
10872,14,5,14,8,out
10877,1,3,1,5,out
10877,1,5,1,5,in
10878,18,12,23,0,coming
10882,13,6,13,4,out
10886,17,6,17,9,going
10886,17,8,17,9,coming
10897,7,7,22,0,out
10897,7,9,22,0,in
10900,14,2,14,8,coming
10905,1,4,1,5,going
10905,1,6,1,5,coming
10910,14,6,14,8,out
10910,13,7,13,4,going
10916,10,2,20,2,out
10916,10,4,20,2,in
10916,15,6,21,8,coming
10922,9,9,9,2,out
10922,9,11,9,2,in
10922,11,9,11,2,out
10922,11,11,11,2,in
10923,16,9,16,2,out
10923,16,11,16,2,in
10925,7,8,22,0,going
10932,12,11,12,4,out
10935,12,10,12,4,in
10944,10,3,20,2,going
10949,19,3,19,5,out
10949,19,5,19,5,in
10949,12,11,12,4,coming
10950,3,11,3,5,out
10950,3,13,3,5,in
10950,9,10,9,2,going
10950,9,12,9,2,coming
10950,11,10,11,2,going
10950,11,12,11,2,coming
10951,16,10,16,2,going
10951,16,12,16,2,coming
10952,12,10,12,4,going
10956,18,9,23,0,out
10956,18,11,23,0,in
10957,18,11,23,0,going
10957,18,1,23,0,coming
10959,6,7,6,0,out
10959,6,9,6,0,in
10968,2,10,2,3,out
10968,2,12,2,3,in
10968,4,10,4,3,out
10968,4,12,4,3,in
10968,5,10,5,3,out
10968,5,12,5,3,in
10968,8,10,8,3,out
10968,8,12,8,3,in
10969,0,2,0,0,out
10969,0,4,0,0,in
10972,9,11,9,2,going
10972,9,1,9,2,coming
10972,11,11,11,2,going
10972,11,1,11,2,coming
10973,16,11,16,2,going
10973,16,1,16,2,coming
10977,19,4,19,5,going
10977,19,6,19,5,coming
10978,18,12,23,0,in
10978,3,12,3,5,going
10978,3,14,3,5,coming
10978,18,12,23,0,going
10986,17,6,17,9,out
10986,17,8,17,9,in
10986,0,3,0,0,going
10986,0,4,0,0,going
10987,6,8,6,0,going
10992,0,12,0,0,coming
10996,2,11,2,3,going
10996,2,13,2,3,coming
10996,4,11,4,3,going
10996,4,13,4,3,coming
10996,5,11,5,3,going
10996,5,13,5,3,coming
10996,8,11,8,3,going
10996,8,13,8,3,coming
11000,14,2,14,8,in
11005,1,4,1,5,out
11005,1,6,1,5,in
11010,13,7,13,4,out
11014,17,7,17,9,going
11014,17,9,17,9,coming
11016,15,6,21,8,in
11016,15,6,21,8,going
11018,0,1,0,0,coming
11025,7,8,22,0,out
11028,14,1,14,8,going
11028,14,3,14,8,coming
11033,1,5,1,5,going
11033,1,7,1,5,coming
11038,13,10,13,4,coming
11044,10,3,20,2,out
11049,12,11,12,4,in
11049,12,11,12,4,going
11050,9,10,9,2,out
11050,9,12,9,2,in
11050,11,10,11,2,out
11050,11,12,11,2,in
11050,9,12,9,2,going
11050,11,12,11,2,going
11051,16,10,16,2,out
11051,16,12,16,2,in
11051,16,12,16,2,going
11052,12,10,12,4,out
11052,12,10,12,4,coming
11053,7,9,22,0,going
11057,18,1,23,0,in
11057,18,11,23,0,out
11072,9,1,9,2,in
11072,9,11,9,2,out
11072,11,1,11,2,in
11072,11,11,11,2,out
11072,10,4,20,2,going
11072,10,6,20,2,coming
11073,16,1,16,2,in
11073,16,11,16,2,out
11075,7,12,22,0,coming
11076,7,1,22,0,coming
11077,19,4,19,5,out
11077,19,6,19,5,in
11078,3,12,3,5,out
11078,3,14,3,5,in
11078,18,12,23,0,out
11085,18,2,23,0,coming
11086,0,3,0,0,out
11086,0,4,0,0,out
11087,6,8,6,0,out
11092,0,12,0,0,in
11092,0,12,0,0,going
11096,2,11,2,3,out
11096,2,13,2,3,in
11096,4,11,4,3,out
11096,4,13,4,3,in
11096,5,11,5,3,out
11096,5,13,5,3,in
11096,8,11,8,3,out
11096,8,13,8,3,in
11100,9,2,9,2,coming
11100,11,2,11,2,coming
11101,16,2,16,2,coming
11105,19,5,19,5,going
11105,19,7,19,5,coming
11106,3,13,3,5,going
11106,3,15,3,5,coming
11114,17,7,17,9,out
11114,17,9,17,9,in
11115,6,9,6,0,going
11116,15,6,21,8,out
11118,0,1,0,0,in
11124,2,12,2,3,going
11124,2,14,2,3,coming
11124,4,12,4,3,going
11124,4,14,4,3,coming
11124,5,12,5,3,going
11124,5,14,5,3,coming
11124,8,12,8,3,going
11124,8,14,8,3,coming
11128,14,1,14,8,out
11128,14,3,14,8,in
11133,1,5,1,5,out
11133,1,7,1,5,in
11137,6,12,6,0,coming
11138,13,10,13,4,in
11138,6,1,6,0,coming
11142,17,8,17,9,going
11142,17,10,17,9,coming
11146,0,2,0,0,coming
11149,12,11,12,4,out
11150,9,12,9,2,out
11150,11,12,11,2,out
11151,16,12,16,2,out
11152,12,10,12,4,in
11153,7,9,22,0,out
11156,14,2,14,8,going
11156,14,4,14,8,coming
11161,1,6,1,5,going
11161,1,8,1,5,coming
11166,12,11,12,4,coming
11166,13,11,13,4,coming
11169,12,10,12,4,going
11169,13,10,13,4,going
11172,10,4,20,2,out
11172,10,6,20,2,in
11175,7,12,22,0,in
11175,7,12,22,0,going
11176,7,1,22,0,in
11185,18,2,23,0,in
11192,0,12,0,0,out
11200,9,2,9,2,in
11200,11,2,11,2,in
11200,10,7,20,2,coming
11201,16,2,16,2,in
11204,7,2,22,0,coming
11205,19,5,19,5,out
11205,19,7,19,5,in
11206,3,13,3,5,out
11206,3,15,3,5,in
11213,18,1,23,0,going
11213,18,3,23,0,coming
11215,6,9,6,0,out
11224,2,12,2,3,out
11224,2,14,2,3,in
11224,4,12,4,3,out
11224,4,14,4,3,in
11224,5,12,5,3,out
11224,5,14,5,3,in
11224,8,12,8,3,out
11224,8,14,8,3,in
11228,9,1,9,2,going
11228,9,3,9,2,coming
11228,11,1,11,2,going
11228,11,3,11,2,coming
11229,16,1,16,2,going
11229,16,3,16,2,coming
11233,19,6,19,5,going
11233,19,8,19,5,coming
11234,3,14,3,5,going
11237,6,12,6,0,in
11237,6,12,6,0,going
11238,6,1,6,0,in
11242,17,8,17,9,out
11242,17,10,17,9,in
11246,0,2,0,0,in
11252,2,13,2,3,going
11252,2,15,2,3,coming
11252,4,13,4,3,going
11252,4,15,4,3,coming
11252,5,13,5,3,going
11252,5,15,5,3,coming
11252,8,13,8,3,going
11252,8,15,8,3,coming
11256,14,2,14,8,out
11256,14,4,14,8,in
11261,1,6,1,5,out
11261,1,8,1,5,in
11266,12,11,12,4,in
11266,13,11,13,4,in
11266,6,2,6,0,coming
11266,12,11,12,4,going
11266,13,11,13,4,going
11269,12,10,12,4,out
11269,13,10,13,4,out
11269,12,10,12,4,coming
11269,13,10,13,4,coming
11270,17,9,17,9,going
11270,17,11,17,9,coming
11274,0,1,0,0,going
11274,0,3,0,0,coming
11275,7,12,22,0,out
11284,14,3,14,8,going
11284,14,5,14,8,coming
11289,1,7,1,5,going
11289,1,9,1,5,coming
11300,10,7,20,2,in
11304,7,2,22,0,in
11313,18,1,23,0,out
11313,18,3,23,0,in
11328,9,1,9,2,out
11328,9,3,9,2,in
11328,11,1,11,2,out
11328,11,3,11,2,in
11328,10,6,20,2,going
11328,10,8,20,2,coming
11329,16,1,16,2,out
11329,16,3,16,2,in
11332,7,1,22,0,going
11332,7,3,22,0,coming
11333,19,6,19,5,out
11333,19,8,19,5,in
11334,3,14,3,5,out
11337,6,12,6,0,out
11341,18,2,23,0,going
11341,18,4,23,0,coming
11352,2,13,2,3,out
11352,2,15,2,3,in
11352,4,13,4,3,out
11352,4,15,4,3,in
11352,5,13,5,3,out
11352,5,15,5,3,in
11352,8,13,8,3,out
11352,8,15,8,3,in
11356,9,2,9,2,going
11356,9,4,9,2,coming
11356,11,2,11,2,going
11356,11,4,11,2,coming
11357,16,2,16,2,going
11357,16,4,16,2,coming
11361,19,7,19,5,going
11361,19,9,19,5,coming
11362,3,15,3,5,going
11366,6,2,6,0,in
11366,12,11,12,4,out
11366,13,11,13,4,out
11369,12,10,12,4,in
11369,13,10,13,4,in
11370,17,9,17,9,out
11370,17,11,17,9,in
11374,0,1,0,0,out
11374,0,3,0,0,in
11380,2,14,2,3,going
11380,2,16,2,3,coming
11380,4,14,4,3,going
11380,4,16,4,3,coming
11380,5,14,5,3,going
11380,5,16,5,3,coming
11380,8,14,8,3,going
11380,8,16,8,3,coming
11383,12,11,12,4,coming
11383,13,11,13,4,coming
11384,14,3,14,8,out
11384,14,5,14,8,in
11386,12,10,12,4,going
11386,13,10,13,4,going
11389,1,7,1,5,out
11389,1,9,1,5,in
11394,6,1,6,0,going
11394,6,3,6,0,coming
11398,17,10,17,9,going
11398,17,12,17,9,coming
11402,0,2,0,0,going
11402,0,4,0,0,coming
11412,14,4,14,8,going
11412,14,6,14,8,coming
11417,1,8,1,5,going
11417,1,10,1,5,coming
11428,10,6,20,2,out
11428,10,8,20,2,in
11432,7,1,22,0,out
11432,7,3,22,0,in
11441,18,2,23,0,out
11441,18,4,23,0,in
11456,9,2,9,2,out
11456,9,4,9,2,in
11456,11,2,11,2,out
11456,11,4,11,2,in
11456,10,7,20,2,going
11456,10,9,20,2,coming
11457,16,2,16,2,out
11457,16,4,16,2,in
11458,18,3,23,0,going
11458,18,4,23,0,going
11458,18,11,23,0,coming
11460,7,2,22,0,going
11460,7,4,22,0,coming
11461,19,7,19,5,out
11461,19,9,19,5,in
11462,3,15,3,5,out
11464,18,12,23,0,coming
11472,18,10,23,0,going
11473,18,0,23,0,going
11474,14,5,14,8,going
11474,14,1,14,8,coming
11480,2,14,2,3,out
11480,2,16,2,3,in
11480,4,14,4,3,out
11480,4,16,4,3,in
11480,5,14,5,3,out
11480,5,16,5,3,in
11480,8,14,8,3,out
11480,8,16,8,3,in
11483,12,11,12,4,in
11483,13,11,13,4,in
11483,12,11,12,4,going
11483,13,11,13,4,going
11484,9,3,9,2,going
11484,9,5,9,2,coming
11484,11,3,11,2,going
11484,11,5,11,2,coming
11485,16,3,16,2,going
11485,16,5,16,2,coming
11486,12,10,12,4,out
11486,13,10,13,4,out
11486,12,10,12,4,coming
11486,13,10,13,4,coming
11489,19,8,19,5,going
11489,19,10,19,5,coming
11492,17,11,17,9,going
11492,17,1,17,9,coming
11494,6,1,6,0,out
11494,6,3,6,0,in
11498,17,10,17,9,out
11498,17,12,17,9,in
11498,17,12,17,9,going
11502,0,2,0,0,out
11502,0,4,0,0,in
11508,2,15,2,3,going
11508,2,17,2,3,coming
11508,4,15,4,3,going
11508,4,17,4,3,coming
11508,5,15,5,3,going
11508,5,17,5,3,coming
11508,8,15,8,3,going
11508,8,17,8,3,coming
11512,14,4,14,8,out
11512,14,6,14,8,in
11512,14,6,14,8,going
11517,1,8,1,5,out
11517,1,10,1,5,in
11522,6,2,6,0,going
11522,6,4,6,0,coming
11530,0,3,0,0,going
11530,0,5,0,0,coming
11545,1,9,1,5,going
11545,1,11,1,5,coming
11556,10,7,20,2,out
11556,10,9,20,2,in
11558,18,3,23,0,out
11558,18,4,23,0,out
11558,18,11,23,0,in
11560,7,2,22,0,out
11560,7,4,22,0,in
11564,18,12,23,0,in
11572,18,10,23,0,out
11573,18,0,23,0,out
11574,14,1,14,8,in
11574,14,5,14,8,out
11577,7,3,22,0,going
11577,7,4,22,0,going
11583,12,11,12,4,out
11583,13,11,13,4,out
11583,7,12,22,0,coming
11584,9,3,9,2,out
11584,9,5,9,2,in
11584,11,3,11,2,out
11584,11,5,11,2,in
11584,10,8,20,2,going
11584,10,10,20,2,coming
11584,18,12,23,0,going
11584,18,0,23,0,coming
11584,18,1,23,0,coming
11585,16,3,16,2,out
11585,16,5,16,2,in
11586,12,10,12,4,in
11586,13,10,13,4,in
11589,19,8,19,5,out
11589,19,10,19,5,in
11590,2,16,2,3,going
11590,2,1,2,3,coming
11590,4,16,4,3,going
11590,4,1,4,3,coming
11590,5,16,5,3,going
11590,5,1,5,3,coming
11590,8,16,8,3,going
11590,8,1,8,3,coming
11592,17,1,17,9,in
11592,17,11,17,9,out
11598,17,12,17,9,out
11600,12,11,12,4,coming
11600,13,11,13,4,coming
11602,14,2,14,8,coming
11603,12,10,12,4,going
11603,13,10,13,4,going
11608,2,15,2,3,out
11608,2,17,2,3,in
11608,4,15,4,3,out
11608,4,17,4,3,in
11608,5,15,5,3,out
11608,5,17,5,3,in
11608,8,15,8,3,out
11608,8,17,8,3,in
11608,2,17,2,3,going
11608,4,17,4,3,going
11608,5,17,5,3,going
11608,8,17,8,3,going
11610,7,0,22,0,out
11610,7,1,22,0,out
11610,7,2,22,0,out
11610,7,3,22,0,out
11610,7,4,22,0,out
11610,7,5,22,0,out
11610,7,6,22,0,out
11610,7,7,22,0,out
11610,7,8,22,0,out
11610,7,9,22,0,out
11610,7,10,22,0,out
11610,7,11,22,0,out
11610,7,12,22,0,out
11610,7,13,22,0,out
11610,7,14,22,0,out
11610,7,15,22,0,out
11610,7,16,22,0,out
11610,7,17,22,0,out
11610,7,18,22,0,out
11610,7,19,22,0,out
11610,7,0,24,7,coming
11610,7,1,24,7,coming
11610,7,10,24,7,coming
11610,7,11,24,7,coming
11612,14,6,14,8,out
11612,9,4,9,2,going
11612,9,6,9,2,coming
11612,11,4,11,2,going
11612,11,6,11,2,coming
11613,16,4,16,2,going
11613,16,6,16,2,coming
11617,19,9,19,5,going
11617,19,11,19,5,coming
11618,3,19,3,5,coming
11618,15,6,21,8,coming
11620,17,2,17,9,coming
11622,6,2,6,0,out
11622,6,4,6,0,in
11630,0,3,0,0,out
11630,0,5,0,0,in
11639,6,3,6,0,going
11639,6,4,6,0,going
11645,1,9,1,5,out
11645,1,11,1,5,in
11645,6,12,6,0,coming
11658,0,4,0,0,going
11658,0,6,0,0,coming
11671,6,1,6,0,coming
11673,1,10,1,5,going
11673,1,12,1,5,coming
11684,10,8,20,2,out
11684,10,10,20,2,in
11684,18,0,23,0,in
11684,18,1,23,0,in
11684,18,12,23,0,out
11690,2,1,2,3,in
11690,2,16,2,3,out
11690,4,1,4,3,in
11690,4,16,4,3,out
11690,5,1,5,3,in
11690,5,16,5,3,out
11690,8,1,8,3,in
11690,8,16,8,3,out
11700,12,11,12,4,in
11700,13,11,13,4,in
11700,12,11,12,4,going
11700,13,11,13,4,going
11702,14,2,14,8,in
11703,12,10,12,4,out
11703,13,10,13,4,out
11703,12,10,12,4,coming
11703,13,10,13,4,coming
11708,2,17,2,3,out
11708,4,17,4,3,out
11708,5,17,5,3,out
11708,8,17,8,3,out
11710,7,0,24,7,in
11710,7,1,24,7,in
11710,7,10,24,7,in
11710,7,11,24,7,in
11712,9,4,9,2,out
11712,9,6,9,2,in
11712,11,4,11,2,out
11712,11,6,11,2,in
11712,10,9,20,2,going
11712,10,11,20,2,coming
11713,16,4,16,2,out
11713,16,6,16,2,in
11717,19,9,19,5,out
11717,19,11,19,5,in
11718,3,19,3,5,in
11718,15,6,21,8,in
11718,2,2,2,3,coming
11718,4,2,4,3,coming
11718,5,2,5,3,coming
11718,8,2,8,3,coming
11718,15,6,21,8,going
11720,17,2,17,9,in
11730,14,1,14,8,going
11730,14,3,14,8,coming
11739,6,3,6,0,out
11739,6,4,6,0,out
11740,9,5,9,2,going
11740,9,7,9,2,coming
11740,11,5,11,2,going
11740,11,7,11,2,coming
11741,16,5,16,2,going
11741,16,7,16,2,coming
11745,6,12,6,0,in
11745,6,12,6,0,going
11745,19,10,19,5,going
11745,19,12,19,5,coming
11748,17,1,17,9,going
11748,17,3,17,9,coming
11758,0,4,0,0,out
11758,0,6,0,0,in
11771,6,1,6,0,in
11773,1,10,1,5,out
11773,1,12,1,5,in
11786,0,5,0,0,going
11786,0,7,0,0,coming
11797,3,19,3,5,going
11799,6,2,6,0,coming
11800,12,11,12,4,out
11800,13,11,13,4,out
11801,1,11,1,5,going
11801,1,13,1,5,coming
11803,12,10,12,4,in
11803,13,10,13,4,in
11812,10,9,20,2,out
11812,10,11,20,2,in
11812,18,2,23,0,coming
11817,12,11,12,4,coming
11817,13,11,13,4,coming
11818,2,2,2,3,in
11818,4,2,4,3,in
11818,5,2,5,3,in
11818,8,2,8,3,in
11818,15,6,21,8,out
11820,12,10,12,4,going
11820,13,10,13,4,going
11830,14,1,14,8,out
11830,14,3,14,8,in
11839,7,2,24,7,coming
11840,9,5,9,2,out
11840,9,7,9,2,in
11840,11,5,11,2,out
11840,11,7,11,2,in
11840,10,10,20,2,going
11840,10,12,20,2,coming
11841,16,5,16,2,out
11841,16,7,16,2,in
11845,6,12,6,0,out
11845,19,10,19,5,out
11845,19,12,19,5,in
11846,2,1,2,3,going
11846,2,3,2,3,coming
11846,4,1,4,3,going
11846,4,3,4,3,coming
11846,5,1,5,3,going
11846,5,3,5,3,coming
11846,8,1,8,3,going
11846,8,3,8,3,coming
11848,17,1,17,9,out
11848,17,3,17,9,in
11858,14,2,14,8,going
11858,14,4,14,8,coming
11862,10,11,20,2,going
11862,10,1,20,2,coming
11868,9,6,9,2,going
11868,9,8,9,2,coming
11868,11,6,11,2,going
11868,11,8,11,2,coming
11869,16,6,16,2,going
11869,16,8,16,2,coming
11873,19,11,19,5,going
11873,19,13,19,5,coming
11876,17,2,17,9,going
11876,17,4,17,9,coming
11886,0,5,0,0,out
11886,0,7,0,0,in
11897,3,19,3,5,out
11899,6,2,6,0,in
11901,1,11,1,5,out
11901,1,13,1,5,in
11912,18,2,23,0,in
11914,0,6,0,0,going
11914,0,8,0,0,coming
11917,12,11,12,4,in
11917,13,11,13,4,in
11917,12,11,12,4,going
11917,13,11,13,4,going
11920,12,10,12,4,out
11920,13,10,13,4,out
11920,12,10,12,4,coming
11920,13,10,13,4,coming
11927,6,1,6,0,going
11927,6,3,6,0,coming
11929,1,12,1,5,going
11929,1,14,1,5,coming
11935,3,19,3,5,coming
11939,7,2,24,7,in
11940,10,10,20,2,out
11940,10,12,20,2,in
11940,10,12,20,2,going
11940,18,1,23,0,going
11940,18,3,23,0,coming
11946,2,1,2,3,out
11946,2,3,2,3,in
11946,4,1,4,3,out
11946,4,3,4,3,in
11946,5,1,5,3,out
11946,5,3,5,3,in
11946,8,1,8,3,out
11946,8,3,8,3,in
11958,14,2,14,8,out
11958,14,4,14,8,in
11962,10,1,20,2,in
11962,10,11,20,2,out
11967,7,1,24,7,going
11967,7,3,24,7,coming
11968,9,6,9,2,out
11968,9,8,9,2,in
11968,11,6,11,2,out
11968,11,8,11,2,in
11969,16,6,16,2,out
11969,16,8,16,2,in
11973,19,11,19,5,out
11973,19,13,19,5,in
11974,2,2,2,3,going
11974,2,4,2,3,coming
11974,4,2,4,3,going
11974,4,4,4,3,coming
11974,5,2,5,3,going
11974,5,4,5,3,coming
11974,8,2,8,3,going
11974,8,4,8,3,coming
11976,17,2,17,9,out
11976,17,4,17,9,in
11986,14,3,14,8,going
11986,14,5,14,8,coming
11990,10,2,20,2,coming
11996,9,7,9,2,going
11996,9,9,9,2,coming
11996,11,7,11,2,going
11996,11,9,11,2,coming
11997,16,7,16,2,going
11997,16,9,16,2,coming
12001,19,12,19,5,going
12001,19,14,19,5,coming
12004,17,3,17,9,going
12004,17,5,17,9,coming
12014,0,6,0,0,out
12014,0,8,0,0,in
12017,12,11,12,4,out
12017,13,11,13,4,out
12020,12,10,12,4,in
12020,13,10,13,4,in
12027,6,1,6,0,out
12027,6,3,6,0,in
12029,1,12,1,5,out
12029,1,14,1,5,in
12034,12,11,12,4,coming
12034,13,11,13,4,coming
12035,3,19,3,5,in
12037,12,10,12,4,going
12037,13,10,13,4,going
12040,10,12,20,2,out
12040,18,1,23,0,out
12040,18,3,23,0,in
12042,0,7,0,0,going
12042,0,9,0,0,coming
12055,6,2,6,0,going
12055,6,4,6,0,coming
12057,1,13,1,5,going
12057,1,15,1,5,coming
12067,7,1,24,7,out
12067,7,3,24,7,in
12068,18,2,23,0,going
12068,18,4,23,0,coming
12074,2,2,2,3,out
12074,2,4,2,3,in
12074,4,2,4,3,out
12074,4,4,4,3,in
12074,5,2,5,3,out
12074,5,4,5,3,in
12074,8,2,8,3,out
12074,8,4,8,3,in
12086,14,3,14,8,out
12086,14,5,14,8,in
12090,10,2,20,2,in
12095,7,2,24,7,going
12095,7,4,24,7,coming
12096,9,7,9,2,out
12096,9,9,9,2,in
12096,11,7,11,2,out
12096,11,9,11,2,in
12097,16,7,16,2,out
12097,16,9,16,2,in
12101,19,12,19,5,out
12101,19,14,19,5,in
12102,2,3,2,3,going
12102,2,5,2,3,coming
12102,4,3,4,3,going
12102,4,5,4,3,coming
12102,5,3,5,3,going
12102,5,5,5,3,coming
12102,8,3,8,3,going
12102,8,5,8,3,coming
12104,17,3,17,9,out
12104,17,5,17,9,in
12114,3,19,3,5,going
12114,14,4,14,8,going
12114,14,6,14,8,coming
12118,10,1,20,2,going
12118,10,3,20,2,coming
12124,9,8,9,2,going
12124,9,10,9,2,coming
12124,11,8,11,2,going
12124,11,10,11,2,coming
12125,16,8,16,2,going
12125,16,10,16,2,coming
12129,19,13,19,5,going
12129,19,15,19,5,coming
12132,17,4,17,9,going
12132,17,6,17,9,coming
12134,12,11,12,4,in
12134,13,11,13,4,in
12134,12,11,12,4,going
12134,13,11,13,4,going
12137,12,10,12,4,out
12137,13,10,13,4,out
12137,12,10,12,4,coming
12137,13,10,13,4,coming
12142,0,7,0,0,out
12142,0,9,0,0,in
12155,6,2,6,0,out
12155,6,4,6,0,in
12157,1,13,1,5,out
12157,1,15,1,5,in
12168,18,2,23,0,out
12168,18,4,23,0,in
12170,0,8,0,0,going
12176,14,5,14,8,going
12176,14,1,14,8,coming
12183,6,3,6,0,going
12183,6,5,6,0,coming
12185,1,14,1,5,going
12185,18,3,23,0,going
12185,18,4,23,0,going
12185,18,10,23,0,coming
12195,7,2,24,7,out
12195,7,4,24,7,in
12202,2,3,2,3,out
12202,2,5,2,3,in
12202,4,3,4,3,out
12202,4,5,4,3,in
12202,5,3,5,3,out
12202,5,5,5,3,in
12202,8,3,8,3,out
12202,8,5,8,3,in
12214,3,19,3,5,out
12214,14,4,14,8,out
12214,14,6,14,8,in
12214,14,6,14,8,going
12218,10,1,20,2,out
12218,10,3,20,2,in
12223,7,3,24,7,going
12223,7,5,24,7,coming
12224,9,8,9,2,out
12224,9,10,9,2,in
12224,11,8,11,2,out
12224,11,10,11,2,in
12225,16,8,16,2,out
12225,16,10,16,2,in
12229,19,13,19,5,out
12229,19,15,19,5,in
12230,2,4,2,3,going
12230,2,6,2,3,coming
12230,4,4,4,3,going
12230,4,6,4,3,coming
12230,5,4,5,3,going
12230,5,6,5,3,coming
12230,8,4,8,3,going
12230,8,6,8,3,coming
12232,17,4,17,9,out
12232,17,6,17,9,in
12234,12,11,12,4,out
12234,13,11,13,4,out
12237,12,10,12,4,in
12237,13,10,13,4,in
12246,10,2,20,2,going
12246,10,4,20,2,coming
12251,12,11,12,4,coming
12251,13,11,13,4,coming
12252,3,19,3,5,coming
12252,9,9,9,2,going
12252,9,11,9,2,coming
12252,11,9,11,2,going
12252,11,11,11,2,coming
12253,16,9,16,2,going
12253,16,11,16,2,coming
12254,12,10,12,4,going
12254,13,10,13,4,going
12257,19,14,19,5,going
12260,17,5,17,9,going
12260,17,7,17,9,coming
12270,0,8,0,0,out
12276,14,1,14,8,in
12276,14,5,14,8,out
12283,6,3,6,0,out
12283,6,5,6,0,in
12285,1,14,1,5,out
12285,18,3,23,0,out
12285,18,4,23,0,out
12285,18,10,23,0,in
12291,18,12,23,0,coming
12298,0,9,0,0,going
12304,14,2,14,8,coming
12311,6,4,6,0,going
12311,6,6,6,0,coming
12313,1,15,1,5,going
12314,14,6,14,8,out
12317,18,1,23,0,coming
12320,0,12,0,0,coming
12320,15,6,21,8,coming
12321,0,1,0,0,coming
12323,7,3,24,7,out
12323,7,5,24,7,in
12330,2,4,2,3,out
12330,2,6,2,3,in
12330,4,4,4,3,out
12330,4,6,4,3,in
12330,5,4,5,3,out
12330,5,6,5,3,in
12330,8,4,8,3,out
12330,8,6,8,3,in
12346,10,2,20,2,out
12346,10,4,20,2,in
12351,12,11,12,4,in
12351,13,11,13,4,in
12351,7,4,24,7,going
12351,7,6,24,7,coming
12351,12,11,12,4,going
12351,13,11,13,4,going
12352,3,19,3,5,in
12352,9,9,9,2,out
12352,9,11,9,2,in
12352,11,9,11,2,out
12352,11,11,11,2,in
12353,16,9,16,2,out
12353,16,11,16,2,in
12354,12,10,12,4,out
12354,13,10,13,4,out
12354,12,10,12,4,coming
12354,13,10,13,4,coming
12357,19,14,19,5,out
12358,2,5,2,3,going
12358,2,7,2,3,coming
12358,4,5,4,3,going
12358,4,7,4,3,coming
12358,5,5,5,3,going
12358,5,7,5,3,coming
12358,8,5,8,3,going
12358,8,7,8,3,coming
12360,17,5,17,9,out
12360,17,7,17,9,in
12374,10,3,20,2,going
12380,9,10,9,2,going
12380,9,12,9,2,coming
12380,11,10,11,2,going
12380,11,12,11,2,coming
12381,16,10,16,2,going
12381,16,12,16,2,coming
12385,19,15,19,5,going
12388,17,6,17,9,going
12388,17,8,17,9,coming
12391,18,12,23,0,in
12391,18,12,23,0,going
12398,0,9,0,0,out
12402,9,11,9,2,going
12402,9,1,9,2,coming
12402,11,11,11,2,going
12402,11,1,11,2,coming
12403,16,11,16,2,going
12403,16,1,16,2,coming
12404,14,2,14,8,in
12411,6,4,6,0,out
12411,6,6,6,0,in
12413,1,15,1,5,out
12417,18,1,23,0,in
12420,0,12,0,0,in
12420,15,6,21,8,in
12420,0,12,0,0,going
12420,15,6,21,8,going
12421,0,1,0,0,in
12431,3,19,3,5,going
12432,14,1,14,8,going
12432,14,3,14,8,coming
12439,6,5,6,0,going
12439,6,7,6,0,coming
12445,18,2,23,0,coming
12449,0,2,0,0,coming
12451,7,4,24,7,out
12451,7,6,24,7,in
12451,12,11,12,4,out
12451,13,11,13,4,out
12454,12,10,12,4,in
12454,13,10,13,4,in
12458,2,5,2,3,out
12458,2,7,2,3,in
12458,4,5,4,3,out
12458,4,7,4,3,in
12458,5,5,5,3,out
12458,5,7,5,3,in
12458,8,5,8,3,out
12458,8,7,8,3,in
12468,12,11,12,4,coming
12468,13,11,13,4,coming
12471,12,10,12,4,going
12471,13,10,13,4,going
12474,10,3,20,2,out
12479,7,5,24,7,going
12479,7,7,24,7,coming
12480,9,10,9,2,out
12480,9,12,9,2,in
12480,11,10,11,2,out
12480,11,12,11,2,in
12480,9,12,9,2,going
12480,11,12,11,2,going
12481,16,10,16,2,out
12481,16,12,16,2,in
12481,16,12,16,2,going
12485,19,15,19,5,out
12486,2,6,2,3,going
12486,2,8,2,3,coming
12486,4,6,4,3,going
12486,4,8,4,3,coming
12486,5,6,5,3,going
12486,5,8,5,3,coming
12486,8,6,8,3,going
12486,8,8,8,3,coming
12488,17,6,17,9,out
12488,17,8,17,9,in
12491,18,12,23,0,out
12502,9,1,9,2,in
12502,9,11,9,2,out
12502,11,1,11,2,in
12502,11,11,11,2,out
12502,10,4,20,2,going
12502,10,6,20,2,coming
12503,16,1,16,2,in
12503,16,11,16,2,out
12516,17,7,17,9,going
12516,17,9,17,9,coming
12520,0,12,0,0,out
12520,15,6,21,8,out
12530,9,2,9,2,coming
12530,11,2,11,2,coming
12531,3,19,3,5,out
12531,16,2,16,2,coming
12532,14,1,14,8,out
12532,14,3,14,8,in
12539,6,5,6,0,out
12539,6,7,6,0,in
12545,18,2,23,0,in
12549,0,2,0,0,in
12560,14,2,14,8,going
12560,14,4,14,8,coming
12567,6,6,6,0,going
12567,6,8,6,0,coming
12568,12,11,12,4,in
12568,13,11,13,4,in
12568,12,11,12,4,going
12568,13,11,13,4,going
12569,1,19,1,5,coming
12569,3,19,3,5,coming
12571,12,10,12,4,out
12571,13,10,13,4,out
12571,12,10,12,4,coming
12571,13,10,13,4,coming
12573,18,1,23,0,going
12573,18,3,23,0,coming
12577,0,1,0,0,going
12577,0,3,0,0,coming
12579,7,5,24,7,out
12579,7,7,24,7,in
12580,9,12,9,2,out
12580,11,12,11,2,out
12581,16,12,16,2,out
12586,2,6,2,3,out
12586,2,8,2,3,in
12586,4,6,4,3,out
12586,4,8,4,3,in
12586,5,6,5,3,out
12586,5,8,5,3,in
12586,8,6,8,3,out
12586,8,8,8,3,in
12602,10,4,20,2,out
12602,10,6,20,2,in
12607,7,6,24,7,going
12607,7,8,24,7,coming
12614,2,7,2,3,going
12614,2,9,2,3,coming
12614,4,7,4,3,going
12614,4,9,4,3,coming
12614,5,7,5,3,going
12614,5,9,5,3,coming
12614,8,7,8,3,going
12614,8,9,8,3,coming
12616,17,7,17,9,out
12616,17,9,17,9,in
12630,9,2,9,2,in
12630,11,2,11,2,in
12630,10,7,20,2,coming
12631,16,2,16,2,in
12641,19,19,19,5,coming
12644,17,8,17,9,going
12644,17,10,17,9,coming
12658,9,1,9,2,going
12658,9,3,9,2,coming
12658,11,1,11,2,going
12658,11,3,11,2,coming
12659,16,1,16,2,going
12659,16,3,16,2,coming
12660,14,2,14,8,out
12660,14,4,14,8,in
12667,6,6,6,0,out
12667,6,8,6,0,in
12668,12,11,12,4,out
12668,13,11,13,4,out
12669,1,19,1,5,in
12669,3,19,3,5,in
12671,12,10,12,4,in
12671,13,10,13,4,in
12673,18,1,23,0,out
12673,18,3,23,0,in
12677,0,1,0,0,out
12677,0,3,0,0,in
12685,12,11,12,4,coming
12685,13,11,13,4,coming
12688,12,10,12,4,going
12688,13,10,13,4,going
12688,14,3,14,8,going
12688,14,5,14,8,coming
12695,6,7,6,0,going
12695,6,9,6,0,coming
12701,18,2,23,0,going
12701,18,4,23,0,coming
12705,0,2,0,0,going
12705,0,4,0,0,coming
12707,7,6,24,7,out
12707,7,8,24,7,in
12714,2,7,2,3,out
12714,2,9,2,3,in
12714,4,7,4,3,out
12714,4,9,4,3,in
12714,5,7,5,3,out
12714,5,9,5,3,in
12714,8,7,8,3,out
12714,8,9,8,3,in
12730,10,7,20,2,in
12735,7,7,24,7,going
12735,7,9,24,7,coming
12741,19,19,19,5,in
12742,2,8,2,3,going
12742,2,10,2,3,coming
12742,4,8,4,3,going
12742,4,10,4,3,coming
12742,5,8,5,3,going
12742,5,10,5,3,coming
12742,8,8,8,3,going
12742,8,10,8,3,coming
12744,17,8,17,9,out
12744,17,10,17,9,in
12748,1,19,1,5,going
12748,3,19,3,5,going
12758,9,1,9,2,out
12758,9,3,9,2,in
12758,11,1,11,2,out
12758,11,3,11,2,in
12758,10,6,20,2,going
12758,10,8,20,2,coming
12759,16,1,16,2,out
12759,16,3,16,2,in
12772,17,9,17,9,going
12772,17,11,17,9,coming
12785,12,11,12,4,in
12785,13,11,13,4,in
12785,12,11,12,4,going
12785,13,11,13,4,going
12786,9,2,9,2,going
12786,9,4,9,2,coming
12786,11,2,11,2,going
12786,11,4,11,2,coming
12787,16,2,16,2,going
12787,16,4,16,2,coming
12788,12,10,12,4,out
12788,13,10,13,4,out
12788,14,3,14,8,out
12788,14,5,14,8,in
12788,12,10,12,4,coming
12788,13,10,13,4,coming
12795,6,7,6,0,out
12795,6,9,6,0,in
12801,18,2,23,0,out
12801,18,4,23,0,in
12805,0,2,0,0,out
12805,0,4,0,0,in
12816,14,4,14,8,going
12816,14,6,14,8,coming
12820,19,19,19,5,going
12822,0,3,0,0,going
12822,0,4,0,0,going
12823,6,8,6,0,going
12828,0,12,0,0,coming
12829,18,3,23,0,going
12829,18,5,23,0,coming
12835,7,7,24,7,out
12835,7,9,24,7,in
12842,2,8,2,3,out
12842,2,10,2,3,in
12842,4,8,4,3,out
12842,4,10,4,3,in
12842,5,8,5,3,out
12842,5,10,5,3,in
12842,8,8,8,3,out
12842,8,10,8,3,in
12848,1,19,1,5,out
12848,3,19,3,5,out
12854,0,1,0,0,coming
12858,10,6,20,2,out
12858,10,8,20,2,in
12863,7,8,24,7,going
12870,2,9,2,3,going
12870,2,11,2,3,coming
12870,4,9,4,3,going
12870,4,11,4,3,coming
12870,5,9,5,3,going
12870,5,11,5,3,coming
12870,8,9,8,3,going
12870,8,11,8,3,coming
12872,17,9,17,9,out
12872,17,11,17,9,in
12878,14,5,14,8,going
12878,14,1,14,8,coming
12885,12,11,12,4,out
12885,13,11,13,4,out
12886,9,2,9,2,out
12886,9,4,9,2,in
12886,11,2,11,2,out
12886,11,4,11,2,in
12886,1,19,1,5,coming
12886,3,19,3,5,coming
12886,10,7,20,2,going
12886,10,9,20,2,coming
12887,16,2,16,2,out
12887,16,4,16,2,in
12888,12,10,12,4,in
12888,13,10,13,4,in
12900,17,10,17,9,going
12900,17,12,17,9,coming
12902,12,11,12,4,coming
12902,13,11,13,4,coming
12905,12,10,12,4,going
12905,13,10,13,4,going
12914,9,3,9,2,going
12914,9,5,9,2,coming
12914,11,3,11,2,going
12914,11,5,11,2,coming
12915,16,3,16,2,going
12915,16,5,16,2,coming
12916,14,4,14,8,out
12916,14,6,14,8,in
12916,14,6,14,8,going
12920,19,19,19,5,out
12922,0,3,0,0,out
12922,0,4,0,0,out
12923,6,8,6,0,out
12928,0,12,0,0,in
12928,0,12,0,0,going
12929,18,3,23,0,out
12929,18,5,23,0,in
12951,6,9,6,0,going
12954,0,1,0,0,in
12957,18,4,23,0,going
12957,18,6,23,0,coming
12958,19,19,19,5,coming
12963,7,8,24,7,out
12970,2,9,2,3,out
12970,2,11,2,3,in
12970,4,9,4,3,out
12970,4,11,4,3,in
12970,5,9,5,3,out
12970,5,11,5,3,in
12970,8,9,8,3,out
12970,8,11,8,3,in
12973,6,12,6,0,coming
12974,6,1,6,0,coming
12978,14,1,14,8,in
12978,14,5,14,8,out
12982,0,2,0,0,coming
12986,1,19,1,5,in
12986,3,19,3,5,in
12986,10,7,20,2,out
12986,10,9,20,2,in
12991,7,9,24,7,going
12994,17,11,17,9,going
12994,17,1,17,9,coming
12998,2,10,2,3,going
12998,2,12,2,3,coming
12998,4,10,4,3,going
12998,4,12,4,3,coming
12998,5,10,5,3,going
12998,5,12,5,3,coming
12998,8,10,8,3,going
12998,8,12,8,3,coming
13000,17,10,17,9,out
13000,17,12,17,9,in
13000,17,12,17,9,going
13002,12,11,12,4,in
13002,13,11,13,4,in
13002,12,11,12,4,going
13002,13,11,13,4,going
13005,12,10,12,4,out
13005,13,10,13,4,out
13005,12,10,12,4,coming
13005,13,10,13,4,coming
13006,14,2,14,8,coming
13014,9,3,9,2,out
13014,9,5,9,2,in
13014,11,3,11,2,out
13014,11,5,11,2,in
13014,10,8,20,2,going
13014,10,10,20,2,coming
13015,16,3,16,2,out
13015,16,5,16,2,in
13016,14,6,14,8,out
13022,15,6,21,8,coming
13028,0,12,0,0,out
13042,9,4,9,2,going
13042,9,6,9,2,coming
13042,11,4,11,2,going
13042,11,6,11,2,coming
13043,16,4,16,2,going
13043,16,6,16,2,coming
13051,6,9,6,0,out
13057,18,4,23,0,out
13057,18,6,23,0,in
13058,19,19,19,5,in
13065,1,19,1,5,going
13065,3,19,3,5,going
13073,6,12,6,0,in
13073,6,12,6,0,going
13074,6,1,6,0,in
13082,0,2,0,0,in
13085,18,5,23,0,going
13085,18,7,23,0,coming
13091,7,9,24,7,out
13094,17,1,17,9,in
13094,17,11,17,9,out
13098,2,10,2,3,out
13098,2,12,2,3,in
13098,4,10,4,3,out
13098,4,12,4,3,in
13098,5,10,5,3,out
13098,5,12,5,3,in
13098,8,10,8,3,out
13098,8,12,8,3,in
13100,17,12,17,9,out
13102,12,11,12,4,out
13102,13,11,13,4,out
13102,6,2,6,0,coming
13105,12,10,12,4,in
13105,13,10,13,4,in
13106,14,2,14,8,in
13110,0,1,0,0,going
13110,0,3,0,0,coming
13114,10,8,20,2,out
13114,10,10,20,2,in
13119,7,12,24,7,coming
13119,12,11,12,4,coming
13119,13,11,13,4,coming
13122,15,6,21,8,in
13122,12,10,12,4,going
13122,13,10,13,4,going
13122,15,6,21,8,going
13122,17,2,17,9,coming
13126,2,11,2,3,going
13126,2,13,2,3,coming
13126,4,11,4,3,going
13126,4,13,4,3,coming
13126,5,11,5,3,going
13126,5,13,5,3,coming
13126,8,11,8,3,going
13126,8,13,8,3,coming
13134,14,1,14,8,going
13134,14,3,14,8,coming
13137,19,19,19,5,going
13142,9,4,9,2,out
13142,9,6,9,2,in
13142,11,4,11,2,out
13142,11,6,11,2,in
13142,10,9,20,2,going
13142,10,11,20,2,coming
13143,16,4,16,2,out
13143,16,6,16,2,in
13156,10,0,20,2,going
13165,1,19,1,5,out
13165,3,19,3,5,out
13170,9,5,9,2,going
13170,9,7,9,2,coming
13170,11,5,11,2,going
13170,11,7,11,2,coming
13171,16,5,16,2,going
13171,16,7,16,2,coming
13173,6,12,6,0,out
13185,18,5,23,0,out
13185,18,7,23,0,in
13202,6,2,6,0,in
13203,1,19,1,5,coming
13203,3,19,3,5,coming
13210,0,1,0,0,out
13210,0,3,0,0,in
13213,18,6,23,0,going
13213,18,8,23,0,coming
13219,7,12,24,7,in
13219,12,11,12,4,in
13219,13,11,13,4,in
13219,12,11,12,4,going
13219,13,11,13,4,going
13222,12,10,12,4,out
13222,13,10,13,4,out
13222,15,6,21,8,out
13222,17,2,17,9,in
13222,12,10,12,4,coming
13222,13,10,13,4,coming
13226,2,11,2,3,out
13226,2,13,2,3,in
13226,4,11,4,3,out
13226,4,13,4,3,in
13226,5,11,5,3,out
13226,5,13,5,3,in
13226,8,11,8,3,out
13226,8,13,8,3,in
13230,6,1,6,0,going
13230,6,3,6,0,coming
13234,14,1,14,8,out
13234,14,3,14,8,in
13237,19,19,19,5,out
13238,0,2,0,0,going
13238,0,4,0,0,coming
13242,10,9,20,2,out
13242,10,11,20,2,in
13247,7,13,24,7,coming
13250,17,1,17,9,going
13250,17,3,17,9,coming
13254,2,12,2,3,going
13254,2,14,2,3,coming
13254,4,12,4,3,going
13254,4,14,4,3,coming
13254,5,12,5,3,going
13254,5,14,5,3,coming
13254,8,12,8,3,going
13254,8,14,8,3,coming
13256,10,0,20,2,out
13262,14,2,14,8,going
13262,14,4,14,8,coming
13270,9,5,9,2,out
13270,9,7,9,2,in
13270,11,5,11,2,out
13270,11,7,11,2,in
13270,10,10,20,2,going
13270,10,12,20,2,coming
13271,16,5,16,2,out
13271,16,7,16,2,in
13275,19,19,19,5,coming
13292,10,11,20,2,going
13292,10,0,20,2,coming
13292,10,1,20,2,coming
13294,10,5,20,2,going
13298,9,6,9,2,going
13298,9,8,9,2,coming
13298,11,6,11,2,going
13298,11,8,11,2,coming
13299,16,6,16,2,going
13299,16,8,16,2,coming
13303,1,19,1,5,in
13303,3,19,3,5,in
13313,18,6,23,0,out
13313,18,8,23,0,in
13319,12,11,12,4,out
13319,13,11,13,4,out
13322,12,10,12,4,in
13322,13,10,13,4,in
13330,6,1,6,0,out
13330,6,3,6,0,in
13336,12,11,12,4,coming
13336,13,11,13,4,coming
13338,0,2,0,0,out
13338,0,4,0,0,in
13339,13,10,13,4,going
13340,12,10,12,4,going
13340,12,0,12,4,coming
13340,12,1,12,4,coming
13341,18,7,23,0,going
13341,18,9,23,0,coming
13347,7,13,24,7,in
13350,17,1,17,9,out
13350,17,3,17,9,in
13354,2,12,2,3,out
13354,2,14,2,3,in
13354,4,12,4,3,out
13354,4,14,4,3,in
13354,5,12,5,3,out
13354,5,14,5,3,in
13354,8,12,8,3,out
13354,8,14,8,3,in
13355,0,3,0,0,going
13355,0,4,0,0,going
13358,6,2,6,0,going
13358,6,4,6,0,coming
13361,0,12,0,0,coming
13362,14,2,14,8,out
13362,14,4,14,8,in
13370,10,10,20,2,out
13370,10,12,20,2,in
13370,10,12,20,2,going
13375,19,19,19,5,in
13375,7,12,24,7,going
13375,7,14,24,7,coming
13378,17,2,17,9,going
13378,17,4,17,9,coming
13382,1,19,1,5,going
13382,2,13,2,3,going
13382,2,15,2,3,coming
13382,3,19,3,5,going
13382,4,13,4,3,going
13382,4,15,4,3,coming
13382,5,13,5,3,going
13382,5,15,5,3,coming
13382,8,13,8,3,going
13382,8,15,8,3,coming
13388,0,0,0,0,out
13388,0,1,0,0,out
13388,0,2,0,0,out
13388,0,3,0,0,out
13388,0,4,0,0,out
13388,0,5,0,0,out
13388,0,6,0,0,out
13388,0,7,0,0,out
13388,0,8,0,0,out
13388,0,9,0,0,out
13388,0,10,0,0,out
13388,0,11,0,0,out
13388,0,12,0,0,out
13388,0,13,0,0,out
13388,0,14,0,0,out
13388,0,15,0,0,out
13388,0,16,0,0,out
13388,0,17,0,0,out
13388,0,18,0,0,out
13388,0,19,0,0,out
13388,0,0,25,4,coming
13388,0,1,25,4,coming
13388,0,10,25,4,coming
13388,0,11,25,4,coming
13390,14,3,14,8,going
13390,14,5,14,8,coming
13392,10,0,20,2,in
13392,10,1,20,2,in
13392,10,11,20,2,out
13394,10,5,20,2,out
13398,9,6,9,2,out
13398,9,8,9,2,in
13398,11,6,11,2,out
13398,11,8,11,2,in
13399,16,6,16,2,out
13399,16,8,16,2,in
13426,9,7,9,2,going
13426,9,9,9,2,coming
13426,11,7,11,2,going
13426,11,9,11,2,coming
13427,16,7,16,2,going
13427,16,9,16,2,coming
13436,12,11,12,4,in
13436,13,11,13,4,in
13436,12,11,12,4,going
13436,13,11,13,4,going
13439,13,10,13,4,out
13439,13,10,13,4,coming
13440,12,0,12,4,in
13440,12,1,12,4,in
13440,12,10,12,4,out
13441,18,7,23,0,out
13441,18,9,23,0,in
13454,19,19,19,5,going
13458,6,2,6,0,out
13458,6,4,6,0,in
13469,18,8,23,0,going
13470,10,12,20,2,out
13475,7,12,24,7,out
13475,7,14,24,7,in
13478,17,2,17,9,out
13478,17,4,17,9,in
13482,1,19,1,5,out
13482,2,13,2,3,out
13482,2,15,2,3,in
13482,3,19,3,5,out
13482,4,13,4,3,out
13482,4,15,4,3,in
13482,5,13,5,3,out
13482,5,15,5,3,in
13482,8,13,8,3,out
13482,8,15,8,3,in
13486,6,3,6,0,going
13486,6,5,6,0,coming
13488,0,0,25,4,in
13488,0,1,25,4,in
13488,0,10,25,4,in
13488,0,11,25,4,in
13490,14,3,14,8,out
13490,14,5,14,8,in
13503,7,13,24,7,going
13503,7,15,24,7,coming
13506,17,3,17,9,going
13506,17,5,17,9,coming
13510,2,14,2,3,going
13510,2,16,2,3,coming
13510,4,14,4,3,going
13510,4,16,4,3,coming
13510,5,14,5,3,going
13510,5,16,5,3,coming
13510,8,14,8,3,going
13510,8,16,8,3,coming
13518,14,4,14,8,going
13518,14,6,14,8,coming
13520,1,19,1,5,coming
13520,3,19,3,5,coming
13520,10,2,20,2,coming
13526,9,7,9,2,out
13526,9,9,9,2,in
13526,11,7,11,2,out
13526,11,9,11,2,in
13527,16,7,16,2,out
13527,16,9,16,2,in
13536,12,11,12,4,out
13536,13,11,13,4,out
13539,13,10,13,4,in
13553,13,11,13,4,coming
13554,19,19,19,5,out
13554,9,8,9,2,going
13554,9,10,9,2,coming
13554,11,8,11,2,going
13554,11,10,11,2,coming
13555,16,8,16,2,going
13555,16,10,16,2,coming
13556,13,10,13,4,going
13568,12,0,12,4,going
13568,12,2,12,4,coming
13569,18,8,23,0,out
13580,14,5,14,8,going
13580,14,1,14,8,coming
13586,6,3,6,0,out
13586,6,5,6,0,in
13592,19,19,19,5,coming
13597,18,9,23,0,going
13603,7,13,24,7,out
13603,7,15,24,7,in
13606,17,3,17,9,out
13606,17,5,17,9,in
13610,2,14,2,3,out
13610,2,16,2,3,in
13610,4,14,4,3,out
13610,4,16,4,3,in
13610,5,14,5,3,out
13610,5,16,5,3,in
13610,8,14,8,3,out
13610,8,16,8,3,in
13614,6,4,6,0,going
13614,6,6,6,0,coming
13616,0,2,25,4,coming
13618,14,4,14,8,out
13618,14,6,14,8,in
13618,14,6,14,8,going
13619,18,12,23,0,coming
13620,1,19,1,5,in
13620,3,19,3,5,in
13620,10,2,20,2,in
13620,18,1,23,0,coming
13631,7,14,24,7,going
13631,7,16,24,7,coming
13634,17,4,17,9,going
13634,17,6,17,9,coming
13638,2,15,2,3,going
13638,2,17,2,3,coming
13638,4,15,4,3,going
13638,4,17,4,3,coming
13638,5,15,5,3,going
13638,5,17,5,3,coming
13638,8,15,8,3,going
13638,8,17,8,3,coming
13648,10,1,20,2,going
13648,10,3,20,2,coming
13653,13,11,13,4,in
13653,13,11,13,4,going
13654,9,8,9,2,out
13654,9,10,9,2,in
13654,11,8,11,2,out
13654,11,10,11,2,in
13655,16,8,16,2,out
13655,16,10,16,2,in
13656,13,10,13,4,out
13656,13,10,13,4,coming
13668,12,0,12,4,out
13668,12,2,12,4,in
13680,14,1,14,8,in
13680,14,5,14,8,out
13682,9,9,9,2,going
13682,9,11,9,2,coming
13682,11,9,11,2,going
13682,11,11,11,2,coming
13683,16,9,16,2,going
13683,16,11,16,2,coming
13692,19,19,19,5,in
13696,12,1,12,4,going
13696,12,3,12,4,coming
13697,18,9,23,0,out
13699,1,19,1,5,going
13699,3,19,3,5,going
13708,14,2,14,8,coming
13714,6,4,6,0,out
13714,6,6,6,0,in
13716,0,2,25,4,in
13718,14,6,14,8,out
13719,18,12,23,0,in
13719,18,12,23,0,going
13720,18,1,23,0,in
13720,2,16,2,3,going
13720,2,1,2,3,coming
13720,4,16,4,3,going
13720,4,1,4,3,coming
13720,5,16,5,3,going
13720,5,1,5,3,coming
13720,8,16,8,3,going
13720,8,1,8,3,coming
13724,15,6,21,8,coming
13731,7,14,24,7,out
13731,7,16,24,7,in
13734,17,4,17,9,out
13734,17,6,17,9,in
13738,2,15,2,3,out
13738,2,17,2,3,in
13738,4,15,4,3,out
13738,4,17,4,3,in
13738,5,15,5,3,out
13738,5,17,5,3,in
13738,8,15,8,3,out
13738,8,17,8,3,in
13738,2,17,2,3,going
13738,4,17,4,3,going
13738,5,17,5,3,going
13738,8,17,8,3,going
13742,6,5,6,0,going
13742,6,7,6,0,coming
13744,0,1,25,4,going
13744,0,3,25,4,coming
13748,10,1,20,2,out
13748,10,3,20,2,in
13748,18,2,23,0,coming
13753,13,11,13,4,out
13756,13,10,13,4,in
13759,7,15,24,7,going
13759,7,17,24,7,coming
13762,17,5,17,9,going
13762,17,7,17,9,coming
13770,13,11,13,4,coming
13771,19,19,19,5,going
13773,13,10,13,4,going
13776,10,2,20,2,going
13776,10,4,20,2,coming
13782,9,9,9,2,out
13782,9,11,9,2,in
13782,11,9,11,2,out
13782,11,11,11,2,in
13783,16,9,16,2,out
13783,16,11,16,2,in
13796,12,1,12,4,out
13796,12,3,12,4,in
13799,1,19,1,5,out
13799,3,19,3,5,out
13808,14,2,14,8,in
13810,9,10,9,2,going
13810,9,12,9,2,coming
13810,11,10,11,2,going
13810,11,12,11,2,coming
13811,16,10,16,2,going
13811,16,12,16,2,coming
13819,18,12,23,0,out
13820,2,1,2,3,in
13820,2,16,2,3,out
13820,4,1,4,3,in
13820,4,16,4,3,out
13820,5,1,5,3,in
13820,5,16,5,3,out
13820,8,1,8,3,in
13820,8,16,8,3,out
13824,15,6,21,8,in
13824,12,2,12,4,going
13824,12,4,12,4,coming
13824,15,6,21,8,going
13832,9,11,9,2,going
13832,9,1,9,2,coming
13832,11,11,11,2,going
13832,11,1,11,2,coming
13833,16,11,16,2,going
13833,16,1,16,2,coming
13836,14,1,14,8,going
13836,14,3,14,8,coming
13837,1,19,1,5,coming
13837,3,19,3,5,coming
13838,2,17,2,3,out
13838,4,17,4,3,out
13838,5,17,5,3,out
13838,8,17,8,3,out
13842,6,5,6,0,out
13842,6,7,6,0,in
13844,0,1,25,4,out
13844,0,3,25,4,in
13848,18,2,23,0,in
13848,2,2,2,3,coming
13848,4,2,4,3,coming
13848,5,2,5,3,coming
13848,8,2,8,3,coming
13859,7,15,24,7,out
13859,7,17,24,7,in
13862,17,5,17,9,out
13862,17,7,17,9,in
13870,13,11,13,4,in
13870,6,6,6,0,going
13870,6,8,6,0,coming
13870,13,11,13,4,going
13871,19,19,19,5,out
13872,0,2,25,4,going
13872,0,4,25,4,coming
13873,13,10,13,4,out
13873,13,10,13,4,coming
13876,10,2,20,2,out
13876,10,4,20,2,in
13876,18,1,23,0,going
13876,18,3,23,0,coming
13887,7,16,24,7,going
13887,7,18,24,7,coming
13890,17,6,17,9,going
13890,17,8,17,9,coming
13904,10,3,20,2,going
13904,10,5,20,2,coming
13909,19,19,19,5,coming
13910,9,10,9,2,out
13910,9,12,9,2,in
13910,11,10,11,2,out
13910,11,12,11,2,in
13910,9,12,9,2,going
13910,11,12,11,2,going
13911,16,10,16,2,out
13911,16,12,16,2,in
13911,16,12,16,2,going
13924,12,2,12,4,out
13924,12,4,12,4,in
13924,15,6,21,8,out
13932,9,1,9,2,in
13932,9,11,9,2,out
13932,11,1,11,2,in
13932,11,11,11,2,out
13933,16,1,16,2,in
13933,16,11,16,2,out
13936,14,1,14,8,out
13936,14,3,14,8,in
13937,1,19,1,5,in
13937,3,19,3,5,in
13948,2,2,2,3,in
13948,4,2,4,3,in
13948,5,2,5,3,in
13948,8,2,8,3,in
13952,12,3,12,4,going
13952,12,5,12,4,coming
13960,9,2,9,2,coming
13960,11,2,11,2,coming
13961,16,2,16,2,coming
13964,14,2,14,8,going
13964,14,4,14,8,coming
13970,6,6,6,0,out
13970,6,8,6,0,in
13970,13,11,13,4,out
13972,0,2,25,4,out
13972,0,4,25,4,in
13973,13,10,13,4,in
13976,18,1,23,0,out
13976,18,3,23,0,in
13976,2,1,2,3,going
13976,2,3,2,3,coming
13976,4,1,4,3,going
13976,4,3,4,3,coming
13976,5,1,5,3,going
13976,5,3,5,3,coming
13976,8,1,8,3,going
13976,8,3,8,3,coming
13987,7,16,24,7,out
13987,7,18,24,7,in
13987,13,11,13,4,coming
13990,17,6,17,9,out
13990,17,8,17,9,in
13990,13,10,13,4,going
13998,6,7,6,0,going
13998,6,9,6,0,coming
14000,0,3,25,4,going
14000,0,5,25,4,coming
14004,10,3,20,2,out
14004,10,5,20,2,in
14004,18,2,23,0,going
14004,18,4,23,0,coming
14009,19,19,19,5,in
14010,9,12,9,2,out
14010,11,12,11,2,out
14011,16,12,16,2,out
14015,7,17,24,7,going
14015,7,19,24,7,coming
14016,1,19,1,5,going
14016,3,19,3,5,going
14018,17,7,17,9,going
14018,17,9,17,9,coming
14032,10,4,20,2,going
14032,10,6,20,2,coming
14052,12,3,12,4,out
14052,12,5,12,4,in
14060,9,2,9,2,in
14060,11,2,11,2,in
14061,16,2,16,2,in
14064,14,2,14,8,out
14064,14,4,14,8,in
14076,2,1,2,3,out
14076,2,3,2,3,in
14076,4,1,4,3,out
14076,4,3,4,3,in
14076,5,1,5,3,out
14076,5,3,5,3,in
14076,8,1,8,3,out
14076,8,3,8,3,in
14080,12,4,12,4,going
14080,12,6,12,4,coming
14087,13,11,13,4,in
14087,13,11,13,4,going
14088,9,1,9,2,going
14088,9,3,9,2,coming
14088,11,1,11,2,going
14088,11,3,11,2,coming
14088,19,19,19,5,going
14089,16,1,16,2,going
14089,16,3,16,2,coming
14090,13,10,13,4,out
14090,13,10,13,4,coming
14092,14,3,14,8,going
14092,14,5,14,8,coming
14098,6,7,6,0,out
14098,6,9,6,0,in
14100,0,3,25,4,out
14100,0,5,25,4,in
14104,18,2,23,0,out
14104,18,4,23,0,in
14104,2,2,2,3,going
14104,2,4,2,3,coming
14104,4,2,4,3,going
14104,4,4,4,3,coming
14104,5,2,5,3,going
14104,5,4,5,3,coming
14104,8,2,8,3,going
14104,8,4,8,3,coming
14115,7,17,24,7,out
14115,7,19,24,7,in
14116,1,19,1,5,out
14116,3,19,3,5,out
14118,17,7,17,9,out
14118,17,9,17,9,in
14126,6,8,6,0,going
14128,0,4,25,4,going
14128,0,6,25,4,coming
14132,10,4,20,2,out
14132,10,6,20,2,in
14132,18,3,23,0,going
14132,18,5,23,0,coming
14143,7,18,24,7,going
14146,17,8,17,9,going
14146,17,10,17,9,coming
14154,1,19,1,5,coming
14154,3,19,3,5,coming
14160,10,5,20,2,going
14160,10,7,20,2,coming
14180,12,4,12,4,out
14180,12,6,12,4,in
14187,13,11,13,4,out
14188,9,1,9,2,out
14188,9,3,9,2,in
14188,11,1,11,2,out
14188,11,3,11,2,in
14188,19,19,19,5,out
14189,16,1,16,2,out
14189,16,3,16,2,in
14190,13,10,13,4,in
14192,14,3,14,8,out
14192,14,5,14,8,in
14204,2,2,2,3,out
14204,2,4,2,3,in
14204,4,2,4,3,out
14204,4,4,4,3,in
14204,5,2,5,3,out
14204,5,4,5,3,in
14204,8,2,8,3,out
14204,8,4,8,3,in
14204,13,11,13,4,coming
14208,12,5,12,4,going
14208,12,7,12,4,coming
14208,13,10,13,4,going
14208,13,0,13,4,coming
14208,13,1,13,4,coming
14211,7,0,24,7,out
14211,7,1,24,7,out
14211,7,2,24,7,out
14211,7,3,24,7,out
14211,7,4,24,7,out
14211,7,5,24,7,out
14211,7,6,24,7,out
14211,7,7,24,7,out
14211,7,8,24,7,out
14211,7,9,24,7,out
14211,7,10,24,7,out
14211,7,11,24,7,out
14211,7,12,24,7,out
14211,7,13,24,7,out
14211,7,14,24,7,out
14211,7,15,24,7,out
14211,7,16,24,7,out
14211,7,17,24,7,out
14211,7,18,24,7,out
14211,7,19,24,7,out
14211,7,0,26,7,coming
14211,7,1,26,7,coming
14211,7,10,26,7,coming
14211,7,11,26,7,coming
14216,9,2,9,2,going
14216,9,4,9,2,coming
14216,11,2,11,2,going
14216,11,4,11,2,coming
14217,16,2,16,2,going
14217,16,4,16,2,coming
14220,14,4,14,8,going
14220,14,6,14,8,coming
14226,6,8,6,0,out
14226,19,19,19,5,coming
14228,0,4,25,4,out
14228,0,6,25,4,in
14232,18,3,23,0,out
14232,18,5,23,0,in
14232,2,3,2,3,going
14232,2,5,2,3,coming
14232,4,3,4,3,going
14232,4,5,4,3,coming
14232,5,3,5,3,going
14232,5,5,5,3,coming
14232,8,3,8,3,going
14232,8,5,8,3,coming
14246,17,8,17,9,out
14246,17,10,17,9,in
14254,1,19,1,5,in
14254,3,19,3,5,in
14254,6,9,6,0,going
14256,0,5,25,4,going
14256,0,7,25,4,coming
14260,10,5,20,2,out
14260,10,7,20,2,in
14260,18,4,23,0,going
14260,18,6,23,0,coming
14274,17,9,17,9,going
14274,17,11,17,9,coming
14276,6,12,6,0,coming
14277,6,1,6,0,coming
14282,14,5,14,8,going
14282,14,1,14,8,coming
14288,10,6,20,2,going
14288,10,8,20,2,coming
14304,13,11,13,4,in
14304,13,11,13,4,going
14308,12,5,12,4,out
14308,12,7,12,4,in
14308,13,0,13,4,in
14308,13,1,13,4,in
14308,13,10,13,4,out
14311,7,0,26,7,in
14311,7,1,26,7,in
14311,7,10,26,7,in
14311,7,11,26,7,in
14316,9,2,9,2,out
14316,9,4,9,2,in
14316,11,2,11,2,out
14316,11,4,11,2,in
14317,16,2,16,2,out
14317,16,4,16,2,in
14320,14,4,14,8,out
14320,14,6,14,8,in
14320,14,6,14,8,going
14326,19,19,19,5,in
14332,2,3,2,3,out
14332,2,5,2,3,in
14332,4,3,4,3,out
14332,4,5,4,3,in
14332,5,3,5,3,out
14332,5,5,5,3,in
14332,8,3,8,3,out
14332,8,5,8,3,in
14333,1,19,1,5,going
14333,3,19,3,5,going
14336,12,6,12,4,going
14344,9,3,9,2,going
14344,9,5,9,2,coming
14344,11,3,11,2,going
14344,11,5,11,2,coming
14345,16,3,16,2,going
14345,16,5,16,2,coming
14354,6,9,6,0,out
14356,0,5,25,4,out
14356,0,7,25,4,in
14360,18,4,23,0,out
14360,18,6,23,0,in
14360,2,4,2,3,going
14360,2,6,2,3,coming
14360,4,4,4,3,going
14360,4,6,4,3,coming
14360,5,4,5,3,going
14360,5,6,5,3,coming
14360,8,4,8,3,going
14360,8,6,8,3,coming
14374,17,9,17,9,out
14374,17,11,17,9,in
14376,6,12,6,0,in
14376,6,12,6,0,going
14377,6,1,6,0,in
14382,14,1,14,8,in
14382,14,5,14,8,out
14384,0,6,25,4,going
14384,0,8,25,4,coming
14388,10,6,20,2,out
14388,10,8,20,2,in
14388,18,5,23,0,going
14388,18,7,23,0,coming
14402,17,10,17,9,going
14402,17,12,17,9,coming
14404,13,11,13,4,out
14405,6,2,6,0,coming
14405,19,19,19,5,going
14410,14,2,14,8,coming
14416,10,7,20,2,going
14416,10,9,20,2,coming
14420,14,6,14,8,out
14426,15,6,21,8,coming
14433,1,19,1,5,out
14433,3,19,3,5,out
14436,12,6,12,4,out
14436,13,0,13,4,going
14436,13,2,13,4,coming
14440,7,2,26,7,coming
14444,9,3,9,2,out
14444,9,5,9,2,in
14444,11,3,11,2,out
14444,11,5,11,2,in
14445,16,3,16,2,out
14445,16,5,16,2,in
14460,2,4,2,3,out
14460,2,6,2,3,in
14460,4,4,4,3,out
14460,4,6,4,3,in
14460,5,4,5,3,out
14460,5,6,5,3,in
14460,8,4,8,3,out
14460,8,6,8,3,in
14464,12,7,12,4,going
14471,1,19,1,5,coming
14471,3,19,3,5,coming
14472,9,4,9,2,going
14472,9,6,9,2,coming
14472,11,4,11,2,going
14472,11,6,11,2,coming
14473,16,4,16,2,going
14473,16,6,16,2,coming
14476,6,12,6,0,out
14484,0,6,25,4,out
14484,0,8,25,4,in
14488,18,5,23,0,out
14488,18,7,23,0,in
14488,2,5,2,3,going
14488,2,7,2,3,coming
14488,4,5,4,3,going
14488,4,7,4,3,coming
14488,5,5,5,3,going
14488,5,7,5,3,coming
14488,8,5,8,3,going
14488,8,7,8,3,coming
14496,17,11,17,9,going
14496,17,1,17,9,coming
14502,17,10,17,9,out
14502,17,12,17,9,in
14502,17,12,17,9,going
14505,6,2,6,0,in
14505,19,19,19,5,out
14510,14,2,14,8,in
14512,0,7,25,4,going
14512,0,9,25,4,coming
14516,10,7,20,2,out
14516,10,9,20,2,in
14516,18,6,23,0,going
14516,18,8,23,0,coming
14526,15,6,21,8,in
14526,15,6,21,8,going
14533,6,1,6,0,going
14533,6,3,6,0,coming
14536,13,0,13,4,out
14536,13,2,13,4,in
14538,14,1,14,8,going
14538,14,3,14,8,coming
14540,7,2,26,7,in
14543,19,19,19,5,coming
14544,10,8,20,2,going
14544,10,10,20,2,coming
14564,12,7,12,4,out
14564,13,1,13,4,going
14564,13,3,13,4,coming
14568,7,1,26,7,going
14568,7,3,26,7,coming
14571,1,19,1,5,in
14571,3,19,3,5,in
14572,9,4,9,2,out
14572,9,6,9,2,in
14572,11,4,11,2,out
14572,11,6,11,2,in
14573,16,4,16,2,out
14573,16,6,16,2,in
14588,2,5,2,3,out
14588,2,7,2,3,in
14588,4,5,4,3,out
14588,4,7,4,3,in
14588,5,5,5,3,out
14588,5,7,5,3,in
14588,8,5,8,3,out
14588,8,7,8,3,in
14592,12,10,12,4,coming
14596,17,1,17,9,in
14596,17,11,17,9,out
14600,9,5,9,2,going
14600,9,7,9,2,coming
14600,11,5,11,2,going
14600,11,7,11,2,coming
14601,16,5,16,2,going
14601,16,7,16,2,coming
14602,17,12,17,9,out
14612,0,7,25,4,out
14612,0,9,25,4,in
14616,18,6,23,0,out
14616,18,8,23,0,in
14616,2,6,2,3,going
14616,2,8,2,3,coming
14616,4,6,4,3,going
14616,4,8,4,3,coming
14616,5,6,5,3,going
14616,5,8,5,3,coming
14616,8,6,8,3,going
14616,8,8,8,3,coming
14624,17,2,17,9,coming
14626,15,6,21,8,out
14633,6,1,6,0,out
14633,6,3,6,0,in
14638,14,1,14,8,out
14638,14,3,14,8,in
14640,0,8,25,4,going
14643,19,19,19,5,in
14644,10,8,20,2,out
14644,10,10,20,2,in
14644,18,7,23,0,going
14644,18,9,23,0,coming
14650,1,19,1,5,going
14650,3,19,3,5,going
14661,6,2,6,0,going
14661,6,4,6,0,coming
14664,13,1,13,4,out
14664,13,3,13,4,in
14666,14,2,14,8,going
14666,14,4,14,8,coming
14668,7,1,26,7,out
14668,7,3,26,7,in
14672,10,9,20,2,going
14672,10,11,20,2,coming
14692,12,10,12,4,in
14692,13,2,13,4,going
14692,13,4,13,4,coming
14696,7,2,26,7,going
14696,7,4,26,7,coming
14700,9,5,9,2,out
14700,9,7,9,2,in
14700,11,5,11,2,out
14700,11,7,11,2,in
14701,16,5,16,2,out
14701,16,7,16,2,in
14716,2,6,2,3,out
14716,2,8,2,3,in
14716,4,6,4,3,out
14716,4,8,4,3,in
14716,5,6,5,3,out
14716,5,8,5,3,in
14716,8,6,8,3,out
14716,8,8,8,3,in
14720,12,11,12,4,coming
14722,19,19,19,5,going
14723,12,10,12,4,going
14724,17,2,17,9,in
14728,9,6,9,2,going
14728,9,8,9,2,coming
14728,11,6,11,2,going
14728,11,8,11,2,coming
14729,16,6,16,2,going
14729,16,8,16,2,coming
14740,0,8,25,4,out
14744,18,7,23,0,out
14744,18,9,23,0,in
14744,2,7,2,3,going
14744,2,9,2,3,coming
14744,4,7,4,3,going
14744,4,9,4,3,coming
14744,5,7,5,3,going
14744,5,9,5,3,coming
14744,8,7,8,3,going
14744,8,9,8,3,coming
14750,1,19,1,5,out
14750,3,19,3,5,out
14752,17,1,17,9,going
14752,17,3,17,9,coming
14761,6,2,6,0,out
14761,6,4,6,0,in
14766,14,2,14,8,out
14766,14,4,14,8,in
14768,0,9,25,4,going
14771,0,8,25,4,coming
14772,10,9,20,2,out
14772,10,11,20,2,in
14772,18,8,23,0,going
14778,6,3,6,0,going
14778,6,4,6,0,going
14784,6,12,6,0,coming
14788,1,19,1,5,coming
14788,3,19,3,5,coming
14792,13,2,13,4,out
14792,13,4,13,4,in
14794,14,3,14,8,going
14794,14,5,14,8,coming
14796,7,2,26,7,out
14796,7,4,26,7,in
14800,10,10,20,2,going
14800,10,12,20,2,coming
14810,6,1,6,0,coming
14820,12,11,12,4,in
14820,12,11,12,4,going
14820,13,3,13,4,going
14820,13,5,13,4,coming
14822,19,19,19,5,out
14822,10,11,20,2,going
14822,10,1,20,2,coming
14823,12,10,12,4,out
14823,12,10,12,4,coming
14824,7,3,26,7,going
14824,7,5,26,7,coming
14828,9,6,9,2,out
14828,9,8,9,2,in
14828,11,6,11,2,out
14828,11,8,11,2,in
14829,16,6,16,2,out
14829,16,8,16,2,in
14844,2,7,2,3,out
14844,2,9,2,3,in
14844,4,7,4,3,out
14844,4,9,4,3,in
14844,5,7,5,3,out
14844,5,9,5,3,in
14844,8,7,8,3,out
14844,8,9,8,3,in
14852,17,1,17,9,out
14852,17,3,17,9,in
14856,9,7,9,2,going
14856,9,9,9,2,coming
14856,11,7,11,2,going
14856,11,9,11,2,coming
14857,16,7,16,2,going
14857,16,9,16,2,coming
14860,19,19,19,5,coming
14868,0,9,25,4,out
14868,0,9,25,4,coming
14871,0,8,25,4,in
14872,18,8,23,0,out
14872,2,8,2,3,going
14872,2,10,2,3,coming
14872,4,8,4,3,going
14872,4,10,4,3,coming
14872,5,8,5,3,going
14872,5,10,5,3,coming
14872,8,8,8,3,going
14872,8,10,8,3,coming
14878,6,3,6,0,out
14878,6,4,6,0,out
14880,17,2,17,9,going
14880,17,4,17,9,coming
14884,6,12,6,0,in
14884,6,12,6,0,going
14888,1,19,1,5,in
14888,3,19,3,5,in
14894,14,3,14,8,out
14894,14,5,14,8,in
14900,10,10,20,2,out
14900,10,12,20,2,in
14900,10,12,20,2,going
14900,18,9,23,0,going
14910,6,1,6,0,in
14920,12,11,12,4,out
14920,13,3,13,4,out
14920,13,5,13,4,in
14922,10,1,20,2,in
14922,10,11,20,2,out
14922,14,4,14,8,going
14922,14,6,14,8,coming
14922,18,12,23,0,coming
14923,12,10,12,4,in
14923,18,1,23,0,coming
14924,7,3,26,7,out
14924,7,5,26,7,in
14937,12,11,12,4,coming
14938,6,2,6,0,coming
14940,12,10,12,4,going
14948,13,4,13,4,going
14948,13,6,13,4,coming
14950,10,2,20,2,coming
14952,7,4,26,7,going
14952,7,6,26,7,coming
14956,9,7,9,2,out
14956,9,9,9,2,in
14956,11,7,11,2,out
14956,11,9,11,2,in
14957,16,7,16,2,out
14957,16,9,16,2,in
14957,0,8,25,4,going
14960,19,19,19,5,in
14967,1,19,1,5,going
14967,3,19,3,5,going
14968,0,9,25,4,in
14972,2,8,2,3,out
14972,2,10,2,3,in
14972,4,8,4,3,out
14972,4,10,4,3,in
14972,5,8,5,3,out
14972,5,10,5,3,in
14972,8,8,8,3,out
14972,8,10,8,3,in
14980,17,2,17,9,out
14980,17,4,17,9,in
14984,6,12,6,0,out
14984,9,8,9,2,going
14984,9,10,9,2,coming
14984,11,8,11,2,going
14984,11,10,11,2,coming
14984,14,5,14,8,going
14984,14,1,14,8,coming
14985,16,8,16,2,going
14985,16,10,16,2,coming
15000,10,12,20,2,out
15000,18,9,23,0,out
15000,2,9,2,3,going
15000,2,11,2,3,coming
15000,4,9,4,3,going
15000,4,11,4,3,coming
15000,5,9,5,3,going
15000,5,11,5,3,coming
15000,8,9,8,3,going
15000,8,11,8,3,coming
15008,17,3,17,9,going
15008,17,5,17,9,coming
15022,14,4,14,8,out
15022,14,6,14,8,in
15022,18,12,23,0,in
15022,14,6,14,8,going
15022,18,12,23,0,going
15023,18,1,23,0,in
15037,12,11,12,4,in
15037,12,11,12,4,going
15038,6,2,6,0,in
15039,19,19,19,5,going
15040,12,10,12,4,out
15040,12,10,12,4,coming
15048,13,4,13,4,out
15048,13,6,13,4,in
15050,10,2,20,2,in
15051,18,2,23,0,coming
15052,7,4,26,7,out
15052,7,6,26,7,in
15057,0,8,25,4,out
15066,6,1,6,0,going
15066,6,3,6,0,coming
15067,1,19,1,5,out
15067,3,19,3,5,out
15076,13,5,13,4,going
15076,13,7,13,4,coming
15078,10,1,20,2,going
15078,10,3,20,2,coming
15080,7,5,26,7,going
15080,7,7,26,7,coming
15084,9,8,9,2,out
15084,9,10,9,2,in
15084,11,8,11,2,out
15084,11,10,11,2,in
15084,14,1,14,8,in
15084,14,5,14,8,out
15085,16,8,16,2,out
15085,16,10,16,2,in
15096,0,9,25,4,going
15099,0,8,25,4,coming
15100,2,9,2,3,out
15100,2,11,2,3,in
15100,4,9,4,3,out
15100,4,11,4,3,in
15100,5,9,5,3,out
15100,5,11,5,3,in
15100,8,9,8,3,out
15100,8,11,8,3,in
15105,1,19,1,5,coming
15105,3,19,3,5,coming
15108,17,3,17,9,out
15108,17,5,17,9,in
15112,9,9,9,2,going
15112,9,11,9,2,coming
15112,11,9,11,2,going
15112,11,11,11,2,coming
15112,14,2,14,8,coming
15113,16,9,16,2,going
15113,16,11,16,2,coming
15122,14,6,14,8,out
15122,18,12,23,0,out
15128,2,10,2,3,going
15128,2,12,2,3,coming
15128,4,10,4,3,going
15128,4,12,4,3,coming
15128,5,10,5,3,going
15128,5,12,5,3,coming
15128,8,10,8,3,going
15128,8,12,8,3,coming
15128,15,6,21,8,coming
15136,17,4,17,9,going
15136,17,6,17,9,coming
15137,12,11,12,4,out
15139,19,19,19,5,out
15140,12,10,12,4,in
15151,18,2,23,0,in
15154,12,11,12,4,coming
15157,12,10,12,4,going
15166,6,1,6,0,out
15166,6,3,6,0,in
15176,13,5,13,4,out
15176,13,7,13,4,in
15177,19,19,19,5,coming
15178,10,1,20,2,out
15178,10,3,20,2,in
15179,18,1,23,0,going
15179,18,3,23,0,coming
15180,7,5,26,7,out
15180,7,7,26,7,in
15194,6,2,6,0,going
15194,6,4,6,0,coming
15196,0,9,25,4,out
15196,0,9,25,4,coming
15199,0,8,25,4,in
15204,13,6,13,4,going
15205,1,19,1,5,in
15205,3,19,3,5,in
15206,10,2,20,2,going
15206,10,4,20,2,coming
15208,7,6,26,7,going
15208,7,8,26,7,coming
15212,9,9,9,2,out
15212,9,11,9,2,in
15212,11,9,11,2,out
15212,11,11,11,2,in
15212,14,2,14,8,in
15213,16,9,16,2,out
15213,16,11,16,2,in
15228,2,10,2,3,out
15228,2,12,2,3,in
15228,4,10,4,3,out
15228,4,12,4,3,in
15228,5,10,5,3,out
15228,5,12,5,3,in
15228,8,10,8,3,out
15228,8,12,8,3,in
15228,15,6,21,8,in
15228,15,6,21,8,going
15236,17,4,17,9,out
15236,17,6,17,9,in
15240,9,10,9,2,going
15240,9,12,9,2,coming
15240,11,10,11,2,going
15240,11,12,11,2,coming
15240,14,1,14,8,going
15240,14,3,14,8,coming
15241,16,10,16,2,going
15241,16,12,16,2,coming
15254,12,11,12,4,in
15254,12,11,12,4,going
15256,2,11,2,3,going
15256,2,13,2,3,coming
15256,4,11,4,3,going
15256,4,13,4,3,coming
15256,5,11,5,3,going
15256,5,13,5,3,coming
15256,8,11,8,3,going
15256,8,13,8,3,coming
15257,12,10,12,4,out
15257,12,10,12,4,coming
15262,9,11,9,2,going
15262,9,1,9,2,coming
15262,11,11,11,2,going
15262,11,1,11,2,coming
15263,16,11,16,2,going
15263,16,1,16,2,coming
15264,17,5,17,9,going
15264,17,7,17,9,coming
15277,19,19,19,5,in
15279,18,1,23,0,out
15279,18,3,23,0,in
15284,1,19,1,5,going
15284,3,19,3,5,going
15294,6,2,6,0,out
15294,6,4,6,0,in
15296,0,9,25,4,in
15304,13,6,13,4,out
15306,10,2,20,2,out
15306,10,4,20,2,in
15307,18,2,23,0,going
15307,18,4,23,0,coming
15308,7,6,26,7,out
15308,7,8,26,7,in
15311,6,3,6,0,going
15311,6,4,6,0,going
15317,6,12,6,0,coming
15328,15,6,21,8,out
15332,13,7,13,4,going
15334,10,3,20,2,going
15334,10,5,20,2,coming
15336,7,7,26,7,going
15336,7,9,26,7,coming
15340,9,10,9,2,out
15340,9,12,9,2,in
15340,11,10,11,2,out
15340,11,12,11,2,in
15340,14,1,14,8,out
15340,14,3,14,8,in
15340,9,12,9,2,going
15340,11,12,11,2,going
15341,16,10,16,2,out
15341,16,12,16,2,in
15341,16,12,16,2,going
15343,6,1,6,0,coming
15354,12,11,12,4,out
15356,2,11,2,3,out
15356,2,13,2,3,in
15356,4,11,4,3,out
15356,4,13,4,3,in
15356,5,11,5,3,out
15356,5,13,5,3,in
15356,8,11,8,3,out
15356,8,13,8,3,in
15356,19,19,19,5,going
15357,12,10,12,4,in
15362,9,1,9,2,in
15362,9,11,9,2,out
15362,11,1,11,2,in
15362,11,11,11,2,out
15363,16,1,16,2,in
15363,16,11,16,2,out
15364,17,5,17,9,out
15364,17,7,17,9,in
15368,14,2,14,8,going
15368,14,4,14,8,coming
15371,12,11,12,4,coming
15374,12,10,12,4,going
15384,1,19,1,5,out
15384,3,19,3,5,out
15384,2,12,2,3,going
15384,2,14,2,3,coming
15384,4,12,4,3,going
15384,4,14,4,3,coming
15384,5,12,5,3,going
15384,5,14,5,3,coming
15384,8,12,8,3,going
15384,8,14,8,3,coming
15390,9,2,9,2,coming
15390,11,2,11,2,coming
15391,16,2,16,2,coming
15392,17,6,17,9,going
15392,17,8,17,9,coming
15407,18,2,23,0,out
15407,18,4,23,0,in
15411,6,3,6,0,out
15411,6,4,6,0,out
15417,6,12,6,0,in
15417,6,12,6,0,going
15422,1,19,1,5,coming
15422,3,19,3,5,coming
15424,0,9,25,4,going
15424,18,3,23,0,going
15424,18,4,23,0,going
15430,18,12,23,0,coming
15432,13,7,13,4,out
15434,10,3,20,2,out
15434,10,5,20,2,in
15436,7,7,26,7,out
15436,7,9,26,7,in
15440,9,12,9,2,out
15440,11,12,11,2,out
15441,16,12,16,2,out
15443,6,1,6,0,in
15456,19,19,19,5,out
15456,18,1,23,0,coming
15460,13,10,13,4,coming
15462,10,4,20,2,going
15462,10,6,20,2,coming
15464,7,8,26,7,going
15468,14,2,14,8,out
15468,14,4,14,8,in
15471,12,11,12,4,in
15471,6,2,6,0,coming
15471,12,11,12,4,going
15474,12,10,12,4,out
15474,12,10,12,4,coming
15484,2,12,2,3,out
15484,2,14,2,3,in
15484,4,12,4,3,out
15484,4,14,4,3,in
15484,5,12,5,3,out
15484,5,14,5,3,in
15484,8,12,8,3,out
15484,8,14,8,3,in
15490,9,2,9,2,in
15490,11,2,11,2,in
15491,16,2,16,2,in
15492,17,6,17,9,out
15492,17,8,17,9,in
15494,19,19,19,5,coming
15496,14,3,14,8,going
15496,14,5,14,8,coming
15512,2,13,2,3,going
15512,2,15,2,3,coming
15512,4,13,4,3,going
15512,4,15,4,3,coming
15512,5,13,5,3,going
15512,5,15,5,3,coming
15512,8,13,8,3,going
15512,8,15,8,3,coming
15517,6,12,6,0,out
15518,9,1,9,2,going
15518,9,3,9,2,coming
15518,11,1,11,2,going
15518,11,3,11,2,coming
15519,16,1,16,2,going
15519,16,3,16,2,coming
15520,17,7,17,9,going
15520,17,9,17,9,coming
15522,1,19,1,5,in
15522,3,19,3,5,in
15524,0,9,25,4,out
15524,18,3,23,0,out
15524,18,4,23,0,out
15524,0,9,25,4,coming
15530,18,12,23,0,in
15530,18,12,23,0,going
15556,18,1,23,0,in
15560,13,10,13,4,in
15562,10,4,20,2,out
15562,10,6,20,2,in
15564,7,8,26,7,out
15571,6,2,6,0,in
15571,12,11,12,4,out
15574,12,10,12,4,in
15584,18,2,23,0,coming
15588,12,11,12,4,coming
15588,13,11,13,4,coming
15590,10,5,20,2,going
15590,10,7,20,2,coming
15591,12,10,12,4,going
15591,13,10,13,4,going
15592,7,9,26,7,going
15594,19,19,19,5,in
15596,14,3,14,8,out
15596,14,5,14,8,in
15599,6,1,6,0,going
15599,6,3,6,0,coming
15601,1,19,1,5,going
15601,3,19,3,5,going
15612,2,13,2,3,out
15612,2,15,2,3,in
15612,4,13,4,3,out
15612,4,15,4,3,in
15612,5,13,5,3,out
15612,5,15,5,3,in
15612,8,13,8,3,out
15612,8,15,8,3,in
15618,9,1,9,2,out
15618,9,3,9,2,in
15618,11,1,11,2,out
15618,11,3,11,2,in
15619,16,1,16,2,out
15619,16,3,16,2,in
15620,17,7,17,9,out
15620,17,9,17,9,in
15624,0,9,25,4,in
15624,14,4,14,8,going
15624,14,6,14,8,coming
15630,18,12,23,0,out
15640,2,14,2,3,going
15640,2,16,2,3,coming
15640,4,14,4,3,going
15640,4,16,4,3,coming
15640,5,14,5,3,going
15640,5,16,5,3,coming
15640,8,14,8,3,going
15640,8,16,8,3,coming
15646,9,2,9,2,going
15646,9,4,9,2,coming
15646,11,2,11,2,going
15646,11,4,11,2,coming
15647,16,2,16,2,going
15647,16,4,16,2,coming
15648,17,8,17,9,going
15648,17,10,17,9,coming
15673,19,19,19,5,going
15684,18,2,23,0,in
15686,14,5,14,8,going
15686,14,1,14,8,coming
15688,12,11,12,4,in
15688,13,11,13,4,in
15688,12,11,12,4,going
15688,13,11,13,4,going
15690,10,5,20,2,out
15690,10,7,20,2,in
15691,12,10,12,4,out
15691,13,10,13,4,out
15691,12,10,12,4,coming
15691,13,10,13,4,coming
15692,7,9,26,7,out
15699,6,1,6,0,out
15699,6,3,6,0,in
15701,1,19,1,5,out
15701,3,19,3,5,out
15712,18,1,23,0,going
15712,18,3,23,0,coming
15718,10,6,20,2,going
15718,10,8,20,2,coming
15720,7,12,26,7,coming
15724,14,4,14,8,out
15724,14,6,14,8,in
15724,14,6,14,8,going
15727,6,2,6,0,going
15727,6,4,6,0,coming
15739,1,19,1,5,coming
15739,3,19,3,5,coming
15740,2,14,2,3,out
15740,2,16,2,3,in
15740,4,14,4,3,out
15740,4,16,4,3,in
15740,5,14,5,3,out
15740,5,16,5,3,in
15740,8,14,8,3,out
15740,8,16,8,3,in
15746,9,2,9,2,out
15746,9,4,9,2,in
15746,11,2,11,2,out
15746,11,4,11,2,in
15747,16,2,16,2,out
15747,16,4,16,2,in
15748,17,8,17,9,out
15748,17,10,17,9,in
15768,2,15,2,3,going
15768,2,17,2,3,coming
15768,4,15,4,3,going
15768,4,17,4,3,coming
15768,5,15,5,3,going
15768,5,17,5,3,coming
15768,8,15,8,3,going
15768,8,17,8,3,coming
15773,19,19,19,5,out
15774,9,3,9,2,going
15774,9,5,9,2,coming
15774,11,3,11,2,going
15774,11,5,11,2,coming
15775,16,3,16,2,going
15775,16,5,16,2,coming
15776,17,9,17,9,going
15776,17,11,17,9,coming
15786,14,1,14,8,in
15786,14,5,14,8,out
15788,12,11,12,4,out
15788,13,11,13,4,out
15791,12,10,12,4,in
15791,13,10,13,4,in
15805,12,11,12,4,coming
15805,13,11,13,4,coming
15808,12,10,12,4,going
15808,13,10,13,4,going
15811,19,19,19,5,coming
15812,18,1,23,0,out
15812,18,3,23,0,in
15814,14,2,14,8,coming
15818,10,6,20,2,out
15818,10,8,20,2,in
15820,7,12,26,7,in
15824,14,6,14,8,out
15827,6,2,6,0,out
15827,6,4,6,0,in
15830,15,6,21,8,coming
15839,1,19,1,5,in
15839,3,19,3,5,in
15840,18,2,23,0,going
15840,18,4,23,0,coming
15844,6,3,6,0,going
15844,6,4,6,0,going
15846,10,7,20,2,going
15846,10,9,20,2,coming
15848,7,13,26,7,coming
15850,2,16,2,3,going
15850,2,1,2,3,coming
15850,4,16,4,3,going
15850,4,1,4,3,coming
15850,5,16,5,3,going
15850,5,1,5,3,coming
15850,6,12,6,0,coming
15850,8,16,8,3,going
15850,8,1,8,3,coming
15868,2,15,2,3,out
15868,2,17,2,3,in
15868,4,15,4,3,out
15868,4,17,4,3,in
15868,5,15,5,3,out
15868,5,17,5,3,in
15868,8,15,8,3,out
15868,8,17,8,3,in
15868,2,17,2,3,going
15868,4,17,4,3,going
15868,5,17,5,3,going
15868,8,17,8,3,going
15874,9,3,9,2,out
15874,9,5,9,2,in
15874,11,3,11,2,out
15874,11,5,11,2,in
15875,16,3,16,2,out
15875,16,5,16,2,in
15876,17,9,17,9,out
15876,17,11,17,9,in
15876,6,1,6,0,coming
15902,9,4,9,2,going
15902,9,6,9,2,coming
15902,11,4,11,2,going
15902,11,6,11,2,coming
15903,16,4,16,2,going
15903,16,6,16,2,coming
15904,17,10,17,9,going
15904,17,12,17,9,coming
15905,12,11,12,4,in
15905,13,11,13,4,in
15905,12,11,12,4,going
15905,13,11,13,4,going
15908,12,10,12,4,out
15908,13,10,13,4,out
15908,12,10,12,4,coming
15908,13,10,13,4,coming
15911,19,19,19,5,in
15914,14,2,14,8,in
15918,1,19,1,5,going
15918,3,19,3,5,going
15930,15,6,21,8,in
15930,15,6,21,8,going
15940,18,2,23,0,out
15940,18,4,23,0,in
15942,14,1,14,8,going
15942,14,3,14,8,coming
15944,6,3,6,0,out
15944,6,4,6,0,out
15946,10,7,20,2,out
15946,10,9,20,2,in
15948,7,13,26,7,in
15950,2,1,2,3,in
15950,2,16,2,3,out
15950,4,1,4,3,in
15950,4,16,4,3,out
15950,5,1,5,3,in
15950,5,16,5,3,out
15950,6,12,6,0,in
15950,8,1,8,3,in
15950,8,16,8,3,out
15950,6,12,6,0,going
15968,2,17,2,3,out
15968,4,17,4,3,out
15968,5,17,5,3,out
15968,8,17,8,3,out
15968,18,3,23,0,going
15968,18,5,23,0,coming
15974,10,8,20,2,going
15974,10,10,20,2,coming
15976,6,1,6,0,in
15976,7,12,26,7,going
15976,7,14,26,7,coming
15978,2,2,2,3,coming
15978,4,2,4,3,coming
15978,5,2,5,3,coming
15978,8,2,8,3,coming
15990,19,19,19,5,going
15998,17,11,17,9,going
15998,17,1,17,9,coming
16002,9,4,9,2,out
16002,9,6,9,2,in
16002,11,4,11,2,out
16002,11,6,11,2,in
16003,16,4,16,2,out
16003,16,6,16,2,in
16004,17,10,17,9,out
16004,17,12,17,9,in
16004,6,2,6,0,coming
16004,17,12,17,9,going
16005,12,11,12,4,out
16005,13,11,13,4,out
16008,12,10,12,4,in
16008,13,10,13,4,in
16018,1,19,1,5,out
16018,3,19,3,5,out
16022,12,11,12,4,coming
16022,13,11,13,4,coming
16025,12,10,12,4,going
16025,13,10,13,4,going
16030,15,6,21,8,out
16030,9,5,9,2,going
16030,9,7,9,2,coming
16030,11,5,11,2,going
16030,11,7,11,2,coming
16031,16,5,16,2,going
16031,16,7,16,2,coming
16042,14,1,14,8,out
16042,14,3,14,8,in
16050,6,12,6,0,out
16056,1,19,1,5,coming
16056,3,19,3,5,coming
16068,18,3,23,0,out
16068,18,5,23,0,in
16070,14,2,14,8,going
16070,14,4,14,8,coming
16074,10,8,20,2,out
16074,10,10,20,2,in
16076,7,12,26,7,out
16076,7,14,26,7,in
16078,2,2,2,3,in
16078,4,2,4,3,in
16078,5,2,5,3,in
16078,8,2,8,3,in
16090,19,19,19,5,out
16096,18,4,23,0,going
16096,18,6,23,0,coming
16098,17,1,17,9,in
16098,17,11,17,9,out
16102,10,9,20,2,going
16102,10,11,20,2,coming
16104,6,2,6,0,in
16104,17,12,17,9,out
16104,7,13,26,7,going
16104,7,15,26,7,coming
16106,2,1,2,3,going
16106,2,3,2,3,coming
16106,4,1,4,3,going
16106,4,3,4,3,coming
16106,5,1,5,3,going
16106,5,3,5,3,coming
16106,8,1,8,3,going
16106,8,3,8,3,coming
16122,12,11,12,4,in
16122,13,11,13,4,in
16122,12,11,12,4,going
16122,13,11,13,4,going
16125,12,10,12,4,out
16125,13,10,13,4,out
16125,12,10,12,4,coming
16125,13,10,13,4,coming
16126,17,2,17,9,coming
16128,19,19,19,5,coming
16130,9,5,9,2,out
16130,9,7,9,2,in
16130,11,5,11,2,out
16130,11,7,11,2,in
16131,16,5,16,2,out
16131,16,7,16,2,in
16132,6,1,6,0,going
16132,6,3,6,0,coming
16156,1,19,1,5,in
16156,3,19,3,5,in
16158,9,6,9,2,going
16158,9,8,9,2,coming
16158,11,6,11,2,going
16158,11,8,11,2,coming
16159,16,6,16,2,going
16159,16,8,16,2,coming
16170,14,2,14,8,out
16170,14,4,14,8,in
16196,18,4,23,0,out
16196,18,6,23,0,in
16198,14,3,14,8,going
16198,14,5,14,8,coming
16202,10,9,20,2,out
16202,10,11,20,2,in
16204,7,13,26,7,out
16204,7,15,26,7,in
16206,2,1,2,3,out
16206,2,3,2,3,in
16206,4,1,4,3,out
16206,4,3,4,3,in
16206,5,1,5,3,out
16206,5,3,5,3,in
16206,8,1,8,3,out
16206,8,3,8,3,in
16222,12,11,12,4,out
16222,13,11,13,4,out
16224,18,5,23,0,going
16224,18,7,23,0,coming
16225,12,10,12,4,in
16225,13,10,13,4,in
16226,17,2,17,9,in
16228,19,19,19,5,in
16230,10,10,20,2,going
16230,10,12,20,2,coming
16232,6,1,6,0,out
16232,6,3,6,0,in
16232,7,14,26,7,going
16232,7,16,26,7,coming
16234,2,2,2,3,going
16234,2,4,2,3,coming
16234,4,2,4,3,going
16234,4,4,4,3,coming
16234,5,2,5,3,going
16234,5,4,5,3,coming
16234,8,2,8,3,going
16234,8,4,8,3,coming
16235,1,19,1,5,going
16235,3,19,3,5,going
16239,12,11,12,4,coming
16239,13,11,13,4,coming
16242,12,10,12,4,going
16242,13,10,13,4,going
16252,10,11,20,2,going
16252,10,1,20,2,coming
16254,17,1,17,9,going
16254,17,3,17,9,coming
16258,9,6,9,2,out
16258,9,8,9,2,in
16258,11,6,11,2,out
16258,11,8,11,2,in
16259,16,6,16,2,out
16259,16,8,16,2,in
16260,6,2,6,0,going
16260,6,4,6,0,coming
16286,9,7,9,2,going
16286,9,9,9,2,coming
16286,11,7,11,2,going
16286,11,9,11,2,coming
16287,16,7,16,2,going
16287,16,9,16,2,coming
16298,14,3,14,8,out
16298,14,5,14,8,in
16307,19,19,19,5,going
16324,18,5,23,0,out
16324,18,7,23,0,in
16326,14,4,14,8,going
16326,14,6,14,8,coming
16330,10,10,20,2,out
16330,10,12,20,2,in
16330,10,12,20,2,going
16332,7,14,26,7,out
16332,7,16,26,7,in
16334,2,2,2,3,out
16334,2,4,2,3,in
16334,4,2,4,3,out
16334,4,4,4,3,in
16334,5,2,5,3,out
16334,5,4,5,3,in
16334,8,2,8,3,out
16334,8,4,8,3,in
16335,1,19,1,5,out
16335,3,19,3,5,out
16339,12,11,12,4,in
16339,13,11,13,4,in
16339,12,11,12,4,going
16339,13,11,13,4,going
16342,12,10,12,4,out
16342,13,10,13,4,out
16342,12,10,12,4,coming
16342,13,10,13,4,coming
16352,10,1,20,2,in
16352,10,11,20,2,out
16352,18,6,23,0,going
16352,18,8,23,0,coming
16354,17,1,17,9,out
16354,17,3,17,9,in
16360,6,2,6,0,out
16360,6,4,6,0,in
16360,7,15,26,7,going
16360,7,17,26,7,coming
16362,2,3,2,3,going
16362,2,5,2,3,coming
16362,4,3,4,3,going
16362,4,5,4,3,coming
16362,5,3,5,3,going
16362,5,5,5,3,coming
16362,8,3,8,3,going
16362,8,5,8,3,coming
16373,1,19,1,5,coming
16373,3,19,3,5,coming
16380,10,2,20,2,coming
16382,17,2,17,9,going
16382,17,4,17,9,coming
16386,9,7,9,2,out
16386,9,9,9,2,in
16386,11,7,11,2,out
16386,11,9,11,2,in
16387,16,7,16,2,out
16387,16,9,16,2,in
16388,6,3,6,0,going
16388,6,5,6,0,coming
16388,14,5,14,8,going
16388,14,1,14,8,coming
16407,19,19,19,5,out
16414,9,8,9,2,going
16414,9,10,9,2,coming
16414,11,8,11,2,going
16414,11,10,11,2,coming
16415,16,8,16,2,going
16415,16,10,16,2,coming
16426,14,4,14,8,out
16426,14,6,14,8,in
16426,14,6,14,8,going
16430,10,12,20,2,out
16439,12,11,12,4,out
16439,13,11,13,4,out
16442,12,10,12,4,in
16442,13,10,13,4,in
16445,19,19,19,5,coming
16452,18,6,23,0,out
16452,18,8,23,0,in
16456,12,11,12,4,coming
16456,13,11,13,4,coming
16459,12,10,12,4,going
16459,13,10,13,4,going
16460,7,15,26,7,out
16460,7,17,26,7,in
16462,2,3,2,3,out
16462,2,5,2,3,in
16462,4,3,4,3,out
16462,4,5,4,3,in
16462,5,3,5,3,out
16462,5,5,5,3,in
16462,8,3,8,3,out
16462,8,5,8,3,in
16473,1,19,1,5,in
16473,3,19,3,5,in
16480,10,2,20,2,in
16480,18,7,23,0,going
16480,18,9,23,0,coming
16482,17,2,17,9,out
16482,17,4,17,9,in
16488,6,3,6,0,out
16488,6,5,6,0,in
16488,14,1,14,8,in
16488,14,5,14,8,out
16488,7,16,26,7,going
16488,7,18,26,7,coming
16490,2,4,2,3,going
16490,2,6,2,3,coming
16490,4,4,4,3,going
16490,4,6,4,3,coming
16490,5,4,5,3,going
16490,5,6,5,3,coming
16490,8,4,8,3,going
16490,8,6,8,3,coming
16508,10,1,20,2,going
16508,10,3,20,2,coming
16510,17,3,17,9,going
16510,17,5,17,9,coming
16514,9,8,9,2,out
16514,9,10,9,2,in
16514,11,8,11,2,out
16514,11,10,11,2,in
16515,16,8,16,2,out
16515,16,10,16,2,in
16516,6,4,6,0,going
16516,6,6,6,0,coming
16516,14,2,14,8,coming
16526,14,6,14,8,out
16532,15,6,21,8,coming
16542,9,9,9,2,going
16542,9,11,9,2,coming
16542,11,9,11,2,going
16542,11,11,11,2,coming
16543,16,9,16,2,going
16543,16,11,16,2,coming
16545,19,19,19,5,in
16552,1,19,1,5,going
16552,3,19,3,5,going
16556,12,11,12,4,in
16556,13,11,13,4,in
16556,12,11,12,4,going
16556,13,11,13,4,going
16559,12,10,12,4,out
16559,13,10,13,4,out
16559,12,10,12,4,coming
16559,13,10,13,4,coming
16580,18,7,23,0,out
16580,18,9,23,0,in
16588,7,16,26,7,out
16588,7,18,26,7,in
16590,2,4,2,3,out
16590,2,6,2,3,in
16590,4,4,4,3,out
16590,4,6,4,3,in
16590,5,4,5,3,out
16590,5,6,5,3,in
16590,8,4,8,3,out
16590,8,6,8,3,in
16608,10,1,20,2,out
16608,10,3,20,2,in
16608,18,8,23,0,going
16610,17,3,17,9,out
16610,17,5,17,9,in
16616,6,4,6,0,out
16616,6,6,6,0,in
16616,14,2,14,8,in
16616,7,17,26,7,going
16616,7,19,26,7,coming
16618,2,5,2,3,going
16618,2,7,2,3,coming
16618,4,5,4,3,going
16618,4,7,4,3,coming
16618,5,5,5,3,going
16618,5,7,5,3,coming
16618,8,5,8,3,going
16618,8,7,8,3,coming
16624,19,19,19,5,going
16632,15,6,21,8,in
16632,15,6,21,8,going
16636,10,2,20,2,going
16636,10,4,20,2,coming
16638,17,4,17,9,going
16638,17,6,17,9,coming
16642,9,9,9,2,out
16642,9,11,9,2,in
16642,11,9,11,2,out
16642,11,11,11,2,in
16643,16,9,16,2,out
16643,16,11,16,2,in
16644,6,5,6,0,going
16644,6,7,6,0,coming
16644,14,1,14,8,going
16644,14,3,14,8,coming
16652,1,19,1,5,out
16652,3,19,3,5,out
16656,12,11,12,4,out
16656,13,11,13,4,out
16659,12,10,12,4,in
16659,13,10,13,4,in
16670,9,10,9,2,going
16670,9,12,9,2,coming
16670,11,10,11,2,going
16670,11,12,11,2,coming
16671,16,10,16,2,going
16671,16,12,16,2,coming
16673,12,11,12,4,coming
16673,13,11,13,4,coming
16676,12,10,12,4,going
16676,13,10,13,4,going
16690,1,19,1,5,coming
16690,3,19,3,5,coming
16692,9,11,9,2,going
16692,9,1,9,2,coming
16692,11,11,11,2,going
16692,11,1,11,2,coming
16693,16,11,16,2,going
16693,16,1,16,2,coming
16708,18,8,23,0,out
16716,7,17,26,7,out
16716,7,19,26,7,in
16718,2,5,2,3,out
16718,2,7,2,3,in
16718,4,5,4,3,out
16718,4,7,4,3,in
16718,5,5,5,3,out
16718,5,7,5,3,in
16718,8,5,8,3,out
16718,8,7,8,3,in
16724,19,19,19,5,out
16732,15,6,21,8,out
16736,10,2,20,2,out
16736,10,4,20,2,in
16736,18,9,23,0,going
16738,17,4,17,9,out
16738,17,6,17,9,in
16744,6,5,6,0,out
16744,6,7,6,0,in
16744,14,1,14,8,out
16744,14,3,14,8,in
16744,7,18,26,7,going
16746,2,6,2,3,going
16746,2,8,2,3,coming
16746,4,6,4,3,going
16746,4,8,4,3,coming
16746,5,6,5,3,going
16746,5,8,5,3,coming
16746,8,6,8,3,going
16746,8,8,8,3,coming
16758,18,12,23,0,coming
16759,18,1,23,0,coming
16762,19,19,19,5,coming
16764,10,3,20,2,going
16764,10,5,20,2,coming
16766,17,5,17,9,going
16766,17,7,17,9,coming
16770,9,10,9,2,out
16770,9,12,9,2,in
16770,11,10,11,2,out
16770,11,12,11,2,in
16770,9,12,9,2,going
16770,11,12,11,2,going
16771,16,10,16,2,out
16771,16,12,16,2,in
16771,16,12,16,2,going
16772,6,6,6,0,going
16772,6,8,6,0,coming
16772,14,2,14,8,going
16772,14,4,14,8,coming
16773,12,11,12,4,in
16773,13,11,13,4,in
16773,12,11,12,4,going
16773,13,11,13,4,going
16776,12,10,12,4,out
16776,13,10,13,4,out
16776,12,10,12,4,coming
16776,13,10,13,4,coming
16790,1,19,1,5,in
16790,3,19,3,5,in
16792,9,1,9,2,in
16792,9,11,9,2,out
16792,11,1,11,2,in
16792,11,11,11,2,out
16793,16,1,16,2,in
16793,16,11,16,2,out
16812,7,0,26,7,out
16812,7,1,26,7,out
16812,7,2,26,7,out
16812,7,3,26,7,out
16812,7,4,26,7,out
16812,7,5,26,7,out
16812,7,6,26,7,out
16812,7,7,26,7,out
16812,7,8,26,7,out
16812,7,9,26,7,out
16812,7,10,26,7,out
16812,7,11,26,7,out
16812,7,12,26,7,out
16812,7,13,26,7,out
16812,7,14,26,7,out
16812,7,15,26,7,out
16812,7,16,26,7,out
16812,7,17,26,7,out
16812,7,18,26,7,out
16812,7,19,26,7,out
16812,7,0,27,3,coming
16812,7,1,27,3,coming
16812,7,10,27,3,coming
16812,7,11,27,3,coming
16820,9,2,9,2,coming
16820,11,2,11,2,coming
16821,16,2,16,2,coming
16836,18,9,23,0,out
16846,2,6,2,3,out
16846,2,8,2,3,in
16846,4,6,4,3,out
16846,4,8,4,3,in
16846,5,6,5,3,out
16846,5,8,5,3,in
16846,8,6,8,3,out
16846,8,8,8,3,in
16858,18,12,23,0,in
16858,18,12,23,0,going
16859,18,1,23,0,in
16862,19,19,19,5,in
16864,10,3,20,2,out
16864,10,5,20,2,in
16866,17,5,17,9,out
16866,17,7,17,9,in
16869,1,19,1,5,going
16869,3,19,3,5,going
16870,9,12,9,2,out
16870,11,12,11,2,out
16871,16,12,16,2,out
16872,6,6,6,0,out
16872,6,8,6,0,in
16872,14,2,14,8,out
16872,14,4,14,8,in
16873,12,11,12,4,out
16873,13,11,13,4,out
16874,2,7,2,3,going
16874,2,9,2,3,coming
16874,4,7,4,3,going
16874,4,9,4,3,coming
16874,5,7,5,3,going
16874,5,9,5,3,coming
16874,8,7,8,3,going
16874,8,9,8,3,coming
16876,12,10,12,4,in
16876,13,10,13,4,in
16887,18,2,23,0,coming
16890,12,11,12,4,coming
16890,13,11,13,4,coming
16892,10,4,20,2,going
16892,10,6,20,2,coming
16893,12,10,12,4,going
16893,13,10,13,4,going
16894,17,6,17,9,going
16894,17,8,17,9,coming
16900,6,7,6,0,going
16900,6,9,6,0,coming
16900,14,3,14,8,going
16900,14,5,14,8,coming
16912,7,0,27,3,in
16912,7,1,27,3,in
16912,7,10,27,3,in
16912,7,11,27,3,in
16920,9,2,9,2,in
16920,11,2,11,2,in
16921,16,2,16,2,in
16941,19,19,19,5,going
16948,9,1,9,2,going
16948,9,3,9,2,coming
16948,11,1,11,2,going
16948,11,3,11,2,coming
16949,16,1,16,2,going
16949,16,3,16,2,coming
16958,18,12,23,0,out
16969,1,19,1,5,out
16969,3,19,3,5,out
16974,2,7,2,3,out
16974,2,9,2,3,in
16974,4,7,4,3,out
16974,4,9,4,3,in
16974,5,7,5,3,out
16974,5,9,5,3,in
16974,8,7,8,3,out
16974,8,9,8,3,in
16987,18,2,23,0,in
16990,12,11,12,4,in
16990,13,11,13,4,in
16990,12,11,12,4,going
16990,13,11,13,4,going
16992,10,4,20,2,out
16992,10,6,20,2,in
16993,12,10,12,4,out
16993,13,10,13,4,out
16993,12,10,12,4,coming
16993,13,10,13,4,coming
16994,17,6,17,9,out
16994,17,8,17,9,in
17000,6,7,6,0,out
17000,6,9,6,0,in
17000,14,3,14,8,out
17000,14,5,14,8,in
17002,2,8,2,3,going
17002,2,10,2,3,coming
17002,4,8,4,3,going
17002,4,10,4,3,coming
17002,5,8,5,3,going
17002,5,10,5,3,coming
17002,8,8,8,3,going
17002,8,10,8,3,coming
17007,1,19,1,5,coming
17007,3,19,3,5,coming
17015,18,1,23,0,going
17015,18,3,23,0,coming
17020,10,5,20,2,going
17020,10,7,20,2,coming
17022,17,7,17,9,going
17022,17,9,17,9,coming
17028,6,8,6,0,going
17028,14,4,14,8,going
17028,14,6,14,8,coming
17040,7,2,27,3,coming
17041,19,19,19,5,out
17048,9,1,9,2,out
17048,9,3,9,2,in
17048,11,1,11,2,out
17048,11,3,11,2,in
17049,16,1,16,2,out
17049,16,3,16,2,in
17076,9,2,9,2,going
17076,9,4,9,2,coming
17076,11,2,11,2,going
17076,11,4,11,2,coming
17077,16,2,16,2,going
17077,16,4,16,2,coming
17079,19,19,19,5,coming
17090,12,11,12,4,out
17090,13,11,13,4,out
17090,14,5,14,8,going
17090,14,1,14,8,coming
17093,12,10,12,4,in
17093,13,10,13,4,in
17102,2,8,2,3,out
17102,2,10,2,3,in
17102,4,8,4,3,out
17102,4,10,4,3,in
17102,5,8,5,3,out
17102,5,10,5,3,in
17102,8,8,8,3,out
17102,8,10,8,3,in
17107,1,19,1,5,in
17107,3,19,3,5,in
17107,12,11,12,4,coming
17107,13,11,13,4,coming
17110,13,10,13,4,going
17111,12,10,12,4,going
17111,12,0,12,4,coming
17111,12,1,12,4,coming
17115,18,1,23,0,out
17115,18,3,23,0,in
17120,10,5,20,2,out
17120,10,7,20,2,in
17122,17,7,17,9,out
17122,17,9,17,9,in
17128,6,8,6,0,out
17128,14,4,14,8,out
17128,14,6,14,8,in
17128,14,6,14,8,going
17130,2,9,2,3,going
17130,2,11,2,3,coming
17130,4,9,4,3,going
17130,4,11,4,3,coming
17130,5,9,5,3,going
17130,5,11,5,3,coming
17130,8,9,8,3,going
17130,8,11,8,3,coming
17140,7,2,27,3,in
17143,18,2,23,0,going
17143,18,4,23,0,coming
17148,10,6,20,2,going
17148,10,8,20,2,coming
17150,17,8,17,9,going
17150,17,10,17,9,coming
17156,6,9,6,0,going
17168,7,1,27,3,going
17168,7,3,27,3,coming
17176,9,2,9,2,out
17176,9,4,9,2,in
17176,11,2,11,2,out
17176,11,4,11,2,in
17177,16,2,16,2,out
17177,16,4,16,2,in
17178,6,12,6,0,coming
17179,19,19,19,5,in
17179,6,1,6,0,coming
17186,1,19,1,5,going
17186,3,19,3,5,going
17190,14,1,14,8,in
17190,14,5,14,8,out
17204,9,3,9,2,going
17204,9,5,9,2,coming
17204,11,3,11,2,going
17204,11,5,11,2,coming
17205,16,3,16,2,going
17205,16,5,16,2,coming
17207,12,11,12,4,in
17207,13,11,13,4,in
17207,12,11,12,4,going
17207,13,11,13,4,going
17210,13,10,13,4,out
17210,13,10,13,4,coming
17211,12,0,12,4,in
17211,12,1,12,4,in
17211,12,10,12,4,out
17218,14,2,14,8,coming
17228,14,6,14,8,out
17230,2,9,2,3,out
17230,2,11,2,3,in
17230,4,9,4,3,out
17230,4,11,4,3,in
17230,5,9,5,3,out
17230,5,11,5,3,in
17230,8,9,8,3,out
17230,8,11,8,3,in
17234,15,6,21,8,coming
17243,18,2,23,0,out
17243,18,4,23,0,in
17248,10,6,20,2,out
17248,10,8,20,2,in
17250,17,8,17,9,out
17250,17,10,17,9,in
17256,6,9,6,0,out
17258,2,10,2,3,going
17258,2,12,2,3,coming
17258,4,10,4,3,going
17258,4,12,4,3,coming
17258,5,10,5,3,going
17258,5,12,5,3,coming
17258,8,10,8,3,going
17258,8,12,8,3,coming
17258,19,19,19,5,going
17268,7,1,27,3,out
17268,7,3,27,3,in
17271,18,3,23,0,going
17271,18,5,23,0,coming
17276,10,7,20,2,going
17276,10,9,20,2,coming
17278,6,12,6,0,in
17278,6,12,6,0,going
17278,17,9,17,9,going
17278,17,11,17,9,coming
17279,6,1,6,0,in
17286,1,19,1,5,out
17286,3,19,3,5,out
17296,7,2,27,3,going
17296,7,4,27,3,coming
17304,9,3,9,2,out
17304,9,5,9,2,in
17304,11,3,11,2,out
17304,11,5,11,2,in
17305,16,3,16,2,out
17305,16,5,16,2,in
17307,12,11,12,4,out
17307,13,11,13,4,out
17307,6,2,6,0,coming
17310,13,10,13,4,in
17318,14,2,14,8,in
17324,1,19,1,5,coming
17324,3,19,3,5,coming
17324,13,11,13,4,coming
17327,13,10,13,4,going
17332,9,4,9,2,going
17332,9,6,9,2,coming
17332,11,4,11,2,going
17332,11,6,11,2,coming
17333,16,4,16,2,going
17333,16,6,16,2,coming
17334,15,6,21,8,in
17334,15,6,21,8,going
17339,12,0,12,4,going
17339,12,2,12,4,coming
17346,14,1,14,8,going
17346,14,3,14,8,coming
17358,2,10,2,3,out
17358,2,12,2,3,in
17358,4,10,4,3,out
17358,4,12,4,3,in
17358,5,10,5,3,out
17358,5,12,5,3,in
17358,8,10,8,3,out
17358,8,12,8,3,in
17358,19,19,19,5,out
17371,18,3,23,0,out
17371,18,5,23,0,in
17376,10,7,20,2,out
17376,10,9,20,2,in
17378,6,12,6,0,out
17378,17,9,17,9,out
17378,17,11,17,9,in
17386,2,11,2,3,going
17386,2,13,2,3,coming
17386,4,11,4,3,going
17386,4,13,4,3,coming
17386,5,11,5,3,going
17386,5,13,5,3,coming
17386,8,11,8,3,going
17386,8,13,8,3,coming
17396,7,2,27,3,out
17396,7,4,27,3,in
17396,19,19,19,5,coming
17399,18,4,23,0,going
17399,18,6,23,0,coming
17404,10,8,20,2,going
17404,10,10,20,2,coming
17406,17,10,17,9,going
17406,17,12,17,9,coming
17407,6,2,6,0,in
17424,1,19,1,5,in
17424,3,19,3,5,in
17424,13,11,13,4,in
17424,7,3,27,3,going
17424,7,5,27,3,coming
17424,13,11,13,4,going
17427,13,10,13,4,out
17427,13,10,13,4,coming
17432,9,4,9,2,out
17432,9,6,9,2,in
17432,11,4,11,2,out
17432,11,6,11,2,in
17433,16,4,16,2,out
17433,16,6,16,2,in
17434,15,6,21,8,out
17435,6,1,6,0,going
17435,6,3,6,0,coming
17439,12,0,12,4,out
17439,12,2,12,4,in
17446,14,1,14,8,out
17446,14,3,14,8,in
17460,9,5,9,2,going
17460,9,7,9,2,coming
17460,11,5,11,2,going
17460,11,7,11,2,coming
17461,16,5,16,2,going
17461,16,7,16,2,coming
17467,12,1,12,4,going
17467,12,3,12,4,coming
17474,14,2,14,8,going
17474,14,4,14,8,coming
17486,2,11,2,3,out
17486,2,13,2,3,in
17486,4,11,4,3,out
17486,4,13,4,3,in
17486,5,11,5,3,out
17486,5,13,5,3,in
17486,8,11,8,3,out
17486,8,13,8,3,in
17496,19,19,19,5,in
17499,18,4,23,0,out
17499,18,6,23,0,in
17500,17,11,17,9,going
17500,17,1,17,9,coming
17503,1,19,1,5,going
17504,10,8,20,2,out
17504,10,10,20,2,in
17504,3,19,3,5,going
17504,3,0,3,5,coming
17504,3,1,3,5,coming
17506,17,10,17,9,out
17506,17,12,17,9,in
17506,17,12,17,9,going
17514,2,12,2,3,going
17514,2,14,2,3,coming
17514,4,12,4,3,going
17514,4,14,4,3,coming
17514,5,12,5,3,going
17514,5,14,5,3,coming
17514,8,12,8,3,going
17514,8,14,8,3,coming
17524,7,3,27,3,out
17524,7,5,27,3,in
17524,13,11,13,4,out
17527,13,10,13,4,in
17527,18,5,23,0,going
17527,18,7,23,0,coming
17532,10,9,20,2,going
17532,10,11,20,2,coming
17535,6,1,6,0,out
17535,6,3,6,0,in
17541,13,11,13,4,coming
17544,13,10,13,4,going
17552,7,4,27,3,going
17552,7,6,27,3,coming
17560,9,5,9,2,out
17560,9,7,9,2,in
17560,11,5,11,2,out
17560,11,7,11,2,in
17561,16,5,16,2,out
17561,16,7,16,2,in
17563,6,2,6,0,going
17563,6,4,6,0,coming
17567,12,1,12,4,out
17567,12,3,12,4,in
17574,14,2,14,8,out
17574,14,4,14,8,in
17575,19,19,19,5,going
17588,9,6,9,2,going
17588,9,8,9,2,coming
17588,11,6,11,2,going
17588,11,8,11,2,coming
17589,16,6,16,2,going
17589,16,8,16,2,coming
17595,12,2,12,4,going
17595,12,4,12,4,coming
17600,17,1,17,9,in
17600,17,11,17,9,out
17602,14,3,14,8,going
17602,14,5,14,8,coming
17603,1,19,1,5,out
17604,3,0,3,5,in
17604,3,1,3,5,in
17604,3,19,3,5,out
17606,17,12,17,9,out
17614,2,12,2,3,out
17614,2,14,2,3,in
17614,4,12,4,3,out
17614,4,14,4,3,in
17614,5,12,5,3,out
17614,5,14,5,3,in
17614,8,12,8,3,out
17614,8,14,8,3,in
17627,18,5,23,0,out
17627,18,7,23,0,in
17628,17,2,17,9,coming
17632,10,9,20,2,out
17632,10,11,20,2,in
17641,13,11,13,4,in
17641,1,19,1,5,coming
17641,13,11,13,4,going
17642,2,13,2,3,going
17642,2,15,2,3,coming
17642,4,13,4,3,going
17642,4,15,4,3,coming
17642,5,13,5,3,going
17642,5,15,5,3,coming
17642,8,13,8,3,going
17642,8,15,8,3,coming
17644,13,10,13,4,out
17644,13,10,13,4,coming
17652,7,4,27,3,out
17652,7,6,27,3,in
17655,18,6,23,0,going
17655,18,8,23,0,coming
17660,10,10,20,2,going
17660,10,12,20,2,coming
17663,6,2,6,0,out
17663,6,4,6,0,in
17675,19,19,19,5,out
17680,6,3,6,0,going
17680,6,4,6,0,going
17680,7,5,27,3,going
17680,7,7,27,3,coming
17682,10,11,20,2,going
17682,10,1,20,2,coming
17686,6,12,6,0,coming
17688,9,6,9,2,out
17688,9,8,9,2,in
17688,11,6,11,2,out
17688,11,8,11,2,in
17689,16,6,16,2,out
17689,16,8,16,2,in
17695,12,2,12,4,out
17695,12,4,12,4,in
17702,14,3,14,8,out
17702,14,5,14,8,in
17713,6,0,6,0,out
17713,6,1,6,0,out
17713,6,2,6,0,out
17713,6,3,6,0,out
17713,6,4,6,0,out
17713,6,5,6,0,out
17713,6,6,6,0,out
17713,6,7,6,0,out
17713,6,8,6,0,out
17713,6,9,6,0,out
17713,6,10,6,0,out
17713,6,11,6,0,out
17713,6,12,6,0,out
17713,6,13,6,0,out
17713,6,14,6,0,out
17713,6,15,6,0,out
17713,6,16,6,0,out
17713,6,17,6,0,out
17713,6,18,6,0,out
17713,6,19,6,0,out
17713,6,0,28,5,coming
17713,6,1,28,5,coming
17713,6,10,28,5,coming
17713,6,11,28,5,coming
17713,19,19,19,5,coming
17716,9,7,9,2,going
17716,9,9,9,2,coming
17716,11,7,11,2,going
17716,11,9,11,2,coming
17717,16,7,16,2,going
17717,16,9,16,2,coming
17723,12,3,12,4,going
17723,12,5,12,4,coming
17728,17,2,17,9,in
17730,14,4,14,8,going
17730,14,6,14,8,coming
17732,3,0,3,5,going
17732,3,2,3,5,coming
17741,1,19,1,5,in
17741,13,11,13,4,out
17742,2,13,2,3,out
17742,2,15,2,3,in
17742,4,13,4,3,out
17742,4,15,4,3,in
17742,5,13,5,3,out
17742,5,15,5,3,in
17742,8,13,8,3,out
17742,8,15,8,3,in
17744,13,10,13,4,in
17755,18,6,23,0,out
17755,18,8,23,0,in
17756,17,1,17,9,going
17756,17,3,17,9,coming
17758,13,11,13,4,coming
17760,10,10,20,2,out
17760,10,12,20,2,in
17760,10,12,20,2,going
17761,13,10,13,4,going
17770,2,14,2,3,going
17770,2,16,2,3,coming
17770,4,14,4,3,going
17770,4,16,4,3,coming
17770,5,14,5,3,going
17770,5,16,5,3,coming
17770,8,14,8,3,going
17770,8,16,8,3,coming
17780,7,5,27,3,out
17780,7,7,27,3,in
17782,10,1,20,2,in
17782,10,11,20,2,out
17783,18,7,23,0,going
17783,18,9,23,0,coming
17792,14,5,14,8,going
17792,14,1,14,8,coming
17808,7,6,27,3,going
17808,7,8,27,3,coming
17810,10,2,20,2,coming
17813,6,0,28,5,in
17813,6,1,28,5,in
17813,6,10,28,5,in
17813,6,11,28,5,in
17813,19,19,19,5,in
17816,9,7,9,2,out
17816,9,9,9,2,in
17816,11,7,11,2,out
17816,11,9,11,2,in
17817,16,7,16,2,out
17817,16,9,16,2,in
17821,1,19,1,5,going
17821,1,0,1,5,coming
17821,1,1,1,5,coming
17823,12,3,12,4,out
17823,12,5,12,4,in
17830,14,4,14,8,out
17830,14,6,14,8,in
17830,14,6,14,8,going
17832,3,0,3,5,out
17832,3,2,3,5,in
17844,9,8,9,2,going
17844,9,10,9,2,coming
17844,11,8,11,2,going
17844,11,10,11,2,coming
17845,16,8,16,2,going
17845,16,10,16,2,coming
17851,12,4,12,4,going
17851,12,6,12,4,coming
17856,17,1,17,9,out
17856,17,3,17,9,in
17858,13,11,13,4,in
17858,13,11,13,4,going
17860,10,12,20,2,out
17860,3,1,3,5,going
17860,3,3,3,5,coming
17861,13,10,13,4,out
17861,13,10,13,4,coming
17870,2,14,2,3,out
17870,2,16,2,3,in
17870,4,14,4,3,out
17870,4,16,4,3,in
17870,5,14,5,3,out
17870,5,16,5,3,in
17870,8,14,8,3,out
17870,8,16,8,3,in
17883,18,7,23,0,out
17883,18,9,23,0,in
17884,17,2,17,9,going
17884,17,4,17,9,coming
17892,14,1,14,8,in
17892,14,5,14,8,out
17892,19,19,19,5,going
17898,2,15,2,3,going
17898,2,17,2,3,coming
17898,4,15,4,3,going
17898,4,17,4,3,coming
17898,5,15,5,3,going
17898,5,17,5,3,coming
17898,8,15,8,3,going
17898,8,17,8,3,coming
17908,7,6,27,3,out
17908,7,8,27,3,in
17910,10,2,20,2,in
17911,18,8,23,0,going
17920,14,2,14,8,coming
17921,1,0,1,5,in
17921,1,1,1,5,in
17921,1,19,1,5,out
17930,14,6,14,8,out
17936,7,7,27,3,going
17936,7,9,27,3,coming
17936,15,6,21,8,coming
17938,10,1,20,2,going
17938,10,3,20,2,coming
17941,6,2,28,5,coming
17944,9,8,9,2,out
17944,9,10,9,2,in
17944,11,8,11,2,out
17944,11,10,11,2,in
17945,16,8,16,2,out
17945,16,10,16,2,in
17951,12,4,12,4,out
17951,12,6,12,4,in
17958,13,11,13,4,out
17960,3,1,3,5,out
17960,3,3,3,5,in
17961,13,10,13,4,in
17972,9,9,9,2,going
17972,9,11,9,2,coming
17972,11,9,11,2,going
17972,11,11,11,2,coming
17973,16,9,16,2,going
17973,16,11,16,2,coming
17975,13,11,13,4,coming
17978,13,10,13,4,going
17979,12,5,12,4,going
17979,12,7,12,4,coming
17980,2,16,2,3,going
17980,2,1,2,3,coming
17980,4,16,4,3,going
17980,4,1,4,3,coming
17980,5,16,5,3,going
17980,5,1,5,3,coming
17980,8,16,8,3,going
17980,8,1,8,3,coming
17984,17,2,17,9,out
17984,17,4,17,9,in
17988,3,2,3,5,going
17988,3,4,3,5,coming
17992,19,19,19,5,out
17998,2,15,2,3,out
17998,2,17,2,3,in
17998,4,15,4,3,out
17998,4,17,4,3,in
17998,5,15,5,3,out
17998,5,17,5,3,in
17998,8,15,8,3,out
17998,8,17,8,3,in
17998,2,17,2,3,going
17998,4,17,4,3,going
17998,5,17,5,3,going
17998,8,17,8,3,going
18011,18,8,23,0,out
18012,17,3,17,9,going
18012,17,5,17,9,coming
18020,14,2,14,8,in
18030,19,19,19,5,coming
18036,7,7,27,3,out
18036,7,9,27,3,in
18036,15,6,21,8,in
18036,15,6,21,8,going
18038,10,1,20,2,out
18038,10,3,20,2,in
18039,18,9,23,0,going
18041,6,2,28,5,in
18048,14,1,14,8,going
18048,14,3,14,8,coming
18049,1,0,1,5,going
18049,1,2,1,5,coming
18061,18,12,23,0,coming
18062,18,1,23,0,coming
18064,7,8,27,3,going
18066,10,2,20,2,going
18066,10,4,20,2,coming
18069,6,1,28,5,going
18069,6,3,28,5,coming
18072,9,9,9,2,out
18072,9,11,9,2,in
18072,11,9,11,2,out
18072,11,11,11,2,in
18073,16,9,16,2,out
18073,16,11,16,2,in
18075,13,11,13,4,in
18075,13,11,13,4,going
18078,13,10,13,4,out
18078,13,10,13,4,coming
18079,12,5,12,4,out
18079,12,7,12,4,in
18080,2,1,2,3,in
18080,2,16,2,3,out
18080,4,1,4,3,in
18080,4,16,4,3,out
18080,5,1,5,3,in
18080,5,16,5,3,out
18080,8,1,8,3,in
18080,8,16,8,3,out
18088,3,2,3,5,out
18088,3,4,3,5,in
18098,2,17,2,3,out
18098,4,17,4,3,out
18098,5,17,5,3,out
18098,8,17,8,3,out
18100,9,10,9,2,going
18100,9,12,9,2,coming
18100,11,10,11,2,going
18100,11,12,11,2,coming
18101,16,10,16,2,going
18101,16,12,16,2,coming
18107,12,6,12,4,going
18108,2,2,2,3,coming
18108,4,2,4,3,coming
18108,5,2,5,3,coming
18108,8,2,8,3,coming
18112,17,3,17,9,out
18112,17,5,17,9,in
18116,3,3,3,5,going
18116,3,5,3,5,coming
18122,9,11,9,2,going
18122,9,1,9,2,coming
18122,11,11,11,2,going
18122,11,1,11,2,coming
18123,16,11,16,2,going
18123,16,1,16,2,coming
18130,19,19,19,5,in
18136,15,6,21,8,out
18139,18,9,23,0,out
18140,17,4,17,9,going
18140,17,6,17,9,coming
18148,14,1,14,8,out
18148,14,3,14,8,in
18149,1,0,1,5,out
18149,1,2,1,5,in
18161,18,12,23,0,in
18161,18,12,23,0,going
18162,18,1,23,0,in
18164,7,8,27,3,out
18166,10,2,20,2,out
18166,10,4,20,2,in
18169,6,1,28,5,out
18169,6,3,28,5,in
18175,13,11,13,4,out
18176,14,2,14,8,going
18176,14,4,14,8,coming
18177,1,1,1,5,going
18177,1,3,1,5,coming
18178,13,10,13,4,in
18190,18,2,23,0,coming
18192,7,9,27,3,going
18192,13,11,13,4,coming
18194,10,3,20,2,going
18194,10,5,20,2,coming
18195,13,10,13,4,going
18197,6,2,28,5,going
18197,6,4,28,5,coming
18200,9,10,9,2,out
18200,9,12,9,2,in
18200,11,10,11,2,out
18200,11,12,11,2,in
18200,9,12,9,2,going
18200,11,12,11,2,going
18201,16,10,16,2,out
18201,16,12,16,2,in
18201,16,12,16,2,going
18207,12,6,12,4,out
18208,2,2,2,3,in
18208,4,2,4,3,in
18208,5,2,5,3,in
18208,8,2,8,3,in
18210,19,19,19,5,going
18210,19,0,19,5,coming
18210,19,1,19,5,coming
18216,3,3,3,5,out
18216,3,5,3,5,in
18222,9,1,9,2,in
18222,9,11,9,2,out
18222,11,1,11,2,in
18222,11,11,11,2,out
18223,16,1,16,2,in
18223,16,11,16,2,out
18235,12,7,12,4,going
18236,2,1,2,3,going
18236,2,3,2,3,coming
18236,4,1,4,3,going
18236,4,3,4,3,coming
18236,5,1,5,3,going
18236,5,3,5,3,coming
18236,8,1,8,3,going
18236,8,3,8,3,coming
18240,17,4,17,9,out
18240,17,6,17,9,in
18244,3,4,3,5,going
18244,3,6,3,5,coming
18250,9,2,9,2,coming
18250,11,2,11,2,coming
18251,16,2,16,2,coming
18261,18,12,23,0,out
18268,17,5,17,9,going
18268,17,7,17,9,coming
18276,14,2,14,8,out
18276,14,4,14,8,in
18277,1,1,1,5,out
18277,1,3,1,5,in
18290,18,2,23,0,in
18292,7,9,27,3,out
18292,13,11,13,4,in
18292,13,11,13,4,going
18294,10,3,20,2,out
18294,10,5,20,2,in
18295,13,10,13,4,out
18295,13,10,13,4,coming
18297,6,2,28,5,out
18297,6,4,28,5,in
18300,9,12,9,2,out
18300,11,12,11,2,out
18301,16,12,16,2,out
18304,14,3,14,8,going
18304,14,5,14,8,coming
18305,1,2,1,5,going
18305,1,4,1,5,coming
18310,19,0,19,5,in
18310,19,1,19,5,in
18310,19,19,19,5,out
18318,18,1,23,0,going
18318,18,3,23,0,coming
18320,7,12,27,3,coming
18322,10,4,20,2,going
18322,10,6,20,2,coming
18325,6,3,28,5,going
18325,6,5,28,5,coming
18335,12,7,12,4,out
18336,2,1,2,3,out
18336,2,3,2,3,in
18336,4,1,4,3,out
18336,4,3,4,3,in
18336,5,1,5,3,out
18336,5,3,5,3,in
18336,8,1,8,3,out
18336,8,3,8,3,in
18344,3,4,3,5,out
18344,3,6,3,5,in
18350,9,2,9,2,in
18350,11,2,11,2,in
18351,16,2,16,2,in
18363,12,10,12,4,coming
18364,2,2,2,3,going
18364,2,4,2,3,coming
18364,4,2,4,3,going
18364,4,4,4,3,coming
18364,5,2,5,3,going
18364,5,4,5,3,coming
18364,8,2,8,3,going
18364,8,4,8,3,coming
18368,17,5,17,9,out
18368,17,7,17,9,in
18372,3,5,3,5,going
18372,3,7,3,5,coming
18378,9,1,9,2,going
18378,9,3,9,2,coming
18378,11,1,11,2,going
18378,11,3,11,2,coming
18379,16,1,16,2,going
18379,16,3,16,2,coming
18392,13,11,13,4,out
18395,13,10,13,4,in
18396,17,6,17,9,going
18396,17,8,17,9,coming
18404,14,3,14,8,out
18404,14,5,14,8,in
18405,1,2,1,5,out
18405,1,4,1,5,in
18409,13,11,13,4,coming
18412,13,10,13,4,going
18418,18,1,23,0,out
18418,18,3,23,0,in
18420,7,12,27,3,in
18422,10,4,20,2,out
18422,10,6,20,2,in
18425,6,3,28,5,out
18425,6,5,28,5,in
18432,14,4,14,8,going
18432,14,6,14,8,coming
18433,1,3,1,5,going
18433,1,5,1,5,coming
18438,19,0,19,5,going
18438,19,2,19,5,coming
18446,18,2,23,0,going
18446,18,4,23,0,coming
18448,7,13,27,3,coming
18450,10,5,20,2,going
18450,10,7,20,2,coming
18453,6,4,28,5,going
18453,6,6,28,5,coming
18463,12,10,12,4,in
18464,2,2,2,3,out
18464,2,4,2,3,in
18464,4,2,4,3,out
18464,4,4,4,3,in
18464,5,2,5,3,out
18464,5,4,5,3,in
18464,8,2,8,3,out
18464,8,4,8,3,in
18472,3,5,3,5,out
18472,3,7,3,5,in
18478,9,1,9,2,out
18478,9,3,9,2,in
18478,11,1,11,2,out
18478,11,3,11,2,in
18479,16,1,16,2,out
18479,16,3,16,2,in
18491,12,11,12,4,coming
18492,2,3,2,3,going
18492,2,5,2,3,coming
18492,4,3,4,3,going
18492,4,5,4,3,coming
18492,5,3,5,3,going
18492,5,5,5,3,coming
18492,8,3,8,3,going
18492,8,5,8,3,coming
18494,12,10,12,4,going
18494,14,5,14,8,going
18494,14,1,14,8,coming
18496,17,6,17,9,out
18496,17,8,17,9,in
18500,3,6,3,5,going
18500,3,8,3,5,coming
18506,9,2,9,2,going
18506,9,4,9,2,coming
18506,11,2,11,2,going
18506,11,4,11,2,coming
18507,16,2,16,2,going
18507,16,4,16,2,coming
18509,13,11,13,4,in
18509,13,11,13,4,going
18512,13,10,13,4,out
18512,13,10,13,4,coming
18524,17,7,17,9,going
18524,17,9,17,9,coming
18532,14,4,14,8,out
18532,14,6,14,8,in
18532,14,6,14,8,going
18533,1,3,1,5,out
18533,1,5,1,5,in
18538,19,0,19,5,out
18538,19,2,19,5,in
18546,18,2,23,0,out
18546,18,4,23,0,in
18548,7,13,27,3,in
18550,10,5,20,2,out
18550,10,7,20,2,in
18553,6,4,28,5,out
18553,6,6,28,5,in
18561,1,4,1,5,going
18561,1,6,1,5,coming
18566,19,1,19,5,going
18566,19,3,19,5,coming
18574,18,3,23,0,going
18574,18,5,23,0,coming
18576,7,12,27,3,going
18576,7,14,27,3,coming
18578,10,6,20,2,going
18578,10,8,20,2,coming
18581,6,5,28,5,going
18581,6,7,28,5,coming
18591,12,11,12,4,in
18591,12,11,12,4,going
18592,2,3,2,3,out
18592,2,5,2,3,in
18592,4,3,4,3,out
18592,4,5,4,3,in
18592,5,3,5,3,out
18592,5,5,5,3,in
18592,8,3,8,3,out
18592,8,5,8,3,in
18594,12,10,12,4,out
18594,14,1,14,8,in
18594,14,5,14,8,out
18594,12,10,12,4,coming
18600,3,6,3,5,out
18600,3,8,3,5,in
18606,9,2,9,2,out
18606,9,4,9,2,in
18606,11,2,11,2,out
18606,11,4,11,2,in
18607,16,2,16,2,out
18607,16,4,16,2,in
18609,13,11,13,4,out
18612,13,10,13,4,in
18620,2,4,2,3,going
18620,2,6,2,3,coming
18620,4,4,4,3,going
18620,4,6,4,3,coming
18620,5,4,5,3,going
18620,5,6,5,3,coming
18620,8,4,8,3,going
18620,8,6,8,3,coming
18622,14,2,14,8,coming
18624,17,7,17,9,out
18624,17,9,17,9,in
18626,13,11,13,4,coming
18628,3,7,3,5,going
18628,3,9,3,5,coming
18629,13,10,13,4,going
18632,14,6,14,8,out
18634,9,3,9,2,going
18634,9,5,9,2,coming
18634,11,3,11,2,going
18634,11,5,11,2,coming
18635,16,3,16,2,going
18635,16,5,16,2,coming
18638,15,6,21,8,coming
18652,17,8,17,9,going
18652,17,10,17,9,coming
18661,1,4,1,5,out
18661,1,6,1,5,in
18666,19,1,19,5,out
18666,19,3,19,5,in
18674,18,3,23,0,out
18674,18,5,23,0,in
18676,7,12,27,3,out
18676,7,14,27,3,in
18678,10,6,20,2,out
18678,10,8,20,2,in
18681,6,5,28,5,out
18681,6,7,28,5,in
18689,1,5,1,5,going
18689,1,7,1,5,coming
18691,12,11,12,4,out
18694,12,10,12,4,in
18694,19,2,19,5,going
18694,19,4,19,5,coming
18702,18,4,23,0,going
18702,18,6,23,0,coming
18704,7,13,27,3,going
18704,7,15,27,3,coming
18706,10,7,20,2,going
18706,10,9,20,2,coming
18708,12,11,12,4,coming
18709,6,6,28,5,going
18709,6,8,28,5,coming
18711,12,10,12,4,going
18720,2,4,2,3,out
18720,2,6,2,3,in
18720,4,4,4,3,out
18720,4,6,4,3,in
18720,5,4,5,3,out
18720,5,6,5,3,in
18720,8,4,8,3,out
18720,8,6,8,3,in
18722,14,2,14,8,in
18726,13,11,13,4,in
18726,13,11,13,4,going
18728,3,7,3,5,out
18728,3,9,3,5,in
18729,13,10,13,4,out
18729,13,10,13,4,coming
18734,9,3,9,2,out
18734,9,5,9,2,in
18734,11,3,11,2,out
18734,11,5,11,2,in
18735,16,3,16,2,out
18735,16,5,16,2,in
18738,15,6,21,8,in
18738,15,6,21,8,going
18748,2,5,2,3,going
18748,2,7,2,3,coming
18748,4,5,4,3,going
18748,4,7,4,3,coming
18748,5,5,5,3,going
18748,5,7,5,3,coming
18748,8,5,8,3,going
18748,8,7,8,3,coming
18750,14,1,14,8,going
18750,14,3,14,8,coming
18752,17,8,17,9,out
18752,17,10,17,9,in
18756,3,8,3,5,going
18756,3,10,3,5,coming
18762,9,4,9,2,going
18762,9,6,9,2,coming
18762,11,4,11,2,going
18762,11,6,11,2,coming
18763,16,4,16,2,going
18763,16,6,16,2,coming
18780,17,9,17,9,going
18780,17,11,17,9,coming
18789,1,5,1,5,out
18789,1,7,1,5,in
18794,19,2,19,5,out
18794,19,4,19,5,in
18802,18,4,23,0,out
18802,18,6,23,0,in
18804,7,13,27,3,out
18804,7,15,27,3,in
18806,10,7,20,2,out
18806,10,9,20,2,in
18808,12,11,12,4,in
18808,12,11,12,4,going
18809,6,6,28,5,out
18809,6,8,28,5,in
18811,12,10,12,4,out
18811,12,10,12,4,coming
18817,1,6,1,5,going
18817,1,8,1,5,coming
18822,19,3,19,5,going
18822,19,5,19,5,coming
18826,13,11,13,4,out
18829,13,10,13,4,in
18830,18,5,23,0,going
18830,18,7,23,0,coming
18832,7,14,27,3,going
18832,7,16,27,3,coming
18834,10,8,20,2,going
18834,10,10,20,2,coming
18837,6,7,28,5,going
18837,6,9,28,5,coming
18838,15,6,21,8,out
18843,13,11,13,4,coming
18846,13,10,13,4,going
18848,2,5,2,3,out
18848,2,7,2,3,in
18848,4,5,4,3,out
18848,4,7,4,3,in
18848,5,5,5,3,out
18848,5,7,5,3,in
18848,8,5,8,3,out
18848,8,7,8,3,in
18850,14,1,14,8,out
18850,14,3,14,8,in
18856,3,8,3,5,out
18856,3,10,3,5,in
18862,9,4,9,2,out
18862,9,6,9,2,in
18862,11,4,11,2,out
18862,11,6,11,2,in
18863,16,4,16,2,out
18863,16,6,16,2,in
18876,2,6,2,3,going
18876,2,8,2,3,coming
18876,4,6,4,3,going
18876,4,8,4,3,coming
18876,5,6,5,3,going
18876,5,8,5,3,coming
18876,8,6,8,3,going
18876,8,8,8,3,coming
18878,14,2,14,8,going
18878,14,4,14,8,coming
18880,17,9,17,9,out
18880,17,11,17,9,in
18884,3,9,3,5,going
18884,3,11,3,5,coming
18890,9,5,9,2,going
18890,9,7,9,2,coming
18890,11,5,11,2,going
18890,11,7,11,2,coming
18891,16,5,16,2,going
18891,16,7,16,2,coming
18908,12,11,12,4,out
18908,17,10,17,9,going
18908,17,12,17,9,coming
18911,12,10,12,4,in
18917,1,6,1,5,out
18917,1,8,1,5,in
18922,19,3,19,5,out
18922,19,5,19,5,in
18925,12,11,12,4,coming
18928,12,10,12,4,going
18930,18,5,23,0,out
18930,18,7,23,0,in
18932,7,14,27,3,out
18932,7,16,27,3,in
18934,10,8,20,2,out
18934,10,10,20,2,in
18937,6,7,28,5,out
18937,6,9,28,5,in
18943,13,11,13,4,in
18943,13,11,13,4,going
18945,1,7,1,5,going
18945,1,9,1,5,coming
18946,13,10,13,4,out
18946,13,10,13,4,coming
18950,19,4,19,5,going
18950,19,6,19,5,coming
18958,18,6,23,0,going
18958,18,8,23,0,coming
18960,7,15,27,3,going
18960,7,17,27,3,coming
18962,10,9,20,2,going
18962,10,11,20,2,coming
18965,6,8,28,5,going
18976,2,6,2,3,out
18976,2,8,2,3,in
18976,4,6,4,3,out
18976,4,8,4,3,in
18976,5,6,5,3,out
18976,5,8,5,3,in
18976,8,6,8,3,out
18976,8,8,8,3,in
18978,14,2,14,8,out
18978,14,4,14,8,in
18984,3,9,3,5,out
18984,3,11,3,5,in
18990,9,5,9,2,out
18990,9,7,9,2,in
18990,11,5,11,2,out
18990,11,7,11,2,in
18991,16,5,16,2,out
18991,16,7,16,2,in
19002,17,11,17,9,going
19002,17,1,17,9,coming
19004,2,7,2,3,going
19004,2,9,2,3,coming
19004,4,7,4,3,going
19004,4,9,4,3,coming
19004,5,7,5,3,going
19004,5,9,5,3,coming
19004,8,7,8,3,going
19004,8,9,8,3,coming
19006,14,3,14,8,going
19006,14,5,14,8,coming
19008,17,10,17,9,out
19008,17,12,17,9,in
19008,17,12,17,9,going
19012,3,10,3,5,going
19012,3,12,3,5,coming
19018,9,6,9,2,going
19018,9,8,9,2,coming
19018,11,6,11,2,going
19018,11,8,11,2,coming
19019,16,6,16,2,going
19019,16,8,16,2,coming
19025,12,11,12,4,in
19025,12,11,12,4,going
19028,12,10,12,4,out
19028,12,10,12,4,coming
19042,7,16,27,3,going
19042,7,1,27,3,coming
19043,13,11,13,4,out
19045,1,7,1,5,out
19045,1,9,1,5,in
19046,13,10,13,4,in
19050,19,4,19,5,out
19050,19,6,19,5,in
19058,18,6,23,0,out
19058,18,8,23,0,in
19060,7,15,27,3,out
19060,7,17,27,3,in
19060,7,17,27,3,going
19060,13,11,13,4,coming
19062,10,9,20,2,out
19062,10,11,20,2,in
19063,13,10,13,4,going
19065,6,8,28,5,out
19073,1,8,1,5,going
19073,1,10,1,5,coming
19078,19,5,19,5,going
19078,19,7,19,5,coming
19086,18,7,23,0,going
19086,18,9,23,0,coming
19090,10,10,20,2,going
19090,10,12,20,2,coming
19093,6,9,28,5,going
19102,17,1,17,9,in
19102,17,11,17,9,out
19104,2,7,2,3,out
19104,2,9,2,3,in
19104,4,7,4,3,out
19104,4,9,4,3,in
19104,5,7,5,3,out
19104,5,9,5,3,in
19104,8,7,8,3,out
19104,8,9,8,3,in
19106,14,3,14,8,out
19106,14,5,14,8,in
19108,17,12,17,9,out
19112,3,10,3,5,out
19112,3,12,3,5,in
19112,10,11,20,2,going
19112,10,1,20,2,coming
19118,9,6,9,2,out
19118,9,8,9,2,in
19118,11,6,11,2,out
19118,11,8,11,2,in
19119,16,6,16,2,out
19119,16,8,16,2,in
19125,12,11,12,4,out
19128,12,10,12,4,in
19130,17,2,17,9,coming
19132,2,8,2,3,going
19132,2,10,2,3,coming
19132,4,8,4,3,going
19132,4,10,4,3,coming
19132,5,8,5,3,going
19132,5,10,5,3,coming
19132,8,8,8,3,going
19132,8,10,8,3,coming
19134,14,4,14,8,going
19134,14,6,14,8,coming
19140,3,11,3,5,going
19140,3,13,3,5,coming
19142,7,1,27,3,in
19142,7,16,27,3,out
19142,12,11,12,4,coming
19145,12,10,12,4,going
19146,9,7,9,2,going
19146,9,9,9,2,coming
19146,11,7,11,2,going
19146,11,9,11,2,coming
19147,16,7,16,2,going
19147,16,9,16,2,coming
19160,7,17,27,3,out
19160,13,11,13,4,in
19160,13,11,13,4,going
19163,13,10,13,4,out
19163,13,10,13,4,coming
19170,7,2,27,3,coming
19173,1,8,1,5,out
19173,1,10,1,5,in
19178,19,5,19,5,out
19178,19,7,19,5,in
19186,18,7,23,0,out
19186,18,9,23,0,in
19190,10,10,20,2,out
19190,10,12,20,2,in
19190,10,12,20,2,going
19193,6,9,28,5,out
19196,14,5,14,8,going
19196,14,1,14,8,coming
19201,1,9,1,5,going
19201,1,11,1,5,coming
19206,19,6,19,5,going
19206,19,8,19,5,coming
19212,10,1,20,2,in
19212,10,11,20,2,out
19214,18,8,23,0,going
19221,6,12,28,5,coming
19228,0,1,25,4,coming
19230,17,2,17,9,in
19232,2,8,2,3,out
19232,2,10,2,3,in
19232,4,8,4,3,out
19232,4,10,4,3,in
19232,5,8,5,3,out
19232,5,10,5,3,in
19232,8,8,8,3,out
19232,8,10,8,3,in
19234,14,4,14,8,out
19234,14,6,14,8,in
19234,14,6,14,8,going
19240,3,11,3,5,out
19240,3,13,3,5,in
19240,10,2,20,2,coming
19242,12,11,12,4,in
19242,12,11,12,4,going
19245,12,10,12,4,out
19245,12,10,12,4,coming
19246,9,7,9,2,out
19246,9,9,9,2,in
19246,11,7,11,2,out
19246,11,9,11,2,in
19247,16,7,16,2,out
19247,16,9,16,2,in
19258,17,1,17,9,going
19258,17,3,17,9,coming
19260,13,11,13,4,out
19260,2,9,2,3,going
19260,2,11,2,3,coming
19260,4,9,4,3,going
19260,4,11,4,3,coming
19260,5,9,5,3,going
19260,5,11,5,3,coming
19260,8,9,8,3,going
19260,8,11,8,3,coming
19263,13,10,13,4,in
19268,3,12,3,5,going
19268,3,14,3,5,coming
19270,7,2,27,3,in
19274,9,8,9,2,going
19274,9,10,9,2,coming
19274,11,8,11,2,going
19274,11,10,11,2,coming
19275,16,8,16,2,going
19275,16,10,16,2,coming
19277,13,11,13,4,coming
19280,13,10,13,4,going
19290,10,12,20,2,out
19296,14,1,14,8,in
19296,14,5,14,8,out
19298,7,1,27,3,going
19298,7,3,27,3,coming
19301,1,9,1,5,out
19301,1,11,1,5,in
19306,19,6,19,5,out
19306,19,8,19,5,in
19314,18,8,23,0,out
19321,6,12,28,5,in
19324,14,2,14,8,coming
19328,0,1,25,4,in
19329,1,10,1,5,going
19329,1,12,1,5,coming
19334,14,6,14,8,out
19334,19,7,19,5,going
19334,19,9,19,5,coming
19340,10,2,20,2,in
19340,15,6,21,8,coming
19342,12,11,12,4,out
19342,18,9,23,0,going
19345,12,10,12,4,in
19349,6,13,28,5,coming
19356,0,2,25,4,coming
19358,17,1,17,9,out
19358,17,3,17,9,in
19359,12,11,12,4,coming
19360,2,9,2,3,out
19360,2,11,2,3,in
19360,4,9,4,3,out
19360,4,11,4,3,in
19360,5,9,5,3,out
19360,5,11,5,3,in
19360,8,9,8,3,out
19360,8,11,8,3,in
19362,12,10,12,4,going
19364,18,12,23,0,coming
19365,18,1,23,0,coming
19368,3,12,3,5,out
19368,3,14,3,5,in
19368,10,1,20,2,going
19368,10,3,20,2,coming
19374,9,8,9,2,out
19374,9,10,9,2,in
19374,11,8,11,2,out
19374,11,10,11,2,in
19375,16,8,16,2,out
19375,16,10,16,2,in
19377,13,11,13,4,in
19377,13,11,13,4,going
19380,13,10,13,4,out
19380,13,10,13,4,coming
19386,17,2,17,9,going
19386,17,4,17,9,coming
19388,2,10,2,3,going
19388,2,12,2,3,coming
19388,4,10,4,3,going
19388,4,12,4,3,coming
19388,5,10,5,3,going
19388,5,12,5,3,coming
19388,8,10,8,3,going
19388,8,12,8,3,coming
19396,3,13,3,5,going
19396,3,15,3,5,coming
19398,7,1,27,3,out
19398,7,3,27,3,in
19402,9,9,9,2,going
19402,9,11,9,2,coming
19402,11,9,11,2,going
19402,11,11,11,2,coming
19403,16,9,16,2,going
19403,16,11,16,2,coming
19424,14,2,14,8,in
19426,7,2,27,3,going
19426,7,4,27,3,coming
19429,1,10,1,5,out
19429,1,12,1,5,in
19434,19,7,19,5,out
19434,19,9,19,5,in
19440,15,6,21,8,in
19440,15,6,21,8,going
19442,18,9,23,0,out
19449,6,13,28,5,in
19452,14,1,14,8,going
19452,14,3,14,8,coming
19456,0,2,25,4,in
19457,1,11,1,5,going
19457,1,13,1,5,coming
19459,12,11,12,4,in
19459,12,11,12,4,going
19462,12,10,12,4,out
19462,12,10,12,4,coming
19462,19,8,19,5,going
19462,19,10,19,5,coming
19464,18,12,23,0,in
19464,18,12,23,0,going
19465,18,1,23,0,in
19468,10,1,20,2,out
19468,10,3,20,2,in
19477,13,11,13,4,out
19477,6,12,28,5,going
19477,6,14,28,5,coming
19480,13,10,13,4,in
19484,0,1,25,4,going
19484,0,3,25,4,coming
19486,17,2,17,9,out
19486,17,4,17,9,in
19488,2,10,2,3,out
19488,2,12,2,3,in
19488,4,10,4,3,out
19488,4,12,4,3,in
19488,5,10,5,3,out
19488,5,12,5,3,in
19488,8,10,8,3,out
19488,8,12,8,3,in
19493,18,2,23,0,coming
19494,13,11,13,4,coming
19496,3,13,3,5,out
19496,3,15,3,5,in
19496,10,2,20,2,going
19496,10,4,20,2,coming
19498,13,10,13,4,going
19498,13,0,13,4,coming
19498,13,1,13,4,coming
19502,9,9,9,2,out
19502,9,11,9,2,in
19502,11,9,11,2,out
19502,11,11,11,2,in
19503,16,9,16,2,out
19503,16,11,16,2,in
19514,17,3,17,9,going
19514,17,5,17,9,coming
19516,2,11,2,3,going
19516,2,13,2,3,coming
19516,4,11,4,3,going
19516,4,13,4,3,coming
19516,5,11,5,3,going
19516,5,13,5,3,coming
19516,8,11,8,3,going
19516,8,13,8,3,coming
19524,3,14,3,5,going
19526,7,2,27,3,out
19526,7,4,27,3,in
19530,9,10,9,2,going
19530,9,12,9,2,coming
19530,11,10,11,2,going
19530,11,12,11,2,coming
19531,16,10,16,2,going
19531,16,12,16,2,coming
19540,15,6,21,8,out
19552,14,1,14,8,out
19552,14,3,14,8,in
19552,9,11,9,2,going
19552,9,1,9,2,coming
19552,11,11,11,2,going
19552,11,1,11,2,coming
19553,16,11,16,2,going
19553,16,1,16,2,coming
19554,7,3,27,3,going
19557,1,11,1,5,out
19557,1,13,1,5,in
19557,7,5,27,3,coming
19559,12,11,12,4,out
19562,12,10,12,4,in
19562,19,8,19,5,out
19562,19,10,19,5,in
19564,18,12,23,0,out
19576,12,11,12,4,coming
19577,6,12,28,5,out
19577,6,14,28,5,in
19579,12,10,12,4,going
19580,14,2,14,8,going
19580,14,4,14,8,coming
19584,0,1,25,4,out
19584,0,3,25,4,in
19585,1,12,1,5,going
19585,1,14,1,5,coming
19590,19,9,19,5,going
19590,19,11,19,5,coming
19593,18,2,23,0,in
19594,13,11,13,4,in
19594,13,11,13,4,going
19596,10,2,20,2,out
19596,10,4,20,2,in
19598,13,0,13,4,in
19598,13,1,13,4,in
19598,13,10,13,4,out
19605,6,13,28,5,going
19605,6,15,28,5,coming
19612,0,2,25,4,going
19612,0,4,25,4,coming
19614,17,3,17,9,out
19614,17,5,17,9,in
19616,2,11,2,3,out
19616,2,13,2,3,in
19616,4,11,4,3,out
19616,4,13,4,3,in
19616,5,11,5,3,out
19616,5,13,5,3,in
19616,8,11,8,3,out
19616,8,13,8,3,in
19621,18,1,23,0,going
19621,18,3,23,0,coming
19624,3,14,3,5,out
19624,10,3,20,2,going
19624,10,5,20,2,coming
19630,9,10,9,2,out
19630,9,12,9,2,in
19630,11,10,11,2,out
19630,11,12,11,2,in
19630,9,12,9,2,going
19630,11,12,11,2,going
19631,16,10,16,2,out
19631,16,12,16,2,in
19631,16,12,16,2,going
19642,17,4,17,9,going
19642,17,6,17,9,coming
19644,2,12,2,3,going
19644,2,14,2,3,coming
19644,4,12,4,3,going
19644,4,14,4,3,coming
19644,5,12,5,3,going
19644,5,14,5,3,coming
19644,8,12,8,3,going
19644,8,14,8,3,coming
19652,9,1,9,2,in
19652,9,11,9,2,out
19652,11,1,11,2,in
19652,11,11,11,2,out
19652,3,15,3,5,going
19653,16,1,16,2,in
19653,16,11,16,2,out
19654,7,3,27,3,out
19657,7,5,27,3,in
19676,12,11,12,4,in
19676,12,11,12,4,going
19679,12,10,12,4,out
19679,12,10,12,4,coming
19680,14,2,14,8,out
19680,14,4,14,8,in
19680,9,2,9,2,coming
19680,11,2,11,2,coming
19681,16,2,16,2,coming
19682,7,4,27,3,going
19682,7,6,27,3,coming
19685,1,12,1,5,out
19685,1,14,1,5,in
19690,19,9,19,5,out
19690,19,11,19,5,in
19694,13,11,13,4,out
19705,6,13,28,5,out
19705,6,15,28,5,in
19708,14,3,14,8,going
19708,14,5,14,8,coming
19712,0,2,25,4,out
19712,0,4,25,4,in
19713,1,13,1,5,going
19713,1,15,1,5,coming
19718,19,10,19,5,going
19718,19,12,19,5,coming
19721,18,1,23,0,out
19721,18,3,23,0,in
19724,10,3,20,2,out
19724,10,5,20,2,in
19726,13,0,13,4,going
19726,13,2,13,4,coming
19730,9,12,9,2,out
19730,11,12,11,2,out
19731,16,12,16,2,out
19733,6,14,28,5,going
19733,6,16,28,5,coming
19740,0,3,25,4,going
19740,0,5,25,4,coming
19742,17,4,17,9,out
19742,17,6,17,9,in
19744,2,12,2,3,out
19744,2,14,2,3,in
19744,4,12,4,3,out
19744,4,14,4,3,in
19744,5,12,5,3,out
19744,5,14,5,3,in
19744,8,12,8,3,out
19744,8,14,8,3,in
19749,18,2,23,0,going
19749,18,4,23,0,coming
19752,3,15,3,5,out
19752,10,4,20,2,going
19752,10,6,20,2,coming
19770,17,5,17,9,going
19770,17,7,17,9,coming
19772,2,13,2,3,going
19772,2,15,2,3,coming
19772,4,13,4,3,going
19772,4,15,4,3,coming
19772,5,13,5,3,going
19772,5,15,5,3,coming
19772,8,13,8,3,going
19772,8,15,8,3,coming
19776,12,11,12,4,out
19779,12,10,12,4,in
19780,9,2,9,2,in
19780,11,2,11,2,in
19781,16,2,16,2,in
19782,7,4,27,3,out
19782,7,6,27,3,in
19793,12,11,12,4,coming
19796,12,10,12,4,going
19808,14,3,14,8,out
19808,14,5,14,8,in
19808,9,1,9,2,going
19808,9,3,9,2,coming
19808,11,1,11,2,going
19808,11,3,11,2,coming
19809,16,1,16,2,going
19809,16,3,16,2,coming
19810,7,5,27,3,going
19810,7,7,27,3,coming
19813,1,13,1,5,out
19813,1,15,1,5,in
19818,19,10,19,5,out
19818,19,12,19,5,in
19826,13,0,13,4,out
19826,13,2,13,4,in
19833,6,14,28,5,out
19833,6,16,28,5,in
19836,14,4,14,8,going
19836,14,6,14,8,coming
19840,0,3,25,4,out
19840,0,5,25,4,in
19841,1,14,1,5,going
19846,19,11,19,5,going
19846,19,13,19,5,coming
19849,18,2,23,0,out
19849,18,4,23,0,in
19852,10,4,20,2,out
19852,10,6,20,2,in
19854,13,1,13,4,going
19854,13,3,13,4,coming
19861,6,15,28,5,going
19861,6,17,28,5,coming
19866,18,3,23,0,going
19866,18,4,23,0,going
19868,0,4,25,4,going
19868,0,6,25,4,coming
19870,17,5,17,9,out
19870,17,7,17,9,in
19872,2,13,2,3,out
19872,2,15,2,3,in
19872,4,13,4,3,out
19872,4,15,4,3,in
19872,5,13,5,3,out
19872,5,15,5,3,in
19872,8,13,8,3,out
19872,8,15,8,3,in
19872,18,12,23,0,coming
19880,10,5,20,2,going
19880,10,7,20,2,coming
19893,12,11,12,4,in
19893,12,11,12,4,going
19896,12,10,12,4,out
19896,12,10,12,4,coming
19898,14,5,14,8,going
19898,14,1,14,8,coming
19898,17,6,17,9,going
19898,17,8,17,9,coming
19898,18,1,23,0,coming
19900,2,14,2,3,going
19900,2,16,2,3,coming
19900,4,14,4,3,going
19900,4,16,4,3,coming
19900,5,14,5,3,going
19900,5,16,5,3,coming
19900,8,14,8,3,going
19900,8,16,8,3,coming
19908,9,1,9,2,out
19908,9,3,9,2,in
19908,11,1,11,2,out
19908,11,3,11,2,in
19908,3,19,3,5,coming
19909,16,1,16,2,out
19909,16,3,16,2,in
19910,7,5,27,3,out
19910,7,7,27,3,in
19936,14,4,14,8,out
19936,14,6,14,8,in
19936,9,2,9,2,going
19936,9,4,9,2,coming
19936,11,2,11,2,going
19936,11,4,11,2,coming
19936,14,6,14,8,going
19937,16,2,16,2,going
19937,16,4,16,2,coming
19938,7,6,27,3,going
19938,7,8,27,3,coming
19941,1,14,1,5,out
19946,19,11,19,5,out
19946,19,13,19,5,in
19954,13,1,13,4,out
19954,13,3,13,4,in
19961,6,15,28,5,out
19961,6,17,28,5,in
19966,18,3,23,0,out
19966,18,4,23,0,out
19968,0,4,25,4,out
19968,0,6,25,4,in
19969,1,15,1,5,going
19972,18,12,23,0,in
19972,18,12,23,0,going
19974,19,12,19,5,going
19974,19,14,19,5,coming
19980,10,5,20,2,out
19980,10,7,20,2,in
19982,13,2,13,4,going
19982,13,4,13,4,coming
19989,6,16,28,5,going
19989,6,18,28,5,coming
19993,12,11,12,4,out
19996,12,10,12,4,in
19996,0,5,25,4,going
19996,0,7,25,4,coming
19998,14,1,14,8,in
19998,14,5,14,8,out
19998,17,6,17,9,out
19998,17,8,17,9,in
19998,18,1,23,0,in
20000,2,14,2,3,out
20000,2,16,2,3,in
20000,4,14,4,3,out
20000,4,16,4,3,in
20000,5,14,5,3,out
20000,5,16,5,3,in
20000,8,14,8,3,out
20000,8,16,8,3,in
20008,3,19,3,5,in
20008,10,6,20,2,going
20008,10,8,20,2,coming
20010,12,11,12,4,coming
20013,12,10,12,4,going
20026,14,2,14,8,coming
20026,17,7,17,9,going
20026,17,9,17,9,coming
20026,18,2,23,0,coming
20028,2,15,2,3,going
20028,2,17,2,3,coming
20028,4,15,4,3,going
20028,4,17,4,3,coming
20028,5,15,5,3,going
20028,5,17,5,3,coming
20028,8,15,8,3,going
20028,8,17,8,3,coming
20036,9,2,9,2,out
20036,9,4,9,2,in
20036,11,2,11,2,out
20036,11,4,11,2,in
20036,14,6,14,8,out
20037,16,2,16,2,out
20037,16,4,16,2,in
20038,7,6,27,3,out
20038,7,8,27,3,in
20042,15,6,21,8,coming
20064,9,3,9,2,going
20064,9,5,9,2,coming
20064,11,3,11,2,going
20064,11,5,11,2,coming
20065,16,3,16,2,going
20065,16,5,16,2,coming
20066,7,7,27,3,going
20066,7,9,27,3,coming
20069,1,15,1,5,out
20072,18,12,23,0,out
20074,19,12,19,5,out
20074,19,14,19,5,in
20082,13,2,13,4,out
20082,13,4,13,4,in
20087,3,19,3,5,going
20089,6,16,28,5,out
20089,6,18,28,5,in
20096,0,5,25,4,out
20096,0,7,25,4,in
20102,19,13,19,5,going
20102,19,15,19,5,coming
20108,10,6,20,2,out
20108,10,8,20,2,in
20110,12,11,12,4,in
20110,2,16,2,3,going
20110,2,1,2,3,coming
20110,4,16,4,3,going
20110,4,1,4,3,coming
20110,5,16,5,3,going
20110,5,1,5,3,coming
20110,8,16,8,3,going
20110,8,1,8,3,coming
20110,12,11,12,4,going
20110,13,3,13,4,going
20110,13,5,13,4,coming
20113,12,10,12,4,out
20113,12,10,12,4,coming
20117,6,17,28,5,going
20117,6,19,28,5,coming
20124,0,6,25,4,going
20126,14,2,14,8,in
20126,17,7,17,9,out
20126,17,9,17,9,in
20126,18,2,23,0,in
20128,2,15,2,3,out
20128,2,17,2,3,in
20128,4,15,4,3,out
20128,4,17,4,3,in
20128,5,15,5,3,out
20128,5,17,5,3,in
20128,8,15,8,3,out
20128,8,17,8,3,in
20128,2,17,2,3,going
20128,4,17,4,3,going
20128,5,17,5,3,going
20128,8,17,8,3,going
20136,10,7,20,2,going
20136,10,9,20,2,coming
20142,15,6,21,8,in
20142,15,6,21,8,going
20154,14,1,14,8,going
20154,14,3,14,8,coming
20154,17,8,17,9,going
20154,17,10,17,9,coming
20154,18,1,23,0,going
20154,18,3,23,0,coming
20164,9,3,9,2,out
20164,9,5,9,2,in
20164,11,3,11,2,out
20164,11,5,11,2,in
20165,16,3,16,2,out
20165,16,5,16,2,in
20166,7,7,27,3,out
20166,7,9,27,3,in
20187,3,19,3,5,out
20192,9,4,9,2,going
20192,9,6,9,2,coming
20192,11,4,11,2,going
20192,11,6,11,2,coming
20193,16,4,16,2,going
20193,16,6,16,2,coming
20194,7,8,27,3,going
20202,19,13,19,5,out
20202,19,15,19,5,in
20210,2,1,2,3,in
20210,2,16,2,3,out
20210,4,1,4,3,in
20210,4,16,4,3,out
20210,5,1,5,3,in
20210,5,16,5,3,out
20210,8,1,8,3,in
20210,8,16,8,3,out
20210,12,11,12,4,out
20210,13,3,13,4,out
20210,13,5,13,4,in
20213,12,10,12,4,in
20217,6,17,28,5,out
20217,6,19,28,5,in
20224,0,6,25,4,out
20225,1,19,1,5,coming
20225,3,19,3,5,coming
20227,12,11,12,4,coming
20228,2,17,2,3,out
20228,4,17,4,3,out
20228,5,17,5,3,out
20228,8,17,8,3,out
20230,12,10,12,4,going
20230,19,14,19,5,going
20236,10,7,20,2,out
20236,10,9,20,2,in
20238,2,2,2,3,coming
20238,4,2,4,3,coming
20238,5,2,5,3,coming
20238,8,2,8,3,coming
20238,13,4,13,4,going
20238,13,6,13,4,coming
20242,15,6,21,8,out
20245,6,18,28,5,going
20252,0,7,25,4,going
20254,14,1,14,8,out
20254,14,3,14,8,in
20254,17,8,17,9,out
20254,17,10,17,9,in
20254,18,1,23,0,out
20254,18,3,23,0,in
20264,10,8,20,2,going
20264,10,10,20,2,coming
20282,14,2,14,8,going
20282,14,4,14,8,coming
20282,17,9,17,9,going
20282,17,11,17,9,coming
20282,18,2,23,0,going
20282,18,4,23,0,coming
20292,9,4,9,2,out
20292,9,6,9,2,in
20292,11,4,11,2,out
20292,11,6,11,2,in
20293,16,4,16,2,out
20293,16,6,16,2,in
20294,7,8,27,3,out
20296,6,19,28,5,going
20296,6,16,28,5,coming
20296,6,17,28,5,coming
20320,9,5,9,2,going
20320,9,7,9,2,coming
20320,11,5,11,2,going
20320,11,7,11,2,coming
20321,16,5,16,2,going
20321,16,7,16,2,coming
20322,7,9,27,3,going
20325,1,19,1,5,in
20325,3,19,3,5,in
20327,12,11,12,4,in
20327,12,11,12,4,going
20330,12,10,12,4,out
20330,19,14,19,5,out
20330,12,10,12,4,coming
20338,2,2,2,3,in
20338,4,2,4,3,in
20338,5,2,5,3,in
20338,8,2,8,3,in
20338,13,4,13,4,out
20338,13,6,13,4,in
20345,6,18,28,5,out
20352,0,7,25,4,out
20358,19,15,19,5,going
20364,10,8,20,2,out
20364,10,10,20,2,in
20366,2,1,2,3,going
20366,2,3,2,3,coming
20366,4,1,4,3,going
20366,4,3,4,3,coming
20366,5,1,5,3,going
20366,5,3,5,3,coming
20366,8,1,8,3,going
20366,8,3,8,3,coming
20366,13,5,13,4,going
20366,13,7,13,4,coming
20382,14,2,14,8,out
20382,14,4,14,8,in
20382,17,9,17,9,out
20382,17,11,17,9,in
20382,18,2,23,0,out
20382,18,4,23,0,in
20392,10,9,20,2,going
20392,10,11,20,2,coming
20396,6,16,28,5,in
20396,6,17,28,5,in
20396,6,19,28,5,out
20399,18,3,23,0,going
20399,18,4,23,0,going
20404,1,19,1,5,going
20404,3,19,3,5,going
20405,18,12,23,0,coming
20406,6,16,28,5,going
20406,6,18,28,5,coming
20410,14,3,14,8,going
20410,14,5,14,8,coming
20410,17,10,17,9,going
20410,17,12,17,9,coming
20420,9,5,9,2,out
20420,9,7,9,2,in
20420,11,5,11,2,out
20420,11,7,11,2,in
20421,16,5,16,2,out
20421,16,7,16,2,in
20422,7,9,27,3,out
20427,12,11,12,4,out
20430,12,10,12,4,in
20431,18,1,23,0,coming
20444,12,11,12,4,coming
20447,12,10,12,4,going
20448,9,6,9,2,going
20448,9,8,9,2,coming
20448,11,6,11,2,going
20448,11,8,11,2,coming
20449,16,6,16,2,going
20449,16,8,16,2,coming
20450,7,12,27,3,coming
20458,19,15,19,5,out
20466,2,1,2,3,out
20466,2,3,2,3,in
20466,4,1,4,3,out
20466,4,3,4,3,in
20466,5,1,5,3,out
20466,5,3,5,3,in
20466,8,1,8,3,out
20466,8,3,8,3,in
20466,13,5,13,4,out
20466,13,7,13,4,in
20492,10,9,20,2,out
20492,10,11,20,2,in
20494,2,2,2,3,going
20494,2,4,2,3,coming
20494,4,2,4,3,going
20494,4,4,4,3,coming
20494,5,2,5,3,going
20494,5,4,5,3,coming
20494,8,2,8,3,going
20494,8,4,8,3,coming
20494,13,6,13,4,going
20499,18,3,23,0,out
20499,18,4,23,0,out
20504,1,19,1,5,out
20504,3,19,3,5,out
20504,17,11,17,9,going
20504,17,1,17,9,coming
20505,18,12,23,0,in
20505,18,12,23,0,going
20506,6,16,28,5,out
20506,6,18,28,5,in
20510,14,3,14,8,out
20510,14,5,14,8,in
20510,17,10,17,9,out
20510,17,12,17,9,in
20510,17,12,17,9,going
20520,10,10,20,2,going
20520,10,12,20,2,coming
20531,18,1,23,0,in
20534,6,17,28,5,going
20534,6,19,28,5,coming
20538,14,4,14,8,going
20538,14,6,14,8,coming
20542,1,19,1,5,coming
20542,3,19,3,5,coming
20542,10,11,20,2,going
20542,10,1,20,2,coming
20544,12,11,12,4,in
20544,12,11,12,4,going
20547,12,10,12,4,out
20547,12,10,12,4,coming
20548,9,6,9,2,out
20548,9,8,9,2,in
20548,11,6,11,2,out
20548,11,8,11,2,in
20549,16,6,16,2,out
20549,16,8,16,2,in
20550,7,12,27,3,in
20559,18,2,23,0,coming
20576,9,7,9,2,going
20576,9,9,9,2,coming
20576,11,7,11,2,going
20576,11,9,11,2,coming
20577,16,7,16,2,going
20577,16,9,16,2,coming
20578,7,13,27,3,coming
20594,2,2,2,3,out
20594,2,4,2,3,in
20594,4,2,4,3,out
20594,4,4,4,3,in
20594,5,2,5,3,out
20594,5,4,5,3,in
20594,8,2,8,3,out
20594,8,4,8,3,in
20594,13,6,13,4,out
20600,14,5,14,8,going
20600,14,1,14,8,coming
20604,17,1,17,9,in
20604,17,11,17,9,out
20605,18,12,23,0,out
20610,17,12,17,9,out
20614,19,19,19,5,coming
20620,10,10,20,2,out
20620,10,12,20,2,in
20620,10,12,20,2,going
20622,2,3,2,3,going
20622,2,5,2,3,coming
20622,4,3,4,3,going
20622,4,5,4,3,coming
20622,5,3,5,3,going
20622,5,5,5,3,coming
20622,8,3,8,3,going
20622,8,5,8,3,coming
20622,13,7,13,4,going
20632,17,2,17,9,coming
20634,6,17,28,5,out
20634,6,19,28,5,in
20638,14,4,14,8,out
20638,14,6,14,8,in
20638,14,6,14,8,going
20642,1,19,1,5,in
20642,3,19,3,5,in
20642,10,1,20,2,in
20642,10,11,20,2,out
20644,12,11,12,4,out
20647,12,10,12,4,in
20659,18,2,23,0,in
20661,12,11,12,4,coming
20662,6,18,28,5,going
20665,12,10,12,4,going
20665,12,0,12,4,coming
20665,12,1,12,4,coming
20670,10,2,20,2,coming
20676,9,7,9,2,out
20676,9,9,9,2,in
20676,11,7,11,2,out
20676,11,9,11,2,in
20677,16,7,16,2,out
20677,16,9,16,2,in
20678,7,13,27,3,in
20687,18,1,23,0,going
20687,18,3,23,0,coming
20700,14,1,14,8,in
20700,14,5,14,8,out
20704,9,8,9,2,going
20704,9,10,9,2,coming
20704,11,8,11,2,going
20704,11,10,11,2,coming
20705,16,8,16,2,going
20705,16,10,16,2,coming
20706,7,12,27,3,going
20706,7,14,27,3,coming
20713,6,19,28,5,going
20713,6,16,28,5,coming
20713,6,17,28,5,coming
20714,19,19,19,5,in
20720,10,12,20,2,out
20721,1,19,1,5,going
20721,3,19,3,5,going
20722,2,3,2,3,out
20722,2,5,2,3,in
20722,4,3,4,3,out
20722,4,5,4,3,in
20722,5,3,5,3,out
20722,5,5,5,3,in
20722,8,3,8,3,out
20722,8,5,8,3,in
20722,13,7,13,4,out
20728,14,2,14,8,coming
20732,17,2,17,9,in
20738,14,6,14,8,out
20744,15,6,21,8,coming
20750,2,4,2,3,going
20750,2,6,2,3,coming
20750,4,4,4,3,going
20750,4,6,4,3,coming
20750,5,4,5,3,going
20750,5,6,5,3,coming
20750,8,4,8,3,going
20750,8,6,8,3,coming
20750,13,10,13,4,coming
20760,17,1,17,9,going
20760,17,3,17,9,coming
20761,12,11,12,4,in
20761,12,11,12,4,going
20762,6,18,28,5,out
20765,12,0,12,4,in
20765,12,1,12,4,in
20765,12,10,12,4,out
20770,10,2,20,2,in
20787,18,1,23,0,out
20787,18,3,23,0,in
20793,19,19,19,5,going
20798,10,1,20,2,going
20798,10,3,20,2,coming
20804,9,8,9,2,out
20804,9,10,9,2,in
20804,11,8,11,2,out
20804,11,10,11,2,in
20805,16,8,16,2,out
20805,16,10,16,2,in
20806,7,12,27,3,out
20806,7,14,27,3,in
20813,6,16,28,5,in
20813,6,17,28,5,in
20813,6,19,28,5,out
20815,18,2,23,0,going
20815,18,4,23,0,coming
20821,1,19,1,5,out
20821,3,19,3,5,out
20823,6,18,28,5,coming
20828,14,2,14,8,in
20832,9,9,9,2,going
20832,9,11,9,2,coming
20832,11,9,11,2,going
20832,11,11,11,2,coming
20833,16,9,16,2,going
20833,16,11,16,2,coming
20834,7,13,27,3,going
20834,7,15,27,3,coming
20844,15,6,21,8,in
20844,15,6,21,8,going
20850,2,4,2,3,out
20850,2,6,2,3,in
20850,4,4,4,3,out
20850,4,6,4,3,in
20850,5,4,5,3,out
20850,5,6,5,3,in
20850,8,4,8,3,out
20850,8,6,8,3,in
20850,13,10,13,4,in
20856,14,1,14,8,going
20856,14,3,14,8,coming
20859,1,19,1,5,coming
20859,3,19,3,5,coming
20860,17,1,17,9,out
20860,17,3,17,9,in
20861,12,11,12,4,out
20878,2,5,2,3,going
20878,2,7,2,3,coming
20878,4,5,4,3,going
20878,4,7,4,3,coming
20878,5,5,5,3,going
20878,5,7,5,3,coming
20878,8,5,8,3,going
20878,8,7,8,3,coming
20878,13,11,13,4,coming
20881,13,10,13,4,going
20888,17,2,17,9,going
20888,17,4,17,9,coming
20893,19,19,19,5,out
20893,12,0,12,4,going
20893,12,2,12,4,coming
20898,10,1,20,2,out
20898,10,3,20,2,in
20915,18,2,23,0,out
20915,18,4,23,0,in
20923,6,18,28,5,in
20926,10,2,20,2,going
20926,10,4,20,2,coming
20931,19,19,19,5,coming
20932,9,9,9,2,out
20932,9,11,9,2,in
20932,11,9,11,2,out
20932,11,11,11,2,in
20932,18,3,23,0,going
20932,18,4,23,0,going
20933,16,9,16,2,out
20933,16,11,16,2,in
20934,7,13,27,3,out
20934,7,15,27,3,in
20938,18,12,23,0,coming
20944,15,6,21,8,out
20951,6,17,28,5,going
20951,6,19,28,5,coming
20956,14,1,14,8,out
20956,14,3,14,8,in
20959,1,19,1,5,in
20959,3,19,3,5,in
20960,9,10,9,2,going
20960,9,12,9,2,coming
20960,11,10,11,2,going
20960,11,12,11,2,coming
20961,16,10,16,2,going
20961,16,12,16,2,coming
20962,7,14,27,3,going
20962,7,16,27,3,coming
20964,18,1,23,0,coming
20978,2,5,2,3,out
20978,2,7,2,3,in
20978,4,5,4,3,out
20978,4,7,4,3,in
20978,5,5,5,3,out
20978,5,7,5,3,in
20978,8,5,8,3,out
20978,8,7,8,3,in
20978,13,11,13,4,in
20978,13,11,13,4,going
20981,13,10,13,4,out
20981,13,10,13,4,coming
20982,9,11,9,2,going
20982,9,1,9,2,coming
20982,11,11,11,2,going
20982,11,1,11,2,coming
20983,16,11,16,2,going
20983,16,1,16,2,coming
20984,14,2,14,8,going
20984,14,4,14,8,coming
20988,17,2,17,9,out
20988,17,4,17,9,in
20993,12,0,12,4,out
20993,12,2,12,4,in
21006,2,6,2,3,going
21006,2,8,2,3,coming
21006,4,6,4,3,going
21006,4,8,4,3,coming
21006,5,6,5,3,going
21006,5,8,5,3,coming
21006,8,6,8,3,going
21006,8,8,8,3,coming
21016,17,3,17,9,going
21016,17,5,17,9,coming
21021,12,1,12,4,going
21021,12,3,12,4,coming
21026,10,2,20,2,out
21026,10,4,20,2,in
21031,19,19,19,5,in
21032,18,3,23,0,out
21032,18,4,23,0,out
21038,18,12,23,0,in
21038,1,19,1,5,going
21038,3,19,3,5,going
21038,18,12,23,0,going
21051,6,17,28,5,out
21051,6,19,28,5,in
21054,10,3,20,2,going
21054,10,5,20,2,coming
21060,9,10,9,2,out
21060,9,12,9,2,in
21060,11,10,11,2,out
21060,11,12,11,2,in
21060,9,12,9,2,going
21060,11,12,11,2,going
21061,16,10,16,2,out
21061,16,12,16,2,in
21061,16,12,16,2,going
21062,7,14,27,3,out
21062,7,16,27,3,in
21064,18,1,23,0,in
21078,13,11,13,4,out
21079,6,18,28,5,going
21081,13,10,13,4,in
21082,9,1,9,2,in
21082,9,11,9,2,out
21082,11,1,11,2,in
21082,11,11,11,2,out
21083,16,1,16,2,in
21083,16,11,16,2,out
21084,14,2,14,8,out
21084,14,4,14,8,in
21090,7,15,27,3,going
21090,7,17,27,3,coming
21092,18,2,23,0,coming
21095,13,11,13,4,coming
21098,13,10,13,4,going
21106,2,6,2,3,out
21106,2,8,2,3,in
21106,4,6,4,3,out
21106,4,8,4,3,in
21106,5,6,5,3,out
21106,5,8,5,3,in
21106,8,6,8,3,out
21106,8,8,8,3,in
21110,9,2,9,2,coming
21110,11,2,11,2,coming
21110,19,19,19,5,going
21111,16,2,16,2,coming
21112,14,3,14,8,going
21112,14,5,14,8,coming
21116,17,3,17,9,out
21116,17,5,17,9,in
21121,12,1,12,4,out
21121,12,3,12,4,in
21130,6,19,28,5,going
21130,6,17,28,5,coming
21134,2,7,2,3,going
21134,2,9,2,3,coming
21134,4,7,4,3,going
21134,4,9,4,3,coming
21134,5,7,5,3,going
21134,5,9,5,3,coming
21134,8,7,8,3,going
21134,8,9,8,3,coming
21138,1,19,1,5,out
21138,3,19,3,5,out
21138,18,12,23,0,out
21144,17,4,17,9,going
21144,17,6,17,9,coming
21149,12,2,12,4,going
21149,12,4,12,4,coming
21154,10,3,20,2,out
21154,10,5,20,2,in
21160,9,12,9,2,out
21160,11,12,11,2,out
21161,16,12,16,2,out
21172,7,16,27,3,going
21172,7,1,27,3,coming
21176,1,19,1,5,coming
21176,3,19,3,5,coming
21179,6,18,28,5,out
21179,6,18,28,5,coming
21182,10,4,20,2,going
21182,10,6,20,2,coming
21190,7,15,27,3,out
21190,7,17,27,3,in
21190,7,17,27,3,going
21192,18,2,23,0,in
21195,13,11,13,4,in
21195,13,11,13,4,going
21198,13,10,13,4,out
21198,13,10,13,4,coming
21210,9,2,9,2,in
21210,11,2,11,2,in
21210,19,19,19,5,out
21211,16,2,16,2,in
21212,14,3,14,8,out
21212,14,5,14,8,in
21220,18,1,23,0,going
21220,18,3,23,0,coming
21230,6,17,28,5,in
21230,6,19,28,5,out
21234,2,7,2,3,out
21234,2,9,2,3,in
21234,4,7,4,3,out
21234,4,9,4,3,in
21234,5,7,5,3,out
21234,5,9,5,3,in
21234,8,7,8,3,out
21234,8,9,8,3,in
21238,9,1,9,2,going
21238,9,3,9,2,coming
21238,11,1,11,2,going
21238,11,3,11,2,coming
21239,16,1,16,2,going
21239,16,3,16,2,coming
21240,14,4,14,8,going
21240,14,6,14,8,coming
21244,17,4,17,9,out
21244,17,6,17,9,in
21248,19,19,19,5,coming
21249,12,2,12,4,out
21249,12,4,12,4,in
21262,2,8,2,3,going
21262,2,10,2,3,coming
21262,4,8,4,3,going
21262,4,10,4,3,coming
21262,5,8,5,3,going
21262,5,10,5,3,coming
21262,8,8,8,3,going
21262,8,10,8,3,coming
21272,7,1,27,3,in
21272,7,16,27,3,out
21272,17,5,17,9,going
21272,17,7,17,9,coming
21276,1,19,1,5,in
21276,3,19,3,5,in
21277,12,3,12,4,going
21277,12,5,12,4,coming
21279,6,18,28,5,in
21282,10,4,20,2,out
21282,10,6,20,2,in
21290,7,17,27,3,out
21295,13,11,13,4,out
21298,13,10,13,4,in
21300,7,2,27,3,coming
21302,14,5,14,8,going
21302,14,1,14,8,coming
21310,10,5,20,2,going
21310,10,7,20,2,coming
21312,13,11,13,4,coming
21315,13,10,13,4,going
21320,18,1,23,0,out
21320,18,3,23,0,in
21338,9,1,9,2,out
21338,9,3,9,2,in
21338,11,1,11,2,out
21338,11,3,11,2,in
21339,16,1,16,2,out
21339,16,3,16,2,in
21340,14,4,14,8,out
21340,14,6,14,8,in
21340,14,6,14,8,going
21348,19,19,19,5,in
21348,18,2,23,0,going
21348,18,4,23,0,coming
21355,1,19,1,5,going
21355,3,19,3,5,going
21358,6,17,28,5,going
21358,6,19,28,5,coming
21362,2,8,2,3,out
21362,2,10,2,3,in
21362,4,8,4,3,out
21362,4,10,4,3,in
21362,5,8,5,3,out
21362,5,10,5,3,in
21362,8,8,8,3,out
21362,8,10,8,3,in
21366,9,2,9,2,going
21366,9,4,9,2,coming
21366,11,2,11,2,going
21366,11,4,11,2,coming
21367,16,2,16,2,going
21367,16,4,16,2,coming
21372,17,5,17,9,out
21372,17,7,17,9,in
21377,12,3,12,4,out
21377,12,5,12,4,in
21390,2,9,2,3,going
21390,2,11,2,3,coming
21390,4,9,4,3,going
21390,4,11,4,3,coming
21390,5,9,5,3,going
21390,5,11,5,3,coming
21390,8,9,8,3,going
21390,8,11,8,3,coming
21400,7,2,27,3,in
21400,17,6,17,9,going
21400,17,8,17,9,coming
21402,14,1,14,8,in
21402,14,5,14,8,out
21405,12,4,12,4,going
21405,12,6,12,4,coming
21410,10,5,20,2,out
21410,10,7,20,2,in
21412,13,11,13,4,in
21412,13,11,13,4,going
21415,13,10,13,4,out
21415,13,10,13,4,coming
21427,19,19,19,5,going
21428,7,1,27,3,going
21428,7,3,27,3,coming
21430,14,2,14,8,coming
21438,10,6,20,2,going
21438,10,8,20,2,coming
21440,14,6,14,8,out
21446,15,6,21,8,coming
21448,18,2,23,0,out
21448,18,4,23,0,in
21455,1,19,1,5,out
21455,3,19,3,5,out
21458,6,17,28,5,out
21458,6,19,28,5,in
21465,18,3,23,0,going
21465,18,4,23,0,going
21466,9,2,9,2,out
21466,9,4,9,2,in
21466,11,2,11,2,out
21466,11,4,11,2,in
21467,16,2,16,2,out
21467,16,4,16,2,in
21471,18,12,23,0,coming
21486,6,18,28,5,going
21490,2,9,2,3,out
21490,2,11,2,3,in
21490,4,9,4,3,out
21490,4,11,4,3,in
21490,5,9,5,3,out
21490,5,11,5,3,in
21490,8,9,8,3,out
21490,8,11,8,3,in
21493,1,19,1,5,coming
21493,3,19,3,5,coming
21494,9,3,9,2,going
21494,9,5,9,2,coming
21494,11,3,11,2,going
21494,11,5,11,2,coming
21495,16,3,16,2,going
21495,16,5,16,2,coming
21497,18,1,23,0,coming
21500,17,6,17,9,out
21500,17,8,17,9,in
21505,12,4,12,4,out
21505,12,6,12,4,in
21512,13,11,13,4,out
21515,13,10,13,4,in
21518,2,10,2,3,going
21518,2,12,2,3,coming
21518,4,10,4,3,going
21518,4,12,4,3,coming
21518,5,10,5,3,going
21518,5,12,5,3,coming
21518,8,10,8,3,going
21518,8,12,8,3,coming
21527,19,19,19,5,out
21528,7,1,27,3,out
21528,7,3,27,3,in
21528,17,7,17,9,going
21528,17,9,17,9,coming
21529,13,11,13,4,coming
21530,14,2,14,8,in
21532,13,10,13,4,going
21533,12,5,12,4,going
21533,12,7,12,4,coming
21537,6,19,28,5,going
21537,6,17,28,5,coming
21538,10,6,20,2,out
21538,10,8,20,2,in
21546,15,6,21,8,in
21546,15,6,21,8,going
21556,7,2,27,3,going
21556,7,4,27,3,coming
21558,14,1,14,8,going
21558,14,3,14,8,coming
21565,18,3,23,0,out
21565,18,4,23,0,out
21565,19,19,19,5,coming
21566,10,7,20,2,going
21566,10,9,20,2,coming
21571,18,12,23,0,in
21571,18,12,23,0,going
21586,6,18,28,5,out
21586,6,18,28,5,coming
21593,1,19,1,5,in
21593,3,19,3,5,in
21594,9,3,9,2,out
21594,9,5,9,2,in
21594,11,3,11,2,out
21594,11,5,11,2,in
21595,16,3,16,2,out
21595,16,5,16,2,in
21597,18,1,23,0,in
21618,2,10,2,3,out
21618,2,12,2,3,in
21618,4,10,4,3,out
21618,4,12,4,3,in
21618,5,10,5,3,out
21618,5,12,5,3,in
21618,8,10,8,3,out
21618,8,12,8,3,in
21622,9,4,9,2,going
21622,9,6,9,2,coming
21622,11,4,11,2,going
21622,11,6,11,2,coming
21623,16,4,16,2,going
21623,16,6,16,2,coming
21625,18,2,23,0,coming
21628,17,7,17,9,out
21628,17,9,17,9,in
21629,13,11,13,4,in
21629,13,11,13,4,going
21632,13,10,13,4,out
21632,13,10,13,4,coming
21633,12,5,12,4,out
21633,12,7,12,4,in
21637,6,17,28,5,in
21637,6,19,28,5,out
21646,15,6,21,8,out
21646,2,11,2,3,going
21646,2,13,2,3,coming
21646,4,11,4,3,going
21646,4,13,4,3,coming
21646,5,11,5,3,going
21646,5,13,5,3,coming
21646,8,11,8,3,going
21646,8,13,8,3,coming
21656,7,2,27,3,out
21656,7,4,27,3,in
21656,17,8,17,9,going
21656,17,10,17,9,coming
21658,14,1,14,8,out
21658,14,3,14,8,in
21661,12,6,12,4,going
21665,19,19,19,5,in
21666,10,7,20,2,out
21666,10,9,20,2,in
21671,18,12,23,0,out
21672,1,19,1,5,going
21672,3,19,3,5,going
21684,7,3,27,3,going
21684,7,5,27,3,coming
21686,6,18,28,5,in
21686,14,2,14,8,going
21686,14,4,14,8,coming
21694,10,8,20,2,going
21694,10,10,20,2,coming
21722,9,4,9,2,out
21722,9,6,9,2,in
21722,11,4,11,2,out
21722,11,6,11,2,in
21723,16,4,16,2,out
21723,16,6,16,2,in
21725,18,2,23,0,in
21729,13,11,13,4,out
21732,13,10,13,4,in
21744,19,19,19,5,going
21746,2,11,2,3,out
21746,2,13,2,3,in
21746,4,11,4,3,out
21746,4,13,4,3,in
21746,5,11,5,3,out
21746,5,13,5,3,in
21746,8,11,8,3,out
21746,8,13,8,3,in
21746,13,11,13,4,coming
21749,13,10,13,4,going
21750,9,5,9,2,going
21750,9,7,9,2,coming
21750,11,5,11,2,going
21750,11,7,11,2,coming
21751,16,5,16,2,going
21751,16,7,16,2,coming
21753,18,1,23,0,going
21753,18,3,23,0,coming
21756,17,8,17,9,out
21756,17,10,17,9,in
21761,12,6,12,4,out
21765,6,19,28,5,coming
21772,1,19,1,5,out
21772,3,19,3,5,out
21774,2,12,2,3,going
21774,2,14,2,3,coming
21774,4,12,4,3,going
21774,4,14,4,3,coming
21774,5,12,5,3,going
21774,5,14,5,3,coming
21774,8,12,8,3,going
21774,8,14,8,3,coming
21784,7,3,27,3,out
21784,7,5,27,3,in
21784,17,9,17,9,going
21784,17,11,17,9,coming
21786,14,2,14,8,out
21786,14,4,14,8,in
21789,12,7,12,4,going
21794,10,8,20,2,out
21794,10,10,20,2,in
21810,1,19,1,5,coming
21810,3,19,3,5,coming
21812,7,4,27,3,going
21812,7,6,27,3,coming
21814,14,3,14,8,going
21814,14,5,14,8,coming
21822,10,9,20,2,going
21822,10,11,20,2,coming
21844,19,19,19,5,out
21846,13,11,13,4,in
21846,13,11,13,4,going
21849,13,10,13,4,out
21849,13,10,13,4,coming
21850,9,5,9,2,out
21850,9,7,9,2,in
21850,11,5,11,2,out
21850,11,7,11,2,in
21851,16,5,16,2,out
21851,16,7,16,2,in
21853,18,1,23,0,out
21853,18,3,23,0,in
21865,6,19,28,5,in
21874,2,12,2,3,out
21874,2,14,2,3,in
21874,4,12,4,3,out
21874,4,14,4,3,in
21874,5,12,5,3,out
21874,5,14,5,3,in
21874,8,12,8,3,out
21874,8,14,8,3,in
21878,9,6,9,2,going
21878,9,8,9,2,coming
21878,11,6,11,2,going
21878,11,8,11,2,coming
21879,16,6,16,2,going
21879,16,8,16,2,coming
21881,18,2,23,0,going
21881,18,4,23,0,coming
21882,19,19,19,5,coming
21884,17,9,17,9,out
21884,17,11,17,9,in
21889,12,7,12,4,out
21893,6,18,28,5,going
21902,2,13,2,3,going
21902,2,15,2,3,coming
21902,4,13,4,3,going
21902,4,15,4,3,coming
21902,5,13,5,3,going
21902,5,15,5,3,coming
21902,8,13,8,3,going
21902,8,15,8,3,coming
21910,1,19,1,5,in
21910,3,19,3,5,in
21912,7,4,27,3,out
21912,7,6,27,3,in
21912,17,10,17,9,going
21912,17,12,17,9,coming
21914,14,3,14,8,out
21914,14,5,14,8,in
21917,12,10,12,4,coming
21922,10,9,20,2,out
21922,10,11,20,2,in
21940,7,5,27,3,going
21940,7,7,27,3,coming
21942,14,4,14,8,going
21942,14,6,14,8,coming
21944,6,19,28,5,going
21946,13,11,13,4,out
21949,13,10,13,4,in
21950,10,10,20,2,going
21950,10,12,20,2,coming
21963,13,11,13,4,coming
21966,13,10,13,4,going
21972,10,11,20,2,going
21972,10,1,20,2,coming
21978,9,6,9,2,out
21978,9,8,9,2,in
21978,11,6,11,2,out
21978,11,8,11,2,in
21979,16,6,16,2,out
21979,16,8,16,2,in
21981,18,2,23,0,out
21981,18,4,23,0,in
21982,19,19,19,5,in
21989,1,19,1,5,going
21989,3,19,3,5,going
21993,6,18,28,5,out
21993,6,18,28,5,coming
22002,2,13,2,3,out
22002,2,15,2,3,in
22002,4,13,4,3,out
22002,4,15,4,3,in
22002,5,13,5,3,out
22002,5,15,5,3,in
22002,8,13,8,3,out
22002,8,15,8,3,in
22004,14,5,14,8,going
22004,14,1,14,8,coming
22006,9,7,9,2,going
22006,9,9,9,2,coming
22006,11,7,11,2,going
22006,11,9,11,2,coming
22006,17,11,17,9,going
22006,17,1,17,9,coming
22007,16,7,16,2,going
22007,16,9,16,2,coming
22009,18,3,23,0,going
22009,18,5,23,0,coming
22012,17,10,17,9,out
22012,17,12,17,9,in
22012,17,12,17,9,going
22017,12,10,12,4,in
22030,2,14,2,3,going
22030,2,16,2,3,coming
22030,4,14,4,3,going
22030,4,16,4,3,coming
22030,5,14,5,3,going
22030,5,16,5,3,coming
22030,8,14,8,3,going
22030,8,16,8,3,coming
22040,7,5,27,3,out
22040,7,7,27,3,in
22042,14,4,14,8,out
22042,14,6,14,8,in
22042,14,6,14,8,going
22044,6,19,28,5,out
22045,12,11,12,4,coming
22048,12,10,12,4,going
22050,10,10,20,2,out
22050,10,12,20,2,in
22050,10,12,20,2,going
22061,19,19,19,5,going
22063,13,11,13,4,in
22063,13,11,13,4,going
22066,13,10,13,4,out
22066,13,10,13,4,coming
22068,7,6,27,3,going
22068,7,8,27,3,coming
22072,10,1,20,2,in
22072,10,11,20,2,out
22082,6,19,28,5,coming
22089,1,19,1,5,out
22089,3,19,3,5,out
22093,6,18,28,5,in
22100,10,2,20,2,coming
22104,14,1,14,8,in
22104,14,5,14,8,out
22106,9,7,9,2,out
22106,9,9,9,2,in
22106,11,7,11,2,out
22106,11,9,11,2,in
22106,17,1,17,9,in
22106,17,11,17,9,out
22107,16,7,16,2,out
22107,16,9,16,2,in
22109,18,3,23,0,out
22109,18,5,23,0,in
22112,17,12,17,9,out
22127,1,19,1,5,coming
22127,3,19,3,5,coming
22130,2,14,2,3,out
22130,2,16,2,3,in
22130,4,14,4,3,out
22130,4,16,4,3,in
22130,5,14,5,3,out
22130,5,16,5,3,in
22130,8,14,8,3,out
22130,8,16,8,3,in
22132,14,2,14,8,coming
22134,9,8,9,2,going
22134,9,10,9,2,coming
22134,11,8,11,2,going
22134,11,10,11,2,coming
22134,17,2,17,9,coming
22135,16,8,16,2,going
22135,16,10,16,2,coming
22137,18,4,23,0,going
22137,18,6,23,0,coming
22142,14,6,14,8,out
22145,12,11,12,4,in
22145,12,11,12,4,going
22148,12,10,12,4,out
22148,12,10,12,4,coming
22148,15,6,21,8,coming
22150,10,12,20,2,out
22158,2,15,2,3,going
22158,2,17,2,3,coming
22158,4,15,4,3,going
22158,4,17,4,3,coming
22158,5,15,5,3,going
22158,5,17,5,3,coming
22158,8,15,8,3,going
22158,8,17,8,3,coming
22161,19,19,19,5,out
22163,13,11,13,4,out
22166,13,10,13,4,in
22168,7,6,27,3,out
22168,7,8,27,3,in
22180,13,11,13,4,coming
22182,6,19,28,5,in
22183,13,10,13,4,going
22196,7,7,27,3,going
22196,7,9,27,3,coming
22199,19,19,19,5,coming
22200,10,2,20,2,in
22221,6,18,28,5,going
22227,1,19,1,5,in
22227,3,19,3,5,in
22228,10,1,20,2,going
22228,10,3,20,2,coming
22232,14,2,14,8,in
22234,9,8,9,2,out
22234,9,10,9,2,in
22234,11,8,11,2,out
22234,11,10,11,2,in
22234,17,2,17,9,in
22235,16,8,16,2,out
22235,16,10,16,2,in
22237,18,4,23,0,out
22237,18,6,23,0,in
22240,2,16,2,3,going
22240,2,1,2,3,coming
22240,4,16,4,3,going
22240,4,1,4,3,coming
22240,5,16,5,3,going
22240,5,1,5,3,coming
22240,8,16,8,3,going
22240,8,1,8,3,coming
22245,12,11,12,4,out
22248,12,10,12,4,in
22248,15,6,21,8,in
22248,15,6,21,8,going
22258,2,15,2,3,out
22258,2,17,2,3,in
22258,4,15,4,3,out
22258,4,17,4,3,in
22258,5,15,5,3,out
22258,5,17,5,3,in
22258,8,15,8,3,out
22258,8,17,8,3,in
22258,2,17,2,3,going
22258,4,17,4,3,going
22258,5,17,5,3,going
22258,8,17,8,3,going
22260,14,1,14,8,going
22260,14,3,14,8,coming
22262,9,9,9,2,going
22262,9,11,9,2,coming
22262,11,9,11,2,going
22262,11,11,11,2,coming
22262,12,11,12,4,coming
22262,17,1,17,9,going
22262,17,3,17,9,coming
22263,16,9,16,2,going
22263,16,11,16,2,coming
22265,12,10,12,4,going
22265,18,5,23,0,going
22265,18,7,23,0,coming
22272,6,19,28,5,going
22280,13,11,13,4,in
22280,13,11,13,4,going
22283,13,10,13,4,out
22283,13,10,13,4,coming
22296,7,7,27,3,out
22296,7,9,27,3,in
22299,19,19,19,5,in
22306,1,19,1,5,going
22306,3,19,3,5,going
22321,6,18,28,5,out
22321,6,18,28,5,coming
22324,7,8,27,3,going
22328,10,1,20,2,out
22328,10,3,20,2,in
22340,2,1,2,3,in
22340,2,16,2,3,out
22340,4,1,4,3,in
22340,4,16,4,3,out
22340,5,1,5,3,in
22340,5,16,5,3,out
22340,8,1,8,3,in
22340,8,16,8,3,out
22348,15,6,21,8,out
22356,10,2,20,2,going
22356,10,4,20,2,coming
22358,2,17,2,3,out
22358,4,17,4,3,out
22358,5,17,5,3,out
22358,8,17,8,3,out
22360,14,1,14,8,out
22360,14,3,14,8,in
22362,9,9,9,2,out
22362,9,11,9,2,in
22362,11,9,11,2,out
22362,11,11,11,2,in
22362,12,11,12,4,in
22362,17,1,17,9,out
22362,17,3,17,9,in
22362,12,11,12,4,going
22363,16,9,16,2,out
22363,16,11,16,2,in
22365,12,10,12,4,out
22365,18,5,23,0,out
22365,18,7,23,0,in
22365,12,10,12,4,coming
22368,2,2,2,3,coming
22368,4,2,4,3,coming
22368,5,2,5,3,coming
22368,8,2,8,3,coming
22372,6,19,28,5,out
22378,19,19,19,5,going
22380,13,11,13,4,out
22383,13,10,13,4,in
22388,14,2,14,8,going
22388,14,4,14,8,coming
22390,9,10,9,2,going
22390,9,12,9,2,coming
22390,11,10,11,2,going
22390,11,12,11,2,coming
22390,17,2,17,9,going
22390,17,4,17,9,coming
22391,16,10,16,2,going
22391,16,12,16,2,coming
22393,18,6,23,0,going
22393,18,8,23,0,coming
22397,13,11,13,4,coming
22400,13,10,13,4,going
22406,1,19,1,5,out
22406,3,19,3,5,out
22410,6,19,28,5,coming
22412,9,11,9,2,going
22412,9,1,9,2,coming
22412,11,11,11,2,going
22412,11,1,11,2,coming
22413,16,11,16,2,going
22413,16,1,16,2,coming
22421,6,18,28,5,in
22424,7,8,27,3,out
22444,1,19,1,5,coming
22444,3,19,3,5,coming
22452,7,9,27,3,going
22456,10,2,20,2,out
22456,10,4,20,2,in
22462,12,11,12,4,out
22465,12,10,12,4,in
22468,2,2,2,3,in
22468,4,2,4,3,in
22468,5,2,5,3,in
22468,8,2,8,3,in
22478,19,19,19,5,out
22479,12,11,12,4,coming
22482,12,10,12,4,going
22484,10,3,20,2,going
22484,10,5,20,2,coming
22488,14,2,14,8,out
22488,14,4,14,8,in
22490,9,10,9,2,out
22490,9,12,9,2,in
22490,11,10,11,2,out
22490,11,12,11,2,in
22490,17,2,17,9,out
22490,17,4,17,9,in
22490,9,12,9,2,going
22490,11,12,11,2,going
22491,16,10,16,2,out
22491,16,12,16,2,in
22491,16,12,16,2,going
22493,18,6,23,0,out
22493,18,8,23,0,in
22496,2,1,2,3,going
22496,2,3,2,3,coming
22496,4,1,4,3,going
22496,4,3,4,3,coming
22496,5,1,5,3,going
22496,5,3,5,3,coming
22496,8,1,8,3,going
22496,8,3,8,3,coming
22497,13,11,13,4,in
22497,13,11,13,4,going
22500,13,10,13,4,out
22500,13,10,13,4,coming
22510,6,19,28,5,in
22512,9,1,9,2,in
22512,9,11,9,2,out
22512,11,1,11,2,in
22512,11,11,11,2,out
22513,16,1,16,2,in
22513,16,11,16,2,out
22516,14,3,14,8,going
22516,14,5,14,8,coming
22516,19,19,19,5,coming
22518,17,3,17,9,going
22518,17,5,17,9,coming
22521,18,7,23,0,going
22521,18,9,23,0,coming
22540,9,2,9,2,coming
22540,11,2,11,2,coming
22541,16,2,16,2,coming
22544,1,19,1,5,in
22544,3,19,3,5,in
22549,6,18,28,5,going
22552,7,9,27,3,out
22579,12,11,12,4,in
22579,12,11,12,4,going
22580,7,12,27,3,coming
22582,12,10,12,4,out
22582,12,10,12,4,coming
22584,10,3,20,2,out
22584,10,5,20,2,in
22590,9,12,9,2,out
22590,11,12,11,2,out
22591,16,12,16,2,out
22596,2,1,2,3,out
22596,2,3,2,3,in
22596,4,1,4,3,out
22596,4,3,4,3,in
22596,5,1,5,3,out
22596,5,3,5,3,in
22596,8,1,8,3,out
22596,8,3,8,3,in
22597,13,11,13,4,out
22600,13,10,13,4,in
22600,6,19,28,5,going
22612,10,4,20,2,going
22612,10,6,20,2,coming
22614,13,11,13,4,coming
22616,14,3,14,8,out
22616,14,5,14,8,in
22616,19,19,19,5,in
22617,13,10,13,4,going
22618,17,3,17,9,out
22618,17,5,17,9,in
22621,18,7,23,0,out
22621,18,9,23,0,in
22623,1,19,1,5,going
22623,3,19,3,5,going
22624,2,2,2,3,going
22624,2,4,2,3,coming
22624,4,2,4,3,going
22624,4,4,4,3,coming
22624,5,2,5,3,going
22624,5,4,5,3,coming
22624,8,2,8,3,going
22624,8,4,8,3,coming
22640,9,2,9,2,in
22640,11,2,11,2,in
22641,16,2,16,2,in
22644,14,4,14,8,going
22644,14,6,14,8,coming
22646,17,4,17,9,going
22646,17,6,17,9,coming
22649,6,18,28,5,out
22649,6,18,28,5,coming
22649,18,8,23,0,going
22668,9,1,9,2,going
22668,9,3,9,2,coming
22668,11,1,11,2,going
22668,11,3,11,2,coming
22669,16,1,16,2,going
22669,16,3,16,2,coming
22679,12,11,12,4,out
22680,7,12,27,3,in
22682,12,10,12,4,in
22695,19,19,19,5,going
22696,12,11,12,4,coming
22699,12,10,12,4,going
22700,6,19,28,5,out
22706,14,5,14,8,going
22706,14,1,14,8,coming
22708,7,13,27,3,coming
22712,10,4,20,2,out
22712,10,6,20,2,in
22714,13,11,13,4,in
22714,13,11,13,4,going
22717,13,10,13,4,out
22717,13,10,13,4,coming
22723,1,19,1,5,out
22723,3,19,3,5,out
22724,2,2,2,3,out
22724,2,4,2,3,in
22724,4,2,4,3,out
22724,4,4,4,3,in
22724,5,2,5,3,out
22724,5,4,5,3,in
22724,8,2,8,3,out
22724,8,4,8,3,in
22738,6,19,28,5,coming
22740,10,5,20,2,going
22740,10,7,20,2,coming
22744,14,4,14,8,out
22744,14,6,14,8,in
22744,14,6,14,8,going
22746,17,4,17,9,out
22746,17,6,17,9,in
22749,6,18,28,5,in
22749,18,8,23,0,out
22752,2,3,2,3,going
22752,2,5,2,3,coming
22752,4,3,4,3,going
22752,4,5,4,3,coming
22752,5,3,5,3,going
22752,5,5,5,3,coming
22752,8,3,8,3,going
22752,8,5,8,3,coming
22761,1,19,1,5,coming
22761,3,19,3,5,coming
22768,9,1,9,2,out
22768,9,3,9,2,in
22768,11,1,11,2,out
22768,11,3,11,2,in
22769,16,1,16,2,out
22769,16,3,16,2,in
22774,17,5,17,9,going
22774,17,7,17,9,coming
22777,18,9,23,0,going
22795,19,19,19,5,out
22796,12,11,12,4,in
22796,9,2,9,2,going
22796,9,4,9,2,coming
22796,11,2,11,2,going
22796,11,4,11,2,coming
22796,12,11,12,4,going
22797,16,2,16,2,going
22797,16,4,16,2,coming
22799,12,10,12,4,out
22799,12,10,12,4,coming
22799,18,12,23,0,coming
22800,18,1,23,0,coming
22806,14,1,14,8,in
22806,14,5,14,8,out
22808,7,13,27,3,in
22814,13,11,13,4,out
22817,13,10,13,4,in
22831,13,11,13,4,coming
22833,19,19,19,5,coming
22834,13,10,13,4,going
22834,14,2,14,8,coming
22836,7,12,27,3,going
22836,7,14,27,3,coming
22838,6,19,28,5,in
22840,10,5,20,2,out
22840,10,7,20,2,in
22844,14,6,14,8,out
22850,15,6,21,8,coming
22852,2,3,2,3,out
22852,2,5,2,3,in
22852,4,3,4,3,out
22852,4,5,4,3,in
22852,5,3,5,3,out
22852,5,5,5,3,in
22852,8,3,8,3,out
22852,8,5,8,3,in
22861,1,19,1,5,in
22861,3,19,3,5,in
22868,10,6,20,2,going
22868,10,8,20,2,coming
22874,17,5,17,9,out
22874,17,7,17,9,in
22877,18,9,23,0,out
22877,6,18,28,5,going
22880,2,4,2,3,going
22880,2,6,2,3,coming
22880,4,4,4,3,going
22880,4,6,4,3,coming
22880,5,4,5,3,going
22880,5,6,5,3,coming
22880,8,4,8,3,going
22880,8,6,8,3,coming
22896,9,2,9,2,out
22896,9,4,9,2,in
22896,11,2,11,2,out
22896,11,4,11,2,in
22896,12,11,12,4,out
22897,16,2,16,2,out
22897,16,4,16,2,in
22899,12,10,12,4,in
22899,18,12,23,0,in
22899,18,12,23,0,going
22900,18,1,23,0,in
22902,17,6,17,9,going
22902,17,8,17,9,coming
22913,12,11,12,4,coming
22916,12,10,12,4,going
22924,9,3,9,2,going
22924,9,5,9,2,coming
22924,11,3,11,2,going
22924,11,5,11,2,coming
22925,16,3,16,2,going
22925,16,5,16,2,coming
22928,6,19,28,5,going
22928,18,2,23,0,coming
22931,13,11,13,4,in
22931,13,11,13,4,going
22933,19,19,19,5,in
22934,13,10,13,4,out
22934,14,2,14,8,in
22934,13,10,13,4,coming
22936,7,12,27,3,out
22936,7,14,27,3,in
22940,1,19,1,5,going
22940,3,19,3,5,going
22950,15,6,21,8,in
22950,15,6,21,8,going
22962,14,1,14,8,going
22962,14,3,14,8,coming
22964,7,13,27,3,going
22964,7,15,27,3,coming
22968,10,6,20,2,out
22968,10,8,20,2,in
22977,6,18,28,5,out
22977,6,18,28,5,coming
22980,2,4,2,3,out
22980,2,6,2,3,in
22980,4,4,4,3,out
22980,4,6,4,3,in
22980,5,4,5,3,out
22980,5,6,5,3,in
22980,8,4,8,3,out
22980,8,6,8,3,in
22996,10,7,20,2,going
22996,10,9,20,2,coming
22999,18,12,23,0,out
23002,17,6,17,9,out
23002,17,8,17,9,in
23008,2,5,2,3,going
23008,2,7,2,3,coming
23008,4,5,4,3,going
23008,4,7,4,3,coming
23008,5,5,5,3,going
23008,5,7,5,3,coming
23008,8,5,8,3,going
23008,8,7,8,3,coming
23012,19,19,19,5,going
23013,12,11,12,4,in
23013,12,11,12,4,going
23016,12,10,12,4,out
23016,12,10,12,4,coming
23024,9,3,9,2,out
23024,9,5,9,2,in
23024,11,3,11,2,out
23024,11,5,11,2,in
23025,16,3,16,2,out
23025,16,5,16,2,in
23028,6,19,28,5,out
23028,18,2,23,0,in
23030,17,7,17,9,going
23030,17,9,17,9,coming
23031,13,11,13,4,out
23034,13,10,13,4,in
23040,1,19,1,5,out
23040,3,19,3,5,out
23048,13,11,13,4,coming
23050,15,6,21,8,out
23051,13,10,13,4,going
23052,9,4,9,2,going
23052,9,6,9,2,coming
23052,11,4,11,2,going
23052,11,6,11,2,coming
23053,16,4,16,2,going
23053,16,6,16,2,coming
23056,18,1,23,0,going
23056,18,3,23,0,coming
23062,14,1,14,8,out
23062,14,3,14,8,in
23064,7,13,27,3,out
23064,7,15,27,3,in
23066,6,19,28,5,coming
23077,6,18,28,5,in
23078,1,19,1,5,coming
23078,3,19,3,5,coming
23090,14,2,14,8,going
23090,14,4,14,8,coming
23092,7,14,27,3,going
23092,7,16,27,3,coming
23096,10,7,20,2,out
23096,10,9,20,2,in
23108,2,5,2,3,out
23108,2,7,2,3,in
23108,4,5,4,3,out
23108,4,7,4,3,in
23108,5,5,5,3,out
23108,5,7,5,3,in
23108,8,5,8,3,out
23108,8,7,8,3,in
23112,19,19,19,5,out
23113,12,11,12,4,out
23116,12,10,12,4,in
23124,10,8,20,2,going
23124,10,10,20,2,coming
23130,17,7,17,9,out
23130,17,9,17,9,in
23130,12,11,12,4,coming
23133,12,10,12,4,going
23136,2,6,2,3,going
23136,2,8,2,3,coming
23136,4,6,4,3,going
23136,4,8,4,3,coming
23136,5,6,5,3,going
23136,5,8,5,3,coming
23136,8,6,8,3,going
23136,8,8,8,3,coming
23148,13,11,13,4,in
23148,13,11,13,4,going
23150,19,19,19,5,coming
23151,13,10,13,4,out
23151,13,10,13,4,coming
23152,9,4,9,2,out
23152,9,6,9,2,in
23152,11,4,11,2,out
23152,11,6,11,2,in
23153,16,4,16,2,out
23153,16,6,16,2,in
23156,18,1,23,0,out
23156,18,3,23,0,in
23158,17,8,17,9,going
23158,17,10,17,9,coming
23166,6,19,28,5,in
23178,1,19,1,5,in
23178,3,19,3,5,in
23180,9,5,9,2,going
23180,9,7,9,2,coming
23180,11,5,11,2,going
23180,11,7,11,2,coming
23181,16,5,16,2,going
23181,16,7,16,2,coming
23184,18,2,23,0,going
23184,18,4,23,0,coming
23190,14,2,14,8,out
23190,14,4,14,8,in
23192,7,14,27,3,out
23192,7,16,27,3,in
23205,6,18,28,5,going
23218,14,3,14,8,going
23218,14,5,14,8,coming
23220,7,15,27,3,going
23220,7,17,27,3,coming
23224,10,8,20,2,out
23224,10,10,20,2,in
23230,12,11,12,4,in
23230,12,11,12,4,going
23233,12,10,12,4,out
23233,12,10,12,4,coming
23236,2,6,2,3,out
23236,2,8,2,3,in
23236,4,6,4,3,out
23236,4,8,4,3,in
23236,5,6,5,3,out
23236,5,8,5,3,in
23236,8,6,8,3,out
23236,8,8,8,3,in
23248,13,11,13,4,out
23250,19,19,19,5,in
23251,13,10,13,4,in
23252,10,9,20,2,going
23252,10,11,20,2,coming
23256,6,19,28,5,going
23257,1,19,1,5,going
23257,3,19,3,5,going
23258,17,8,17,9,out
23258,17,10,17,9,in
23264,2,7,2,3,going
23264,2,9,2,3,coming
23264,4,7,4,3,going
23264,4,9,4,3,coming
23264,5,7,5,3,going
23264,5,9,5,3,coming
23264,8,7,8,3,going
23264,8,9,8,3,coming
23265,13,11,13,4,coming
23268,13,10,13,4,going
23280,9,5,9,2,out
23280,9,7,9,2,in
23280,11,5,11,2,out
23280,11,7,11,2,in
23281,16,5,16,2,out
23281,16,7,16,2,in
23284,18,2,23,0,out
23284,18,4,23,0,in
23286,17,9,17,9,going
23286,17,11,17,9,coming
23301,18,3,23,0,going
23301,18,4,23,0,going
23302,7,16,27,3,going
23302,7,1,27,3,coming
23305,6,18,28,5,out
23305,6,18,28,5,coming
23307,18,12,23,0,coming
23308,9,6,9,2,going
23308,9,8,9,2,coming
23308,11,6,11,2,going
23308,11,8,11,2,coming
23309,16,6,16,2,going
23309,16,8,16,2,coming
23318,14,3,14,8,out
23318,14,5,14,8,in
23320,7,15,27,3,out
23320,7,17,27,3,in
23320,7,17,27,3,going
23329,19,19,19,5,going
23330,12,11,12,4,out
23333,12,10,12,4,in
23333,18,1,23,0,coming
23346,14,4,14,8,going
23346,14,6,14,8,coming
23347,12,11,12,4,coming
23350,12,10,12,4,going
23352,10,9,20,2,out
23352,10,11,20,2,in
23356,6,19,28,5,out
23357,1,19,1,5,out
23357,3,19,3,5,out
23364,2,7,2,3,out
23364,2,9,2,3,in
23364,4,7,4,3,out
23364,4,9,4,3,in
23364,5,7,5,3,out
23364,5,9,5,3,in
23364,8,7,8,3,out
23364,8,9,8,3,in
23365,13,11,13,4,in
23365,13,11,13,4,going
23368,13,10,13,4,out
23368,13,10,13,4,coming
23380,10,10,20,2,going
23380,10,12,20,2,coming
23386,17,9,17,9,out
23386,17,11,17,9,in
23392,2,8,2,3,going
23392,2,10,2,3,coming
23392,4,8,4,3,going
23392,4,10,4,3,coming
23392,5,8,5,3,going
23392,5,10,5,3,coming
23392,8,8,8,3,going
23392,8,10,8,3,coming
23394,6,19,28,5,coming
23395,1,19,1,5,coming
23395,3,19,3,5,coming
23401,18,3,23,0,out
23401,18,4,23,0,out
23402,7,1,27,3,in
23402,7,16,27,3,out
23402,10,11,20,2,going
23402,10,1,20,2,coming
23405,6,18,28,5,in
23407,18,12,23,0,in
23407,18,12,23,0,going
23408,9,6,9,2,out
23408,9,8,9,2,in
23408,11,6,11,2,out
23408,11,8,11,2,in
23408,14,5,14,8,going
23408,14,1,14,8,coming
23409,16,6,16,2,out
23409,16,8,16,2,in
23414,17,10,17,9,going
23414,17,12,17,9,coming
23420,7,17,27,3,out
23429,19,19,19,5,out
23430,7,2,27,3,coming
23433,18,1,23,0,in
23436,9,7,9,2,going
23436,9,9,9,2,coming
23436,11,7,11,2,going
23436,11,9,11,2,coming
23437,16,7,16,2,going
23437,16,9,16,2,coming
23446,14,4,14,8,out
23446,14,6,14,8,in
23446,14,6,14,8,going
23447,12,11,12,4,in
23447,12,11,12,4,going
23450,12,10,12,4,out
23450,12,10,12,4,coming
23461,18,2,23,0,coming
23465,13,11,13,4,out
23467,19,19,19,5,coming
23468,13,10,13,4,in
23480,10,10,20,2,out
23480,10,12,20,2,in
23480,10,12,20,2,going
23482,13,11,13,4,coming
23485,13,10,13,4,going
23492,2,8,2,3,out
23492,2,10,2,3,in
23492,4,8,4,3,out
23492,4,10,4,3,in
23492,5,8,5,3,out
23492,5,10,5,3,in
23492,8,8,8,3,out
23492,8,10,8,3,in
23494,6,19,28,5,in
23495,1,19,1,5,in
23495,3,19,3,5,in
23502,10,1,20,2,in
23502,10,11,20,2,out
23507,18,12,23,0,out
23508,14,1,14,8,in
23508,14,5,14,8,out
23508,17,11,17,9,going
23508,17,1,17,9,coming
23514,17,10,17,9,out
23514,17,12,17,9,in
23514,17,12,17,9,going
23520,2,9,2,3,going
23520,2,11,2,3,coming
23520,4,9,4,3,going
23520,4,11,4,3,coming
23520,5,9,5,3,going
23520,5,11,5,3,coming
23520,8,9,8,3,going
23520,8,11,8,3,coming
23530,7,2,27,3,in
23530,10,2,20,2,coming
23533,6,18,28,5,going
23536,9,7,9,2,out
23536,9,9,9,2,in
23536,11,7,11,2,out
23536,11,9,11,2,in
23536,14,2,14,8,coming
23537,16,7,16,2,out
23537,16,9,16,2,in
23546,14,6,14,8,out
23547,12,11,12,4,out
23550,12,10,12,4,in
23552,15,6,21,8,coming
23558,7,1,27,3,going
23558,7,3,27,3,coming
23561,18,2,23,0,in
23564,9,8,9,2,going
23564,9,10,9,2,coming
23564,11,8,11,2,going
23564,11,10,11,2,coming
23564,12,11,12,4,coming
23565,16,8,16,2,going
23565,16,10,16,2,coming
23567,19,19,19,5,in
23567,12,10,12,4,going
23574,1,19,1,5,going
23574,3,19,3,5,going
23580,10,12,20,2,out
23582,13,11,13,4,in
23582,13,11,13,4,going
23584,6,19,28,5,going
23585,13,10,13,4,out
23585,13,10,13,4,coming
23589,18,1,23,0,going
23589,18,3,23,0,coming
23608,17,1,17,9,in
23608,17,11,17,9,out
23614,17,12,17,9,out
23620,2,9,2,3,out
23620,2,11,2,3,in
23620,4,9,4,3,out
23620,4,11,4,3,in
23620,5,9,5,3,out
23620,5,11,5,3,in
23620,8,9,8,3,out
23620,8,11,8,3,in
23630,10,2,20,2,in
23633,6,18,28,5,out
23633,6,18,28,5,coming
23636,14,2,14,8,in
23636,17,2,17,9,coming
23646,19,19,19,5,going
23648,2,10,2,3,going
23648,2,12,2,3,coming
23648,4,10,4,3,going
23648,4,12,4,3,coming
23648,5,10,5,3,going
23648,5,12,5,3,coming
23648,8,10,8,3,going
23648,8,12,8,3,coming
23652,15,6,21,8,in
23652,15,6,21,8,going
23658,7,1,27,3,out
23658,7,3,27,3,in
23658,10,1,20,2,going
23658,10,3,20,2,coming
23664,9,8,9,2,out
23664,9,10,9,2,in
23664,11,8,11,2,out
23664,11,10,11,2,in
23664,12,11,12,4,in
23664,12,11,12,4,going
23664,14,1,14,8,going
23664,14,3,14,8,coming
23665,16,8,16,2,out
23665,16,10,16,2,in
23667,12,10,12,4,out
23667,12,10,12,4,coming
23674,1,19,1,5,out
23674,3,19,3,5,out
23682,13,11,13,4,out
23684,6,19,28,5,out
23685,13,10,13,4,in
23686,7,2,27,3,going
23686,7,4,27,3,coming
23689,18,1,23,0,out
23689,18,3,23,0,in
23692,9,9,9,2,going
23692,9,11,9,2,coming
23692,11,9,11,2,going
23692,11,11,11,2,coming
23693,16,9,16,2,going
23693,16,11,16,2,coming
23699,13,11,13,4,coming
23702,13,10,13,4,going
23712,1,19,1,5,coming
23712,3,19,3,5,coming
23717,18,2,23,0,going
23717,18,4,23,0,coming
23722,6,19,28,5,coming
23733,6,18,28,5,in
23736,17,2,17,9,in
23746,19,19,19,5,out
23748,2,10,2,3,out
23748,2,12,2,3,in
23748,4,10,4,3,out
23748,4,12,4,3,in
23748,5,10,5,3,out
23748,5,12,5,3,in
23748,8,10,8,3,out
23748,8,12,8,3,in
23752,15,6,21,8,out
23758,10,1,20,2,out
23758,10,3,20,2,in
23764,12,11,12,4,out
23764,14,1,14,8,out
23764,14,3,14,8,in
23764,17,1,17,9,going
23764,17,3,17,9,coming
23767,12,10,12,4,in
23767,0,1,25,4,coming
23776,2,11,2,3,going
23776,2,13,2,3,coming
23776,4,11,4,3,going
23776,4,13,4,3,coming
23776,5,11,5,3,going
23776,5,13,5,3,coming
23776,8,11,8,3,going
23776,8,13,8,3,coming
23781,12,11,12,4,coming
23784,12,10,12,4,going
23784,19,19,19,5,coming
23786,7,2,27,3,out
23786,7,4,27,3,in
23786,10,2,20,2,going
23786,10,4,20,2,coming
23792,9,9,9,2,out
23792,9,11,9,2,in
23792,11,9,11,2,out
23792,11,11,11,2,in
23792,14,2,14,8,going
23792,14,4,14,8,coming
23793,16,9,16,2,out
23793,16,11,16,2,in
23799,13,11,13,4,in
23799,13,11,13,4,going
23802,13,10,13,4,out
23802,13,10,13,4,coming
23812,1,19,1,5,in
23812,3,19,3,5,in
23814,7,3,27,3,going
23814,7,5,27,3,coming
23817,18,2,23,0,out
23817,18,4,23,0,in
23820,9,10,9,2,going
23820,9,12,9,2,coming
23820,11,10,11,2,going
23820,11,12,11,2,coming
23821,16,10,16,2,going
23821,16,12,16,2,coming
23822,6,19,28,5,in
23834,18,3,23,0,going
23834,18,4,23,0,going
23840,18,12,23,0,coming
23842,9,11,9,2,going
23842,9,1,9,2,coming
23842,11,11,11,2,going
23842,11,1,11,2,coming
23843,16,11,16,2,going
23843,16,1,16,2,coming
23861,6,18,28,5,going
23864,17,1,17,9,out
23864,17,3,17,9,in
23866,18,1,23,0,coming
23867,0,1,25,4,in
23876,2,11,2,3,out
23876,2,13,2,3,in
23876,4,11,4,3,out
23876,4,13,4,3,in
23876,5,11,5,3,out
23876,5,13,5,3,in
23876,8,11,8,3,out
23876,8,13,8,3,in
23881,12,11,12,4,in
23881,12,11,12,4,going
23884,12,10,12,4,out
23884,19,19,19,5,in
23884,12,10,12,4,coming
23886,10,2,20,2,out
23886,10,4,20,2,in
23891,1,19,1,5,going
23891,3,19,3,5,going
23892,14,2,14,8,out
23892,14,4,14,8,in
23892,17,2,17,9,going
23892,17,4,17,9,coming
23895,0,2,25,4,coming
23899,13,11,13,4,out
23902,13,10,13,4,in
23904,2,12,2,3,going
23904,2,14,2,3,coming
23904,4,12,4,3,going
23904,4,14,4,3,coming
23904,5,12,5,3,going
23904,5,14,5,3,coming
23904,8,12,8,3,going
23904,8,14,8,3,coming
23912,6,19,28,5,going
23914,7,3,27,3,out
23914,7,5,27,3,in
23914,10,3,20,2,going
23914,10,5,20,2,coming
23916,13,11,13,4,coming
23919,13,10,13,4,going
23920,9,10,9,2,out
23920,9,12,9,2,in
23920,11,10,11,2,out
23920,11,12,11,2,in
23920,9,12,9,2,going
23920,11,12,11,2,going
23920,14,3,14,8,going
23920,14,5,14,8,coming
23921,16,10,16,2,out
23921,16,12,16,2,in
23921,16,12,16,2,going
23934,18,3,23,0,out
23934,18,4,23,0,out
23940,18,12,23,0,in
23940,18,12,23,0,going
23942,9,1,9,2,in
23942,9,11,9,2,out
23942,11,1,11,2,in
23942,11,11,11,2,out
23942,7,4,27,3,going
23942,7,6,27,3,coming
23943,16,1,16,2,in
23943,16,11,16,2,out
23961,6,18,28,5,out
23961,6,18,28,5,coming
23963,19,19,19,5,going
23966,18,1,23,0,in
23970,9,2,9,2,coming
23970,11,2,11,2,coming
23971,16,2,16,2,coming
23981,12,11,12,4,out
23984,12,10,12,4,in
23991,1,19,1,5,out
23991,3,19,3,5,out
23992,17,2,17,9,out
23992,17,4,17,9,in
23994,18,2,23,0,coming
23995,0,2,25,4,in
23998,12,11,12,4,coming
24001,12,10,12,4,going
24004,2,12,2,3,out
24004,2,14,2,3,in
24004,4,12,4,3,out
24004,4,14,4,3,in
24004,5,12,5,3,out
24004,5,14,5,3,in
24004,8,12,8,3,out
24004,8,14,8,3,in
24012,6,19,28,5,out
24014,10,3,20,2,out
24014,10,5,20,2,in
24016,13,11,13,4,in
24016,13,11,13,4,going
24019,13,10,13,4,out
24019,13,10,13,4,coming
24020,9,12,9,2,out
24020,11,12,11,2,out
24020,14,3,14,8,out
24020,14,5,14,8,in
24020,17,3,17,9,going
24020,17,5,17,9,coming
24021,16,12,16,2,out
24023,0,1,25,4,going
24023,0,3,25,4,coming
24029,1,19,1,5,coming
24029,3,19,3,5,coming
24032,2,13,2,3,going
24032,2,15,2,3,coming
24032,4,13,4,3,going
24032,4,15,4,3,coming
24032,5,13,5,3,going
24032,5,15,5,3,coming
24032,8,13,8,3,going
24032,8,15,8,3,coming
24040,18,12,23,0,out
24042,7,4,27,3,out
24042,7,6,27,3,in
24042,10,4,20,2,going
24042,10,6,20,2,coming
24048,14,4,14,8,going
24048,14,6,14,8,coming
24050,6,19,28,5,coming
24061,6,18,28,5,in
24063,19,19,19,5,out
24070,9,2,9,2,in
24070,11,2,11,2,in
24070,7,5,27,3,going
24070,7,7,27,3,coming
24071,16,2,16,2,in
24094,18,2,23,0,in
24098,12,11,12,4,in
24098,9,1,9,2,going
24098,9,3,9,2,coming
24098,11,1,11,2,going
24098,11,3,11,2,coming
24098,12,11,12,4,going
24099,16,1,16,2,going
24099,16,3,16,2,coming
24101,12,10,12,4,out
24101,12,10,12,4,coming
24101,19,19,19,5,coming
24110,14,5,14,8,going
24110,14,1,14,8,coming
24116,13,11,13,4,out
24119,13,10,13,4,in
24120,17,3,17,9,out
24120,17,5,17,9,in
24122,18,1,23,0,going
24122,18,3,23,0,coming
24123,0,1,25,4,out
24123,0,3,25,4,in
24129,1,19,1,5,in
24129,3,19,3,5,in
24132,2,13,2,3,out
24132,2,15,2,3,in
24132,4,13,4,3,out
24132,4,15,4,3,in
24132,5,13,5,3,out
24132,5,15,5,3,in
24132,8,13,8,3,out
24132,8,15,8,3,in
24133,13,11,13,4,coming
24137,13,10,13,4,going
24137,13,0,13,4,coming
24137,13,1,13,4,coming
24142,10,4,20,2,out
24142,10,6,20,2,in
24148,14,4,14,8,out
24148,14,6,14,8,in
24148,14,6,14,8,going
24148,17,4,17,9,going
24148,17,6,17,9,coming
24150,6,19,28,5,in
24151,0,2,25,4,going
24151,0,4,25,4,coming
24160,2,14,2,3,going
24160,2,16,2,3,coming
24160,4,14,4,3,going
24160,4,16,4,3,coming
24160,5,14,5,3,going
24160,5,16,5,3,coming
24160,8,14,8,3,going
24160,8,16,8,3,coming
24170,7,5,27,3,out
24170,7,7,27,3,in
24170,10,5,20,2,going
24170,10,7,20,2,coming
24189,6,18,28,5,going
24198,9,1,9,2,out
24198,9,3,9,2,in
24198,11,1,11,2,out
24198,11,3,11,2,in
24198,12,11,12,4,out
24198,7,6,27,3,going
24198,7,8,27,3,coming
24199,16,1,16,2,out
24199,16,3,16,2,in
24201,12,10,12,4,in
24201,19,19,19,5,in
24208,1,19,1,5,going
24208,3,19,3,5,going
24210,14,1,14,8,in
24210,14,5,14,8,out
24215,12,11,12,4,coming
24218,12,10,12,4,going
24222,18,1,23,0,out
24222,18,3,23,0,in
24226,9,2,9,2,going
24226,9,4,9,2,coming
24226,11,2,11,2,going
24226,11,4,11,2,coming
24227,16,2,16,2,going
24227,16,4,16,2,coming
24233,13,11,13,4,in
24233,13,11,13,4,going
24237,13,0,13,4,in
24237,13,1,13,4,in
24237,13,10,13,4,out
24238,14,2,14,8,coming
24240,6,19,28,5,going
24248,14,6,14,8,out
24248,17,4,17,9,out
24248,17,6,17,9,in
24250,18,2,23,0,going
24250,18,4,23,0,coming
24251,0,2,25,4,out
24251,0,4,25,4,in
24254,15,6,21,8,coming
24260,2,14,2,3,out
24260,2,16,2,3,in
24260,4,14,4,3,out
24260,4,16,4,3,in
24260,5,14,5,3,out
24260,5,16,5,3,in
24260,8,14,8,3,out
24260,8,16,8,3,in
24270,10,5,20,2,out
24270,10,7,20,2,in
24276,17,5,17,9,going
24276,17,7,17,9,coming
24279,0,3,25,4,going
24279,0,5,25,4,coming
24280,19,19,19,5,going
24288,2,15,2,3,going
24288,2,17,2,3,coming
24288,4,15,4,3,going
24288,4,17,4,3,coming
24288,5,15,5,3,going
24288,5,17,5,3,coming
24288,8,15,8,3,going
24288,8,17,8,3,coming
24289,6,18,28,5,out
24289,6,18,28,5,coming
24298,7,6,27,3,out
24298,7,8,27,3,in
24298,10,6,20,2,going
24298,10,8,20,2,coming
24308,1,19,1,5,out
24308,3,19,3,5,out
24315,12,11,12,4,in
24315,12,11,12,4,going
24318,12,10,12,4,out
24318,12,10,12,4,coming
24326,9,2,9,2,out
24326,9,4,9,2,in
24326,11,2,11,2,out
24326,11,4,11,2,in
24326,7,7,27,3,going
24326,7,9,27,3,coming
24327,16,2,16,2,out
24327,16,4,16,2,in
24333,13,11,13,4,out
24338,14,2,14,8,in
24340,6,19,28,5,out
24346,1,19,1,5,coming
24346,3,19,3,5,coming
24350,18,2,23,0,out
24350,18,4,23,0,in
24354,15,6,21,8,in
24354,9,3,9,2,going
24354,9,5,9,2,coming
24354,11,3,11,2,going
24354,11,5,11,2,coming
24354,15,6,21,8,going
24355,16,3,16,2,going
24355,16,5,16,2,coming
24365,13,0,13,4,going
24365,13,2,13,4,coming
24366,14,1,14,8,going
24366,14,3,14,8,coming
24367,18,3,23,0,going
24367,18,4,23,0,going
24370,2,16,2,3,going
24370,2,1,2,3,coming
24370,4,16,4,3,going
24370,4,1,4,3,coming
24370,5,16,5,3,going
24370,5,1,5,3,coming
24370,8,16,8,3,going
24370,8,1,8,3,coming
24373,18,12,23,0,coming
24376,17,5,17,9,out
24376,17,7,17,9,in
24378,6,19,28,5,coming
24379,0,3,25,4,out
24379,0,5,25,4,in
24380,19,19,19,5,out
24388,2,15,2,3,out
24388,2,17,2,3,in
24388,4,15,4,3,out
24388,4,17,4,3,in
24388,5,15,5,3,out
24388,5,17,5,3,in
24388,8,15,8,3,out
24388,8,17,8,3,in
24388,2,17,2,3,going
24388,4,17,4,3,going
24388,5,17,5,3,going
24388,8,17,8,3,going
24389,6,18,28,5,in
24398,10,6,20,2,out
24398,10,8,20,2,in
24399,18,1,23,0,coming
24404,17,6,17,9,going
24404,17,8,17,9,coming
24407,0,4,25,4,going
24407,0,6,25,4,coming
24415,12,11,12,4,out
24418,12,10,12,4,in
24418,19,19,19,5,coming
24426,7,7,27,3,out
24426,7,9,27,3,in
24426,10,7,20,2,going
24426,10,9,20,2,coming
24432,12,11,12,4,coming
24435,12,10,12,4,going
24446,1,19,1,5,in
24446,3,19,3,5,in
24454,9,3,9,2,out
24454,9,5,9,2,in
24454,11,3,11,2,out
24454,11,5,11,2,in
24454,15,6,21,8,out
24454,7,8,27,3,going
24455,16,3,16,2,out
24455,16,5,16,2,in
24465,13,0,13,4,out
24465,13,2,13,4,in
24466,14,1,14,8,out
24466,14,3,14,8,in
24467,18,3,23,0,out
24467,18,4,23,0,out
24470,2,1,2,3,in
24470,2,16,2,3,out
24470,4,1,4,3,in
24470,4,16,4,3,out
24470,5,1,5,3,in
24470,5,16,5,3,out
24470,8,1,8,3,in
24470,8,16,8,3,out
24473,18,12,23,0,in
24473,18,12,23,0,going
24478,6,19,28,5,in
24482,9,4,9,2,going
24482,9,6,9,2,coming
24482,11,4,11,2,going
24482,11,6,11,2,coming
24483,16,4,16,2,going
24483,16,6,16,2,coming
24488,2,17,2,3,out
24488,4,17,4,3,out
24488,5,17,5,3,out
24488,8,17,8,3,out
24493,13,1,13,4,going
24493,13,3,13,4,coming
24494,14,2,14,8,going
24494,14,4,14,8,coming
24498,2,2,2,3,coming
24498,4,2,4,3,coming
24498,5,2,5,3,coming
24498,8,2,8,3,coming
24499,18,1,23,0,in
24504,17,6,17,9,out
24504,17,8,17,9,in
24507,0,4,25,4,out
24507,0,6,25,4,in
24517,6,18,28,5,going
24518,19,19,19,5,in
24525,1,19,1,5,going
24525,3,19,3,5,going
24526,10,7,20,2,out
24526,10,9,20,2,in
24527,18,2,23,0,coming
24532,12,11,12,4,in
24532,12,11,12,4,going
24532,17,7,17,9,going
24532,17,9,17,9,coming
24535,12,10,12,4,out
24535,0,5,25,4,going
24535,0,7,25,4,coming
24535,12,10,12,4,coming
24554,7,8,27,3,out
24554,10,8,20,2,going
24554,10,10,20,2,coming
24568,6,19,28,5,going
24573,18,12,23,0,out
24582,9,4,9,2,out
24582,9,6,9,2,in
24582,11,4,11,2,out
24582,11,6,11,2,in
24582,7,9,27,3,going
24583,16,4,16,2,out
24583,16,6,16,2,in
24593,13,1,13,4,out
24593,13,3,13,4,in
24594,14,2,14,8,out
24594,14,4,14,8,in
24597,19,19,19,5,going
24598,2,2,2,3,in
24598,4,2,4,3,in
24598,5,2,5,3,in
24598,8,2,8,3,in
24610,9,5,9,2,going
24610,9,7,9,2,coming
24610,11,5,11,2,going
24610,11,7,11,2,coming
24611,16,5,16,2,going
24611,16,7,16,2,coming
24617,6,18,28,5,out
24617,6,18,28,5,coming
24621,13,2,13,4,going
24621,13,4,13,4,coming
24622,14,3,14,8,going
24622,14,5,14,8,coming
24625,1,19,1,5,out
24625,3,19,3,5,out
24626,2,1,2,3,going
24626,2,3,2,3,coming
24626,4,1,4,3,going
24626,4,3,4,3,coming
24626,5,1,5,3,going
24626,5,3,5,3,coming
24626,8,1,8,3,going
24626,8,3,8,3,coming
24627,18,2,23,0,in
24632,12,11,12,4,out
24632,17,7,17,9,out
24632,17,9,17,9,in
24635,0,5,25,4,out
24635,0,7,25,4,in
24635,12,10,12,4,in
24649,12,11,12,4,coming
24652,12,10,12,4,going
24654,10,8,20,2,out
24654,10,10,20,2,in
24655,18,1,23,0,going
24655,18,3,23,0,coming
24660,17,8,17,9,going
24660,17,10,17,9,coming
24663,0,6,25,4,going
24663,1,19,1,5,coming
24663,3,19,3,5,coming
24668,6,19,28,5,out
24682,7,9,27,3,out
24682,10,9,20,2,going
24682,10,11,20,2,coming
24697,19,19,19,5,out
24706,6,19,28,5,coming
24710,9,5,9,2,out
24710,9,7,9,2,in
24710,11,5,11,2,out
24710,11,7,11,2,in
24710,7,12,27,3,coming
24711,16,5,16,2,out
24711,16,7,16,2,in
24717,6,18,28,5,in
24721,13,2,13,4,out
24721,13,4,13,4,in
24722,14,3,14,8,out
24722,14,5,14,8,in
24726,2,1,2,3,out
24726,2,3,2,3,in
24726,4,1,4,3,out
24726,4,3,4,3,in
24726,5,1,5,3,out
24726,5,3,5,3,in
24726,8,1,8,3,out
24726,8,3,8,3,in
24735,19,19,19,5,coming
24738,9,6,9,2,going
24738,9,8,9,2,coming
24738,11,6,11,2,going
24738,11,8,11,2,coming
24739,16,6,16,2,going
24739,16,8,16,2,coming
24749,12,11,12,4,in
24749,12,11,12,4,going
24749,13,3,13,4,going
24749,13,5,13,4,coming
24750,14,4,14,8,going
24750,14,6,14,8,coming
24752,12,10,12,4,out
24752,12,10,12,4,coming
24754,2,2,2,3,going
24754,2,4,2,3,coming
24754,4,2,4,3,going
24754,4,4,4,3,coming
24754,5,2,5,3,going
24754,5,4,5,3,coming
24754,8,2,8,3,going
24754,8,4,8,3,coming
24755,18,1,23,0,out
24755,18,3,23,0,in
24760,17,8,17,9,out
24760,17,10,17,9,in
24763,0,6,25,4,out
24763,1,19,1,5,in
24763,3,19,3,5,in
24782,10,9,20,2,out
24782,10,11,20,2,in
24783,18,2,23,0,going
24783,18,4,23,0,coming
24788,17,9,17,9,going
24788,17,11,17,9,coming
24791,0,7,25,4,going
24806,6,19,28,5,in
24810,7,12,27,3,in
24810,10,10,20,2,going
24810,10,12,20,2,coming
24812,14,5,14,8,going
24812,14,1,14,8,coming
24832,10,11,20,2,going
24832,10,1,20,2,coming
24835,19,19,19,5,in
24838,9,6,9,2,out
24838,9,8,9,2,in
24838,11,6,11,2,out
24838,11,8,11,2,in
24838,7,13,27,3,coming
24839,16,6,16,2,out
24839,16,8,16,2,in
24842,1,19,1,5,going
24842,3,19,3,5,going
24845,6,18,28,5,going
24849,12,11,12,4,out
24849,13,3,13,4,out
24849,13,5,13,4,in
24850,14,4,14,8,out
24850,14,6,14,8,in
24850,14,6,14,8,going
24852,12,10,12,4,in
24854,2,2,2,3,out
24854,2,4,2,3,in
24854,4,2,4,3,out
24854,4,4,4,3,in
24854,5,2,5,3,out
24854,5,4,5,3,in
24854,8,2,8,3,out
24854,8,4,8,3,in
24866,9,7,9,2,going
24866,9,9,9,2,coming
24866,11,7,11,2,going
24866,11,9,11,2,coming
24866,12,11,12,4,coming
24867,16,7,16,2,going
24867,16,9,16,2,coming
24869,12,10,12,4,going
24877,13,4,13,4,going
24877,13,6,13,4,coming
24882,2,3,2,3,going
24882,2,5,2,3,coming
24882,4,3,4,3,going
24882,4,5,4,3,coming
24882,5,3,5,3,going
24882,5,5,5,3,coming
24882,8,3,8,3,going
24882,8,5,8,3,coming
24883,18,2,23,0,out
24883,18,4,23,0,in
24888,17,9,17,9,out
24888,17,11,17,9,in
24891,0,7,25,4,out
24896,6,19,28,5,going
24900,18,3,23,0,going
24900,18,4,23,0,going
24906,18,12,23,0,coming
24910,10,10,20,2,out
24910,10,12,20,2,in
24910,10,12,20,2,going
24912,14,1,14,8,in
24912,14,5,14,8,out
24914,19,19,19,5,going
24916,17,10,17,9,going
24916,17,12,17,9,coming
24932,10,1,20,2,in
24932,10,11,20,2,out
24932,18,1,23,0,coming
24938,7,13,27,3,in
24940,14,2,14,8,coming
24942,1,19,1,5,out
24942,3,19,3,5,out
24945,6,18,28,5,out
24945,6,18,28,5,coming
24950,14,6,14,8,out
24956,15,6,21,8,coming
24960,10,2,20,2,coming
24966,9,7,9,2,out
24966,9,9,9,2,in
24966,11,7,11,2,out
24966,11,9,11,2,in
24966,12,11,12,4,in
24966,7,12,27,3,going
24966,7,14,27,3,coming
24966,12,11,12,4,going
24967,16,7,16,2,out
24967,16,9,16,2,in
24969,12,10,12,4,out
24969,12,10,12,4,coming
24977,13,4,13,4,out
24977,13,6,13,4,in
24980,1,19,1,5,coming
24980,3,19,3,5,coming
24982,2,3,2,3,out
24982,2,5,2,3,in
24982,4,3,4,3,out
24982,4,5,4,3,in
24982,5,3,5,3,out
24982,5,5,5,3,in
24982,8,3,8,3,out
24982,8,5,8,3,in
24994,9,8,9,2,going
24994,9,10,9,2,coming
24994,11,8,11,2,going
24994,11,10,11,2,coming
24995,16,8,16,2,going
24995,16,10,16,2,coming
24996,6,19,28,5,out
25000,18,3,23,0,out
25000,18,4,23,0,out
25005,13,5,13,4,going
25005,13,7,13,4,coming
25006,18,12,23,0,in
25006,18,12,23,0,going
25010,10,12,20,2,out
25010,2,4,2,3,going
25010,2,6,2,3,coming
25010,4,4,4,3,going
25010,4,6,4,3,coming
25010,5,4,5,3,going
25010,5,6,5,3,coming
25010,8,4,8,3,going
25010,8,6,8,3,coming
25010,17,11,17,9,going
25010,17,1,17,9,coming
25014,19,19,19,5,out
25016,17,10,17,9,out
25016,17,12,17,9,in
25016,17,12,17,9,going
25019,15,0,21,8,out
25019,15,1,21,8,out
25019,15,2,21,8,out
25019,15,3,21,8,out
25019,15,4,21,8,out
25019,15,5,21,8,out
25019,15,6,21,8,out
25019,15,7,21,8,out
25019,15,8,21,8,out
25019,15,9,21,8,out
25019,15,10,21,8,out
25019,15,11,21,8,out
25019,15,12,21,8,out
25019,15,13,21,8,out
25019,15,14,21,8,out
25019,15,15,21,8,out
25019,15,16,21,8,out
25019,15,17,21,8,out
25019,15,18,21,8,out
25019,15,19,21,8,out
25019,15,0,29,0,coming
25019,15,1,29,0,coming
25019,15,2,29,0,coming
25019,15,3,29,0,coming
25019,15,4,29,0,coming
25032,18,1,23,0,in
25034,6,19,28,5,coming
25040,14,2,14,8,in
25045,6,18,28,5,in
25052,19,19,19,5,coming
25060,10,2,20,2,in
25060,18,2,23,0,coming
25066,7,12,27,3,out
25066,7,14,27,3,in
25066,12,11,12,4,out
25068,14,1,14,8,going
25068,14,3,14,8,coming
25069,12,10,12,4,in
25080,1,19,1,5,in
25080,3,19,3,5,in
25083,12,11,12,4,coming
25087,12,10,12,4,going
25087,12,0,12,4,coming
25087,12,1,12,4,coming
25088,10,1,20,2,going
25088,10,3,20,2,coming
25094,9,8,9,2,out
25094,9,10,9,2,in
25094,11,8,11,2,out
25094,11,10,11,2,in
25094,7,13,27,3,going
25094,7,15,27,3,coming
25095,16,8,16,2,out
25095,16,10,16,2,in
25105,13,5,13,4,out
25105,13,7,13,4,in
25106,18,12,23,0,out
25110,2,4,2,3,out
25110,2,6,2,3,in
25110,4,4,4,3,out
25110,4,6,4,3,in
25110,5,4,5,3,out
25110,5,6,5,3,in
25110,8,4,8,3,out
25110,8,6,8,3,in
25110,17,1,17,9,in
25110,17,11,17,9,out
25116,17,12,17,9,out
25119,15,0,29,0,in
25119,15,1,29,0,in
25119,15,2,29,0,in
25119,15,3,29,0,in
25119,15,4,29,0,in
25119,15,5,29,0,coming
25122,9,9,9,2,going
25122,9,11,9,2,coming
25122,11,9,11,2,going
25122,11,11,11,2,coming
25123,16,9,16,2,going
25123,16,11,16,2,coming
25133,13,6,13,4,going
25134,6,19,28,5,in
25138,2,5,2,3,going
25138,2,7,2,3,coming
25138,4,5,4,3,going
25138,4,7,4,3,coming
25138,5,5,5,3,going
25138,5,7,5,3,coming
25138,8,5,8,3,going
25138,8,7,8,3,coming
25138,17,2,17,9,coming
25152,19,19,19,5,in
25159,1,19,1,5,going
25159,3,19,3,5,going
25160,18,2,23,0,in
25168,14,1,14,8,out
25168,14,3,14,8,in
25173,6,18,28,5,going
25183,12,11,12,4,in
25183,12,11,12,4,going
25187,12,0,12,4,in
25187,12,1,12,4,in
25187,12,10,12,4,out
25188,10,1,20,2,out
25188,10,3,20,2,in
25188,18,1,23,0,going
25188,18,3,23,0,coming
25194,7,13,27,3,out
25194,7,15,27,3,in
25196,14,2,14,8,going
25196,14,4,14,8,coming
25216,10,2,20,2,going
25216,10,4,20,2,coming
25219,15,5,29,0,in
25222,9,9,9,2,out
25222,9,11,9,2,in
25222,11,9,11,2,out
25222,11,11,11,2,in
25222,7,14,27,3,going
25222,7,16,27,3,coming
25223,16,9,16,2,out
25223,16,11,16,2,in
25224,6,19,28,5,going
25231,19,19,19,5,going
25233,13,6,13,4,out
25238,2,5,2,3,out
25238,2,7,2,3,in
25238,4,5,4,3,out
25238,4,7,4,3,in
25238,5,5,5,3,out
25238,5,7,5,3,in
25238,8,5,8,3,out
25238,8,7,8,3,in
25238,17,2,17,9,in
25250,9,10,9,2,going
25250,9,12,9,2,coming
25250,11,10,11,2,going
25250,11,12,11,2,coming
25251,16,10,16,2,going
25251,16,12,16,2,coming
25259,1,19,1,5,out
25259,3,19,3,5,out
25261,13,7,13,4,going
25266,2,6,2,3,going
25266,2,8,2,3,coming
25266,4,6,4,3,going
25266,4,8,4,3,coming
25266,5,6,5,3,going
25266,5,8,5,3,coming
25266,8,6,8,3,going
25266,8,8,8,3,coming
25266,17,1,17,9,going
25266,17,3,17,9,coming
25272,9,11,9,2,going
25272,9,1,9,2,coming
25272,11,11,11,2,going
25272,11,1,11,2,coming
25273,6,18,28,5,out
25273,6,18,28,5,coming
25273,16,11,16,2,going
25273,16,1,16,2,coming
25283,12,11,12,4,out
25288,18,1,23,0,out
25288,18,3,23,0,in
25296,14,2,14,8,out
25296,14,4,14,8,in
25297,1,19,1,5,coming
25297,3,19,3,5,coming
25315,12,0,12,4,going
25315,12,2,12,4,coming
25316,10,2,20,2,out
25316,10,4,20,2,in
25316,18,2,23,0,going
25316,18,4,23,0,coming
25322,7,14,27,3,out
25322,7,16,27,3,in
25324,6,19,28,5,out
25324,14,3,14,8,going
25324,14,5,14,8,coming
25331,19,19,19,5,out
25344,10,3,20,2,going
25344,10,5,20,2,coming
25350,9,10,9,2,out
25350,9,12,9,2,in
25350,11,10,11,2,out
25350,11,12,11,2,in
25350,7,15,27,3,going
25350,7,17,27,3,coming
25350,9,12,9,2,going
25350,11,12,11,2,going
25351,16,10,16,2,out
25351,16,12,16,2,in
25351,16,12,16,2,going
25361,13,7,13,4,out
25362,6,19,28,5,coming
25366,2,6,2,3,out
25366,2,8,2,3,in
25366,4,6,4,3,out
25366,4,8,4,3,in
25366,5,6,5,3,out
25366,5,8,5,3,in
25366,8,6,8,3,out
25366,8,8,8,3,in
25366,17,1,17,9,out
25366,17,3,17,9,in
25369,19,19,19,5,coming
25372,9,1,9,2,in
25372,9,11,9,2,out
25372,11,1,11,2,in
25372,11,11,11,2,out
25373,6,18,28,5,in
25373,16,1,16,2,in
25373,16,11,16,2,out
25389,13,10,13,4,coming
25394,2,7,2,3,going
25394,2,9,2,3,coming
25394,4,7,4,3,going
25394,4,9,4,3,coming
25394,5,7,5,3,going
25394,5,9,5,3,coming
25394,8,7,8,3,going
25394,8,9,8,3,coming
25394,17,2,17,9,going
25394,17,4,17,9,coming
25397,1,19,1,5,in
25397,3,19,3,5,in
25400,9,2,9,2,coming
25400,11,2,11,2,coming
25401,16,2,16,2,coming
25415,12,0,12,4,out
25415,12,2,12,4,in
25416,18,2,23,0,out
25416,18,4,23,0,in
25424,14,3,14,8,out
25424,14,5,14,8,in
25432,7,16,27,3,going
25432,7,1,27,3,coming
25443,12,1,12,4,going
25443,12,3,12,4,coming
25444,10,3,20,2,out
25444,10,5,20,2,in
25444,18,3,23,0,going
25444,18,5,23,0,coming
25450,7,15,27,3,out
25450,7,17,27,3,in
25450,9,12,9,2,out
25450,11,12,11,2,out
25450,7,17,27,3,going
25451,16,12,16,2,out
25452,14,4,14,8,going
25452,14,6,14,8,coming
25462,6,19,28,5,in
25469,19,19,19,5,in
25472,10,4,20,2,going
25472,10,6,20,2,coming
25476,1,19,1,5,going
25476,3,19,3,5,going
25489,13,10,13,4,in
25494,2,7,2,3,out
25494,2,9,2,3,in
25494,4,7,4,3,out
25494,4,9,4,3,in
25494,5,7,5,3,out
25494,5,9,5,3,in
25494,8,7,8,3,out
25494,8,9,8,3,in
25494,17,2,17,9,out
25494,17,4,17,9,in
25500,9,2,9,2,in
25500,11,2,11,2,in
25501,16,2,16,2,in
25514,14,5,14,8,going
25514,14,1,14,8,coming
25517,13,11,13,4,coming
25520,13,10,13,4,going
25522,2,8,2,3,going
25522,2,10,2,3,coming
25522,4,8,4,3,going
25522,4,10,4,3,coming
25522,5,8,5,3,going
25522,5,10,5,3,coming
25522,8,8,8,3,going
25522,8,10,8,3,coming
25522,17,3,17,9,going
25522,17,5,17,9,coming
25528,9,1,9,2,going
25528,9,3,9,2,coming
25528,11,1,11,2,going
25528,11,3,11,2,coming
25529,16,1,16,2,going
25529,16,3,16,2,coming
25532,7,1,27,3,in
25532,7,16,27,3,out
25543,12,1,12,4,out
25543,12,3,12,4,in
25544,18,3,23,0,out
25544,18,5,23,0,in
25548,19,19,19,5,going
25550,7,17,27,3,out
25552,14,4,14,8,out
25552,14,6,14,8,in
25552,6,19,28,5,going
25552,14,6,14,8,going
25560,7,2,27,3,coming
25571,12,2,12,4,going
25571,12,4,12,4,coming
25572,10,4,20,2,out
25572,10,6,20,2,in
25572,18,4,23,0,going
25572,18,6,23,0,coming
25576,1,19,1,5,out
25576,3,19,3,5,out
25600,10,5,20,2,going
25600,10,7,20,2,coming
25614,14,1,14,8,in
25614,14,5,14,8,out
25614,1,19,1,5,coming
25614,3,19,3,5,coming
25617,13,11,13,4,in
25617,13,11,13,4,going
25620,13,10,13,4,out
25620,13,10,13,4,coming
25622,2,8,2,3,out
25622,2,10,2,3,in
25622,4,8,4,3,out
25622,4,10,4,3,in
25622,5,8,5,3,out
25622,5,10,5,3,in
25622,8,8,8,3,out
25622,8,10,8,3,in
25622,17,3,17,9,out
25622,17,5,17,9,in
25628,9,1,9,2,out
25628,9,3,9,2,in
25628,11,1,11,2,out
25628,11,3,11,2,in
25629,16,1,16,2,out
25629,16,3,16,2,in
25642,14,2,14,8,coming
25648,19,19,19,5,out
25650,2,9,2,3,going
25650,2,11,2,3,coming
25650,4,9,4,3,going
25650,4,11,4,3,coming
25650,5,9,5,3,going
25650,5,11,5,3,coming
25650,8,9,8,3,going
25650,8,11,8,3,coming
25650,17,4,17,9,going
25650,17,6,17,9,coming
25652,6,19,28,5,out
25652,14,6,14,8,out
25656,9,2,9,2,going
25656,9,4,9,2,coming
25656,11,2,11,2,going
25656,11,4,11,2,coming
25657,16,2,16,2,going
25657,16,4,16,2,coming
25660,7,2,27,3,in
25671,12,2,12,4,out
25671,12,4,12,4,in
25672,18,4,23,0,out
25672,18,6,23,0,in
25686,19,19,19,5,coming
25688,7,1,27,3,going
25688,7,3,27,3,coming
25690,6,19,28,5,coming
25699,12,3,12,4,going
25699,12,5,12,4,coming
25700,10,5,20,2,out
25700,10,7,20,2,in
25700,18,5,23,0,going
25700,18,7,23,0,coming
25714,1,19,1,5,in
25714,3,19,3,5,in
25717,13,11,13,4,out
25720,13,10,13,4,in
25728,10,6,20,2,going
25728,10,8,20,2,coming
25734,13,11,13,4,coming
25737,13,10,13,4,going
25742,14,2,14,8,in
25750,2,9,2,3,out
25750,2,11,2,3,in
25750,4,9,4,3,out
25750,4,11,4,3,in
25750,5,9,5,3,out
25750,5,11,5,3,in
25750,8,9,8,3,out
25750,8,11,8,3,in
25750,17,4,17,9,out
25750,17,6,17,9,in
25756,9,2,9,2,out
25756,9,4,9,2,in
25756,11,2,11,2,out
25756,11,4,11,2,in
25757,16,2,16,2,out
25757,16,4,16,2,in
25759,15,6,29,0,coming
25770,14,1,14,8,going
25770,14,3,14,8,coming
25778,2,10,2,3,going
25778,2,12,2,3,coming
25778,4,10,4,3,going
25778,4,12,4,3,coming
25778,5,10,5,3,going
25778,5,12,5,3,coming
25778,8,10,8,3,going
25778,8,12,8,3,coming
25778,17,5,17,9,going
25778,17,7,17,9,coming
25784,9,3,9,2,going
25784,9,5,9,2,coming
25784,11,3,11,2,going
25784,11,5,11,2,coming
25785,16,3,16,2,going
25785,16,5,16,2,coming
25786,19,19,19,5,in
25788,7,1,27,3,out
25788,7,3,27,3,in
25790,6,19,28,5,in
25793,1,19,1,5,going
25794,3,19,3,5,going
25794,3,0,3,5,coming
25794,3,1,3,5,coming
25799,12,3,12,4,out
25799,12,5,12,4,in
25800,18,5,23,0,out
25800,18,7,23,0,in
25816,7,2,27,3,going
25816,7,4,27,3,coming
25827,12,4,12,4,going
25827,12,6,12,4,coming
25828,10,6,20,2,out
25828,10,8,20,2,in
25828,18,6,23,0,going
25828,18,8,23,0,coming
25834,13,11,13,4,in
25834,13,11,13,4,going
25837,13,10,13,4,out
25837,13,10,13,4,coming
25856,10,7,20,2,going
25856,10,9,20,2,coming
25859,15,6,29,0,in
25865,19,19,19,5,going
25869,6,19,28,5,going
25870,14,1,14,8,out
25870,14,3,14,8,in
25878,2,10,2,3,out
25878,2,12,2,3,in
25878,4,10,4,3,out
25878,4,12,4,3,in
25878,5,10,5,3,out
25878,5,12,5,3,in
25878,8,10,8,3,out
25878,8,12,8,3,in
25878,17,5,17,9,out
25878,17,7,17,9,in
25884,9,3,9,2,out
25884,9,5,9,2,in
25884,11,3,11,2,out
25884,11,5,11,2,in
25885,16,3,16,2,out
25885,16,5,16,2,in
25887,15,7,29,0,coming
25893,1,19,1,5,out
25894,3,0,3,5,in
25894,3,1,3,5,in
25894,3,19,3,5,out
25898,14,2,14,8,going
25898,14,4,14,8,coming
25906,2,11,2,3,going
25906,2,13,2,3,coming
25906,4,11,4,3,going
25906,4,13,4,3,coming
25906,5,11,5,3,going
25906,5,13,5,3,coming
25906,8,11,8,3,going
25906,8,13,8,3,coming
25906,17,6,17,9,going
25906,17,8,17,9,coming
25912,9,4,9,2,going
25912,9,6,9,2,coming
25912,11,4,11,2,going
25912,11,6,11,2,coming
25913,16,4,16,2,going
25913,16,6,16,2,coming
25916,7,2,27,3,out
25916,7,4,27,3,in
25927,12,4,12,4,out
25927,12,6,12,4,in
25928,18,6,23,0,out
25928,18,8,23,0,in
25931,1,19,1,5,coming
25934,13,11,13,4,out
25937,13,10,13,4,in
25944,7,3,27,3,going
25944,7,5,27,3,coming
25951,13,11,13,4,coming
25954,13,10,13,4,going
25955,12,5,12,4,going
25955,12,7,12,4,coming
25956,10,7,20,2,out
25956,10,9,20,2,in
25956,18,7,23,0,going
25956,18,9,23,0,coming
25965,19,19,19,5,out
25969,6,19,28,5,out
25984,10,8,20,2,going
25984,10,10,20,2,coming
25987,15,7,29,0,in
25998,14,2,14,8,out
25998,14,4,14,8,in
26003,19,19,19,5,coming
26006,2,11,2,3,out
26006,2,13,2,3,in
26006,4,11,4,3,out
26006,4,13,4,3,in
26006,5,11,5,3,out
26006,5,13,5,3,in
26006,8,11,8,3,out
26006,8,13,8,3,in
26006,17,6,17,9,out
26006,17,8,17,9,in
26007,6,19,28,5,coming
26012,9,4,9,2,out
26012,9,6,9,2,in
26012,11,4,11,2,out
26012,11,6,11,2,in
26013,16,4,16,2,out
26013,16,6,16,2,in
26015,15,6,29,0,going
26015,15,8,29,0,coming
26022,3,0,3,5,going
26022,3,2,3,5,coming
26026,14,3,14,8,going
26026,14,5,14,8,coming
26031,1,19,1,5,in
26034,2,12,2,3,going
26034,2,14,2,3,coming
26034,4,12,4,3,going
26034,4,14,4,3,coming
26034,5,12,5,3,going
26034,5,14,5,3,coming
26034,8,12,8,3,going
26034,8,14,8,3,coming
26034,17,7,17,9,going
26034,17,9,17,9,coming
26040,9,5,9,2,going
26040,9,7,9,2,coming
26040,11,5,11,2,going
26040,11,7,11,2,coming
26041,16,5,16,2,going
26041,16,7,16,2,coming
26044,7,3,27,3,out
26044,7,5,27,3,in
26051,13,11,13,4,in
26051,13,11,13,4,going
26054,13,10,13,4,out
26054,13,10,13,4,coming
26055,12,5,12,4,out
26055,12,7,12,4,in
26056,18,7,23,0,out
26056,18,9,23,0,in
26072,7,4,27,3,going
26072,7,6,27,3,coming
26083,12,6,12,4,going
26084,10,8,20,2,out
26084,10,10,20,2,in
26084,18,8,23,0,going
26103,19,19,19,5,in
26107,6,19,28,5,in
26110,1,19,1,5,going
26112,10,9,20,2,going
26112,10,11,20,2,coming
26115,15,6,29,0,out
26115,15,8,29,0,in
26122,3,0,3,5,out
26122,3,2,3,5,in
26126,14,3,14,8,out
26126,14,5,14,8,in
26134,2,12,2,3,out
26134,2,14,2,3,in
26134,4,12,4,3,out
26134,4,14,4,3,in
26134,5,12,5,3,out
26134,5,14,5,3,in
26134,8,12,8,3,out
26134,8,14,8,3,in
26134,17,7,17,9,out
26134,17,9,17,9,in
26140,9,5,9,2,out
26140,9,7,9,2,in
26140,11,5,11,2,out
26140,11,7,11,2,in
26141,16,5,16,2,out
26141,16,7,16,2,in
26143,15,7,29,0,going
26143,15,9,29,0,coming
26150,3,1,3,5,going
26150,3,3,3,5,coming
26151,13,11,13,4,out
26154,13,10,13,4,in
26154,14,4,14,8,going
26154,14,6,14,8,coming
26162,2,13,2,3,going
26162,2,15,2,3,coming
26162,4,13,4,3,going
26162,4,15,4,3,coming
26162,5,13,5,3,going
26162,5,15,5,3,coming
26162,8,13,8,3,going
26162,8,15,8,3,coming
26162,17,8,17,9,going
26162,17,10,17,9,coming
26168,9,6,9,2,going
26168,9,8,9,2,coming
26168,11,6,11,2,going
26168,11,8,11,2,coming
26168,13,11,13,4,coming
26169,16,6,16,2,going
26169,16,8,16,2,coming
26171,13,10,13,4,going
26172,7,4,27,3,out
26172,7,6,27,3,in
26183,12,6,12,4,out
26183,19,19,19,5,going
26183,19,0,19,5,coming
26183,19,1,19,5,coming
26184,18,8,23,0,out
26187,6,19,28,5,going
26187,6,1,28,5,coming
26200,7,5,27,3,going
26200,7,7,27,3,coming
26210,1,19,1,5,out
26211,12,7,12,4,going
26212,10,9,20,2,out
26212,10,11,20,2,in
26212,18,9,23,0,going
26216,14,5,14,8,going
26216,14,1,14,8,coming
26234,18,12,23,0,coming
26235,18,1,23,0,coming
26240,10,10,20,2,going
26240,10,12,20,2,coming
26243,15,7,29,0,out
26243,15,9,29,0,in
26248,1,19,1,5,coming
26250,3,1,3,5,out
26250,3,3,3,5,in
26254,14,4,14,8,out
26254,14,6,14,8,in
26254,14,6,14,8,going
26262,2,13,2,3,out
26262,2,15,2,3,in
26262,4,13,4,3,out
26262,4,15,4,3,in
26262,5,13,5,3,out
26262,5,15,5,3,in
26262,8,13,8,3,out
26262,8,15,8,3,in
26262,17,8,17,9,out
26262,17,10,17,9,in
26262,10,11,20,2,going
26262,10,1,20,2,coming
26268,9,6,9,2,out
26268,9,8,9,2,in
26268,11,6,11,2,out
26268,11,8,11,2,in
26268,13,11,13,4,in
26268,13,11,13,4,going
26269,16,6,16,2,out
26269,16,8,16,2,in
26271,13,10,13,4,out
26271,13,10,13,4,coming
26271,15,8,29,0,going
26271,15,10,29,0,coming
26278,3,2,3,5,going
26278,3,4,3,5,coming
26283,19,0,19,5,in
26283,19,1,19,5,in
26283,19,19,19,5,out
26287,6,1,28,5,in
26287,6,19,28,5,out
26290,2,14,2,3,going
26290,2,16,2,3,coming
26290,4,14,4,3,going
26290,4,16,4,3,coming
26290,5,14,5,3,going
26290,5,16,5,3,coming
26290,8,14,8,3,going
26290,8,16,8,3,coming
26290,17,9,17,9,going
26290,17,11,17,9,coming
26296,9,7,9,2,going
26296,9,9,9,2,coming
26296,11,7,11,2,going
26296,11,9,11,2,coming
26297,16,7,16,2,going
26297,16,9,16,2,coming
26300,7,5,27,3,out
26300,7,7,27,3,in
26311,12,7,12,4,out
26312,18,9,23,0,out
26315,6,2,28,5,coming
26316,14,1,14,8,in
26316,14,5,14,8,out
26328,7,6,27,3,going
26328,7,8,27,3,coming
26334,18,12,23,0,in
26334,18,12,23,0,going
26335,18,1,23,0,in
26339,12,10,12,4,coming
26340,10,10,20,2,out
26340,10,12,20,2,in
26340,10,12,20,2,going
26344,14,2,14,8,coming
26348,1,19,1,5,in
26354,14,6,14,8,out
26362,10,1,20,2,in
26362,10,11,20,2,out
26363,18,2,23,0,coming
26368,13,11,13,4,out
26371,13,10,13,4,in
26371,15,8,29,0,out
26371,15,10,29,0,in
26378,3,2,3,5,out
26378,3,4,3,5,in
26385,13,11,13,4,coming
26388,13,10,13,4,going
26390,2,14,2,3,out
26390,2,16,2,3,in
26390,4,14,4,3,out
26390,4,16,4,3,in
26390,5,14,5,3,out
26390,5,16,5,3,in
26390,8,14,8,3,out
26390,8,16,8,3,in
26390,17,9,17,9,out
26390,17,11,17,9,in
26390,10,2,20,2,coming
26396,9,7,9,2,out
26396,9,9,9,2,in
26396,11,7,11,2,out
26396,11,9,11,2,in
26397,16,7,16,2,out
26397,16,9,16,2,in
26399,15,9,29,0,going
26399,15,11,29,0,coming
26406,3,3,3,5,going
26406,3,5,3,5,coming
26411,19,0,19,5,going
26411,19,2,19,5,coming
26415,6,2,28,5,in
26418,2,15,2,3,going
26418,2,17,2,3,coming
26418,4,15,4,3,going
26418,4,17,4,3,coming
26418,5,15,5,3,going
26418,5,17,5,3,coming
26418,8,15,8,3,going
26418,8,17,8,3,coming
26418,17,10,17,9,going
26418,17,12,17,9,coming
26421,15,10,29,0,going
26421,15,12,29,0,coming
26424,9,8,9,2,going
26424,9,10,9,2,coming
26424,11,8,11,2,going
26424,11,10,11,2,coming
26425,16,8,16,2,going
26425,16,10,16,2,coming
26427,1,19,1,5,going
26428,7,6,27,3,out
26428,7,8,27,3,in
26434,18,12,23,0,out
26439,12,10,12,4,in
26440,10,12,20,2,out
26443,6,1,28,5,going
26443,6,3,28,5,coming
26444,14,2,14,8,in
26456,7,7,27,3,going
26456,7,9,27,3,coming
26463,18,2,23,0,in
26467,12,11,12,4,coming
26470,12,10,12,4,going
26472,14,1,14,8,going
26472,14,3,14,8,coming
26485,13,11,13,4,in
26485,13,11,13,4,going
26488,13,10,13,4,out
26488,13,10,13,4,coming
26490,10,2,20,2,in
26491,18,1,23,0,going
26491,18,3,23,0,coming
26499,15,9,29,0,out
26499,15,11,29,0,in
26500,2,16,2,3,going
26500,2,1,2,3,coming
26500,4,16,4,3,going
26500,4,1,4,3,coming
26500,5,16,5,3,going
26500,8,16,8,3,going
26500,15,11,29,0,going
26506,3,3,3,5,out
26506,3,5,3,5,in
26506,5,1,5,3,coming
26511,19,0,19,5,out
26511,19,2,19,5,in
26511,8,1,8,3,coming
26512,17,11,17,9,going
26518,2,15,2,3,out
26518,2,17,2,3,in
26518,4,15,4,3,out
26518,4,17,4,3,in
26518,5,15,5,3,out
26518,5,17,5,3,in
26518,8,15,8,3,out
26518,8,17,8,3,in
26518,17,10,17,9,out
26518,17,12,17,9,in
26518,2,17,2,3,going
26518,4,17,4,3,going
26518,5,17,5,3,going
26518,8,17,8,3,going
26518,10,1,20,2,going
26518,10,3,20,2,coming
26518,17,12,17,9,going
26518,17,1,17,9,coming
26521,15,10,29,0,out
26521,15,12,29,0,in
26521,15,12,29,0,going
26524,9,8,9,2,out
26524,9,10,9,2,in
26524,11,8,11,2,out
26524,11,10,11,2,in
26525,16,8,16,2,out
26525,16,10,16,2,in
26527,1,19,1,5,out
26534,3,4,3,5,going
26534,3,6,3,5,coming
26539,19,1,19,5,going
26539,19,3,19,5,coming
26543,6,1,28,5,out
26543,6,3,28,5,in
26552,9,9,9,2,going
26552,9,11,9,2,coming
26552,11,9,11,2,going
26552,11,11,11,2,coming
26553,16,9,16,2,going
26553,16,11,16,2,coming
26556,7,7,27,3,out
26556,7,9,27,3,in
26565,1,19,1,5,coming
26567,12,11,12,4,in
26567,12,11,12,4,going
26570,12,10,12,4,out
26570,12,10,12,4,coming
26571,6,2,28,5,going
26571,6,4,28,5,coming
26572,14,1,14,8,out
26572,14,3,14,8,in
26584,7,8,27,3,going
26585,13,11,13,4,out
26588,13,10,13,4,in
26591,18,1,23,0,out
26591,18,3,23,0,in
26600,2,1,2,3,in
26600,2,16,2,3,out
26600,4,1,4,3,in
26600,4,16,4,3,out
26600,5,16,5,3,out
26600,8,16,8,3,out
26600,15,11,29,0,out
26600,14,2,14,8,going
26600,14,4,14,8,coming
26602,13,11,13,4,coming
26605,13,10,13,4,going
26606,5,1,5,3,in
26611,8,1,8,3,in
26612,17,11,17,9,out
26618,2,17,2,3,out
26618,4,17,4,3,out
26618,5,17,5,3,out
26618,8,17,8,3,out
26618,10,1,20,2,out
26618,10,3,20,2,in
26618,17,1,17,9,in
26618,17,12,17,9,out
26619,18,2,23,0,going
26619,18,4,23,0,coming
26621,15,12,29,0,out
26628,2,2,2,3,coming
26628,4,2,4,3,coming
26628,5,2,5,3,coming
26628,8,2,8,3,coming
26634,3,4,3,5,out
26634,3,6,3,5,in
26639,19,1,19,5,out
26639,19,3,19,5,in
26640,17,2,17,9,coming
26646,10,2,20,2,going
26646,10,4,20,2,coming
26652,9,9,9,2,out
26652,9,11,9,2,in
26652,11,9,11,2,out
26652,11,11,11,2,in
26653,16,9,16,2,out
26653,16,11,16,2,in
26662,3,5,3,5,going
26662,3,7,3,5,coming
26665,1,19,1,5,in
26667,12,11,12,4,out
26667,19,2,19,5,going
26667,19,4,19,5,coming
26670,12,10,12,4,in
26671,6,2,28,5,out
26671,6,4,28,5,in
26680,9,10,9,2,going
26680,9,12,9,2,coming
26680,11,10,11,2,going
26680,11,12,11,2,coming
26681,16,10,16,2,going
26681,16,12,16,2,coming
26684,7,8,27,3,out
26684,12,11,12,4,coming
26687,12,10,12,4,going
26699,6,3,28,5,going
26699,6,5,28,5,coming
26700,14,2,14,8,out
26700,14,4,14,8,in
26702,13,11,13,4,in
26702,9,11,9,2,going
26702,9,1,9,2,coming
26702,11,11,11,2,going
26702,11,1,11,2,coming
26702,13,11,13,4,going
26703,16,11,16,2,going
26703,16,1,16,2,coming
26705,13,10,13,4,out
26705,13,10,13,4,coming
26712,7,9,27,3,going
26719,18,2,23,0,out
26719,18,4,23,0,in
26728,2,2,2,3,in
26728,4,2,4,3,in
26728,5,2,5,3,in
26728,8,2,8,3,in
26728,14,3,14,8,going
26728,14,5,14,8,coming
26740,17,2,17,9,in
26744,1,19,1,5,going
26746,10,2,20,2,out
26746,10,4,20,2,in
26747,18,3,23,0,going
26747,18,5,23,0,coming
26756,2,1,2,3,going
26756,2,3,2,3,coming
26756,4,1,4,3,going
26756,4,3,4,3,coming
26756,5,1,5,3,going
26756,5,3,5,3,coming
26756,8,1,8,3,going
26756,8,3,8,3,coming
26762,3,5,3,5,out
26762,3,7,3,5,in
26767,19,2,19,5,out
26767,19,4,19,5,in
26768,17,1,17,9,going
26768,17,3,17,9,coming
26774,10,3,20,2,going
26774,10,5,20,2,coming
26780,9,10,9,2,out
26780,9,12,9,2,in
26780,11,10,11,2,out
26780,11,12,11,2,in
26780,9,12,9,2,going
26780,11,12,11,2,going
26781,16,10,16,2,out
26781,16,12,16,2,in
26781,16,12,16,2,going
26784,12,11,12,4,in
26784,12,11,12,4,going
26787,12,10,12,4,out
26787,12,10,12,4,coming
26790,3,6,3,5,going
26790,3,8,3,5,coming
26795,19,3,19,5,going
26795,19,5,19,5,coming
26799,6,3,28,5,out
26799,6,5,28,5,in
26802,9,1,9,2,in
26802,9,11,9,2,out
26802,11,1,11,2,in
26802,11,11,11,2,out
26802,13,11,13,4,out
26803,16,1,16,2,in
26803,16,11,16,2,out
26805,13,10,13,4,in
26812,7,9,27,3,out
26819,13,11,13,4,coming
26822,13,10,13,4,going
26827,6,4,28,5,going
26827,6,6,28,5,coming
26828,14,3,14,8,out
26828,14,5,14,8,in
26830,9,2,9,2,coming
26830,11,2,11,2,coming
26831,16,2,16,2,coming
26840,7,12,27,3,coming
26844,1,19,1,5,out
26847,18,3,23,0,out
26847,18,5,23,0,in
26856,2,1,2,3,out
26856,2,3,2,3,in
26856,4,1,4,3,out
26856,4,3,4,3,in
26856,5,1,5,3,out
26856,5,3,5,3,in
26856,8,1,8,3,out
26856,8,3,8,3,in
26856,14,4,14,8,going
26856,14,6,14,8,coming
26868,17,1,17,9,out
26868,17,3,17,9,in
26874,10,3,20,2,out
26874,10,5,20,2,in
26875,18,4,23,0,going
26875,18,6,23,0,coming
26880,9,12,9,2,out
26880,11,12,11,2,out
26881,16,12,16,2,out
26882,1,19,1,5,coming
26884,12,11,12,4,out
26884,2,2,2,3,going
26884,2,4,2,3,coming
26884,4,2,4,3,going
26884,4,4,4,3,coming
26884,5,2,5,3,going
26884,5,4,5,3,coming
26884,8,2,8,3,going
26884,8,4,8,3,coming
26887,12,10,12,4,in
26890,3,6,3,5,out
26890,3,8,3,5,in
26895,19,3,19,5,out
26895,19,5,19,5,in
26896,17,2,17,9,going
26896,17,4,17,9,coming
26901,12,11,12,4,coming
26902,10,4,20,2,going
26902,10,6,20,2,coming
26904,12,10,12,4,going
26918,3,7,3,5,going
26918,3,9,3,5,coming
26918,14,5,14,8,going
26918,14,1,14,8,coming
26919,13,11,13,4,in
26919,13,11,13,4,going
26922,13,10,13,4,out
26922,13,10,13,4,coming
26923,19,4,19,5,going
26923,19,6,19,5,coming
26927,6,4,28,5,out
26927,6,6,28,5,in
26930,9,2,9,2,in
26930,11,2,11,2,in
26931,16,2,16,2,in
26940,7,12,27,3,in
26955,6,5,28,5,going
26955,6,7,28,5,coming
26956,14,4,14,8,out
26956,14,6,14,8,in
26956,14,6,14,8,going
26958,9,1,9,2,going
26958,9,3,9,2,coming
26958,11,1,11,2,going
26958,11,3,11,2,coming
26959,16,1,16,2,going
26959,16,3,16,2,coming
26968,7,13,27,3,coming
26975,18,4,23,0,out
26975,18,6,23,0,in
26982,1,19,1,5,in
26984,2,2,2,3,out
26984,2,4,2,3,in
26984,4,2,4,3,out
26984,4,4,4,3,in
26984,5,2,5,3,out
26984,5,4,5,3,in
26984,8,2,8,3,out
26984,8,4,8,3,in
26996,17,2,17,9,out
26996,17,4,17,9,in
27001,12,11,12,4,in
27001,12,11,12,4,going
27002,10,4,20,2,out
27002,10,6,20,2,in
27003,18,5,23,0,going
27003,18,7,23,0,coming
27004,12,10,12,4,out
27004,12,10,12,4,coming
27012,2,3,2,3,going
27012,2,5,2,3,coming
27012,4,3,4,3,going
27012,4,5,4,3,coming
27012,5,3,5,3,going
27012,5,5,5,3,coming
27012,8,3,8,3,going
27012,8,5,8,3,coming
27018,3,7,3,5,out
27018,3,9,3,5,in
27018,14,1,14,8,in
27018,14,5,14,8,out
27019,13,11,13,4,out
27022,13,10,13,4,in
27023,19,4,19,5,out
27023,19,6,19,5,in
27024,17,3,17,9,going
27024,17,5,17,9,coming
27030,10,5,20,2,going
27030,10,7,20,2,coming
27036,13,11,13,4,coming
27039,13,10,13,4,going
27046,3,8,3,5,going
27046,3,10,3,5,coming
27046,14,2,14,8,coming
27051,19,5,19,5,going
27051,19,7,19,5,coming
27055,6,5,28,5,out
27055,6,7,28,5,in
27056,14,6,14,8,out
27058,9,1,9,2,out
27058,9,3,9,2,in
27058,11,1,11,2,out
27058,11,3,11,2,in
27059,16,1,16,2,out
27059,16,3,16,2,in
27062,1,19,1,5,going
27062,1,0,1,5,coming
27062,1,1,1,5,coming
27068,7,13,27,3,in
27083,6,6,28,5,going
27083,6,8,28,5,coming
27086,9,2,9,2,going
27086,9,4,9,2,coming
27086,11,2,11,2,going
27086,11,4,11,2,coming
27087,16,2,16,2,going
27087,16,4,16,2,coming
27096,7,12,27,3,going
27096,7,14,27,3,coming
27101,12,11,12,4,out
27103,18,5,23,0,out
27103,18,7,23,0,in
27104,12,10,12,4,in
27112,2,3,2,3,out
27112,2,5,2,3,in
27112,4,3,4,3,out
27112,4,5,4,3,in
27112,5,3,5,3,out
27112,5,5,5,3,in
27112,8,3,8,3,out
27112,8,5,8,3,in
27118,12,11,12,4,coming
27121,12,10,12,4,going
27124,17,3,17,9,out
27124,17,5,17,9,in
27130,10,5,20,2,out
27130,10,7,20,2,in
27131,18,6,23,0,going
27131,18,8,23,0,coming
27136,13,11,13,4,in
27136,13,11,13,4,going
27139,13,10,13,4,out
27139,13,10,13,4,coming
27140,2,4,2,3,going
27140,2,6,2,3,coming
27140,4,4,4,3,going
27140,4,6,4,3,coming
27140,5,4,5,3,going
27140,5,6,5,3,coming
27140,8,4,8,3,going
27140,8,6,8,3,coming
27140,15,6,29,0,coming
27146,3,8,3,5,out
27146,3,10,3,5,in
27146,14,2,14,8,in
27151,19,5,19,5,out
27151,19,7,19,5,in
27152,17,4,17,9,going
27152,17,6,17,9,coming
27158,10,6,20,2,going
27158,10,8,20,2,coming
27162,1,0,1,5,in
27162,1,1,1,5,in
27162,1,19,1,5,out
27174,3,9,3,5,going
27174,3,11,3,5,coming
27174,14,1,14,8,going
27174,14,3,14,8,coming
27179,19,6,19,5,going
27179,19,8,19,5,coming
27183,6,6,28,5,out
27183,6,8,28,5,in
27186,9,2,9,2,out
27186,9,4,9,2,in
27186,11,2,11,2,out
27186,11,4,11,2,in
27187,16,2,16,2,out
27187,16,4,16,2,in
27196,7,12,27,3,out
27196,7,14,27,3,in
27211,6,7,28,5,going
27211,6,9,28,5,coming
27214,9,3,9,2,going
27214,9,5,9,2,coming
27214,11,3,11,2,going
27214,11,5,11,2,coming
27215,16,3,16,2,going
27215,16,5,16,2,coming
27218,12,11,12,4,in
27218,12,11,12,4,going
27221,12,10,12,4,out
27221,12,10,12,4,coming
27224,7,13,27,3,going
27224,7,15,27,3,coming
27231,18,6,23,0,out
27231,18,8,23,0,in
27236,13,11,13,4,out
27239,13,10,13,4,in
27240,2,4,2,3,out
27240,2,6,2,3,in
27240,4,4,4,3,out
27240,4,6,4,3,in
27240,5,4,5,3,out
27240,5,6,5,3,in
27240,8,4,8,3,out
27240,8,6,8,3,in
27240,15,6,29,0,in
27252,17,4,17,9,out
27252,17,6,17,9,in
27253,13,11,13,4,coming
27256,13,10,13,4,going
27258,10,6,20,2,out
27258,10,8,20,2,in
27259,18,7,23,0,going
27259,18,9,23,0,coming
27268,2,5,2,3,going
27268,2,7,2,3,coming
27268,4,5,4,3,going
27268,4,7,4,3,coming
27268,5,5,5,3,going
27268,5,7,5,3,coming
27268,8,5,8,3,going
27268,8,7,8,3,coming
27268,15,7,29,0,coming
27274,3,9,3,5,out
27274,3,11,3,5,in
27274,14,1,14,8,out
27274,14,3,14,8,in
27279,19,6,19,5,out
27279,19,8,19,5,in
27280,17,5,17,9,going
27280,17,7,17,9,coming
27286,10,7,20,2,going
27286,10,9,20,2,coming
27290,1,0,1,5,going
27290,1,2,1,5,coming
27302,3,10,3,5,going
27302,3,12,3,5,coming
27302,14,2,14,8,going
27302,14,4,14,8,coming
27307,19,7,19,5,going
27307,19,9,19,5,coming
27311,6,7,28,5,out
27311,6,9,28,5,in
27314,9,3,9,2,out
27314,9,5,9,2,in
27314,11,3,11,2,out
27314,11,5,11,2,in
27315,16,3,16,2,out
27315,16,5,16,2,in
27318,12,11,12,4,out
27321,12,10,12,4,in
27324,7,13,27,3,out
27324,7,15,27,3,in
27335,12,11,12,4,coming
27338,12,10,12,4,going
27339,6,8,28,5,going
27342,9,4,9,2,going
27342,9,6,9,2,coming
27342,11,4,11,2,going
27342,11,6,11,2,coming
27343,16,4,16,2,going
27343,16,6,16,2,coming
27352,7,14,27,3,going
27352,7,16,27,3,coming
27353,13,11,13,4,in
27353,13,11,13,4,going
27356,13,10,13,4,out
27356,13,10,13,4,coming
27359,18,7,23,0,out
27359,18,9,23,0,in
27368,2,5,2,3,out
27368,2,7,2,3,in
27368,4,5,4,3,out
27368,4,7,4,3,in
27368,5,5,5,3,out
27368,5,7,5,3,in
27368,8,5,8,3,out
27368,8,7,8,3,in
27368,15,7,29,0,in
27380,17,5,17,9,out
27380,17,7,17,9,in
27386,10,7,20,2,out
27386,10,9,20,2,in
27387,18,8,23,0,going
27390,1,0,1,5,out
27390,1,2,1,5,in
27396,2,6,2,3,going
27396,2,8,2,3,coming
27396,4,6,4,3,going
27396,4,8,4,3,coming
27396,5,6,5,3,going
27396,5,8,5,3,coming
27396,8,6,8,3,going
27396,8,8,8,3,coming
27396,15,6,29,0,going
27396,15,8,29,0,coming
27402,3,10,3,5,out
27402,3,12,3,5,in
27402,14,2,14,8,out
27402,14,4,14,8,in
27407,19,7,19,5,out
27407,19,9,19,5,in
27408,17,6,17,9,going
27408,17,8,17,9,coming
27414,10,8,20,2,going
27414,10,10,20,2,coming
27418,1,1,1,5,going
27418,1,3,1,5,coming
27430,3,11,3,5,going
27430,3,13,3,5,coming
27430,14,3,14,8,going
27430,14,5,14,8,coming
27435,12,11,12,4,in
27435,12,11,12,4,going
27435,19,8,19,5,going
27435,19,10,19,5,coming
27438,12,10,12,4,out
27438,0,1,25,4,coming
27438,12,10,12,4,coming
27439,6,8,28,5,out
27442,9,4,9,2,out
27442,9,6,9,2,in
27442,11,4,11,2,out
27442,11,6,11,2,in
27443,16,4,16,2,out
27443,16,6,16,2,in
27452,7,14,27,3,out
27452,7,16,27,3,in
27453,13,11,13,4,out
27456,13,10,13,4,in
27467,6,9,28,5,going
27470,9,5,9,2,going
27470,9,7,9,2,coming
27470,11,5,11,2,going
27470,11,7,11,2,coming
27470,13,11,13,4,coming
27471,16,5,16,2,going
27471,16,7,16,2,coming
27473,13,10,13,4,going
27480,7,15,27,3,going
27480,7,17,27,3,coming
27487,18,8,23,0,out
27496,2,6,2,3,out
27496,2,8,2,3,in
27496,4,6,4,3,out
27496,4,8,4,3,in
27496,5,6,5,3,out
27496,5,8,5,3,in
27496,8,6,8,3,out
27496,8,8,8,3,in
27496,15,6,29,0,out
27496,15,8,29,0,in
27508,17,6,17,9,out
27508,17,8,17,9,in
27514,10,8,20,2,out
27514,10,10,20,2,in
27515,18,9,23,0,going
27518,1,1,1,5,out
27518,1,3,1,5,in
27524,2,7,2,3,going
27524,2,9,2,3,coming
27524,4,7,4,3,going
27524,4,9,4,3,coming
27524,5,7,5,3,going
27524,5,9,5,3,coming
27524,8,7,8,3,going
27524,8,9,8,3,coming
27524,15,7,29,0,going
27524,15,9,29,0,coming
27530,3,11,3,5,out
27530,3,13,3,5,in
27530,14,3,14,8,out
27530,14,5,14,8,in
27535,12,11,12,4,out
27535,19,8,19,5,out
27535,19,10,19,5,in
27536,17,7,17,9,going
27536,17,9,17,9,coming
27537,18,12,23,0,coming
27538,0,1,25,4,in
27538,12,10,12,4,in
27538,18,1,23,0,coming
27542,10,9,20,2,going
27542,10,11,20,2,coming
27546,1,2,1,5,going
27546,1,4,1,5,coming
27552,12,11,12,4,coming
27555,12,10,12,4,going
27558,3,12,3,5,going
27558,3,14,3,5,coming
27558,14,4,14,8,going
27558,14,6,14,8,coming
27562,7,16,27,3,going
27562,7,1,27,3,coming
27563,19,9,19,5,going
27567,6,9,28,5,out
27567,0,2,25,4,coming
27570,9,5,9,2,out
27570,9,7,9,2,in
27570,11,5,11,2,out
27570,11,7,11,2,in
27570,13,11,13,4,in
27570,13,11,13,4,going
27570,19,11,19,5,coming
27571,16,5,16,2,out
27571,16,7,16,2,in
27573,13,10,13,4,out
27573,13,10,13,4,coming
27580,7,15,27,3,out
27580,7,17,27,3,in
27580,7,17,27,3,going
27595,6,12,28,5,coming
27598,9,6,9,2,going
27598,9,8,9,2,coming
27598,11,6,11,2,going
27598,11,8,11,2,coming
27599,16,6,16,2,going
27615,18,9,23,0,out
27615,16,8,16,2,coming
27621,14,0,14,8,out
27621,14,1,14,8,out
27621,14,2,14,8,out
27621,14,3,14,8,out
27621,14,4,14,8,out
27621,14,5,14,8,out
27621,14,6,14,8,out
27621,14,7,14,8,out
27621,14,8,14,8,out
27621,14,9,14,8,out
27621,14,10,14,8,out
27621,14,11,14,8,out
27621,14,12,14,8,out
27621,14,13,14,8,out
27621,14,14,14,8,out
27621,14,15,14,8,out
27621,14,16,14,8,out
27621,14,17,14,8,out
27621,14,18,14,8,out
27621,14,19,14,8,out
27621,14,0,30,7,coming
27621,14,1,30,7,coming
27624,2,7,2,3,out
27624,2,9,2,3,in
27624,4,7,4,3,out
27624,4,9,4,3,in
27624,5,7,5,3,out
27624,5,9,5,3,in
27624,8,7,8,3,out
27624,8,9,8,3,in
27624,15,7,29,0,out
27624,15,9,29,0,in
27636,17,7,17,9,out
27636,17,9,17,9,in
27637,18,12,23,0,in
27637,18,12,23,0,going
27638,18,1,23,0,in
27642,10,9,20,2,out
27642,10,11,20,2,in
27646,1,2,1,5,out
27646,1,4,1,5,in
27652,12,11,12,4,in
27652,2,8,2,3,going
27652,2,10,2,3,coming
27652,4,8,4,3,going
27652,4,10,4,3,coming
27652,5,8,5,3,going
27652,5,10,5,3,coming
27652,8,8,8,3,going
27652,8,10,8,3,coming
27652,12,11,12,4,going
27652,15,8,29,0,going
27652,15,10,29,0,coming
27655,12,10,12,4,out
27655,12,10,12,4,coming
27658,3,12,3,5,out
27658,3,14,3,5,in
27662,7,1,27,3,in
27662,7,16,27,3,out
27663,19,9,19,5,out
27664,17,8,17,9,going
27664,17,10,17,9,coming
27666,18,2,23,0,coming
27667,0,2,25,4,in
27670,13,11,13,4,out
27670,19,11,19,5,in
27670,10,10,20,2,going
27670,10,12,20,2,coming
27673,13,10,13,4,in
27674,1,3,1,5,going
27674,1,5,1,5,coming
27680,7,17,27,3,out
27686,3,13,3,5,going
27686,3,15,3,5,coming
27687,13,11,13,4,coming
27690,7,2,27,3,coming
27691,13,10,13,4,going
27691,13,0,13,4,coming
27691,13,1,13,4,coming
27691,19,10,19,5,going
27691,19,12,19,5,coming
27692,10,11,20,2,going
27694,0,1,25,4,going
27695,6,12,28,5,in
27698,9,6,9,2,out
27698,9,8,9,2,in
27698,11,6,11,2,out
27698,11,8,11,2,in
27698,0,3,25,4,coming
27698,10,1,20,2,coming
27699,16,6,16,2,out
27715,16,8,16,2,in
27721,14,0,30,7,in
27721,14,1,30,7,in
27723,6,13,28,5,coming
27726,9,7,9,2,going
27726,11,7,11,2,going
27727,16,7,16,2,going
27737,18,12,23,0,out
27737,9,9,9,2,coming
27752,2,8,2,3,out
27752,2,10,2,3,in
27752,4,8,4,3,out
27752,4,10,4,3,in
27752,5,8,5,3,out
27752,5,10,5,3,in
27752,8,8,8,3,out
27752,8,10,8,3,in
27752,12,11,12,4,out
27752,15,8,29,0,out
27752,15,10,29,0,in
27752,11,9,11,2,coming
27752,16,9,16,2,coming
27755,12,10,12,4,in
27764,17,8,17,9,out
27764,17,10,17,9,in
27766,18,2,23,0,in
27769,12,11,12,4,coming
27770,10,10,20,2,out
27770,10,12,20,2,in
27770,10,12,20,2,going
27772,12,10,12,4,going
27774,1,3,1,5,out
27774,1,5,1,5,in
27780,2,9,2,3,going
27780,2,11,2,3,coming
27780,4,9,4,3,going
27780,4,11,4,3,coming
27780,5,9,5,3,going
27780,5,11,5,3,coming
27780,8,9,8,3,going
27780,8,11,8,3,coming
27780,15,9,29,0,going
27780,15,11,29,0,coming
27786,3,13,3,5,out
27786,3,15,3,5,in
27787,13,11,13,4,in
27787,13,11,13,4,going
27790,7,2,27,3,in
27791,13,0,13,4,in
27791,13,1,13,4,in
27791,13,10,13,4,out
27791,19,10,19,5,out
27791,19,12,19,5,in
27792,10,11,20,2,out
27792,17,9,17,9,going
27792,17,11,17,9,coming
27794,0,1,25,4,out
27794,18,1,23,0,going
27794,18,3,23,0,coming
27798,0,3,25,4,in
27798,10,1,20,2,in
27802,1,4,1,5,going
27802,1,6,1,5,coming
27802,15,10,29,0,going
27802,15,12,29,0,coming
27814,3,14,3,5,going
27818,7,1,27,3,going
27818,7,3,27,3,coming
27819,19,11,19,5,going
27819,19,13,19,5,coming
27822,0,2,25,4,going
27823,6,13,28,5,in
27826,9,7,9,2,out
27826,11,7,11,2,out
27826,0,4,25,4,coming
27826,10,2,20,2,coming
27827,16,7,16,2,out
27837,9,9,9,2,in
27850,14,2,30,7,coming
27851,6,12,28,5,going
27852,11,9,11,2,in
27852,16,9,16,2,in
27854,9,8,9,2,going
27854,11,8,11,2,going
27855,16,8,16,2,going
27869,12,11,12,4,in
27869,12,11,12,4,going
27870,10,12,20,2,out
27870,6,14,28,5,coming
27872,12,10,12,4,out
27872,9,10,9,2,coming
27880,2,9,2,3,out
27880,2,11,2,3,in
27880,4,9,4,3,out
27880,4,11,4,3,in
27880,5,9,5,3,out
27880,5,11,5,3,in
27880,8,9,8,3,out
27880,8,11,8,3,in
27880,15,9,29,0,out
27880,15,11,29,0,in
27880,11,10,11,2,coming
27880,12,10,12,4,coming
27880,16,10,16,2,coming
27881,15,11,29,0,going
27887,13,11,13,4,out
27892,17,9,17,9,out
27892,17,11,17,9,in
27894,18,1,23,0,out
27894,18,3,23,0,in
27902,1,4,1,5,out
27902,1,6,1,5,in
27902,15,10,29,0,out
27902,15,12,29,0,in
27902,15,12,29,0,going
27908,2,10,2,3,going
27908,2,12,2,3,coming
27908,4,10,4,3,going
27908,4,12,4,3,coming
27908,5,10,5,3,going
27908,5,12,5,3,coming
27908,8,10,8,3,going
27908,8,12,8,3,coming
27914,3,14,3,5,out
27918,7,1,27,3,out
27918,7,3,27,3,in
27919,19,11,19,5,out
27919,19,13,19,5,in
27919,13,0,13,4,going
27919,13,2,13,4,coming
27920,17,10,17,9,going
27920,17,12,17,9,coming
27922,0,2,25,4,out
27922,18,2,23,0,going
27922,18,4,23,0,coming
27926,0,4,25,4,in
27926,10,2,20,2,in
27930,1,5,1,5,going
27930,1,7,1,5,coming
27942,3,15,3,5,going
27946,7,2,27,3,going
27946,7,4,27,3,coming
27947,19,12,19,5,going
27947,19,14,19,5,coming
27948,10,1,20,2,going
27948,10,3,20,2,coming
27950,14,2,30,7,in
27950,0,3,25,4,going
27951,6,12,28,5,out
27951,0,5,25,4,coming
27954,9,8,9,2,out
27954,11,8,11,2,out
27955,16,8,16,2,out
27969,12,11,12,4,out
27970,6,14,28,5,in
27972,9,10,9,2,in
27978,14,1,30,7,going
27978,14,3,30,7,coming
27979,6,13,28,5,going
27979,6,15,28,5,coming
27980,11,10,11,2,in
27980,12,10,12,4,in
27980,16,10,16,2,in
27981,15,11,29,0,out
27982,9,9,9,2,going
27982,9,11,9,2,coming
27982,11,9,11,2,going
27982,11,11,11,2,coming
27983,16,9,16,2,going
27983,16,11,16,2,coming
27989,12,10,12,4,going
28002,15,12,29,0,out
28008,2,10,2,3,out
28008,2,12,2,3,in
28008,4,10,4,3,out
28008,4,12,4,3,in
28008,5,10,5,3,out
28008,5,12,5,3,in
28008,8,10,8,3,out
28008,8,12,8,3,in
28014,17,11,17,9,going
28014,17,1,17,9,coming
28019,13,0,13,4,out
28019,13,2,13,4,in
28020,17,10,17,9,out
28020,17,12,17,9,in
28020,17,12,17,9,going
28022,18,2,23,0,out
28022,18,4,23,0,in
28030,1,5,1,5,out
28030,1,7,1,5,in
28036,2,11,2,3,going
28036,2,13,2,3,coming
28036,4,11,4,3,going
28036,4,13,4,3,coming
28036,5,11,5,3,going
28036,5,13,5,3,coming
28036,8,11,8,3,going
28036,8,13,8,3,coming
28039,18,3,23,0,going
28039,18,4,23,0,going
28042,3,15,3,5,out
28045,18,12,23,0,coming
28046,7,2,27,3,out
28046,7,4,27,3,in
28047,19,12,19,5,out
28047,19,14,19,5,in
28047,13,1,13,4,going
28047,13,3,13,4,coming
28048,10,1,20,2,out
28048,10,3,20,2,in
28050,0,3,25,4,out
28051,0,5,25,4,in
28058,1,6,1,5,going
28058,1,8,1,5,coming
28071,18,1,23,0,coming
28074,7,3,27,3,going
28074,7,5,27,3,coming
28075,19,13,19,5,going
28075,19,15,19,5,coming
28076,10,2,20,2,going
28076,10,4,20,2,coming
28078,14,1,30,7,out
28078,14,3,30,7,in
28078,0,4,25,4,going
28078,0,6,25,4,coming
28079,6,13,28,5,out
28079,6,15,28,5,in
28082,9,9,9,2,out
28082,9,11,9,2,in
28082,11,9,11,2,out
28082,11,11,11,2,in
28083,16,9,16,2,out
28083,16,11,16,2,in
28089,12,10,12,4,out
28089,12,10,12,4,coming
28106,14,2,30,7,going
28106,14,4,30,7,coming
28107,6,14,28,5,going
28110,9,10,9,2,going
28110,9,12,9,2,coming
28110,11,10,11,2,going
28110,11,12,11,2,coming
28111,16,10,16,2,going
28111,16,12,16,2,coming
28114,17,1,17,9,in
28114,17,11,17,9,out
28120,17,12,17,9,out
28132,9,11,9,2,going
28132,9,1,9,2,coming
28132,11,11,11,2,going
28132,11,1,11,2,coming
28133,16,11,16,2,going
28133,16,1,16,2,coming
28136,2,11,2,3,out
28136,2,13,2,3,in
28136,4,11,4,3,out
28136,4,13,4,3,in
28136,5,11,5,3,out
28136,5,13,5,3,in
28136,8,11,8,3,out
28136,8,13,8,3,in
28139,18,3,23,0,out
28139,18,4,23,0,out
28142,17,2,17,9,coming
28145,18,12,23,0,in
28145,18,12,23,0,going
28147,13,1,13,4,out
28147,13,3,13,4,in
28158,1,6,1,5,out
28158,1,8,1,5,in
28164,2,12,2,3,going
28164,2,14,2,3,coming
28164,4,12,4,3,going
28164,4,14,4,3,coming
28164,5,12,5,3,going
28164,5,14,5,3,coming
28164,8,12,8,3,going
28164,8,14,8,3,coming
28171,18,1,23,0,in
28174,7,3,27,3,out
28174,7,5,27,3,in
28175,19,13,19,5,out
28175,19,15,19,5,in
28175,13,2,13,4,going
28175,13,4,13,4,coming
28176,10,2,20,2,out
28176,10,4,20,2,in
28178,0,4,25,4,out
28178,0,6,25,4,in
28186,1,7,1,5,going
28186,1,9,1,5,coming
28189,12,10,12,4,in
28198,3,19,3,5,coming
28199,18,2,23,0,coming
28202,7,4,27,3,going
28202,7,6,27,3,coming
28203,12,11,12,4,coming
28203,19,14,19,5,going
28204,10,3,20,2,going
28204,10,5,20,2,coming
28206,14,2,30,7,out
28206,14,4,30,7,in
28206,0,5,25,4,going
28206,0,7,25,4,coming
28206,12,10,12,4,going
28207,6,14,28,5,out
28210,9,10,9,2,out
28210,9,12,9,2,in
28210,11,10,11,2,out
28210,11,12,11,2,in
28210,9,12,9,2,going
28210,11,12,11,2,going
28211,16,10,16,2,out
28211,16,12,16,2,in
28211,16,12,16,2,going
28232,9,1,9,2,in
28232,9,11,9,2,out
28232,11,1,11,2,in
28232,11,11,11,2,out
28233,16,1,16,2,in
28233,16,11,16,2,out
28234,14,3,30,7,going
28234,14,5,30,7,coming
28235,6,15,28,5,going
28242,17,2,17,9,in
28245,18,12,23,0,out
28260,9,2,9,2,coming
28260,11,2,11,2,coming
28261,16,2,16,2,coming
28264,2,12,2,3,out
28264,2,14,2,3,in
28264,4,12,4,3,out
28264,4,14,4,3,in
28264,5,12,5,3,out
28264,5,14,5,3,in
28264,8,12,8,3,out
28264,8,14,8,3,in
28270,17,1,17,9,going
28270,17,3,17,9,coming
28275,13,2,13,4,out
28275,13,4,13,4,in
28286,1,7,1,5,out
28286,1,9,1,5,in
28292,2,13,2,3,going
28292,2,15,2,3,coming
28292,4,13,4,3,going
28292,4,15,4,3,coming
28292,5,13,5,3,going
28292,5,15,5,3,coming
28292,8,13,8,3,going
28292,8,15,8,3,coming
28298,3,19,3,5,in
28299,18,2,23,0,in
28302,7,4,27,3,out
28302,7,6,27,3,in
28303,12,11,12,4,in
28303,19,14,19,5,out
28303,12,11,12,4,going
28303,13,3,13,4,going
28303,13,5,13,4,coming
28304,10,3,20,2,out
28304,10,5,20,2,in
28306,0,5,25,4,out
28306,0,7,25,4,in
28306,12,10,12,4,out
28306,12,10,12,4,coming
28310,9,12,9,2,out
28310,11,12,11,2,out
28311,16,12,16,2,out
28314,1,8,1,5,going
28314,1,10,1,5,coming
28327,18,1,23,0,going
28327,18,3,23,0,coming
28330,7,5,27,3,going
28330,7,7,27,3,coming
28331,19,15,19,5,going
28332,10,4,20,2,going
28332,10,6,20,2,coming
28334,14,3,30,7,out
28334,14,5,30,7,in
28334,0,6,25,4,going
28335,6,15,28,5,out
28360,9,2,9,2,in
28360,11,2,11,2,in
28361,16,2,16,2,in
28362,14,4,30,7,going
28362,14,6,30,7,coming
28370,17,1,17,9,out
28370,17,3,17,9,in
28377,3,19,3,5,going
28388,9,1,9,2,going
28388,9,3,9,2,coming
28388,11,1,11,2,going
28388,11,3,11,2,coming
28389,16,1,16,2,going
28389,16,3,16,2,coming
28392,2,13,2,3,out
28392,2,15,2,3,in
28392,4,13,4,3,out
28392,4,15,4,3,in
28392,5,13,5,3,out
28392,5,15,5,3,in
28392,8,13,8,3,out
28392,8,15,8,3,in
28398,17,2,17,9,going
28398,17,4,17,9,coming
28403,12,11,12,4,out
28403,13,3,13,4,out
28403,13,5,13,4,in
28406,12,10,12,4,in
28414,1,8,1,5,out
28414,1,10,1,5,in
28420,2,14,2,3,going
28420,2,16,2,3,coming
28420,4,14,4,3,going
28420,4,16,4,3,coming
28420,5,14,5,3,going
28420,5,16,5,3,coming
28420,8,14,8,3,going
28420,8,16,8,3,coming
28420,12,11,12,4,coming
28423,12,10,12,4,going
28427,18,1,23,0,out
28427,18,3,23,0,in
28430,7,5,27,3,out
28430,7,7,27,3,in
28431,19,15,19,5,out
28431,13,4,13,4,going
28431,13,6,13,4,coming
28432,10,4,20,2,out
28432,10,6,20,2,in
28434,0,6,25,4,out
28442,1,9,1,5,going
28442,1,11,1,5,coming
28455,18,2,23,0,going
28455,18,4,23,0,coming
28458,7,6,27,3,going
28458,7,8,27,3,coming
28460,10,5,20,2,going
28460,10,7,20,2,coming
28462,14,4,30,7,out
28462,14,6,30,7,in
28462,0,7,25,4,going
28477,3,19,3,5,out
28488,9,1,9,2,out
28488,9,3,9,2,in
28488,11,1,11,2,out
28488,11,3,11,2,in
28489,16,1,16,2,out
28489,16,3,16,2,in
28490,14,5,30,7,going
28490,14,7,30,7,coming
28491,6,19,28,5,coming
28498,17,2,17,9,out
28498,17,4,17,9,in
28515,3,19,3,5,coming
28516,9,2,9,2,going
28516,9,4,9,2,coming
28516,11,2,11,2,going
28516,11,4,11,2,coming
28517,16,2,16,2,going
28517,16,4,16,2,coming
28520,2,14,2,3,out
28520,2,16,2,3,in
28520,4,14,4,3,out
28520,4,16,4,3,in
28520,5,14,5,3,out
28520,5,16,5,3,in
28520,8,14,8,3,out
28520,8,16,8,3,in
28520,12,11,12,4,in
28520,12,11,12,4,going
28521,15,6,29,0,coming
28523,12,10,12,4,out
28523,12,10,12,4,coming
28526,17,3,17,9,going
28526,17,5,17,9,coming
28531,13,4,13,4,out
28531,13,6,13,4,in
28542,1,9,1,5,out
28542,1,11,1,5,in
28548,2,15,2,3,going
28548,2,17,2,3,coming
28548,4,15,4,3,going
28548,4,17,4,3,coming
28548,5,15,5,3,going
28548,5,17,5,3,coming
28548,8,15,8,3,going
28548,8,17,8,3,coming
28555,18,2,23,0,out
28555,18,4,23,0,in
28558,7,6,27,3,out
28558,7,8,27,3,in
28559,13,5,13,4,going
28559,13,7,13,4,coming
28560,10,5,20,2,out
28560,10,7,20,2,in
28562,0,7,25,4,out
28570,1,10,1,5,going
28570,1,12,1,5,coming
28572,18,3,23,0,going
28572,18,4,23,0,going
28578,18,12,23,0,coming
28586,7,7,27,3,going
28586,7,9,27,3,coming
28587,19,19,19,5,coming
28588,10,6,20,2,going
28588,10,8,20,2,coming
28590,14,5,30,7,out
28590,14,7,30,7,in
28591,6,19,28,5,in
28604,18,1,23,0,coming
28615,3,19,3,5,in
28616,9,2,9,2,out
28616,9,4,9,2,in
28616,11,2,11,2,out
28616,11,4,11,2,in
28617,16,2,16,2,out
28617,16,4,16,2,in
28618,14,6,30,7,going
28618,14,8,30,7,coming
28620,12,11,12,4,out
28621,15,6,29,0,in
28623,12,10,12,4,in
28626,17,3,17,9,out
28626,17,5,17,9,in
28630,2,16,2,3,going
28630,2,1,2,3,coming
28630,4,16,4,3,going
28630,4,1,4,3,coming
28630,5,16,5,3,going
28630,5,1,5,3,coming
28630,8,16,8,3,going
28630,8,1,8,3,coming
28637,12,11,12,4,coming
28640,12,10,12,4,going
28644,9,3,9,2,going
28644,9,5,9,2,coming
28644,11,3,11,2,going
28644,11,5,11,2,coming
28645,16,3,16,2,going
28645,16,5,16,2,coming
28648,2,15,2,3,out
28648,2,17,2,3,in
28648,4,15,4,3,out
28648,4,17,4,3,in
28648,5,15,5,3,out
28648,5,17,5,3,in
28648,8,15,8,3,out
28648,8,17,8,3,in
28648,2,17,2,3,going
28648,4,17,4,3,going
28648,5,17,5,3,going
28648,8,17,8,3,going
28649,15,7,29,0,coming
28654,17,4,17,9,going
28654,17,6,17,9,coming
28659,13,5,13,4,out
28659,13,7,13,4,in
28670,1,10,1,5,out
28670,1,12,1,5,in
28670,6,19,28,5,going
28672,18,3,23,0,out
28672,18,4,23,0,out
28678,18,12,23,0,in
28678,18,12,23,0,going
28686,7,7,27,3,out
28686,7,9,27,3,in
28687,19,19,19,5,in
28687,13,6,13,4,going
28688,10,6,20,2,out
28688,10,8,20,2,in
28694,3,19,3,5,going
28698,1,11,1,5,going
28698,1,13,1,5,coming
28704,18,1,23,0,in
28714,7,8,27,3,going
28716,10,7,20,2,going
28716,10,9,20,2,coming
28718,14,6,30,7,out
28718,14,8,30,7,in
28730,2,1,2,3,in
28730,2,16,2,3,out
28730,4,1,4,3,in
28730,4,16,4,3,out
28730,5,1,5,3,in
28730,5,16,5,3,out
28730,8,1,8,3,in
28730,8,16,8,3,out
28732,18,2,23,0,coming
28737,12,11,12,4,in
28737,12,11,12,4,going
28740,12,10,12,4,out
28740,12,10,12,4,coming
28744,9,3,9,2,out
28744,9,5,9,2,in
28744,11,3,11,2,out
28744,11,5,11,2,in
28745,16,3,16,2,out
28745,16,5,16,2,in
28746,14,7,30,7,going
28746,14,9,30,7,coming
28748,2,17,2,3,out
28748,4,17,4,3,out
28748,5,17,5,3,out
28748,8,17,8,3,out
28749,15,7,29,0,in
28754,17,4,17,9,out
28754,17,6,17,9,in
28758,2,2,2,3,coming
28758,4,2,4,3,coming
28758,5,2,5,3,coming
28758,8,2,8,3,coming
28766,19,19,19,5,going
28770,6,19,28,5,out
28772,9,4,9,2,going
28772,9,6,9,2,coming
28772,11,4,11,2,going
28772,11,6,11,2,coming
28773,16,4,16,2,going
28773,16,6,16,2,coming
28777,15,6,29,0,going
28777,15,8,29,0,coming
28778,18,12,23,0,out
28782,17,5,17,9,going
28782,17,7,17,9,coming
28787,13,6,13,4,out
28794,3,19,3,5,out
28798,1,11,1,5,out
28798,1,13,1,5,in
28808,6,19,28,5,coming
28814,7,8,27,3,out
28815,13,7,13,4,going
28816,10,7,20,2,out
28816,10,9,20,2,in
28826,1,12,1,5,going
28826,1,14,1,5,coming
28832,18,2,23,0,in
28832,3,19,3,5,coming
28837,12,11,12,4,out
28840,12,10,12,4,in
28842,7,9,27,3,going
28844,10,8,20,2,going
28844,10,10,20,2,coming
28846,14,7,30,7,out
28846,14,9,30,7,in
28854,12,11,12,4,coming
28857,12,10,12,4,going
28858,2,2,2,3,in
28858,4,2,4,3,in
28858,5,2,5,3,in
28858,8,2,8,3,in
28860,18,1,23,0,going
28860,18,3,23,0,coming
28866,19,19,19,5,out
28872,9,4,9,2,out
28872,9,6,9,2,in
28872,11,4,11,2,out
28872,11,6,11,2,in
28873,16,4,16,2,out
28873,16,6,16,2,in
28874,14,8,30,7,going
28874,14,10,30,7,coming
28877,15,6,29,0,out
28877,15,8,29,0,in
28882,17,5,17,9,out
28882,17,7,17,9,in
28886,2,1,2,3,going
28886,2,3,2,3,coming
28886,4,1,4,3,going
28886,4,3,4,3,coming
28886,5,1,5,3,going
28886,5,3,5,3,coming
28886,8,1,8,3,going
28886,8,3,8,3,coming
28900,9,5,9,2,going
28900,9,7,9,2,coming
28900,11,5,11,2,going
28900,11,7,11,2,coming
28901,16,5,16,2,going
28901,16,7,16,2,coming
28904,19,19,19,5,coming
28905,15,7,29,0,going
28905,15,9,29,0,coming
28908,6,19,28,5,in
28910,17,6,17,9,going
28910,17,8,17,9,coming
28915,13,7,13,4,out
28926,1,12,1,5,out
28926,1,14,1,5,in
28932,3,19,3,5,in
28942,7,9,27,3,out
28943,13,10,13,4,coming
28944,10,8,20,2,out
28944,10,10,20,2,in
28954,12,11,12,4,in
28954,1,13,1,5,going
28954,1,15,1,5,coming
28954,12,11,12,4,going
28957,12,10,12,4,out
28957,12,10,12,4,coming
28960,18,1,23,0,out
28960,18,3,23,0,in
28970,7,12,27,3,coming
28972,10,9,20,2,going
28972,10,11,20,2,coming
28974,14,8,30,7,out
28974,14,10,30,7,in
28986,2,1,2,3,out
28986,2,3,2,3,in
28986,4,1,4,3,out
28986,4,3,4,3,in
28986,5,1,5,3,out
28986,5,3,5,3,in
28986,8,1,8,3,out
28986,8,3,8,3,in
28987,6,19,28,5,going
28988,18,2,23,0,going
28988,18,4,23,0,coming
29000,9,5,9,2,out
29000,9,7,9,2,in
29000,11,5,11,2,out
29000,11,7,11,2,in
29001,16,5,16,2,out
29001,16,7,16,2,in
29002,14,9,30,7,going
29002,14,11,30,7,coming
29004,19,19,19,5,in
29005,15,7,29,0,out
29005,15,9,29,0,in
29010,17,6,17,9,out
29010,17,8,17,9,in
29011,3,19,3,5,going
29014,2,2,2,3,going
29014,2,4,2,3,coming
29014,4,2,4,3,going
29014,4,4,4,3,coming
29014,5,2,5,3,going
29014,5,4,5,3,coming
29014,8,2,8,3,going
29014,8,4,8,3,coming
29028,9,6,9,2,going
29028,9,8,9,2,coming
29028,11,6,11,2,going
29028,11,8,11,2,coming
29029,16,6,16,2,going
29029,16,8,16,2,coming
29033,15,8,29,0,going
29033,15,10,29,0,coming
29038,17,7,17,9,going
29038,17,9,17,9,coming
29043,13,10,13,4,in
29054,1,13,1,5,out
29054,1,15,1,5,in
29054,12,11,12,4,out
29057,12,10,12,4,in
29070,7,12,27,3,in
29071,12,11,12,4,coming
29071,13,11,13,4,coming
29072,10,9,20,2,out
29072,10,11,20,2,in
29074,12,10,12,4,going
29074,13,10,13,4,going
29082,1,14,1,5,going
29083,19,19,19,5,going
29087,6,19,28,5,out
29088,18,2,23,0,out
29088,18,4,23,0,in
29098,7,13,27,3,coming
29100,10,10,20,2,going
29100,10,12,20,2,coming
29102,14,9,30,7,out
29102,14,11,30,7,in
29105,18,3,23,0,going
29105,18,4,23,0,going
29111,3,19,3,5,out
29111,18,12,23,0,coming
29114,2,2,2,3,out
29114,2,4,2,3,in
29114,4,2,4,3,out
29114,4,4,4,3,in
29114,5,2,5,3,out
29114,5,4,5,3,in
29114,8,2,8,3,out
29114,8,4,8,3,in
29122,10,11,20,2,going
29122,10,1,20,2,coming
29125,6,19,28,5,coming
29128,9,6,9,2,out
29128,9,8,9,2,in
29128,11,6,11,2,out
29128,11,8,11,2,in
29129,16,6,16,2,out
29129,16,8,16,2,in
29130,14,10,30,7,going
29130,14,12,30,7,coming
29133,15,8,29,0,out
29133,15,10,29,0,in
29137,18,1,23,0,coming
29138,17,7,17,9,out
29138,17,9,17,9,in
29142,2,3,2,3,going
29142,2,5,2,3,coming
29142,4,3,4,3,going
29142,4,5,4,3,coming
29142,5,3,5,3,going
29142,5,5,5,3,coming
29142,8,3,8,3,going
29142,8,5,8,3,coming
29149,3,19,3,5,coming
29156,9,7,9,2,going
29156,9,9,9,2,coming
29156,11,7,11,2,going
29156,11,9,11,2,coming
29157,16,7,16,2,going
29157,16,9,16,2,coming
29161,15,9,29,0,going
29161,15,11,29,0,coming
29166,17,8,17,9,going
29166,17,10,17,9,coming
29171,12,11,12,4,in
29171,13,11,13,4,in
29171,12,11,12,4,going
29171,13,11,13,4,going
29174,12,10,12,4,out
29174,13,10,13,4,out
29174,12,10,12,4,coming
29174,13,10,13,4,coming
29182,1,14,1,5,out
29183,19,19,19,5,out
29183,15,10,29,0,going
29183,15,12,29,0,coming
29198,7,13,27,3,in
29200,10,10,20,2,out
29200,10,12,20,2,in
29200,10,12,20,2,going
29205,18,3,23,0,out
29205,18,4,23,0,out
29210,1,15,1,5,going
29211,18,12,23,0,in
29211,18,12,23,0,going
29221,19,19,19,5,coming
29222,10,1,20,2,in
29222,10,11,20,2,out
29225,6,19,28,5,in
29226,7,12,27,3,going
29226,7,14,27,3,coming
29230,14,10,30,7,out
29230,14,12,30,7,in
29237,18,1,23,0,in
29242,2,3,2,3,out
29242,2,5,2,3,in
29242,4,3,4,3,out
29242,4,5,4,3,in
29242,5,3,5,3,out
29242,5,5,5,3,in
29242,8,3,8,3,out
29242,8,5,8,3,in
29249,3,19,3,5,in
29250,10,2,20,2,coming
29256,9,7,9,2,out
29256,9,9,9,2,in
29256,11,7,11,2,out
29256,11,9,11,2,in
29257,16,7,16,2,out
29257,16,9,16,2,in
29258,14,11,30,7,going
29258,14,13,30,7,coming
29261,15,9,29,0,out
29261,15,11,29,0,in
29262,15,11,29,0,going
29265,18,2,23,0,coming
29266,17,8,17,9,out
29266,17,10,17,9,in
29270,2,4,2,3,going
29270,2,6,2,3,coming
29270,4,4,4,3,going
29270,4,6,4,3,coming
29270,5,4,5,3,going
29270,5,6,5,3,coming
29270,8,4,8,3,going
29270,8,6,8,3,coming
29271,12,11,12,4,out
29271,13,11,13,4,out
29274,12,10,12,4,in
29274,13,10,13,4,in
29283,15,10,29,0,out
29283,15,12,29,0,in
29283,15,12,29,0,going
29284,9,8,9,2,going
29284,9,10,9,2,coming
29284,11,8,11,2,going
29284,11,10,11,2,coming
29285,16,8,16,2,going
29285,16,10,16,2,coming
29288,12,11,12,4,coming
29288,13,11,13,4,coming
29291,13,10,13,4,going
29292,12,10,12,4,going
29292,12,0,12,4,coming
29292,12,1,12,4,coming
29294,17,9,17,9,going
29294,17,11,17,9,coming
29300,10,12,20,2,out
29304,6,19,28,5,going
29310,1,15,1,5,out
29311,18,12,23,0,out
29321,19,19,19,5,in
29326,7,12,27,3,out
29326,7,14,27,3,in
29328,3,19,3,5,going
29350,10,2,20,2,in
29354,7,13,27,3,going
29354,7,15,27,3,coming
29358,14,11,30,7,out
29358,14,13,30,7,in
29362,15,11,29,0,out
29365,18,2,23,0,in
29370,2,4,2,3,out
29370,2,6,2,3,in
29370,4,4,4,3,out
29370,4,6,4,3,in
29370,5,4,5,3,out
29370,5,6,5,3,in
29370,8,4,8,3,out
29370,8,6,8,3,in
29378,10,1,20,2,going
29378,10,3,20,2,coming
29383,15,12,29,0,out
29384,9,8,9,2,out
29384,9,10,9,2,in
29384,11,8,11,2,out
29384,11,10,11,2,in
29385,16,8,16,2,out
29385,16,10,16,2,in
29386,14,12,30,7,going
29386,14,14,30,7,coming
29388,12,11,12,4,in
29388,13,11,13,4,in
29388,12,11,12,4,going
29388,13,11,13,4,going
29391,13,10,13,4,out
29391,13,10,13,4,coming
29392,12,0,12,4,in
29392,12,1,12,4,in
29392,12,10,12,4,out
29393,18,1,23,0,going
29393,18,3,23,0,coming
29394,17,9,17,9,out
29394,17,11,17,9,in
29398,2,5,2,3,going
29398,2,7,2,3,coming
29398,4,5,4,3,going
29398,4,7,4,3,coming
29398,5,5,5,3,going
29398,5,7,5,3,coming
29398,8,5,8,3,going
29398,8,7,8,3,coming
29400,19,19,19,5,going
29404,6,19,28,5,out
29412,9,9,9,2,going
29412,9,11,9,2,coming
29412,11,9,11,2,going
29412,11,11,11,2,coming
29413,16,9,16,2,going
29413,16,11,16,2,coming
29422,17,10,17,9,going
29422,17,12,17,9,coming
29428,3,19,3,5,out
29442,6,19,28,5,coming
29454,7,13,27,3,out
29454,7,15,27,3,in
29466,1,19,1,5,coming
29466,3,19,3,5,coming
29478,10,1,20,2,out
29478,10,3,20,2,in
29482,7,14,27,3,going
29482,7,16,27,3,coming
29486,14,12,30,7,out
29486,14,14,30,7,in
29488,12,11,12,4,out
29488,13,11,13,4,out
29491,13,10,13,4,in
29493,18,1,23,0,out
29493,18,3,23,0,in
29498,2,5,2,3,out
29498,2,7,2,3,in
29498,4,5,4,3,out
29498,4,7,4,3,in
29498,5,5,5,3,out
29498,5,7,5,3,in
29498,8,5,8,3,out
29498,8,7,8,3,in
29500,19,19,19,5,out
29505,13,11,13,4,coming
29506,10,2,20,2,going
29506,10,4,20,2,coming
29508,13,10,13,4,going
29512,9,9,9,2,out
29512,9,11,9,2,in
29512,11,9,11,2,out
29512,11,11,11,2,in
29513,16,9,16,2,out
29513,16,11,16,2,in
29514,14,13,30,7,going
29514,14,15,30,7,coming
29516,17,11,17,9,going
29516,17,1,17,9,coming
29520,12,0,12,4,going
29520,12,2,12,4,coming
29521,18,2,23,0,going
29521,18,4,23,0,coming
29522,17,10,17,9,out
29522,17,12,17,9,in
29522,17,12,17,9,going
29526,2,6,2,3,going
29526,2,8,2,3,coming
29526,4,6,4,3,going
29526,4,8,4,3,coming
29526,5,6,5,3,going
29526,5,8,5,3,coming
29526,8,6,8,3,going
29526,8,8,8,3,coming
29538,19,19,19,5,coming
29540,9,10,9,2,going
29540,9,12,9,2,coming
29540,11,10,11,2,going
29540,11,12,11,2,coming
29541,16,10,16,2,going
29541,16,12,16,2,coming
29542,6,19,28,5,in
29562,9,11,9,2,going
29562,9,1,9,2,coming
29562,11,11,11,2,going
29562,11,1,11,2,coming
29563,16,11,16,2,going
29563,16,1,16,2,coming
29566,1,19,1,5,in
29566,3,19,3,5,in
29582,7,14,27,3,out
29582,7,16,27,3,in
29605,13,11,13,4,in
29605,13,11,13,4,going
29606,10,2,20,2,out
29606,10,4,20,2,in
29608,13,10,13,4,out
29608,13,10,13,4,coming
29610,7,15,27,3,going
29610,7,17,27,3,coming
29614,14,13,30,7,out
29614,14,15,30,7,in
29616,17,1,17,9,in
29616,17,11,17,9,out
29620,12,0,12,4,out
29620,12,2,12,4,in
29621,18,2,23,0,out
29621,18,4,23,0,in
29621,6,19,28,5,going
29622,17,12,17,9,out
29626,2,6,2,3,out
29626,2,8,2,3,in
29626,4,6,4,3,out
29626,4,8,4,3,in
29626,5,6,5,3,out
29626,5,8,5,3,in
29626,8,6,8,3,out
29626,8,8,8,3,in
29634,10,3,20,2,going
29634,10,5,20,2,coming
29638,19,19,19,5,in
29640,9,10,9,2,out
29640,9,12,9,2,in
29640,11,10,11,2,out
29640,11,12,11,2,in
29640,9,12,9,2,going
29640,11,12,11,2,going
29641,16,10,16,2,out
29641,16,12,16,2,in
29641,16,12,16,2,going
29642,14,14,30,7,going
29642,14,16,30,7,coming
29644,17,2,17,9,coming
29645,1,19,1,5,going
29645,3,19,3,5,going
29648,12,1,12,4,going
29648,12,3,12,4,coming
29649,18,3,23,0,going
29649,18,5,23,0,coming
29654,2,7,2,3,going
29654,2,9,2,3,coming
29654,4,7,4,3,going
29654,4,9,4,3,coming
29654,5,7,5,3,going
29654,5,9,5,3,coming
29654,8,7,8,3,going
29654,8,9,8,3,coming
29662,9,1,9,2,in
29662,9,11,9,2,out
29662,11,1,11,2,in
29662,11,11,11,2,out
29663,16,1,16,2,in
29663,16,11,16,2,out
29690,9,2,9,2,coming
29690,11,2,11,2,coming
29691,16,2,16,2,coming
29692,7,16,27,3,going
29692,7,1,27,3,coming
29705,13,11,13,4,out
29708,13,10,13,4,in
29710,7,15,27,3,out
29710,7,17,27,3,in
29710,7,17,27,3,going
29717,19,19,19,5,going
29721,6,19,28,5,out
29722,13,11,13,4,coming
29725,13,10,13,4,going
29734,10,3,20,2,out
29734,10,5,20,2,in
29740,9,12,9,2,out
29740,11,12,11,2,out
29741,16,12,16,2,out
29742,14,14,30,7,out
29742,14,16,30,7,in
29744,17,2,17,9,in
29745,1,19,1,5,out
29745,3,19,3,5,out
29748,12,1,12,4,out
29748,12,3,12,4,in
29749,18,3,23,0,out
29749,18,5,23,0,in
29754,2,7,2,3,out
29754,2,9,2,3,in
29754,4,7,4,3,out
29754,4,9,4,3,in
29754,5,7,5,3,out
29754,5,9,5,3,in
29754,8,7,8,3,out
29754,8,9,8,3,in
29759,6,19,28,5,coming
29762,10,4,20,2,going
29762,10,6,20,2,coming
29763,15,10,29,0,coming
29763,15,11,29,0,coming
29766,15,5,29,0,going
29770,14,15,30,7,going
29770,14,17,30,7,coming
29770,15,0,29,0,going
29770,15,1,29,0,going
29770,15,2,29,0,going
29770,15,3,29,0,going
29770,15,4,29,0,going
29772,17,1,17,9,going
29772,17,3,17,9,coming
29776,12,2,12,4,going
29776,12,4,12,4,coming
29777,18,4,23,0,going
29777,18,6,23,0,coming
29782,2,8,2,3,going
29782,2,10,2,3,coming
29782,4,8,4,3,going
29782,4,10,4,3,coming
29782,5,8,5,3,going
29782,5,10,5,3,coming
29782,8,8,8,3,going
29782,8,10,8,3,coming
29783,1,19,1,5,coming
29783,3,19,3,5,coming
29790,9,2,9,2,in
29790,11,2,11,2,in
29791,16,2,16,2,in
29792,7,1,27,3,in
29792,7,16,27,3,out
29810,7,17,27,3,out
29817,19,19,19,5,out
29818,9,1,9,2,going
29818,9,3,9,2,coming
29818,11,1,11,2,going
29818,11,3,11,2,coming
29819,16,1,16,2,going
29819,16,3,16,2,coming
29820,7,2,27,3,coming
29822,13,11,13,4,in
29822,13,11,13,4,going
29825,13,10,13,4,out
29825,13,10,13,4,coming
29855,19,19,19,5,coming
29859,6,19,28,5,in
29862,10,4,20,2,out
29862,10,6,20,2,in
29863,15,10,29,0,in
29863,15,11,29,0,in
29866,15,5,29,0,out
29869,15,12,29,0,coming
29870,14,15,30,7,out
29870,14,17,30,7,in
29870,15,0,29,0,out
29870,15,1,29,0,out
29870,15,2,29,0,out
29870,15,3,29,0,out
29870,15,4,29,0,out
29872,17,1,17,9,out
29872,17,3,17,9,in
29876,12,2,12,4,out
29876,12,4,12,4,in
29877,18,4,23,0,out
29877,18,6,23,0,in
29882,2,8,2,3,out
29882,2,10,2,3,in
29882,4,8,4,3,out
29882,4,10,4,3,in
29882,5,8,5,3,out
29882,5,10,5,3,in
29882,8,8,8,3,out
29882,8,10,8,3,in
29883,1,19,1,5,in
29883,3,19,3,5,in
29890,10,5,20,2,going
29890,10,7,20,2,coming
29895,15,11,29,0,going
29895,15,0,29,0,coming
29895,15,1,29,0,coming
29898,14,16,30,7,going
29898,14,18,30,7,coming
29900,17,2,17,9,going
29900,17,4,17,9,coming
29904,12,3,12,4,going
29904,12,5,12,4,coming
29905,18,5,23,0,going
29905,18,7,23,0,coming
29910,2,9,2,3,going
29910,2,11,2,3,coming
29910,4,9,4,3,going
29910,4,11,4,3,coming
29910,5,9,5,3,going
29910,5,11,5,3,coming
29910,8,9,8,3,going
29910,8,11,8,3,coming
29918,9,1,9,2,out
29918,9,3,9,2,in
29918,11,1,11,2,out
29918,11,3,11,2,in
29919,16,1,16,2,out
29919,16,3,16,2,in
29920,7,2,27,3,in
29922,13,11,13,4,out
29925,13,10,13,4,in
29938,6,19,28,5,going
29939,13,11,13,4,coming
29942,13,10,13,4,going
29946,9,2,9,2,going
29946,9,4,9,2,coming
29946,11,2,11,2,going
29946,11,4,11,2,coming
29947,16,2,16,2,going
29947,16,4,16,2,coming
29948,7,1,27,3,going
29948,7,3,27,3,coming
29955,19,19,19,5,in
29962,1,19,1,5,going
29962,3,19,3,5,going
29969,15,12,29,0,in
29969,15,12,29,0,going
29990,10,5,20,2,out
29990,10,7,20,2,in
29992,15,10,29,0,going
29995,15,0,29,0,in
29995,15,1,29,0,in
29995,15,11,29,0,out
29998,14,16,30,7,out
29998,14,18,30,7,in
30000,17,2,17,9,out
30000,17,4,17,9,in
30004,12,3,12,4,out
30004,12,5,12,4,in
30005,18,5,23,0,out
30005,18,7,23,0,in
30010,2,9,2,3,out
30010,2,11,2,3,in
30010,4,9,4,3,out
30010,4,11,4,3,in
30010,5,9,5,3,out
30010,5,11,5,3,in
30010,8,9,8,3,out
30010,8,11,8,3,in
30018,10,6,20,2,going
30018,10,8,20,2,coming
30026,14,17,30,7,going
30026,14,19,30,7,coming
30028,17,3,17,9,going
30028,17,5,17,9,coming
30032,12,4,12,4,going
30032,12,6,12,4,coming
30033,18,6,23,0,going
30033,18,8,23,0,coming
30034,19,19,19,5,going
30038,6,19,28,5,out
30038,2,10,2,3,going
30038,2,12,2,3,coming
30038,4,10,4,3,going
30038,4,12,4,3,coming
30038,5,10,5,3,going
30038,5,12,5,3,coming
30038,8,10,8,3,going
30038,8,12,8,3,coming
30039,13,11,13,4,in
30039,13,11,13,4,going
30042,13,10,13,4,out
30042,13,10,13,4,coming
30046,9,2,9,2,out
30046,9,4,9,2,in
30046,11,2,11,2,out
30046,11,4,11,2,in
30047,16,2,16,2,out
30047,16,4,16,2,in
30048,7,1,27,3,out
30048,7,3,27,3,in
30062,1,19,1,5,out
30062,3,19,3,5,out
30069,15,12,29,0,out
30074,9,3,9,2,going
30074,9,5,9,2,coming
30074,11,3,11,2,going
30074,11,5,11,2,coming
30075,16,3,16,2,going
30075,16,5,16,2,coming
30076,6,19,28,5,coming
30076,7,2,27,3,going
30076,7,4,27,3,coming
30092,15,10,29,0,out
30100,1,19,1,5,coming
30100,3,19,3,5,coming
30118,10,6,20,2,out
30118,10,8,20,2,in
30123,15,2,29,0,coming
30126,14,17,30,7,out
30126,14,19,30,7,in
30128,17,3,17,9,out
30128,17,5,17,9,in
30132,12,4,12,4,out
30132,12,6,12,4,in
30133,18,6,23,0,out
30133,18,8,23,0,in
30134,19,19,19,5,out
30138,2,10,2,3,out
30138,2,12,2,3,in
30138,4,10,4,3,out
30138,4,12,4,3,in
30138,5,10,5,3,out
30138,5,12,5,3,in
30138,8,10,8,3,out
30138,8,12,8,3,in
30139,13,11,13,4,out
30142,13,10,13,4,in
30146,10,7,20,2,going
30146,10,9,20,2,coming
30154,14,18,30,7,going
30156,13,11,13,4,coming
30156,17,4,17,9,going
30156,17,6,17,9,coming
30159,13,10,13,4,going
30160,12,5,12,4,going
30160,12,7,12,4,coming
30161,18,7,23,0,going
30161,18,9,23,0,coming
30166,2,11,2,3,going
30166,2,13,2,3,coming
30166,4,11,4,3,going
30166,4,13,4,3,coming
30166,5,11,5,3,going
30166,5,13,5,3,coming
30166,8,11,8,3,going
30166,8,13,8,3,coming
30172,19,19,19,5,coming
30174,9,3,9,2,out
30174,9,5,9,2,in
30174,11,3,11,2,out
30174,11,5,11,2,in
30175,16,3,16,2,out
30175,16,5,16,2,in
30176,6,19,28,5,in
30176,7,2,27,3,out
30176,7,4,27,3,in
30200,1,19,1,5,in
30200,3,19,3,5,in
30202,9,4,9,2,going
30202,9,6,9,2,coming
30202,11,4,11,2,going
30202,11,6,11,2,coming
30203,16,4,16,2,going
30203,16,6,16,2,coming
30204,7,3,27,3,going
30204,7,5,27,3,coming
30222,14,0,30,7,out
30222,14,1,30,7,out
30222,14,2,30,7,out
30222,14,3,30,7,out
30222,14,4,30,7,out
30222,14,5,30,7,out
30222,14,6,30,7,out
30222,14,7,30,7,out
30222,14,8,30,7,out
30222,14,9,30,7,out
30222,14,10,30,7,out
30222,14,11,30,7,out
30222,14,12,30,7,out
30222,14,13,30,7,out
30222,14,14,30,7,out
30222,14,15,30,7,out
30222,14,16,30,7,out
30222,14,17,30,7,out
30222,14,18,30,7,out
30222,14,19,30,7,out
30222,14,0,31,5,coming
30222,14,1,31,5,coming
30223,15,2,29,0,in
30246,10,7,20,2,out
30246,10,9,20,2,in
30251,15,1,29,0,going
30251,15,3,29,0,coming
30255,6,19,28,5,going
30256,13,11,13,4,in
30256,17,4,17,9,out
30256,17,6,17,9,in
30256,13,11,13,4,going
30259,13,10,13,4,out
30259,13,10,13,4,coming
30260,12,5,12,4,out
30260,12,7,12,4,in
30261,18,7,23,0,out
30261,18,9,23,0,in
30266,2,11,2,3,out
30266,2,13,2,3,in
30266,4,11,4,3,out
30266,4,13,4,3,in
30266,5,11,5,3,out
30266,5,13,5,3,in
30266,8,11,8,3,out
30266,8,13,8,3,in
30272,19,19,19,5,in
30274,10,8,20,2,going
30274,10,10,20,2,coming
30279,1,19,1,5,going
30279,3,19,3,5,going
30284,17,5,17,9,going
30284,17,7,17,9,coming
30288,12,6,12,4,going
30289,18,8,23,0,going
30294,2,12,2,3,going
30294,2,14,2,3,coming
30294,4,12,4,3,going
30294,4,14,4,3,coming
30294,5,12,5,3,going
30294,5,14,5,3,coming
30294,8,12,8,3,going
30294,8,14,8,3,coming
30302,9,4,9,2,out
30302,9,6,9,2,in
30302,11,4,11,2,out
30302,11,6,11,2,in
30303,16,4,16,2,out
30303,16,6,16,2,in
30304,7,3,27,3,out
30304,7,5,27,3,in
30322,14,0,31,5,in
30322,14,1,31,5,in
30330,9,5,9,2,going
30330,9,7,9,2,coming
30330,11,5,11,2,going
30330,11,7,11,2,coming
30331,16,5,16,2,going
30331,16,7,16,2,coming
30332,7,4,27,3,going
30332,7,6,27,3,coming
30351,15,1,29,0,out
30351,15,3,29,0,in
30351,19,19,19,5,going
30355,6,19,28,5,out
30356,13,11,13,4,out
30359,13,10,13,4,in
30373,13,11,13,4,coming
30374,10,8,20,2,out
30374,10,10,20,2,in
30376,13,10,13,4,going
30379,1,19,1,5,out
30379,3,19,3,5,out
30379,15,2,29,0,going
30379,15,4,29,0,coming
30384,17,5,17,9,out
30384,17,7,17,9,in
30388,12,6,12,4,out
30389,18,8,23,0,out
30393,6,19,28,5,coming
30394,2,12,2,3,out
30394,2,14,2,3,in
30394,4,12,4,3,out
30394,4,14,4,3,in
30394,5,12,5,3,out
30394,5,14,5,3,in
30394,8,12,8,3,out
30394,8,14,8,3,in
30402,10,9,20,2,going
30402,10,11,20,2,coming
30412,17,6,17,9,going
30412,17,8,17,9,coming
30416,12,7,12,4,going
30417,1,19,1,5,coming
30417,3,19,3,5,coming
30417,18,9,23,0,going
30422,2,13,2,3,going
30422,2,15,2,3,coming
30422,4,13,4,3,going
30422,4,15,4,3,coming
30422,5,13,5,3,going
30422,5,15,5,3,coming
30422,8,13,8,3,going
30422,8,15,8,3,coming
30430,9,5,9,2,out
30430,9,7,9,2,in
30430,11,5,11,2,out
30430,11,7,11,2,in
30431,16,5,16,2,out
30431,16,7,16,2,in
30432,7,4,27,3,out
30432,7,6,27,3,in
30439,18,12,23,0,coming
30441,18,0,23,0,out
30441,18,1,23,0,out
30441,18,2,23,0,out
30441,18,3,23,0,out
30441,18,4,23,0,out
30441,18,5,23,0,out
30441,18,6,23,0,out
30441,18,7,23,0,out
30441,18,8,23,0,out
30441,18,9,23,0,out
30441,18,10,23,0,out
30441,18,11,23,0,out
30441,18,12,23,0,out
30441,18,13,23,0,out
30441,18,14,23,0,out
30441,18,15,23,0,out
30441,18,16,23,0,out
30441,18,17,23,0,out
30441,18,18,23,0,out
30441,18,19,23,0,out
30441,18,0,32,8,coming
30441,18,1,32,8,coming
30441,18,10,32,8,coming
30441,18,11,32,8,coming
30450,14,2,31,5,coming
30451,19,19,19,5,out
30458,9,6,9,2,going
30458,9,8,9,2,coming
30458,11,6,11,2,going
30458,11,8,11,2,coming
30459,16,6,16,2,going
30459,16,8,16,2,coming
30460,7,5,27,3,going
30460,7,7,27,3,coming
30473,13,11,13,4,in
30473,13,11,13,4,going
30476,13,10,13,4,out
30476,13,10,13,4,coming
30479,15,2,29,0,out
30479,15,4,29,0,in
30489,19,19,19,5,coming
30493,6,19,28,5,in
30496,15,3,29,0,going
30496,15,4,29,0,going
30496,15,10,29,0,coming
30496,15,11,29,0,coming
30502,10,9,20,2,out
30502,10,11,20,2,in
30504,15,0,29,0,going
30512,17,6,17,9,out
30512,17,8,17,9,in
30516,12,7,12,4,out
30517,1,19,1,5,in
30517,3,19,3,5,in
30522,2,13,2,3,out
30522,2,15,2,3,in
30522,4,13,4,3,out
30522,4,15,4,3,in
30522,5,13,5,3,out
30522,5,15,5,3,in
30522,8,13,8,3,out
30522,8,15,8,3,in
30530,10,10,20,2,going
30530,10,12,20,2,coming
30540,17,7,17,9,going
30540,17,9,17,9,coming
30541,18,0,32,8,in
30541,18,1,32,8,in
30541,18,10,32,8,in
30541,18,11,32,8,in
30544,12,10,12,4,coming
30550,14,2,31,5,in
30550,2,14,2,3,going
30550,2,16,2,3,coming
30550,4,14,4,3,going
30550,4,16,4,3,coming
30550,5,14,5,3,going
30550,5,16,5,3,coming
30550,8,14,8,3,going
30550,8,16,8,3,coming
30552,10,11,20,2,going
30552,10,1,20,2,coming
30558,9,6,9,2,out
30558,9,8,9,2,in
30558,11,6,11,2,out
30558,11,8,11,2,in
30559,16,6,16,2,out
30559,16,8,16,2,in
30560,7,5,27,3,out
30560,7,7,27,3,in
30572,6,19,28,5,going
30573,13,11,13,4,out
30576,13,10,13,4,in
30578,14,1,31,5,going
30578,14,3,31,5,coming
30586,9,7,9,2,going
30586,9,9,9,2,coming
30586,11,7,11,2,going
30586,11,9,11,2,coming
30587,16,7,16,2,going
30587,16,9,16,2,coming
30588,7,6,27,3,going
30588,7,8,27,3,coming
30589,19,19,19,5,in
30590,13,11,13,4,coming
30593,13,10,13,4,going
30596,15,3,29,0,out
30596,15,4,29,0,out
30596,15,10,29,0,in
30596,15,11,29,0,in
30596,1,19,1,5,going
30596,3,19,3,5,going
30602,15,12,29,0,coming
30604,15,0,29,0,out
30628,15,11,29,0,going
30628,15,0,29,0,coming
30628,15,1,29,0,coming
30630,10,10,20,2,out
30630,10,12,20,2,in
30630,10,12,20,2,going
30640,17,7,17,9,out
30640,17,9,17,9,in
30644,12,10,12,4,in
30650,2,14,2,3,out
30650,2,16,2,3,in
30650,4,14,4,3,out
30650,4,16,4,3,in
30650,5,14,5,3,out
30650,5,16,5,3,in
30650,8,14,8,3,out
30650,8,16,8,3,in
30652,10,1,20,2,in
30652,10,11,20,2,out
30668,17,8,17,9,going
30668,17,10,17,9,coming
30668,19,19,19,5,going
30669,18,2,32,8,coming
30672,6,19,28,5,out
30672,12,11,12,4,coming
30675,12,10,12,4,going
30678,14,1,31,5,out
30678,14,3,31,5,in
30678,2,15,2,3,going
30678,2,17,2,3,coming
30678,4,15,4,3,going
30678,4,17,4,3,coming
30678,5,15,5,3,going
30678,5,17,5,3,coming
30678,8,15,8,3,going
30678,8,17,8,3,coming
30680,10,2,20,2,coming
30686,9,7,9,2,out
30686,9,9,9,2,in
30686,11,7,11,2,out
30686,11,9,11,2,in
30687,16,7,16,2,out
30687,16,9,16,2,in
30688,7,6,27,3,out
30688,7,8,27,3,in
30690,13,11,13,4,in
30690,13,11,13,4,going
30693,13,10,13,4,out
30693,13,10,13,4,coming
30696,1,19,1,5,out
30696,3,19,3,5,out
30702,15,12,29,0,in
30702,15,12,29,0,going
30706,14,2,31,5,going
30706,14,4,31,5,coming
30710,6,19,28,5,coming
30714,9,8,9,2,going
30714,9,10,9,2,coming
30714,11,8,11,2,going
30714,11,10,11,2,coming
30715,16,8,16,2,going
30715,16,10,16,2,coming
30716,7,7,27,3,going
30716,7,9,27,3,coming
30728,15,0,29,0,in
30728,15,1,29,0,in
30728,15,11,29,0,out
30730,10,12,20,2,out
30734,1,19,1,5,coming
30734,3,19,3,5,coming
30760,2,16,2,3,going
30760,2,1,2,3,coming
30760,4,16,4,3,going
30760,4,1,4,3,coming
30760,5,16,5,3,going
30760,5,1,5,3,coming
30760,8,16,8,3,going
30760,8,1,8,3,coming
30768,17,8,17,9,out
30768,17,10,17,9,in
30768,19,19,19,5,out
30769,18,2,32,8,in
30772,12,11,12,4,in
30772,12,11,12,4,going
30775,12,10,12,4,out
30775,12,10,12,4,coming
30778,2,15,2,3,out
30778,2,17,2,3,in
30778,4,15,4,3,out
30778,4,17,4,3,in
30778,5,15,5,3,out
30778,5,17,5,3,in
30778,8,15,8,3,out
30778,8,17,8,3,in
30778,2,17,2,3,going
30778,4,17,4,3,going
30778,5,17,5,3,going
30778,8,17,8,3,going
30780,10,2,20,2,in
30790,13,11,13,4,out
30793,13,10,13,4,in
30796,17,9,17,9,going
30796,17,11,17,9,coming
30797,18,1,32,8,going
30797,18,3,32,8,coming
30802,15,12,29,0,out
30806,14,2,31,5,out
30806,14,4,31,5,in
30806,19,19,19,5,coming
30807,13,11,13,4,coming
30808,10,1,20,2,going
30808,10,3,20,2,coming
30810,6,19,28,5,in
30810,13,10,13,4,going
30814,9,8,9,2,out
30814,9,10,9,2,in
30814,11,8,11,2,out
30814,11,10,11,2,in
30815,16,8,16,2,out
30815,16,10,16,2,in
30816,7,7,27,3,out
30816,7,9,27,3,in
30834,1,19,1,5,in
30834,3,19,3,5,in
30834,14,3,31,5,going
30834,14,5,31,5,coming
30842,9,9,9,2,going
30842,9,11,9,2,coming
30842,11,9,11,2,going
30842,11,11,11,2,coming
30843,16,9,16,2,going
30843,16,11,16,2,coming
30844,7,8,27,3,going
30856,15,2,29,0,coming
30860,2,1,2,3,in
30860,2,16,2,3,out
30860,4,1,4,3,in
30860,4,16,4,3,out
30860,5,1,5,3,in
30860,5,16,5,3,out
30860,8,1,8,3,in
30860,8,16,8,3,out
30872,12,11,12,4,out
30875,12,10,12,4,in
30878,2,17,2,3,out
30878,4,17,4,3,out
30878,5,17,5,3,out
30878,8,17,8,3,out
30888,2,2,2,3,coming
30888,4,2,4,3,coming
30888,5,2,5,3,coming
30888,8,2,8,3,coming
30889,6,19,28,5,going
30889,12,11,12,4,coming
30892,12,10,12,4,going
30896,17,9,17,9,out
30896,17,11,17,9,in
30897,18,1,32,8,out
30897,18,3,32,8,in
30906,19,19,19,5,in
30907,13,11,13,4,in
30907,13,11,13,4,going
30908,10,1,20,2,out
30908,10,3,20,2,in
30910,13,10,13,4,out
30910,13,10,13,4,coming
30913,1,19,1,5,going
30913,3,19,3,5,going
30924,17,10,17,9,going
30924,17,12,17,9,coming
30925,18,2,32,8,going
30925,18,4,32,8,coming
30934,14,3,31,5,out
30934,14,5,31,5,in
30936,10,2,20,2,going
30936,10,4,20,2,coming
30942,9,9,9,2,out
30942,9,11,9,2,in
30942,11,9,11,2,out
30942,11,11,11,2,in
30943,16,9,16,2,out
30943,16,11,16,2,in
30944,7,8,27,3,out
30956,15,2,29,0,in
30962,14,4,31,5,going
30962,14,6,31,5,coming
30970,9,10,9,2,going
30970,9,12,9,2,coming
30970,11,10,11,2,going
30970,11,12,11,2,coming
30971,16,10,16,2,going
30971,16,12,16,2,coming
30972,7,9,27,3,going
30984,15,1,29,0,going
30984,15,3,29,0,coming
30985,19,19,19,5,going
30988,2,2,2,3,in
30988,4,2,4,3,in
30988,5,2,5,3,in
30988,8,2,8,3,in
30989,6,19,28,5,out
30989,12,11,12,4,in
30989,12,11,12,4,going
30992,12,10,12,4,out
30992,9,11,9,2,going
30992,9,1,9,2,coming
30992,11,11,11,2,going
30992,11,1,11,2,coming
30992,12,10,12,4,coming
30993,16,11,16,2,going
30993,16,1,16,2,coming
31007,13,11,13,4,out
31010,13,10,13,4,in
31013,1,19,1,5,out
31013,3,19,3,5,out
31016,2,1,2,3,going
31016,2,3,2,3,coming
31016,4,1,4,3,going
31016,4,3,4,3,coming
31016,5,1,5,3,going
31016,5,3,5,3,coming
31016,8,1,8,3,going
31016,8,3,8,3,coming
31018,17,11,17,9,going
31018,17,1,17,9,coming
31024,17,10,17,9,out
31024,17,12,17,9,in
31024,13,11,13,4,coming
31024,17,12,17,9,going
31025,18,2,32,8,out
31025,18,4,32,8,in
31027,6,19,28,5,coming
31027,13,10,13,4,going
31036,10,2,20,2,out
31036,10,4,20,2,in
31051,1,19,1,5,coming
31051,3,19,3,5,coming
31053,18,3,32,8,going
31053,18,5,32,8,coming
31062,14,4,31,5,out
31062,14,6,31,5,in
31064,10,3,20,2,going
31064,10,5,20,2,coming
31070,9,10,9,2,out
31070,9,12,9,2,in
31070,11,10,11,2,out
31070,11,12,11,2,in
31070,9,12,9,2,going
31070,11,12,11,2,going
31071,16,10,16,2,out
31071,16,12,16,2,in
31071,16,12,16,2,going
31072,7,9,27,3,out
31084,15,1,29,0,out
31084,15,3,29,0,in
31085,19,19,19,5,out
31089,12,11,12,4,out
31090,14,5,31,5,going
31090,14,7,31,5,coming
31092,9,1,9,2,in
31092,9,11,9,2,out
31092,11,1,11,2,in
31092,11,11,11,2,out
31092,12,10,12,4,in
31093,16,1,16,2,in
31093,16,11,16,2,out
31100,7,12,27,3,coming
31106,12,11,12,4,coming
31109,12,10,12,4,going
31112,15,2,29,0,going
31112,15,4,29,0,coming
31116,2,1,2,3,out
31116,2,3,2,3,in
31116,4,1,4,3,out
31116,4,3,4,3,in
31116,5,1,5,3,out
31116,5,3,5,3,in
31116,8,1,8,3,out
31116,8,3,8,3,in
31118,17,1,17,9,in
31118,17,11,17,9,out
31120,9,2,9,2,coming
31120,11,2,11,2,coming
31121,16,2,16,2,coming
31123,19,19,19,5,coming
31124,13,11,13,4,in
31124,17,12,17,9,out
31124,13,11,13,4,going
31127,6,19,28,5,in
31127,13,10,13,4,out
31127,13,10,13,4,coming
31144,2,2,2,3,going
31144,2,4,2,3,coming
31144,4,2,4,3,going
31144,4,4,4,3,coming
31144,5,2,5,3,going
31144,5,4,5,3,coming
31144,8,2,8,3,going
31144,8,4,8,3,coming
31146,17,2,17,9,coming
31151,1,19,1,5,in
31151,3,19,3,5,in
31153,18,3,32,8,out
31153,18,5,32,8,in
31164,10,3,20,2,out
31164,10,5,20,2,in
31170,9,12,9,2,out
31170,11,12,11,2,out
31171,16,12,16,2,out
31181,18,4,32,8,going
31181,18,6,32,8,coming
31190,14,5,31,5,out
31190,14,7,31,5,in
31192,10,4,20,2,going
31192,10,6,20,2,coming
31200,7,12,27,3,in
31206,12,11,12,4,in
31206,6,19,28,5,going
31206,12,11,12,4,going
31209,12,10,12,4,out
31209,12,10,12,4,coming
31212,15,2,29,0,out
31212,15,4,29,0,in
31218,14,6,31,5,going
31218,14,8,31,5,coming
31220,9,2,9,2,in
31220,11,2,11,2,in
31221,16,2,16,2,in
31223,19,19,19,5,in
31224,13,11,13,4,out
31227,13,10,13,4,in
31228,7,13,27,3,coming
31229,15,3,29,0,going
31229,15,4,29,0,going
31229,15,11,29,0,coming
31230,1,19,1,5,going
31230,3,19,3,5,going
31235,15,12,29,0,coming
31241,13,11,13,4,coming
31243,18,5,32,8,going
31243,18,1,32,8,coming
31244,2,2,2,3,out
31244,2,4,2,3,in
31244,4,2,4,3,out
31244,4,4,4,3,in
31244,5,2,5,3,out
31244,5,4,5,3,in
31244,8,2,8,3,out
31244,8,4,8,3,in
31245,13,10,13,4,going
31245,13,0,13,4,coming
31245,13,1,13,4,coming
31246,17,2,17,9,in
31248,9,1,9,2,going
31248,9,3,9,2,coming
31248,11,1,11,2,going
31248,11,3,11,2,coming
31249,16,1,16,2,going
31249,16,3,16,2,coming
31272,2,3,2,3,going
31272,2,5,2,3,coming
31272,4,3,4,3,going
31272,4,5,4,3,coming
31272,5,3,5,3,going
31272,5,5,5,3,coming
31272,8,3,8,3,going
31272,8,5,8,3,coming
31274,17,1,17,9,going
31274,17,3,17,9,coming
31281,18,4,32,8,out
31281,18,6,32,8,in
31281,18,6,32,8,going
31292,10,4,20,2,out
31292,10,6,20,2,in
31302,19,19,19,5,going
31306,6,19,28,5,out
31306,12,11,12,4,out
31309,12,10,12,4,in
31318,14,6,31,5,out
31318,14,8,31,5,in
31320,10,5,20,2,going
31320,10,7,20,2,coming
31323,12,11,12,4,coming
31326,12,10,12,4,going
31328,7,13,27,3,in
31329,15,3,29,0,out
31329,15,4,29,0,out
31329,15,11,29,0,in
31330,1,19,1,5,out
31330,3,19,3,5,out
31335,15,12,29,0,in
31341,13,11,13,4,in
31341,13,11,13,4,going
31343,18,1,32,8,in
31343,18,5,32,8,out
31344,6,19,28,5,coming
31345,13,0,13,4,in
31345,13,1,13,4,in
31345,13,10,13,4,out
31346,14,7,31,5,going
31346,14,9,31,5,coming
31348,9,1,9,2,out
31348,9,3,9,2,in
31348,11,1,11,2,out
31348,11,3,11,2,in
31349,16,1,16,2,out
31349,16,3,16,2,in
31355,15,11,29,0,going
31355,15,12,29,0,going
31355,15,1,29,0,coming
31356,7,12,27,3,going
31356,7,14,27,3,coming
31368,1,19,1,5,coming
31368,3,19,3,5,coming
31371,18,2,32,8,coming
31372,2,3,2,3,out
31372,2,5,2,3,in
31372,4,3,4,3,out
31372,4,5,4,3,in
31372,5,3,5,3,out
31372,5,5,5,3,in
31372,8,3,8,3,out
31372,8,5,8,3,in
31374,17,1,17,9,out
31374,17,3,17,9,in
31376,9,2,9,2,going
31376,9,4,9,2,coming
31376,11,2,11,2,going
31376,11,4,11,2,coming
31377,16,2,16,2,going
31377,16,4,16,2,coming
31381,18,6,32,8,out
31400,2,4,2,3,going
31400,2,6,2,3,coming
31400,4,4,4,3,going
31400,4,6,4,3,coming
31400,5,4,5,3,going
31400,5,6,5,3,coming
31400,8,4,8,3,going
31400,8,6,8,3,coming
31402,19,19,19,5,out
31402,17,2,17,9,going
31402,17,4,17,9,coming
31420,10,5,20,2,out
31420,10,7,20,2,in
31423,12,11,12,4,in
31423,12,11,12,4,going
31426,12,10,12,4,out
31426,12,10,12,4,coming
31440,19,19,19,5,coming
31441,13,11,13,4,out
31444,6,19,28,5,in
31446,14,7,31,5,out
31446,14,9,31,5,in
31448,10,6,20,2,going
31448,10,8,20,2,coming
31455,15,1,29,0,in
31455,15,11,29,0,out
31455,15,12,29,0,out
31456,7,12,27,3,out
31456,7,14,27,3,in
31468,1,19,1,5,in
31468,3,19,3,5,in
31471,18,2,32,8,in
31473,13,0,13,4,going
31473,13,2,13,4,coming
31474,14,8,31,5,going
31474,14,10,31,5,coming
31476,9,2,9,2,out
31476,9,4,9,2,in
31476,11,2,11,2,out
31476,11,4,11,2,in
31477,16,2,16,2,out
31477,16,4,16,2,in
31483,15,2,29,0,coming
31484,7,13,27,3,going
31484,7,15,27,3,coming
31499,18,1,32,8,going
31499,18,3,32,8,coming
31500,2,4,2,3,out
31500,2,6,2,3,in
31500,4,4,4,3,out
31500,4,6,4,3,in
31500,5,4,5,3,out
31500,5,6,5,3,in
31500,8,4,8,3,out
31500,8,6,8,3,in
31502,17,2,17,9,out
31502,17,4,17,9,in
31504,9,3,9,2,going
31504,9,5,9,2,coming
31504,11,3,11,2,going
31504,11,5,11,2,coming
31505,16,3,16,2,going
31505,16,5,16,2,coming
31523,12,11,12,4,out
31523,6,19,28,5,going
31526,12,10,12,4,in
31528,2,5,2,3,going
31528,2,7,2,3,coming
31528,4,5,4,3,going
31528,4,7,4,3,coming
31528,5,5,5,3,going
31528,5,7,5,3,coming
31528,8,5,8,3,going
31528,8,7,8,3,coming
31530,17,3,17,9,going
31530,17,5,17,9,coming
31540,19,19,19,5,in
31540,12,11,12,4,coming
31543,12,10,12,4,going
31547,1,19,1,5,going
31547,3,19,3,5,going
31548,10,6,20,2,out
31548,10,8,20,2,in
31573,13,0,13,4,out
31573,13,2,13,4,in
31574,14,8,31,5,out
31574,14,10,31,5,in
31576,10,7,20,2,going
31576,10,9,20,2,coming
31583,15,2,29,0,in
31584,7,13,27,3,out
31584,7,15,27,3,in
31599,18,1,32,8,out
31599,18,3,32,8,in
31601,13,1,13,4,going
31601,13,3,13,4,coming
31602,14,9,31,5,going
31602,14,11,31,5,coming
31604,9,3,9,2,out
31604,9,5,9,2,in
31604,11,3,11,2,out
31604,11,5,11,2,in
31605,16,3,16,2,out
31605,16,5,16,2,in
31611,15,1,29,0,going
31611,15,3,29,0,coming
31612,7,14,27,3,going
31612,7,16,27,3,coming
31619,19,19,19,5,going
31623,6,19,28,5,out
31627,18,2,32,8,going
31627,18,4,32,8,coming
31628,2,5,2,3,out
31628,2,7,2,3,in
31628,4,5,4,3,out
31628,4,7,4,3,in
31628,5,5,5,3,out
31628,5,7,5,3,in
31628,8,5,8,3,out
31628,8,7,8,3,in
31630,17,3,17,9,out
31630,17,5,17,9,in
31632,9,4,9,2,going
31632,9,6,9,2,coming
31632,11,4,11,2,going
31632,11,6,11,2,coming
31633,16,4,16,2,going
31633,16,6,16,2,coming
31640,12,11,12,4,in
31640,12,11,12,4,going
31643,12,10,12,4,out
31643,12,10,12,4,coming
31647,1,19,1,5,out
31647,3,19,3,5,out
31656,2,6,2,3,going
31656,2,8,2,3,coming
31656,4,6,4,3,going
31656,4,8,4,3,coming
31656,5,6,5,3,going
31656,5,8,5,3,coming
31656,8,6,8,3,going
31656,8,8,8,3,coming
31658,17,4,17,9,going
31658,17,6,17,9,coming
31661,6,19,28,5,coming
31676,10,7,20,2,out
31676,10,9,20,2,in
31685,1,19,1,5,coming
31685,3,19,3,5,coming
31701,13,1,13,4,out
31701,13,3,13,4,in
31702,14,9,31,5,out
31702,14,11,31,5,in
31704,10,8,20,2,going
31704,10,10,20,2,coming
31711,15,1,29,0,out
31711,15,3,29,0,in
31712,7,14,27,3,out
31712,7,16,27,3,in
31719,19,19,19,5,out
31727,18,2,32,8,out
31727,18,4,32,8,in
31729,13,2,13,4,going
31729,13,4,13,4,coming
31730,14,10,31,5,going
31730,14,12,31,5,coming
31732,9,4,9,2,out
31732,9,6,9,2,in
31732,11,4,11,2,out
31732,11,6,11,2,in
31733,16,4,16,2,out
31733,16,6,16,2,in
31739,15,2,29,0,going
31739,15,4,29,0,coming
31740,12,11,12,4,out
31740,7,15,27,3,going
31740,7,17,27,3,coming
31743,12,10,12,4,in
31755,18,3,32,8,going
31755,18,5,32,8,coming
31756,2,6,2,3,out
31756,2,8,2,3,in
31756,4,6,4,3,out
31756,4,8,4,3,in
31756,5,6,5,3,out
31756,5,8,5,3,in
31756,8,6,8,3,out
31756,8,8,8,3,in
31757,12,11,12,4,coming
31757,19,19,19,5,coming
31758,17,4,17,9,out
31758,17,6,17,9,in
31760,9,5,9,2,going
31760,9,7,9,2,coming
31760,11,5,11,2,going
31760,11,7,11,2,coming
31760,12,10,12,4,going
31761,6,19,28,5,in
31761,16,5,16,2,going
31761,16,7,16,2,coming
31784,2,7,2,3,going
31784,2,9,2,3,coming
31784,4,7,4,3,going
31784,4,9,4,3,coming
31784,5,7,5,3,going
31784,5,9,5,3,coming
31784,8,7,8,3,going
31784,8,9,8,3,coming
31785,1,19,1,5,in
31785,3,19,3,5,in
31786,17,5,17,9,going
31786,17,7,17,9,coming
31804,10,8,20,2,out
31804,10,10,20,2,in
31822,7,16,27,3,going
31822,7,1,27,3,coming
31829,13,2,13,4,out
31829,13,4,13,4,in
31830,14,10,31,5,out
31830,14,12,31,5,in
31832,10,9,20,2,going
31832,10,11,20,2,coming
31839,15,2,29,0,out
31839,15,4,29,0,in
31840,7,15,27,3,out
31840,7,17,27,3,in
31840,6,19,28,5,going
31840,7,17,27,3,going
31855,18,3,32,8,out
31855,18,5,32,8,in
31856,15,3,29,0,going
31856,15,4,29,0,going
31856,15,11,29,0,coming
31857,12,11,12,4,in
31857,19,19,19,5,in
31857,12,11,12,4,going
31857,13,3,13,4,going
31857,13,5,13,4,coming
31858,14,11,31,5,going
31858,14,13,31,5,coming
31860,9,5,9,2,out
31860,9,7,9,2,in
31860,11,5,11,2,out
31860,11,7,11,2,in
31860,12,10,12,4,out
31860,12,10,12,4,coming
31861,16,5,16,2,out
31861,16,7,16,2,in
31862,15,12,29,0,coming
31864,1,19,1,5,going
31864,3,19,3,5,going
31883,18,4,32,8,going
31883,18,6,32,8,coming
31884,2,7,2,3,out
31884,2,9,2,3,in
31884,4,7,4,3,out
31884,4,9,4,3,in
31884,5,7,5,3,out
31884,5,9,5,3,in
31884,8,7,8,3,out
31884,8,9,8,3,in
31886,17,5,17,9,out
31886,17,7,17,9,in
31888,9,6,9,2,going
31888,9,8,9,2,coming
31888,11,6,11,2,going
31888,11,8,11,2,coming
31889,16,6,16,2,going
31889,16,8,16,2,coming
31912,2,8,2,3,going
31912,2,10,2,3,coming
31912,4,8,4,3,going
31912,4,10,4,3,coming
31912,5,8,5,3,going
31912,5,10,5,3,coming
31912,8,8,8,3,going
31912,8,10,8,3,coming
31914,17,6,17,9,going
31914,17,8,17,9,coming
31922,7,1,27,3,in
31922,7,16,27,3,out
31932,10,9,20,2,out
31932,10,11,20,2,in
31936,19,19,19,5,going
31940,6,19,28,5,out
31940,7,17,27,3,out
31945,18,5,32,8,going
31945,18,1,32,8,coming
31950,7,2,27,3,coming
31956,15,3,29,0,out
31956,15,4,29,0,out
31956,15,11,29,0,in
31957,12,11,12,4,out
31957,13,3,13,4,out
31957,13,5,13,4,in
31958,14,11,31,5,out
31958,14,13,31,5,in
31960,12,10,12,4,in
31960,10,10,20,2,going
31960,10,12,20,2,coming
31962,15,12,29,0,in
31964,1,19,1,5,out
31964,3,19,3,5,out
31974,12,11,12,4,coming
31977,12,10,12,4,going
31978,6,19,28,5,coming
31982,10,11,20,2,going
31982,10,1,20,2,coming
31982,15,12,29,0,going
31982,15,1,29,0,coming
31983,18,4,32,8,out
31983,18,6,32,8,in
31983,18,6,32,8,going
31985,13,4,13,4,going
31985,13,6,13,4,coming
31986,14,12,31,5,going
31986,14,14,31,5,coming
31988,9,6,9,2,out
31988,9,8,9,2,in
31988,11,6,11,2,out
31988,11,8,11,2,in
31989,16,6,16,2,out
31989,16,8,16,2,in
32002,1,19,1,5,coming
32002,3,19,3,5,coming
32012,2,8,2,3,out
32012,2,10,2,3,in
32012,4,8,4,3,out
32012,4,10,4,3,in
32012,5,8,5,3,out
32012,5,10,5,3,in
32012,8,8,8,3,out
32012,8,10,8,3,in
32014,17,6,17,9,out
32014,17,8,17,9,in
32016,9,7,9,2,going
32016,9,9,9,2,coming
32016,11,7,11,2,going
32016,11,9,11,2,coming
32017,16,7,16,2,going
32017,16,9,16,2,coming
32036,19,19,19,5,out
32040,2,9,2,3,going
32040,2,11,2,3,coming
32040,4,9,4,3,going
32040,4,11,4,3,coming
32040,5,9,5,3,going
32040,5,11,5,3,coming
32040,8,9,8,3,going
32040,8,11,8,3,coming
32042,17,7,17,9,going
32042,17,9,17,9,coming
32045,18,1,32,8,in
32045,18,5,32,8,out
32050,7,2,27,3,in
32060,10,10,20,2,out
32060,10,12,20,2,in
32060,10,12,20,2,going
32073,18,2,32,8,coming
32074,12,11,12,4,in
32074,12,11,12,4,going
32074,19,19,19,5,coming
32077,12,10,12,4,out
32077,12,10,12,4,coming
32078,6,19,28,5,in
32078,7,1,27,3,going
32078,7,3,27,3,coming
32082,10,1,20,2,in
32082,10,11,20,2,out
32082,15,1,29,0,in
32082,15,12,29,0,out
32083,18,6,32,8,out
32085,13,4,13,4,out
32085,13,6,13,4,in
32086,14,12,31,5,out
32086,14,14,31,5,in
32102,1,19,1,5,in
32102,3,19,3,5,in
32110,10,2,20,2,coming
32110,15,2,29,0,coming
32113,13,5,13,4,going
32113,13,7,13,4,coming
32114,14,13,31,5,going
32114,14,15,31,5,coming
32116,9,7,9,2,out
32116,9,9,9,2,in
32116,11,7,11,2,out
32116,11,9,11,2,in
32117,16,7,16,2,out
32117,16,9,16,2,in
32140,2,9,2,3,out
32140,2,11,2,3,in
32140,4,9,4,3,out
32140,4,11,4,3,in
32140,5,9,5,3,out
32140,5,11,5,3,in
32140,8,9,8,3,out
32140,8,11,8,3,in
32142,17,7,17,9,out
32142,17,9,17,9,in
32144,9,8,9,2,going
32144,9,10,9,2,coming
32144,11,8,11,2,going
32144,11,10,11,2,coming
32145,16,8,16,2,going
32145,16,10,16,2,coming
32157,6,19,28,5,going
32160,10,12,20,2,out
32168,2,10,2,3,going
32168,2,12,2,3,coming
32168,4,10,4,3,going
32168,4,12,4,3,coming
32168,5,10,5,3,going
32168,5,12,5,3,coming
32168,8,10,8,3,going
32168,8,12,8,3,coming
32170,17,8,17,9,going
32170,17,10,17,9,coming
32173,18,2,32,8,in
32174,12,11,12,4,out
32174,19,19,19,5,in
32177,12,10,12,4,in
32178,7,1,27,3,out
32178,7,3,27,3,in
32181,1,19,1,5,going
32181,3,19,3,5,going
32191,12,11,12,4,coming
32194,12,10,12,4,going
32201,18,1,32,8,going
32201,18,3,32,8,coming
32206,7,2,27,3,going
32206,7,4,27,3,coming
32210,10,2,20,2,in
32210,15,2,29,0,in
32213,13,5,13,4,out
32213,13,7,13,4,in
32214,14,13,31,5,out
32214,14,15,31,5,in
32238,10,1,20,2,going
32238,10,3,20,2,coming
32238,15,1,29,0,going
32238,15,3,29,0,coming
32241,13,6,13,4,going
32242,14,14,31,5,going
32242,14,16,31,5,coming
32244,9,8,9,2,out
32244,9,10,9,2,in
32244,11,8,11,2,out
32244,11,10,11,2,in
32245,16,8,16,2,out
32245,16,10,16,2,in
32253,19,19,19,5,going
32257,6,19,28,5,out
32268,2,10,2,3,out
32268,2,12,2,3,in
32268,4,10,4,3,out
32268,4,12,4,3,in
32268,5,10,5,3,out
32268,5,12,5,3,in
32268,8,10,8,3,out
32268,8,12,8,3,in
32270,17,8,17,9,out
32270,17,10,17,9,in
32272,9,9,9,2,going
32272,9,11,9,2,coming
32272,11,9,11,2,going
32272,11,11,11,2,coming
32273,16,9,16,2,going
32273,16,11,16,2,coming
32281,1,19,1,5,out
32281,3,19,3,5,out
32291,12,11,12,4,in
32291,12,11,12,4,going
32294,12,10,12,4,out
32294,12,10,12,4,coming
32295,6,19,28,5,coming
32296,2,11,2,3,going
32296,2,13,2,3,coming
32296,4,11,4,3,going
32296,4,13,4,3,coming
32296,5,11,5,3,going
32296,5,13,5,3,coming
32296,8,11,8,3,going
32296,8,13,8,3,coming
32298,17,9,17,9,going
32298,17,11,17,9,coming
32301,18,1,32,8,out
32301,18,3,32,8,in
32306,7,2,27,3,out
32306,7,4,27,3,in
32319,1,19,1,5,coming
32319,3,19,3,5,coming
32329,18,2,32,8,going
32329,18,4,32,8,coming
32334,7,3,27,3,going
32334,7,5,27,3,coming
32338,10,1,20,2,out
32338,10,3,20,2,in
32338,15,1,29,0,out
32338,15,3,29,0,in
32341,13,6,13,4,out
32342,14,14,31,5,out
32342,14,16,31,5,in
32353,19,19,19,5,out
32366,10,2,20,2,going
32366,10,4,20,2,coming
32366,15,2,29,0,going
32366,15,4,29,0,coming
32369,13,7,13,4,going
32370,14,15,31,5,going
32370,14,17,31,5,coming
32372,9,9,9,2,out
32372,9,11,9,2,in
32372,11,9,11,2,out
32372,11,11,11,2,in
32373,16,9,16,2,out
32373,16,11,16,2,in
32391,12,11,12,4,out
32391,19,19,19,5,coming
32394,12,10,12,4,in
32395,6,19,28,5,in
32396,2,11,2,3,out
32396,2,13,2,3,in
32396,4,11,4,3,out
32396,4,13,4,3,in
32396,5,11,5,3,out
32396,5,13,5,3,in
32396,8,11,8,3,out
32396,8,13,8,3,in
32398,17,9,17,9,out
32398,17,11,17,9,in
32400,9,10,9,2,going
32400,9,12,9,2,coming
32400,11,10,11,2,going
32400,11,12,11,2,coming
32401,16,10,16,2,going
32401,16,12,16,2,coming
32408,12,11,12,4,coming
32411,12,10,12,4,going
32419,1,19,1,5,in
32419,3,19,3,5,in
32422,9,11,9,2,going
32422,9,1,9,2,coming
32422,11,11,11,2,going
32422,11,1,11,2,coming
32423,16,11,16,2,going
32423,16,1,16,2,coming
32424,2,12,2,3,going
32424,2,14,2,3,coming
32424,4,12,4,3,going
32424,4,14,4,3,coming
32424,5,12,5,3,going
32424,5,14,5,3,coming
32424,8,12,8,3,going
32424,8,14,8,3,coming
32426,17,10,17,9,going
32426,17,12,17,9,coming
32429,18,2,32,8,out
32429,18,4,32,8,in
32434,7,3,27,3,out
32434,7,5,27,3,in
32457,18,3,32,8,going
32457,18,5,32,8,coming
32462,7,4,27,3,going
32462,7,6,27,3,coming
32466,10,2,20,2,out
32466,10,4,20,2,in
32466,15,2,29,0,out
32466,15,4,29,0,in
32469,13,7,13,4,out
32470,14,15,31,5,out
32470,14,17,31,5,in
32474,6,19,28,5,going
32483,15,3,29,0,going
32483,15,4,29,0,going
32489,15,12,29,0,coming
32491,19,19,19,5,in
32494,10,3,20,2,going
32494,10,5,20,2,coming
32497,13,10,13,4,coming
32498,1,19,1,5,going
32498,3,19,3,5,going
32498,14,16,31,5,going
32498,14,18,31,5,coming
32500,9,10,9,2,out
32500,9,12,9,2,in
32500,11,10,11,2,out
32500,11,12,11,2,in
32500,9,12,9,2,going
32500,11,12,11,2,going
32501,16,10,16,2,out
32501,16,12,16,2,in
32501,16,12,16,2,going
32508,12,11,12,4,in
32508,12,11,12,4,going
32511,12,10,12,4,out
32511,12,10,12,4,coming
32515,15,1,29,0,coming
32520,17,11,17,9,going
32520,17,1,17,9,coming
32522,9,1,9,2,in
32522,9,11,9,2,out
32522,11,1,11,2,in
32522,11,11,11,2,out
32523,16,1,16,2,in
32523,16,11,16,2,out
32524,2,12,2,3,out
32524,2,14,2,3,in
32524,4,12,4,3,out
32524,4,14,4,3,in
32524,5,12,5,3,out
32524,5,14,5,3,in
32524,8,12,8,3,out
32524,8,14,8,3,in
32526,17,10,17,9,out
32526,17,12,17,9,in
32526,17,12,17,9,going
32550,9,2,9,2,coming
32550,11,2,11,2,coming
32551,16,2,16,2,coming
32552,2,13,2,3,going
32552,2,15,2,3,coming
32552,4,13,4,3,going
32552,4,15,4,3,coming
32552,5,13,5,3,going
32552,5,15,5,3,coming
32552,8,13,8,3,going
32552,8,15,8,3,coming
32557,18,3,32,8,out
32557,18,5,32,8,in
32562,7,4,27,3,out
32562,7,6,27,3,in
32570,19,19,19,5,going
32574,6,19,28,5,out
32583,15,3,29,0,out
32583,15,4,29,0,out
32585,18,4,32,8,going
32585,18,6,32,8,coming
32589,15,12,29,0,in
32589,15,12,29,0,going
32590,7,5,27,3,going
32590,7,7,27,3,coming
32594,10,3,20,2,out
32594,10,5,20,2,in
32597,13,10,13,4,in
32598,1,19,1,5,out
32598,3,19,3,5,out
32598,14,16,31,5,out
32598,14,18,31,5,in
32600,9,12,9,2,out
32600,11,12,11,2,out
32601,16,12,16,2,out
32608,12,11,12,4,out
32611,12,10,12,4,in
32612,6,19,28,5,coming
32615,15,1,29,0,in
32620,17,1,17,9,in
32620,17,11,17,9,out
32622,10,4,20,2,going
32622,10,6,20,2,coming
32625,12,11,12,4,coming
32625,13,11,13,4,coming
32626,17,12,17,9,out
32626,14,17,31,5,going
32626,14,19,31,5,coming
32628,0,1,25,4,coming
32628,12,10,12,4,going
32628,13,10,13,4,going
32636,1,19,1,5,coming
32636,3,19,3,5,coming
32643,15,2,29,0,coming
32647,18,5,32,8,going
32647,18,1,32,8,coming
32648,17,2,17,9,coming
32650,9,2,9,2,in
32650,11,2,11,2,in
32651,16,2,16,2,in
32652,2,13,2,3,out
32652,2,15,2,3,in
32652,4,13,4,3,out
32652,4,15,4,3,in
32652,5,13,5,3,out
32652,5,15,5,3,in
32652,8,13,8,3,out
32652,8,15,8,3,in
32670,19,19,19,5,out
32678,9,1,9,2,going
32678,9,3,9,2,coming
32678,11,1,11,2,going
32678,11,3,11,2,coming
32679,16,1,16,2,going
32679,16,3,16,2,coming
32680,2,14,2,3,going
32680,2,16,2,3,coming
32680,4,14,4,3,going
32680,4,16,4,3,coming
32680,5,14,5,3,going
32680,5,16,5,3,coming
32680,8,14,8,3,going
32680,8,16,8,3,coming
32685,18,4,32,8,out
32685,18,6,32,8,in
32685,18,6,32,8,going
32689,15,12,29,0,out
32690,7,5,27,3,out
32690,7,7,27,3,in
32708,19,19,19,5,coming
32712,6,19,28,5,in
32718,7,6,27,3,going
32718,7,8,27,3,coming
32722,10,4,20,2,out
32722,10,6,20,2,in
32725,12,11,12,4,in
32725,13,11,13,4,in
32725,12,11,12,4,going
32725,13,11,13,4,going
32726,14,17,31,5,out
32726,14,19,31,5,in
32728,0,1,25,4,in
32728,12,10,12,4,out
32728,13,10,13,4,out
32728,12,10,12,4,coming
32728,13,10,13,4,coming
32736,1,19,1,5,in
32736,3,19,3,5,in
32743,15,2,29,0,in
32747,18,1,32,8,in
32747,18,5,32,8,out
32748,17,2,17,9,in
32750,10,5,20,2,going
32750,10,7,20,2,coming
32754,14,18,31,5,going
32756,0,2,25,4,coming
32771,15,1,29,0,going
32771,15,3,29,0,coming
32775,18,2,32,8,coming
32776,17,1,17,9,going
32776,17,3,17,9,coming
32778,9,1,9,2,out
32778,9,3,9,2,in
32778,11,1,11,2,out
32778,11,3,11,2,in
32779,16,1,16,2,out
32779,16,3,16,2,in
32780,2,14,2,3,out
32780,2,16,2,3,in
32780,4,14,4,3,out
32780,4,16,4,3,in
32780,5,14,5,3,out
32780,5,16,5,3,in
32780,8,14,8,3,out
32780,8,16,8,3,in
32785,18,6,32,8,out
32791,6,19,28,5,going
32805,14,19,31,5,going
32805,14,16,31,5,coming
32805,14,17,31,5,coming
32806,9,2,9,2,going
32806,9,4,9,2,coming
32806,11,2,11,2,going
32806,11,4,11,2,coming
32807,16,2,16,2,going
32807,16,4,16,2,coming
32808,19,19,19,5,in
32808,2,15,2,3,going
32808,2,17,2,3,coming
32808,4,15,4,3,going
32808,4,17,4,3,coming
32808,5,15,5,3,going
32808,5,17,5,3,coming
32808,8,15,8,3,going
32808,8,17,8,3,coming
32815,1,19,1,5,going
32815,3,19,3,5,going
32818,7,6,27,3,out
32818,7,8,27,3,in
32825,12,11,12,4,out
32825,13,11,13,4,out
32828,12,10,12,4,in
32828,13,10,13,4,in
32842,12,11,12,4,coming
32842,13,11,13,4,coming
32845,12,10,12,4,going
32845,13,10,13,4,going
32846,7,7,27,3,going
32846,7,9,27,3,coming
32850,10,5,20,2,out
32850,10,7,20,2,in
32854,14,18,31,5,out
32856,0,2,25,4,in
32871,15,1,29,0,out
32871,15,3,29,0,in
32875,18,2,32,8,in
32876,17,1,17,9,out
32876,17,3,17,9,in
32878,10,6,20,2,going
32878,10,8,20,2,coming
32884,0,1,25,4,going
32884,0,3,25,4,coming
32887,19,19,19,5,going
32890,2,16,2,3,going
32890,2,1,2,3,coming
32890,4,16,4,3,going
32890,4,1,4,3,coming
32890,5,16,5,3,going
32890,5,1,5,3,coming
32890,8,16,8,3,going
32890,8,1,8,3,coming
32891,6,19,28,5,out
32899,15,2,29,0,going
32899,15,4,29,0,coming
32903,18,1,32,8,going
32903,18,3,32,8,coming
32904,17,2,17,9,going
32904,17,4,17,9,coming
32905,14,16,31,5,in
32905,14,17,31,5,in
32905,14,19,31,5,out
32906,9,2,9,2,out
32906,9,4,9,2,in
32906,11,2,11,2,out
32906,11,4,11,2,in
32907,16,2,16,2,out
32907,16,4,16,2,in
32908,2,15,2,3,out
32908,2,17,2,3,in
32908,4,15,4,3,out
32908,4,17,4,3,in
32908,5,15,5,3,out
32908,5,17,5,3,in
32908,8,15,8,3,out
32908,8,17,8,3,in
32908,2,17,2,3,going
32908,4,17,4,3,going
32908,5,17,5,3,going
32908,8,17,8,3,going
32915,1,19,1,5,out
32915,3,19,3,5,out
32915,14,18,31,5,coming
32929,6,19,28,5,coming
32934,9,3,9,2,going
32934,9,5,9,2,coming
32934,11,3,11,2,going
32934,11,5,11,2,coming
32935,16,3,16,2,going
32935,16,5,16,2,coming
32942,12,11,12,4,in
32942,13,11,13,4,in
32942,12,11,12,4,going
32942,13,11,13,4,going
32945,12,10,12,4,out
32945,13,10,13,4,out
32945,12,10,12,4,coming
32945,13,10,13,4,coming
32946,7,7,27,3,out
32946,7,9,27,3,in
32953,1,19,1,5,coming
32953,3,19,3,5,coming
32974,7,8,27,3,going
32978,10,6,20,2,out
32978,10,8,20,2,in
32984,0,1,25,4,out
32984,0,3,25,4,in
32987,19,19,19,5,out
32990,2,1,2,3,in
32990,2,16,2,3,out
32990,4,1,4,3,in
32990,4,16,4,3,out
32990,5,1,5,3,in
32990,5,16,5,3,out
32990,8,1,8,3,in
32990,8,16,8,3,out
32999,15,2,29,0,out
32999,15,4,29,0,in
33003,18,1,32,8,out
33003,18,3,32,8,in
33004,17,2,17,9,out
33004,17,4,17,9,in
33006,10,7,20,2,going
33006,10,9,20,2,coming
33008,2,17,2,3,out
33008,4,17,4,3,out
33008,5,17,5,3,out
33008,8,17,8,3,out
33012,0,2,25,4,going
33012,0,4,25,4,coming
33015,14,18,31,5,in
33018,2,2,2,3,coming
33018,4,2,4,3,coming
33018,5,2,5,3,coming
33018,8,2,8,3,coming
33025,19,19,19,5,coming
33027,15,3,29,0,going
33027,15,5,29,0,coming
33029,6,19,28,5,in
33031,18,2,32,8,going
33031,18,4,32,8,coming
33032,17,3,17,9,going
33032,17,5,17,9,coming
33034,9,3,9,2,out
33034,9,5,9,2,in
33034,11,3,11,2,out
33034,11,5,11,2,in
33035,16,3,16,2,out
33035,16,5,16,2,in
33042,12,11,12,4,out
33042,13,11,13,4,out
33043,14,17,31,5,going
33043,14,19,31,5,coming
33045,12,10,12,4,in
33045,13,10,13,4,in
33053,1,19,1,5,in
33053,3,19,3,5,in
33059,12,11,12,4,coming
33059,13,11,13,4,coming
33062,9,4,9,2,going
33062,9,6,9,2,coming
33062,11,4,11,2,going
33062,11,6,11,2,coming
33062,12,10,12,4,going
33062,13,10,13,4,going
33063,16,4,16,2,going
33063,16,6,16,2,coming
33074,7,8,27,3,out
33102,7,9,27,3,going
33106,10,7,20,2,out
33106,10,9,20,2,in
33108,6,19,28,5,going
33112,0,2,25,4,out
33112,0,4,25,4,in
33118,2,2,2,3,in
33118,4,2,4,3,in
33118,5,2,5,3,in
33118,8,2,8,3,in
33125,19,19,19,5,in
33127,15,3,29,0,out
33127,15,5,29,0,in
33131,18,2,32,8,out
33131,18,4,32,8,in
33132,17,3,17,9,out
33132,17,5,17,9,in
33132,1,19,1,5,going
33132,3,19,3,5,going
33134,10,8,20,2,going
33134,10,10,20,2,coming
33140,0,3,25,4,going
33140,0,5,25,4,coming
33143,14,17,31,5,out
33143,14,19,31,5,in
33146,2,1,2,3,going
33146,2,3,2,3,coming
33146,4,1,4,3,going
33146,4,3,4,3,coming
33146,5,1,5,3,going
33146,5,3,5,3,coming
33146,8,1,8,3,going
33146,8,3,8,3,coming
33155,15,4,29,0,going
33155,15,6,29,0,coming
33159,12,11,12,4,in
33159,13,11,13,4,in
33159,12,11,12,4,going
33159,13,11,13,4,going
33159,18,3,32,8,going
33159,18,5,32,8,coming
33160,17,4,17,9,going
33160,17,6,17,9,coming
33162,9,4,9,2,out
33162,9,6,9,2,in
33162,11,4,11,2,out
33162,11,6,11,2,in
33162,12,10,12,4,out
33162,13,10,13,4,out
33162,12,10,12,4,coming
33162,13,10,13,4,coming
33163,16,4,16,2,out
33163,16,6,16,2,in
33171,14,18,31,5,going
33190,9,5,9,2,going
33190,9,7,9,2,coming
33190,11,5,11,2,going
33190,11,7,11,2,coming
33191,16,5,16,2,going
33191,16,7,16,2,coming
33202,7,9,27,3,out
33204,19,19,19,5,going
33208,6,19,28,5,out
33222,14,19,31,5,going
33222,14,17,31,5,coming
33230,7,12,27,3,coming
33232,1,19,1,5,out
33232,3,19,3,5,out
33234,10,8,20,2,out
33234,10,10,20,2,in
33240,0,3,25,4,out
33240,0,5,25,4,in
33246,2,1,2,3,out
33246,2,3,2,3,in
33246,4,1,4,3,out
33246,4,3,4,3,in
33246,5,1,5,3,out
33246,5,3,5,3,in
33246,8,1,8,3,out
33246,8,3,8,3,in
33246,6,19,28,5,coming
33255,15,4,29,0,out
33255,15,6,29,0,in
33259,12,11,12,4,out
33259,13,11,13,4,out
33259,18,3,32,8,out
33259,18,5,32,8,in
33260,17,4,17,9,out
33260,17,6,17,9,in
33262,12,10,12,4,in
33262,13,10,13,4,in
33262,10,9,20,2,going
33262,10,11,20,2,coming
33268,0,4,25,4,going
33268,0,6,25,4,coming
33270,1,19,1,5,coming
33270,3,19,3,5,coming
33271,14,18,31,5,out
33271,14,18,31,5,coming
33274,2,2,2,3,going
33274,2,4,2,3,coming
33274,4,2,4,3,going
33274,4,4,4,3,coming
33274,5,2,5,3,going
33274,5,4,5,3,coming
33274,8,2,8,3,going
33274,8,4,8,3,coming
33276,12,11,12,4,coming
33276,13,11,13,4,coming
33279,12,10,12,4,going
33279,13,10,13,4,going
33283,15,5,29,0,going
33283,15,7,29,0,coming
33287,18,4,32,8,going
33287,18,6,32,8,coming
33288,17,5,17,9,going
33288,17,7,17,9,coming
33290,9,5,9,2,out
33290,9,7,9,2,in
33290,11,5,11,2,out
33290,11,7,11,2,in
33291,16,5,16,2,out
33291,16,7,16,2,in
33304,19,19,19,5,out
33318,9,6,9,2,going
33318,9,8,9,2,coming
33318,11,6,11,2,going
33318,11,8,11,2,coming
33319,16,6,16,2,going
33319,16,8,16,2,coming
33322,14,17,31,5,in
33322,14,19,31,5,out
33330,7,12,27,3,in
33342,19,19,19,5,coming
33346,6,19,28,5,in
33349,18,5,32,8,going
33349,18,1,32,8,coming
33358,7,13,27,3,coming
33362,10,9,20,2,out
33362,10,11,20,2,in
33368,0,4,25,4,out
33368,0,6,25,4,in
33370,1,19,1,5,in
33370,3,19,3,5,in
33371,14,18,31,5,in
33374,2,2,2,3,out
33374,2,4,2,3,in
33374,4,2,4,3,out
33374,4,4,4,3,in
33374,5,2,5,3,out
33374,5,4,5,3,in
33374,8,2,8,3,out
33374,8,4,8,3,in
33376,12,11,12,4,in
33376,13,11,13,4,in
33376,12,11,12,4,going
33376,13,11,13,4,going
33379,12,10,12,4,out
33379,13,10,13,4,out
33379,12,10,12,4,coming
33379,13,10,13,4,coming
33383,15,5,29,0,out
33383,15,7,29,0,in
33387,18,4,32,8,out
33387,18,6,32,8,in
33387,18,6,32,8,going
33388,17,5,17,9,out
33388,17,7,17,9,in
33390,10,10,20,2,going
33390,10,12,20,2,coming
33396,0,5,25,4,going
33396,0,7,25,4,coming
33402,2,3,2,3,going
33402,2,5,2,3,coming
33402,4,3,4,3,going
33402,4,5,4,3,coming
33402,5,3,5,3,going
33402,5,5,5,3,coming
33402,8,3,8,3,going
33402,8,5,8,3,coming
33411,15,6,29,0,going
33411,15,8,29,0,coming
33412,10,11,20,2,going
33412,10,1,20,2,coming
33416,17,6,17,9,going
33416,17,8,17,9,coming
33418,9,6,9,2,out
33418,9,8,9,2,in
33418,11,6,11,2,out
33418,11,8,11,2,in
33419,16,6,16,2,out
33419,16,8,16,2,in
33425,6,19,28,5,going
33442,19,19,19,5,in
33446,9,7,9,2,going
33446,9,9,9,2,coming
33446,11,7,11,2,going
33446,11,9,11,2,coming
33447,16,7,16,2,going
33447,16,9,16,2,coming
33449,18,1,32,8,in
33449,18,5,32,8,out
33449,1,19,1,5,going
33449,3,19,3,5,going
33450,14,17,31,5,going
33450,14,19,31,5,coming
33458,7,13,27,3,in
33476,12,11,12,4,out
33476,13,11,13,4,out
33477,18,2,32,8,coming
33479,12,10,12,4,in
33479,13,10,13,4,in
33486,7,12,27,3,going
33486,7,14,27,3,coming
33487,18,6,32,8,out
33490,10,10,20,2,out
33490,10,12,20,2,in
33490,10,12,20,2,going
33493,12,11,12,4,coming
33493,13,11,13,4,coming
33496,0,5,25,4,out
33496,0,7,25,4,in
33496,12,10,12,4,going
33496,13,10,13,4,going
33502,2,3,2,3,out
33502,2,5,2,3,in
33502,4,3,4,3,out
33502,4,5,4,3,in
33502,5,3,5,3,out
33502,5,5,5,3,in
33502,8,3,8,3,out
33502,8,5,8,3,in
33511,15,6,29,0,out
33511,15,8,29,0,in
33512,10,1,20,2,in
33512,10,11,20,2,out
33516,17,6,17,9,out
33516,17,8,17,9,in
33522,19,19,19,5,going
33522,19,0,19,5,coming
33522,19,1,19,5,coming
33524,0,6,25,4,going
33525,6,19,28,5,out
33530,2,4,2,3,going
33530,2,6,2,3,coming
33530,4,4,4,3,going
33530,4,6,4,3,coming
33530,5,4,5,3,going
33530,5,6,5,3,coming
33530,8,4,8,3,going
33530,8,6,8,3,coming
33539,15,7,29,0,going
33539,15,9,29,0,coming
33540,10,2,20,2,coming
33544,17,7,17,9,going
33544,17,9,17,9,coming
33546,9,7,9,2,out
33546,9,9,9,2,in
33546,11,7,11,2,out
33546,11,9,11,2,in
33547,16,7,16,2,out
33547,16,9,16,2,in
33549,1,19,1,5,out
33549,3,19,3,5,out
33550,14,17,31,5,out
33550,14,19,31,5,in
33563,6,19,28,5,coming
33574,9,8,9,2,going
33574,9,10,9,2,coming
33574,11,8,11,2,going
33574,11,10,11,2,coming
33575,16,8,16,2,going
33575,16,10,16,2,coming
33577,18,2,32,8,in
33578,14,18,31,5,going
33586,7,12,27,3,out
33586,7,14,27,3,in
33587,1,19,1,5,coming
33587,3,19,3,5,coming
33590,10,12,20,2,out
33593,12,11,12,4,in
33593,13,11,13,4,in
33593,12,11,12,4,going
33593,13,11,13,4,going
33596,12,10,12,4,out
33596,13,10,13,4,out
33596,12,10,12,4,coming
33596,13,10,13,4,coming
33605,18,1,32,8,going
33605,18,3,32,8,coming
33614,7,13,27,3,going
33614,7,15,27,3,coming
33622,19,0,19,5,in
33622,19,1,19,5,in
33622,19,19,19,5,out
33624,0,6,25,4,out
33629,14,19,31,5,going
33629,14,17,31,5,coming
33630,2,4,2,3,out
33630,2,6,2,3,in
33630,4,4,4,3,out
33630,4,6,4,3,in
33630,5,4,5,3,out
33630,5,6,5,3,in
33630,8,4,8,3,out
33630,8,6,8,3,in
33639,15,7,29,0,out
33639,15,9,29,0,in
33640,10,2,20,2,in
33644,17,7,17,9,out
33644,17,9,17,9,in
33651,14,0,31,5,going
33651,14,16,31,5,going
33652,0,7,25,4,going
33658,2,5,2,3,going
33658,2,7,2,3,coming
33658,4,5,4,3,going
33658,4,7,4,3,coming
33658,5,5,5,3,going
33658,5,7,5,3,coming
33658,8,5,8,3,going
33658,8,7,8,3,coming
33663,6,19,28,5,in
33667,15,8,29,0,going
33668,10,1,20,2,going
33668,10,3,20,2,coming
33672,17,8,17,9,going
33672,17,10,17,9,coming
33674,9,8,9,2,out
33674,9,10,9,2,in
33674,11,8,11,2,out
33674,11,10,11,2,in
33675,16,8,16,2,out
33675,16,10,16,2,in
33678,14,18,31,5,out
33678,14,18,31,5,coming
33687,1,19,1,5,in
33687,3,19,3,5,in
33693,12,11,12,4,out
33693,13,11,13,4,out
33696,12,10,12,4,in
33696,13,10,13,4,in
33702,9,9,9,2,going
33702,9,11,9,2,coming
33702,11,9,11,2,going
33702,11,11,11,2,coming
33703,16,9,16,2,going
33703,16,11,16,2,coming
33705,18,1,32,8,out
33705,18,3,32,8,in
33710,12,11,12,4,coming
33710,13,11,13,4,coming
33713,12,10,12,4,going
33713,13,10,13,4,going
33714,7,13,27,3,out
33714,7,15,27,3,in
33729,14,17,31,5,in
33729,14,19,31,5,out
33733,18,2,32,8,going
33733,18,4,32,8,coming
33742,6,19,28,5,going
33742,7,14,27,3,going
33742,7,16,27,3,coming
33750,19,0,19,5,going
33750,19,2,19,5,coming
33751,14,0,31,5,out
33751,14,16,31,5,out
33752,0,7,25,4,out
33758,2,5,2,3,out
33758,2,7,2,3,in
33758,4,5,4,3,out
33758,4,7,4,3,in
33758,5,5,5,3,out
33758,5,7,5,3,in
33758,8,5,8,3,out
33758,8,7,8,3,in
33766,1,19,1,5,going
33766,3,19,3,5,going
33767,15,8,29,0,out
33768,10,1,20,2,out
33768,10,3,20,2,in
33772,17,8,17,9,out
33772,17,10,17,9,in
33778,14,18,31,5,in
33786,2,6,2,3,going
33786,2,8,2,3,coming
33786,4,6,4,3,going
33786,4,8,4,3,coming
33786,5,6,5,3,going
33786,5,8,5,3,coming
33786,8,6,8,3,going
33786,8,8,8,3,coming
33795,15,9,29,0,going
33796,10,2,20,2,going
33796,10,4,20,2,coming
33800,17,9,17,9,going
33800,17,11,17,9,coming
33802,9,9,9,2,out
33802,9,11,9,2,in
33802,11,9,11,2,out
33802,11,11,11,2,in
33803,16,9,16,2,out
33803,16,11,16,2,in
33810,12,11,12,4,in
33810,13,11,13,4,in
33810,12,11,12,4,going
33810,13,11,13,4,going
33813,12,10,12,4,out
33813,13,10,13,4,out
33813,12,10,12,4,coming
33813,13,10,13,4,coming
33817,15,12,29,0,coming
33818,15,1,29,0,coming
33830,9,10,9,2,going
33830,9,12,9,2,coming
33830,11,10,11,2,going
33830,11,12,11,2,coming
33831,16,10,16,2,going
33831,16,12,16,2,coming
33833,18,2,32,8,out
33833,18,4,32,8,in
33842,6,19,28,5,out
33842,7,14,27,3,out
33842,7,16,27,3,in
33850,19,0,19,5,out
33850,19,2,19,5,in
33852,11,11,11,2,going
33852,11,1,11,2,coming
33853,9,0,9,2,out
33853,9,1,9,2,out
33853,9,2,9,2,out
33853,9,3,9,2,out
33853,9,4,9,2,out
33853,9,5,9,2,out
33853,9,6,9,2,out
33853,9,7,9,2,out
33853,9,8,9,2,out
33853,9,9,9,2,out
33853,9,10,9,2,out
33853,9,11,9,2,out
33853,9,12,9,2,out
33853,9,13,9,2,out
33853,9,14,9,2,out
33853,9,15,9,2,out
33853,9,16,9,2,out
33853,9,17,9,2,out
33853,9,18,9,2,out
33853,9,19,9,2,out
33853,9,0,33,1,coming
33853,9,1,33,1,coming
33853,16,11,16,2,going
33853,16,1,16,2,coming
33857,14,19,31,5,coming
33861,18,3,32,8,going
33861,18,5,32,8,coming
33866,1,19,1,5,out
33866,3,19,3,5,out
33870,7,15,27,3,going
33870,7,17,27,3,coming
33878,19,1,19,5,going
33878,19,3,19,5,coming
33880,6,19,28,5,coming
33886,2,6,2,3,out
33886,2,8,2,3,in
33886,4,6,4,3,out
33886,4,8,4,3,in
33886,5,6,5,3,out
33886,5,8,5,3,in
33886,8,6,8,3,out
33886,8,8,8,3,in
33895,15,9,29,0,out
33896,10,2,20,2,out
33896,10,4,20,2,in
33900,17,9,17,9,out
33900,17,11,17,9,in
33904,1,19,1,5,coming
33904,3,19,3,5,coming
33910,12,11,12,4,out
33910,13,11,13,4,out
33913,12,10,12,4,in
33913,13,10,13,4,in
33914,2,7,2,3,going
33914,2,9,2,3,coming
33914,4,7,4,3,going
33914,4,9,4,3,coming
33914,5,7,5,3,going
33914,5,9,5,3,coming
33914,8,7,8,3,going
33914,8,9,8,3,coming
33917,15,12,29,0,in
33917,15,12,29,0,going
33918,15,1,29,0,in
33924,10,3,20,2,going
33924,10,5,20,2,coming
33927,12,11,12,4,coming
33927,13,11,13,4,coming
33928,17,10,17,9,going
33928,17,12,17,9,coming
33930,11,10,11,2,out
33930,11,12,11,2,in
33930,11,12,11,2,going
33930,12,10,12,4,going
33930,13,10,13,4,going
33931,16,10,16,2,out
33931,16,12,16,2,in
33931,16,12,16,2,going
33946,15,2,29,0,coming
33952,11,1,11,2,in
33952,11,11,11,2,out
33952,7,16,27,3,going
33952,7,1,27,3,coming
33953,9,0,33,1,in
33953,9,1,33,1,in
33953,16,1,16,2,in
33953,16,11,16,2,out
33957,14,19,31,5,in
33961,18,3,32,8,out
33961,18,5,32,8,in
33970,7,15,27,3,out
33970,7,17,27,3,in
33970,7,17,27,3,going
33978,19,1,19,5,out
33978,19,3,19,5,in
33980,6,19,28,5,in
33980,11,2,11,2,coming
33981,16,2,16,2,coming
33985,14,18,31,5,going
33989,18,4,32,8,going
33989,18,6,32,8,coming
34004,1,19,1,5,in
34004,3,19,3,5,in
34006,19,2,19,5,going
34006,19,4,19,5,coming
34014,2,7,2,3,out
34014,2,9,2,3,in
34014,4,7,4,3,out
34014,4,9,4,3,in
34014,5,7,5,3,out
34014,5,9,5,3,in
34014,8,7,8,3,out
34014,8,9,8,3,in
34017,15,12,29,0,out
34022,17,11,17,9,going
34022,17,1,17,9,coming
34024,10,3,20,2,out
34024,10,5,20,2,in
34027,12,11,12,4,in
34027,13,11,13,4,in
34027,12,11,12,4,going
34027,13,11,13,4,going
34028,17,10,17,9,out
34028,17,12,17,9,in
34028,17,12,17,9,going
34030,11,12,11,2,out
34030,12,10,12,4,out
34030,13,10,13,4,out
34030,12,10,12,4,coming
34030,13,10,13,4,coming
34031,16,12,16,2,out
34036,14,19,31,5,going
34036,14,16,31,5,coming
34042,2,8,2,3,going
34042,2,10,2,3,coming
34042,4,8,4,3,going
34042,4,10,4,3,coming
34042,5,8,5,3,going
34042,5,10,5,3,coming
34042,8,8,8,3,going
34042,8,10,8,3,coming
34046,15,2,29,0,in
34051,18,5,32,8,going
34051,18,1,32,8,coming
34052,7,1,27,3,in
34052,7,16,27,3,out
34052,10,4,20,2,going
34052,10,6,20,2,coming
34060,6,19,28,5,going
34060,6,1,28,5,coming
34070,7,17,27,3,out
34074,15,1,29,0,going
34074,15,3,29,0,coming
34080,11,2,11,2,in
34080,7,2,27,3,coming
34081,16,2,16,2,in
34081,9,2,33,1,coming
34083,1,19,1,5,going
34083,3,19,3,5,going
34085,14,18,31,5,out
34089,18,4,32,8,out
34089,18,6,32,8,in
34089,18,6,32,8,going
34106,19,2,19,5,out
34106,19,4,19,5,in
34108,11,1,11,2,going
34108,11,3,11,2,coming
34109,16,1,16,2,going
34109,16,3,16,2,coming
34122,17,1,17,9,in
34122,17,11,17,9,out
34127,12,11,12,4,out
34127,13,11,13,4,out
34128,17,12,17,9,out
34130,12,10,12,4,in
34130,13,10,13,4,in
34134,19,3,19,5,going
34134,19,5,19,5,coming
34136,14,16,31,5,in
34136,14,19,31,5,out
34142,2,8,2,3,out
34142,2,10,2,3,in
34142,4,8,4,3,out
34142,4,10,4,3,in
34142,5,8,5,3,out
34142,5,10,5,3,in
34142,8,8,8,3,out
34142,8,10,8,3,in
34144,12,11,12,4,coming
34144,13,11,13,4,coming
34146,14,18,31,5,coming
34147,12,10,12,4,going
34147,13,10,13,4,going
34150,17,2,17,9,coming
34151,18,1,32,8,in
34151,18,5,32,8,out
34152,10,4,20,2,out
34152,10,6,20,2,in
34160,6,1,28,5,in
34160,6,19,28,5,out
34170,2,9,2,3,going
34170,2,11,2,3,coming
34170,4,9,4,3,going
34170,4,11,4,3,coming
34170,5,9,5,3,going
34170,5,11,5,3,coming
34170,8,9,8,3,going
34170,8,11,8,3,coming
34174,15,1,29,0,out
34174,15,3,29,0,in
34179,18,2,32,8,coming
34180,7,2,27,3,in
34180,10,5,20,2,going
34180,10,7,20,2,coming
34181,9,2,33,1,in
34183,1,19,1,5,out
34183,3,19,3,5,out
34188,6,2,28,5,coming
34189,18,6,32,8,out
34202,15,2,29,0,going
34202,15,4,29,0,coming
34208,11,1,11,2,out
34208,11,3,11,2,in
34208,7,1,27,3,going
34208,7,3,27,3,coming
34209,16,1,16,2,out
34209,16,3,16,2,in
34209,9,1,33,1,going
34209,9,3,33,1,coming
34221,1,19,1,5,coming
34221,3,19,3,5,coming
34234,19,3,19,5,out
34234,19,5,19,5,in
34236,11,2,11,2,going
34236,11,4,11,2,coming
34237,16,2,16,2,going
34237,16,4,16,2,coming
34244,12,11,12,4,in
34244,13,11,13,4,in
34244,12,11,12,4,going
34244,13,11,13,4,going
34246,14,18,31,5,in
34247,12,10,12,4,out
34247,13,10,13,4,out
34247,12,10,12,4,coming
34247,13,10,13,4,coming
34250,17,2,17,9,in
34262,19,4,19,5,going
34262,19,6,19,5,coming
34270,2,9,2,3,out
34270,2,11,2,3,in
34270,4,9,4,3,out
34270,4,11,4,3,in
34270,5,9,5,3,out
34270,5,11,5,3,in
34270,8,9,8,3,out
34270,8,11,8,3,in
34274,14,19,31,5,coming
34278,17,1,17,9,going
34278,17,3,17,9,coming
34279,18,2,32,8,in
34280,10,5,20,2,out
34280,10,7,20,2,in
34288,6,2,28,5,in
34298,2,10,2,3,going
34298,2,12,2,3,coming
34298,4,10,4,3,going
34298,4,12,4,3,coming
34298,5,10,5,3,going
34298,5,12,5,3,coming
34298,8,10,8,3,going
34298,8,12,8,3,coming
34302,15,2,29,0,out
34302,15,4,29,0,in
34307,18,1,32,8,going
34307,18,3,32,8,coming
34308,7,1,27,3,out
34308,7,3,27,3,in
34308,10,6,20,2,going
34308,10,8,20,2,coming
34309,9,1,33,1,out
34309,9,3,33,1,in
34316,6,1,28,5,going
34316,6,3,28,5,coming
34319,15,3,29,0,going
34319,15,4,29,0,going
34321,1,19,1,5,in
34321,3,19,3,5,in
34325,15,12,29,0,coming
34336,11,2,11,2,out
34336,11,4,11,2,in
34336,7,2,27,3,going
34336,7,4,27,3,coming
34337,16,2,16,2,out
34337,16,4,16,2,in
34337,9,2,33,1,going
34337,9,4,33,1,coming
34344,12,11,12,4,out
34344,13,11,13,4,out
34347,12,10,12,4,in
34347,13,10,13,4,in
34351,15,1,29,0,coming
34361,12,11,12,4,coming
34361,13,11,13,4,coming
34362,19,4,19,5,out
34362,19,6,19,5,in
34364,11,3,11,2,going
34364,11,5,11,2,coming
34364,13,10,13,4,going
34365,12,10,12,4,going
34365,12,0,12,4,coming
34365,12,1,12,4,coming
34365,16,3,16,2,going
34365,16,5,16,2,coming
34374,14,19,31,5,in
34378,17,1,17,9,out
34378,17,3,17,9,in
34390,19,5,19,5,going
34390,19,7,19,5,coming
34398,2,10,2,3,out
34398,2,12,2,3,in
34398,4,10,4,3,out
34398,4,12,4,3,in
34398,5,10,5,3,out
34398,5,12,5,3,in
34398,8,10,8,3,out
34398,8,12,8,3,in
34400,3,19,3,5,going
34401,1,19,1,5,going
34401,1,0,1,5,coming
34401,1,1,1,5,coming
34402,14,18,31,5,going
34406,17,2,17,9,going
34406,17,4,17,9,coming
34407,18,1,32,8,out
34407,18,3,32,8,in
34408,10,6,20,2,out
34408,10,8,20,2,in
34416,6,1,28,5,out
34416,6,3,28,5,in
34419,15,3,29,0,out
34419,15,4,29,0,out
34425,15,12,29,0,in
34425,15,12,29,0,going
34426,2,11,2,3,going
34426,2,13,2,3,coming
34426,4,11,4,3,going
34426,4,13,4,3,coming
34426,5,11,5,3,going
34426,5,13,5,3,coming
34426,8,11,8,3,going
34426,8,13,8,3,coming
34435,18,2,32,8,going
34435,18,4,32,8,coming
34436,7,2,27,3,out
34436,7,4,27,3,in
34436,10,7,20,2,going
34436,10,9,20,2,coming
34437,9,2,33,1,out
34437,9,4,33,1,in
34444,6,2,28,5,going
34444,6,4,28,5,coming
34451,15,1,29,0,in
34453,14,19,31,5,going
34461,12,11,12,4,in
34461,13,11,13,4,in
34461,12,11,12,4,going
34461,13,11,13,4,going
34464,11,3,11,2,out
34464,11,5,11,2,in
34464,13,10,13,4,out
34464,7,3,27,3,going
34464,7,5,27,3,coming
34464,13,10,13,4,coming
34465,12,0,12,4,in
34465,12,1,12,4,in
34465,12,10,12,4,out
34465,16,3,16,2,out
34465,16,5,16,2,in
34465,9,3,33,1,going
34465,9,5,33,1,coming
34479,15,2,29,0,coming
34490,19,5,19,5,out
34490,19,7,19,5,in
34492,11,4,11,2,going
34492,11,6,11,2,coming
34493,16,4,16,2,going
34493,16,6,16,2,coming
34500,3,19,3,5,out
34501,1,0,1,5,in
34501,1,1,1,5,in
34501,1,19,1,5,out
34502,14,18,31,5,out
34502,14,18,31,5,coming
34506,17,2,17,9,out
34506,17,4,17,9,in
34518,19,6,19,5,going
34518,19,8,19,5,coming
34525,15,12,29,0,out
34526,2,11,2,3,out
34526,2,13,2,3,in
34526,4,11,4,3,out
34526,4,13,4,3,in
34526,5,11,5,3,out
34526,5,13,5,3,in
34526,8,11,8,3,out
34526,8,13,8,3,in
34534,17,3,17,9,going
34534,17,5,17,9,coming
34535,18,2,32,8,out
34535,18,4,32,8,in
34536,10,7,20,2,out
34536,10,9,20,2,in
34538,3,19,3,5,coming
34544,6,2,28,5,out
34544,6,4,28,5,in
34553,14,19,31,5,out
34554,2,12,2,3,going
34554,2,14,2,3,coming
34554,4,12,4,3,going
34554,4,14,4,3,coming
34554,5,12,5,3,going
34554,5,14,5,3,coming
34554,8,12,8,3,going
34554,8,14,8,3,coming
34561,12,11,12,4,out
34561,13,11,13,4,out
34563,18,3,32,8,going
34563,18,5,32,8,coming
34564,7,3,27,3,out
34564,7,5,27,3,in
34564,13,10,13,4,in
34564,10,8,20,2,going
34564,10,10,20,2,coming
34565,9,3,33,1,out
34565,9,5,33,1,in
34572,6,3,28,5,going
34572,6,5,28,5,coming
34578,13,11,13,4,coming
34579,15,2,29,0,in
34581,13,10,13,4,going
34591,14,19,31,5,coming
34592,11,4,11,2,out
34592,11,6,11,2,in
34592,7,4,27,3,going
34592,7,6,27,3,coming
34593,16,4,16,2,out
34593,16,6,16,2,in
34593,9,4,33,1,going
34593,9,6,33,1,coming
34593,12,0,12,4,going
34593,12,2,12,4,coming
34602,14,18,31,5,in
34607,15,1,29,0,going
34607,15,3,29,0,coming
34618,19,6,19,5,out
34618,19,8,19,5,in
34620,11,5,11,2,going
34620,11,7,11,2,coming
34621,16,5,16,2,going
34621,16,7,16,2,coming
34629,1,0,1,5,going
34629,1,2,1,5,coming
34634,17,3,17,9,out
34634,17,5,17,9,in
34638,3,19,3,5,in
34646,19,7,19,5,going
34646,19,9,19,5,coming
34654,2,12,2,3,out
34654,2,14,2,3,in
34654,4,12,4,3,out
34654,4,14,4,3,in
34654,5,12,5,3,out
34654,5,14,5,3,in
34654,8,12,8,3,out
34654,8,14,8,3,in
34662,17,4,17,9,going
34662,17,6,17,9,coming
34663,18,3,32,8,out
34663,18,5,32,8,in
34664,10,8,20,2,out
34664,10,10,20,2,in
34672,6,3,28,5,out
34672,6,5,28,5,in
34678,13,11,13,4,in
34678,13,11,13,4,going
34681,13,10,13,4,out
34681,13,10,13,4,coming
34682,2,13,2,3,going
34682,2,15,2,3,coming
34682,4,13,4,3,going
34682,4,15,4,3,coming
34682,5,13,5,3,going
34682,5,15,5,3,coming
34682,8,13,8,3,going
34682,8,15,8,3,coming
34691,14,19,31,5,in
34691,18,4,32,8,going
34691,18,6,32,8,coming
34692,7,4,27,3,out
34692,7,6,27,3,in
34692,10,9,20,2,going
34692,10,11,20,2,coming
34693,9,4,33,1,out
34693,9,6,33,1,in
34693,12,0,12,4,out
34693,12,2,12,4,in
34700,6,4,28,5,going
34700,6,6,28,5,coming
34707,15,1,29,0,out
34707,15,3,29,0,in
34717,3,19,3,5,going
34720,11,5,11,2,out
34720,11,7,11,2,in
34720,7,5,27,3,going
34720,7,7,27,3,coming
34721,16,5,16,2,out
34721,16,7,16,2,in
34721,9,5,33,1,going
34721,9,7,33,1,coming
34721,12,1,12,4,going
34721,12,3,12,4,coming
34729,1,0,1,5,out
34729,1,2,1,5,in
34730,14,18,31,5,going
34735,15,2,29,0,going
34735,15,4,29,0,coming
34746,19,7,19,5,out
34746,19,9,19,5,in
34748,11,6,11,2,going
34748,11,8,11,2,coming
34749,16,6,16,2,going
34749,16,8,16,2,coming
34753,18,5,32,8,going
34753,18,1,32,8,coming
34757,1,1,1,5,going
34757,1,3,1,5,coming
34762,17,4,17,9,out
34762,17,6,17,9,in
34774,19,8,19,5,going
34774,19,10,19,5,coming
34778,13,11,13,4,out
34781,13,10,13,4,in
34781,14,19,31,5,going
34782,2,13,2,3,out
34782,2,15,2,3,in
34782,4,13,4,3,out
34782,4,15,4,3,in
34782,5,13,5,3,out
34782,5,15,5,3,in
34782,8,13,8,3,out
34782,8,15,8,3,in
34790,17,5,17,9,going
34790,17,7,17,9,coming
34791,18,4,32,8,out
34791,18,6,32,8,in
34791,18,6,32,8,going
34792,10,9,20,2,out
34792,10,11,20,2,in
34795,13,11,13,4,coming
34798,13,10,13,4,going
34800,6,4,28,5,out
34800,6,6,28,5,in
34810,2,14,2,3,going
34810,2,16,2,3,coming
34810,4,14,4,3,going
34810,4,16,4,3,coming
34810,5,14,5,3,going
34810,5,16,5,3,coming
34810,8,14,8,3,going
34810,8,16,8,3,coming
34817,3,19,3,5,out
34820,7,5,27,3,out
34820,7,7,27,3,in
34820,10,10,20,2,going
34820,10,12,20,2,coming
34821,9,5,33,1,out
34821,9,7,33,1,in
34821,12,1,12,4,out
34821,12,3,12,4,in
34828,6,5,28,5,going
34828,6,7,28,5,coming
34830,14,18,31,5,out
34830,14,18,31,5,coming
34835,15,2,29,0,out
34835,15,4,29,0,in
34842,10,11,20,2,going
34842,10,1,20,2,coming
34848,11,6,11,2,out
34848,11,8,11,2,in
34848,7,6,27,3,going
34848,7,8,27,3,coming
34849,16,6,16,2,out
34849,16,8,16,2,in
34849,9,6,33,1,going
34849,9,8,33,1,coming
34849,12,2,12,4,going
34849,12,4,12,4,coming
34852,15,3,29,0,going
34852,15,4,29,0,going
34853,18,1,32,8,in
34853,18,5,32,8,out
34855,3,19,3,5,coming
34857,1,1,1,5,out
34857,1,3,1,5,in
34858,15,12,29,0,coming
34874,19,8,19,5,out
34874,19,10,19,5,in
34876,11,7,11,2,going
34876,11,9,11,2,coming
34877,16,7,16,2,going
34877,16,9,16,2,coming
34881,14,19,31,5,out
34881,18,2,32,8,coming
34884,15,1,29,0,coming
34885,1,2,1,5,going
34885,1,4,1,5,coming
34890,17,5,17,9,out
34890,17,7,17,9,in
34891,18,6,32,8,out
34895,13,11,13,4,in
34895,13,11,13,4,going
34898,13,10,13,4,out
34898,13,10,13,4,coming
34902,19,9,19,5,going
34902,19,11,19,5,coming
34910,2,14,2,3,out
34910,2,16,2,3,in
34910,4,14,4,3,out
34910,4,16,4,3,in
34910,5,14,5,3,out
34910,5,16,5,3,in
34910,8,14,8,3,out
34910,8,16,8,3,in
34918,17,6,17,9,going
34918,17,8,17,9,coming
34919,14,19,31,5,coming
34920,10,10,20,2,out
34920,10,12,20,2,in
34920,10,12,20,2,going
34928,6,5,28,5,out
34928,6,7,28,5,in
34930,14,18,31,5,in
34938,2,15,2,3,going
34938,2,17,2,3,coming
34938,4,15,4,3,going
34938,4,17,4,3,coming
34938,5,15,5,3,going
34938,5,17,5,3,coming
34938,8,15,8,3,going
34938,8,17,8,3,coming
34942,10,1,20,2,in
34942,10,11,20,2,out
34948,7,6,27,3,out
34948,7,8,27,3,in
34949,9,6,33,1,out
34949,9,8,33,1,in
34949,12,2,12,4,out
34949,12,4,12,4,in
34952,15,3,29,0,out
34952,15,4,29,0,out
34955,3,19,3,5,in
34956,6,6,28,5,going
34956,6,8,28,5,coming
34958,15,12,29,0,in
34958,15,12,29,0,going
34970,10,2,20,2,coming
34976,11,7,11,2,out
34976,11,9,11,2,in
34976,7,7,27,3,going
34976,7,9,27,3,coming
34977,16,7,16,2,out
34977,16,9,16,2,in
34977,9,7,33,1,going
34977,9,9,33,1,coming
34977,12,3,12,4,going
34977,12,5,12,4,coming
34981,18,2,32,8,in
34984,15,1,29,0,in
34985,1,2,1,5,out
34985,1,4,1,5,in
34995,13,11,13,4,out
34998,13,10,13,4,in
35002,19,9,19,5,out
35002,19,11,19,5,in
35004,11,8,11,2,going
35004,11,10,11,2,coming
35005,16,8,16,2,going
35005,16,10,16,2,coming
35009,18,1,32,8,going
35009,18,3,32,8,coming
35012,13,11,13,4,coming
35012,15,2,29,0,coming
35013,1,3,1,5,going
35013,1,5,1,5,coming
35015,13,10,13,4,going
35018,17,6,17,9,out
35018,17,8,17,9,in
35019,14,19,31,5,in
35020,10,12,20,2,out
35020,2,16,2,3,going
35020,2,1,2,3,coming
35020,4,16,4,3,going
35020,4,1,4,3,coming
35020,5,16,5,3,going
35020,5,1,5,3,coming
35020,8,16,8,3,going
35020,8,1,8,3,coming
35030,19,10,19,5,going
35030,19,12,19,5,coming
35035,3,19,3,5,going
35035,3,0,3,5,coming
35038,2,15,2,3,out
35038,2,17,2,3,in
35038,4,15,4,3,out
35038,4,17,4,3,in
35038,5,15,5,3,out
35038,5,17,5,3,in
35038,8,15,8,3,out
35038,8,17,8,3,in
35038,2,17,2,3,going
35038,3,1,3,5,coming
35038,4,17,4,3,going
35038,5,17,5,3,going
35038,8,17,8,3,going
35046,17,7,17,9,going
35046,17,9,17,9,coming
35056,6,6,28,5,out
35056,6,8,28,5,in
35058,15,12,29,0,out
35058,14,18,31,5,going
35070,10,2,20,2,in
35076,7,7,27,3,out
35076,7,9,27,3,in
35077,9,7,33,1,out
35077,9,9,33,1,in
35077,12,3,12,4,out
35077,12,5,12,4,in
35084,6,7,28,5,going
35084,6,9,28,5,coming
35098,10,1,20,2,going
35098,10,3,20,2,coming
35104,11,8,11,2,out
35104,11,10,11,2,in
35104,7,8,27,3,going
35105,16,8,16,2,out
35105,16,10,16,2,in
35105,9,8,33,1,going
35105,9,10,33,1,coming
35105,12,4,12,4,going
35105,12,6,12,4,coming
35109,18,1,32,8,out
35109,18,3,32,8,in
35109,14,19,31,5,going
35112,13,11,13,4,in
35112,15,2,29,0,in
35112,13,11,13,4,going
35113,1,3,1,5,out
35113,1,5,1,5,in
35115,13,10,13,4,out
35115,13,10,13,4,coming
35120,2,1,2,3,in
35120,2,16,2,3,out
35120,4,1,4,3,in
35120,4,16,4,3,out
35120,5,1,5,3,in
35120,5,16,5,3,out
35120,8,1,8,3,in
35120,8,16,8,3,out
35130,19,10,19,5,out
35130,19,12,19,5,in
35132,11,9,11,2,going
35132,11,11,11,2,coming
35133,16,9,16,2,going
35133,16,11,16,2,coming
35135,3,0,3,5,in
35135,3,19,3,5,out
35137,18,2,32,8,going
35137,18,4,32,8,coming
35138,2,17,2,3,out
35138,3,1,3,5,in
35138,4,17,4,3,out
35138,5,17,5,3,out
35138,8,17,8,3,out
35140,15,1,29,0,going
35140,15,3,29,0,coming
35141,1,4,1,5,going
35141,1,6,1,5,coming
35146,17,7,17,9,out
35146,17,9,17,9,in
35148,2,2,2,3,coming
35148,4,2,4,3,coming
35148,5,2,5,3,coming
35148,8,2,8,3,coming
35158,14,18,31,5,out
35158,14,18,31,5,coming
35158,19,11,19,5,going
35158,19,13,19,5,coming
35174,17,8,17,9,going
35174,17,10,17,9,coming
35184,6,7,28,5,out
35184,6,9,28,5,in
35198,10,1,20,2,out
35198,10,3,20,2,in
35204,7,8,27,3,out
35205,9,8,33,1,out
35205,9,10,33,1,in
35205,12,4,12,4,out
35205,12,6,12,4,in
35209,14,19,31,5,out
35212,13,11,13,4,out
35212,6,8,28,5,going
35215,13,10,13,4,in
35226,10,2,20,2,going
35226,10,4,20,2,coming
35229,13,11,13,4,coming
35232,11,9,11,2,out
35232,11,11,11,2,in
35232,7,9,27,3,going
35232,13,10,13,4,going
35233,16,9,16,2,out
35233,16,11,16,2,in
35233,9,9,33,1,going
35233,9,11,33,1,coming
35233,12,5,12,4,going
35233,12,7,12,4,coming
35237,18,2,32,8,out
35237,18,4,32,8,in
35240,15,1,29,0,out
35240,15,3,29,0,in
35241,1,4,1,5,out
35241,1,6,1,5,in
35247,14,19,31,5,coming
35248,2,2,2,3,in
35248,4,2,4,3,in
35248,5,2,5,3,in
35248,8,2,8,3,in
35258,14,18,31,5,in
35258,19,11,19,5,out
35258,19,13,19,5,in
35260,11,10,11,2,going
35260,11,12,11,2,coming
35261,16,10,16,2,going
35261,16,12,16,2,coming
35263,3,0,3,5,going
35263,3,2,3,5,coming
35265,18,3,32,8,going
35265,18,5,32,8,coming
35268,15,2,29,0,going
35268,15,4,29,0,coming
35269,1,5,1,5,going
35269,1,7,1,5,coming
35274,17,8,17,9,out
35274,17,10,17,9,in
35276,2,1,2,3,going
35276,2,3,2,3,coming
35276,4,1,4,3,going
35276,4,3,4,3,coming
35276,5,1,5,3,going
35276,5,3,5,3,coming
35276,8,1,8,3,going
35276,8,3,8,3,coming
35282,11,11,11,2,going
35282,11,1,11,2,coming
35283,16,11,16,2,going
35283,16,1,16,2,coming
35286,19,12,19,5,going
35286,19,14,19,5,coming
35302,17,9,17,9,going
35302,17,11,17,9,coming
35312,6,8,28,5,out
35326,10,2,20,2,out
35326,10,4,20,2,in
35329,13,11,13,4,in
35329,13,11,13,4,going
35332,7,9,27,3,out
35332,13,10,13,4,out
35332,13,10,13,4,coming
35333,9,9,33,1,out
35333,9,11,33,1,in
35333,12,5,12,4,out
35333,12,7,12,4,in
35340,6,9,28,5,going
35347,14,19,31,5,in
35354,10,3,20,2,going
35354,10,5,20,2,coming
35360,11,10,11,2,out
35360,11,12,11,2,in
35360,7,12,27,3,coming
35360,11,12,11,2,going
35361,16,10,16,2,out
35361,16,12,16,2,in
35361,9,10,33,1,going
35361,9,12,33,1,coming
35361,12,6,12,4,going
35361,16,12,16,2,going
35363,3,0,3,5,out
35363,3,2,3,5,in
35365,18,3,32,8,out
35365,18,5,32,8,in
35368,15,2,29,0,out
35368,15,4,29,0,in
35369,1,5,1,5,out
35369,1,7,1,5,in
35376,2,1,2,3,out
35376,2,3,2,3,in
35376,4,1,4,3,out
35376,4,3,4,3,in
35376,5,1,5,3,out
35376,5,3,5,3,in
35376,8,1,8,3,out
35376,8,3,8,3,in
35382,11,1,11,2,in
35382,11,11,11,2,out
35383,16,1,16,2,in
35383,16,11,16,2,out
35385,15,3,29,0,going
35385,15,4,29,0,going
35386,19,12,19,5,out
35386,19,14,19,5,in
35386,14,18,31,5,going
35391,3,1,3,5,going
35391,3,3,3,5,coming
35391,15,12,29,0,coming
35393,18,4,32,8,going
35393,18,6,32,8,coming
35397,1,6,1,5,going
35397,1,8,1,5,coming
35402,17,9,17,9,out
35402,17,11,17,9,in
35404,2,2,2,3,going
35404,2,4,2,3,coming
35404,4,2,4,3,going
35404,4,4,4,3,coming
35404,5,2,5,3,going
35404,5,4,5,3,coming
35404,8,2,8,3,going
35404,8,4,8,3,coming
35410,11,2,11,2,coming
35411,16,2,16,2,coming
35414,19,13,19,5,going
35414,19,15,19,5,coming
35417,15,1,29,0,coming
35429,13,11,13,4,out
35430,17,10,17,9,going
35430,17,12,17,9,coming
35432,13,10,13,4,in
35437,14,19,31,5,going
35440,6,9,28,5,out
35446,13,11,13,4,coming
35450,13,10,13,4,going
35450,13,0,13,4,coming
35450,13,1,13,4,coming
35454,10,3,20,2,out
35454,10,5,20,2,in
35454,9,11,33,1,going
35454,9,18,33,1,coming
35454,9,19,33,1,coming
35455,18,5,32,8,going
35455,18,1,32,8,coming
35460,7,12,27,3,in
35460,11,12,11,2,out
35461,9,10,33,1,out
35461,9,12,33,1,in
35461,12,6,12,4,out
35461,16,12,16,2,out
35461,9,12,33,1,going
35468,6,12,28,5,coming
35482,10,4,20,2,going
35482,10,6,20,2,coming
35485,15,3,29,0,out
35485,15,4,29,0,out
35486,14,18,31,5,out
35486,14,18,31,5,coming
35488,7,13,27,3,coming
35489,12,7,12,4,going
35491,3,1,3,5,out
35491,3,3,3,5,in
35491,15,12,29,0,in
35491,15,12,29,0,going
35493,18,4,32,8,out
35493,18,6,32,8,in
35493,18,6,32,8,going
35497,1,6,1,5,out
35497,1,8,1,5,in
35504,2,2,2,3,out
35504,2,4,2,3,in
35504,4,2,4,3,out
35504,4,4,4,3,in
35504,5,2,5,3,out
35504,5,4,5,3,in
35504,8,2,8,3,out
35504,8,4,8,3,in
35510,11,2,11,2,in
35511,16,2,16,2,in
35514,19,13,19,5,out
35514,19,15,19,5,in
35517,15,1,29,0,in
35519,3,2,3,5,going
35519,3,4,3,5,coming
35524,17,11,17,9,going
35524,17,1,17,9,coming
35525,1,7,1,5,going
35525,1,9,1,5,coming
35530,17,10,17,9,out
35530,17,12,17,9,in
35530,17,12,17,9,going
35532,2,3,2,3,going
35532,2,5,2,3,coming
35532,4,3,4,3,going
35532,4,5,4,3,coming
35532,5,3,5,3,going
35532,5,5,5,3,coming
35532,8,3,8,3,going
35532,8,5,8,3,coming
35537,14,19,31,5,out
35538,11,1,11,2,going
35538,11,3,11,2,coming
35539,16,1,16,2,going
35539,16,3,16,2,coming
35542,19,14,19,5,going
35545,15,2,29,0,coming
35546,13,11,13,4,in
35546,13,11,13,4,going
35550,13,0,13,4,in
35550,13,1,13,4,in
35550,13,10,13,4,out
35554,9,11,33,1,out
35554,9,18,33,1,in
35554,9,19,33,1,in
35555,18,1,32,8,in
35555,18,5,32,8,out
35561,9,12,33,1,out
35568,6,12,28,5,in
35575,14,19,31,5,coming
35582,10,4,20,2,out
35582,10,6,20,2,in
35583,18,2,32,8,coming
35584,9,18,33,1,going
35586,14,18,31,5,in
35588,7,13,27,3,in
35589,12,7,12,4,out
35591,15,12,29,0,out
35593,18,6,32,8,out
35596,6,13,28,5,coming
35610,10,5,20,2,going
35610,10,7,20,2,coming
35616,7,12,27,3,going
35616,7,14,27,3,coming
35617,12,10,12,4,coming
35619,3,2,3,5,out
35619,3,4,3,5,in
35624,17,1,17,9,in
35624,17,11,17,9,out
35625,1,7,1,5,out
35625,1,9,1,5,in
35630,17,12,17,9,out
35632,2,3,2,3,out
35632,2,5,2,3,in
35632,4,3,4,3,out
35632,4,5,4,3,in
35632,5,3,5,3,out
35632,5,5,5,3,in
35632,8,3,8,3,out
35632,8,5,8,3,in
35638,11,1,11,2,out
35638,11,3,11,2,in
35639,16,1,16,2,out
35639,16,3,16,2,in
35642,19,14,19,5,out
35645,15,2,29,0,in
35646,13,11,13,4,out
35647,3,3,3,5,going
35647,3,5,3,5,coming
35652,17,2,17,9,coming
35653,1,8,1,5,going
35653,1,10,1,5,coming
35660,2,4,2,3,going
35660,2,6,2,3,coming
35660,4,4,4,3,going
35660,4,6,4,3,coming
35660,5,4,5,3,going
35660,5,6,5,3,coming
35660,8,4,8,3,going
35660,8,6,8,3,coming
35666,11,2,11,2,going
35666,11,4,11,2,coming
35667,16,2,16,2,going
35667,16,4,16,2,coming
35670,19,15,19,5,going
35673,15,1,29,0,going
35673,15,3,29,0,coming
35675,14,19,31,5,in
35678,13,0,13,4,going
35678,13,2,13,4,coming
35683,18,2,32,8,in
35684,9,18,33,1,out
35686,9,19,33,1,going
35686,9,1,33,1,coming
35696,6,13,28,5,in
35710,10,5,20,2,out
35710,10,7,20,2,in
35711,18,1,32,8,going
35711,18,3,32,8,coming
35714,14,18,31,5,going
35716,7,12,27,3,out
35716,7,14,27,3,in
35717,12,10,12,4,in
35724,6,12,28,5,going
35724,6,14,28,5,coming
35738,10,6,20,2,going
35738,10,8,20,2,coming
35744,7,13,27,3,going
35744,7,15,27,3,coming
35745,12,11,12,4,coming
35747,3,3,3,5,out
35747,3,5,3,5,in
35748,12,10,12,4,going
35752,17,2,17,9,in
35753,1,8,1,5,out
35753,1,10,1,5,in
35760,2,4,2,3,out
35760,2,6,2,3,in
35760,4,4,4,3,out
35760,4,6,4,3,in
35760,5,4,5,3,out
35760,5,6,5,3,in
35760,8,4,8,3,out
35760,8,6,8,3,in
35765,14,19,31,5,going
35766,11,2,11,2,out
35766,11,4,11,2,in
35767,16,2,16,2,out
35767,16,4,16,2,in
35770,19,15,19,5,out
35773,15,1,29,0,out
35773,15,3,29,0,in
35775,3,4,3,5,going
35775,3,6,3,5,coming
35778,13,0,13,4,out
35778,13,2,13,4,in
35780,17,1,17,9,going
35780,17,3,17,9,coming
35781,1,9,1,5,going
35781,1,11,1,5,coming
35786,9,1,33,1,in
35786,9,19,33,1,out
35788,2,5,2,3,going
35788,2,7,2,3,coming
35788,4,5,4,3,going
35788,4,7,4,3,coming
35788,5,5,5,3,going
35788,5,7,5,3,coming
35788,8,5,8,3,going
35788,8,7,8,3,coming
35794,11,3,11,2,going
35794,11,5,11,2,coming
35795,16,3,16,2,going
35795,16,5,16,2,coming
35801,15,2,29,0,going
35801,15,4,29,0,coming
35806,13,1,13,4,going
35806,13,3,13,4,coming
35811,18,1,32,8,out
35811,18,3,32,8,in
35814,14,18,31,5,out
35814,9,2,33,1,coming
35814,14,18,31,5,coming
35824,6,12,28,5,out
35824,6,14,28,5,in
35838,10,6,20,2,out
35838,10,8,20,2,in
35839,18,2,32,8,going
35839,18,4,32,8,coming
35844,7,13,27,3,out
35844,7,15,27,3,in
35845,12,11,12,4,in
35845,12,11,12,4,going
35848,12,10,12,4,out
35848,12,10,12,4,coming
35852,6,13,28,5,going
35852,6,15,28,5,coming
35865,14,19,31,5,out
35866,10,7,20,2,going
35866,10,9,20,2,coming
35872,7,14,27,3,going
35872,7,16,27,3,coming
35875,3,4,3,5,out
35875,3,6,3,5,in
35880,17,1,17,9,out
35880,17,3,17,9,in
35881,1,9,1,5,out
35881,1,11,1,5,in
35888,2,5,2,3,out
35888,2,7,2,3,in
35888,4,5,4,3,out
35888,4,7,4,3,in
35888,5,5,5,3,out
35888,5,7,5,3,in
35888,8,5,8,3,out
35888,8,7,8,3,in
35894,11,3,11,2,out
35894,11,5,11,2,in
35895,16,3,16,2,out
35895,16,5,16,2,in
35901,15,2,29,0,out
35901,15,4,29,0,in
35903,3,5,3,5,going
35903,3,7,3,5,coming
35903,14,19,31,5,coming
35906,13,1,13,4,out
35906,13,3,13,4,in
35908,17,2,17,9,going
35908,17,4,17,9,coming
35909,1,10,1,5,going
35909,1,12,1,5,coming
35914,9,2,33,1,in
35914,14,18,31,5,in
35916,2,6,2,3,going
35916,2,8,2,3,coming
35916,4,6,4,3,going
35916,4,8,4,3,coming
35916,5,6,5,3,going
35916,5,8,5,3,coming
35916,8,6,8,3,going
35916,8,8,8,3,coming
35918,15,3,29,0,going
35918,15,4,29,0,going
35922,11,4,11,2,going
35922,11,6,11,2,coming
35923,16,4,16,2,going
35923,16,6,16,2,coming
35924,15,12,29,0,coming
35926,19,19,19,5,coming
35934,13,2,13,4,going
35934,13,4,13,4,coming
35939,18,2,32,8,out
35939,18,4,32,8,in
35942,9,1,33,1,going
35942,9,3,33,1,coming
35945,12,11,12,4,out
35948,12,10,12,4,in
35950,15,1,29,0,coming
35952,6,13,28,5,out
35952,6,15,28,5,in
35962,12,11,12,4,coming
35965,12,10,12,4,going
35966,10,7,20,2,out
35966,10,9,20,2,in
35967,18,3,32,8,going
35967,18,5,32,8,coming
35972,7,14,27,3,out
35972,7,16,27,3,in
35980,6,14,28,5,going
35994,10,8,20,2,going
35994,10,10,20,2,coming
36000,7,15,27,3,going
36000,7,17,27,3,coming
36003,3,5,3,5,out
36003,3,7,3,5,in
36003,14,19,31,5,in
36008,17,2,17,9,out
36008,17,4,17,9,in
36009,1,10,1,5,out
36009,1,12,1,5,in
36016,2,6,2,3,out
36016,2,8,2,3,in
36016,4,6,4,3,out
36016,4,8,4,3,in
36016,5,6,5,3,out
36016,5,8,5,3,in
36016,8,6,8,3,out
36016,8,8,8,3,in
36018,15,3,29,0,out
36018,15,4,29,0,out
36022,11,4,11,2,out
36022,11,6,11,2,in
36023,16,4,16,2,out
36023,16,6,16,2,in
36024,15,12,29,0,in
36024,15,12,29,0,going
36026,19,19,19,5,in
36031,3,6,3,5,going
36031,3,8,3,5,coming
36034,13,2,13,4,out
36034,13,4,13,4,in
36036,17,3,17,9,going
36036,17,5,17,9,coming
36037,1,11,1,5,going
36037,1,13,1,5,coming
36042,9,1,33,1,out
36042,9,3,33,1,in
36042,14,18,31,5,going
36044,2,7,2,3,going
36044,2,9,2,3,coming
36044,4,7,4,3,going
36044,4,9,4,3,coming
36044,5,7,5,3,going
36044,5,9,5,3,coming
36044,8,7,8,3,going
36044,8,9,8,3,coming
36050,15,1,29,0,in
36050,11,5,11,2,going
36050,11,7,11,2,coming
36051,16,5,16,2,going
36051,16,7,16,2,coming
36062,12,11,12,4,in
36062,12,11,12,4,going
36062,13,3,13,4,going
36062,13,5,13,4,coming
36065,12,10,12,4,out
36065,12,10,12,4,coming
36067,18,3,32,8,out
36067,18,5,32,8,in
36070,9,2,33,1,going
36070,9,4,33,1,coming
36078,15,2,29,0,coming
36080,6,14,28,5,out
36082,7,16,27,3,going
36082,7,1,27,3,coming
36093,14,19,31,5,going
36094,10,8,20,2,out
36094,10,10,20,2,in
36095,18,4,32,8,going
36095,18,6,32,8,coming
36100,7,15,27,3,out
36100,7,17,27,3,in
36100,7,17,27,3,going
36105,19,19,19,5,going
36108,6,15,28,5,going
36122,10,9,20,2,going
36122,10,11,20,2,coming
36124,15,12,29,0,out
36131,3,6,3,5,out
36131,3,8,3,5,in
36136,17,3,17,9,out
36136,17,5,17,9,in
36137,1,11,1,5,out
36137,1,13,1,5,in
36142,14,18,31,5,out
36142,14,18,31,5,coming
36144,2,7,2,3,out
36144,2,9,2,3,in
36144,4,7,4,3,out
36144,4,9,4,3,in
36144,5,7,5,3,out
36144,5,9,5,3,in
36144,8,7,8,3,out
36144,8,9,8,3,in
36150,11,5,11,2,out
36150,11,7,11,2,in
36151,16,5,16,2,out
36151,16,7,16,2,in
36157,18,5,32,8,going
36157,18,1,32,8,coming
36159,3,7,3,5,going
36159,3,9,3,5,coming
36162,12,11,12,4,out
36162,13,3,13,4,out
36162,13,5,13,4,in
36164,17,4,17,9,going
36164,17,6,17,9,coming
36165,12,10,12,4,in
36165,1,12,1,5,going
36165,1,14,1,5,coming
36170,9,2,33,1,out
36170,9,4,33,1,in
36172,2,8,2,3,going
36172,2,10,2,3,coming
36172,4,8,4,3,going
36172,4,10,4,3,coming
36172,5,8,5,3,going
36172,5,10,5,3,coming
36172,8,8,8,3,going
36172,8,10,8,3,coming
36178,15,2,29,0,in
36178,11,6,11,2,going
36178,11,8,11,2,coming
36179,12,11,12,4,coming
36179,16,6,16,2,going
36179,16,8,16,2,coming
36182,7,1,27,3,in
36182,7,16,27,3,out
36182,12,10,12,4,going
36190,13,4,13,4,going
36190,13,6,13,4,coming
36193,14,19,31,5,out
36195,18,4,32,8,out
36195,18,6,32,8,in
36195,18,6,32,8,going
36198,9,3,33,1,going
36198,9,5,33,1,coming
36200,7,17,27,3,out
36205,19,19,19,5,out
36206,15,1,29,0,going
36206,15,3,29,0,coming
36208,6,15,28,5,out
36210,7,2,27,3,coming
36222,10,9,20,2,out
36222,10,11,20,2,in
36231,14,19,31,5,coming
36242,14,18,31,5,in
36243,19,19,19,5,coming
36250,10,10,20,2,going
36250,10,12,20,2,coming
36257,18,1,32,8,in
36257,18,5,32,8,out
36259,3,7,3,5,out
36259,3,9,3,5,in
36264,17,4,17,9,out
36264,17,6,17,9,in
36265,1,12,1,5,out
36265,1,14,1,5,in
36272,2,8,2,3,out
36272,2,10,2,3,in
36272,4,8,4,3,out
36272,4,10,4,3,in
36272,5,8,5,3,out
36272,5,10,5,3,in
36272,8,8,8,3,out
36272,8,10,8,3,in
36273,10,0,20,2,out
36273,10,1,20,2,out
36273,10,2,20,2,out
36273,10,3,20,2,out
36273,10,4,20,2,out
36273,10,5,20,2,out
36273,10,6,20,2,out
36273,10,7,20,2,out
36273,10,8,20,2,out
36273,10,9,20,2,out
36273,10,10,20,2,out
36273,10,11,20,2,out
36273,10,12,20,2,out
36273,10,13,20,2,out
36273,10,14,20,2,out
36273,10,15,20,2,out
36273,10,16,20,2,out
36273,10,17,20,2,out
36273,10,18,20,2,out
36273,10,19,20,2,out
36273,10,0,34,9,coming
36273,10,1,34,9,coming
36278,11,6,11,2,out
36278,11,8,11,2,in
36279,12,11,12,4,in
36279,16,6,16,2,out
36279,16,8,16,2,in
36279,12,11,12,4,going
36282,12,10,12,4,out
36282,12,10,12,4,coming
36285,18,2,32,8,coming
36287,3,8,3,5,going
36287,3,10,3,5,coming
36290,13,4,13,4,out
36290,13,6,13,4,in
36292,17,5,17,9,going
36292,17,7,17,9,coming
36293,1,13,1,5,going
36293,1,15,1,5,coming
36295,18,6,32,8,out
36298,9,3,33,1,out
36298,9,5,33,1,in
36300,2,9,2,3,going
36300,2,11,2,3,coming
36300,4,9,4,3,going
36300,4,11,4,3,coming
36300,5,9,5,3,going
36300,5,11,5,3,coming
36300,8,9,8,3,going
36300,8,11,8,3,coming
36306,15,1,29,0,out
36306,15,3,29,0,in
36306,11,7,11,2,going
36306,11,9,11,2,coming
36307,16,7,16,2,going
36307,16,9,16,2,coming
36310,7,2,27,3,in
36318,13,5,13,4,going
36318,13,7,13,4,coming
36326,9,4,33,1,going
36326,9,6,33,1,coming
36331,14,19,31,5,in
36334,15,2,29,0,going
36334,15,4,29,0,coming
36338,7,1,27,3,going
36338,7,3,27,3,coming
36343,19,19,19,5,in
36364,6,19,28,5,coming
36370,14,18,31,5,going
36373,10,0,34,9,in
36373,10,1,34,9,in
36379,12,11,12,4,out
36382,12,10,12,4,in
36385,18,2,32,8,in
36387,3,8,3,5,out
36387,3,10,3,5,in
36392,17,5,17,9,out
36392,17,7,17,9,in
36393,1,13,1,5,out
36393,1,15,1,5,in
36396,12,11,12,4,coming
36399,12,10,12,4,going
36400,2,9,2,3,out
36400,2,11,2,3,in
36400,4,9,4,3,out
36400,4,11,4,3,in
36400,5,9,5,3,out
36400,5,11,5,3,in
36400,8,9,8,3,out
36400,8,11,8,3,in
36406,11,7,11,2,out
36406,11,9,11,2,in
36407,16,7,16,2,out
36407,16,9,16,2,in
36413,18,1,32,8,going
36413,18,3,32,8,coming
36415,3,9,3,5,going
36415,3,11,3,5,coming
36418,13,5,13,4,out
36418,13,7,13,4,in
36420,17,6,17,9,going
36420,17,8,17,9,coming
36421,1,14,1,5,going
36421,14,19,31,5,going
36422,19,19,19,5,going
36426,9,4,33,1,out
36426,9,6,33,1,in
36428,2,10,2,3,going
36428,2,12,2,3,coming
36428,4,10,4,3,going
36428,4,12,4,3,coming
36428,5,10,5,3,going
36428,5,12,5,3,coming
36428,8,10,8,3,going
36428,8,12,8,3,coming
36434,15,2,29,0,out
36434,15,4,29,0,in
36434,11,8,11,2,going
36434,11,10,11,2,coming
36435,16,8,16,2,going
36435,16,10,16,2,coming
36438,7,1,27,3,out
36438,7,3,27,3,in
36446,13,6,13,4,going
36454,9,5,33,1,going
36454,9,7,33,1,coming
36462,15,3,29,0,going
36462,15,5,29,0,coming
36464,6,19,28,5,in
36466,7,2,27,3,going
36466,7,4,27,3,coming
36470,14,18,31,5,out
36470,14,18,31,5,coming
36496,12,11,12,4,in
36496,12,11,12,4,going
36499,12,10,12,4,out
36499,12,10,12,4,coming
36501,10,2,34,9,coming
36513,18,1,32,8,out
36513,18,3,32,8,in
36515,3,9,3,5,out
36515,3,11,3,5,in
36516,0,1,25,4,coming
36520,17,6,17,9,out
36520,17,8,17,9,in
36521,1,14,1,5,out
36521,14,19,31,5,out
36522,19,19,19,5,out
36528,2,10,2,3,out
36528,2,12,2,3,in
36528,4,10,4,3,out
36528,4,12,4,3,in
36528,5,10,5,3,out
36528,5,12,5,3,in
36528,8,10,8,3,out
36528,8,12,8,3,in
36534,11,8,11,2,out
36534,11,10,11,2,in
36535,16,8,16,2,out
36535,16,10,16,2,in
36541,18,2,32,8,going
36541,18,4,32,8,coming
36543,3,10,3,5,going
36543,3,12,3,5,coming
36543,6,19,28,5,going
36546,13,6,13,4,out
36548,17,7,17,9,going
36548,17,9,17,9,coming
36549,1,15,1,5,going
36554,9,5,33,1,out
36554,9,7,33,1,in
36556,2,11,2,3,going
36556,2,13,2,3,coming
36556,4,11,4,3,going
36556,4,13,4,3,coming
36556,5,11,5,3,going
36556,5,13,5,3,coming
36556,8,11,8,3,going
36556,8,13,8,3,coming
36559,14,19,31,5,coming
36560,19,19,19,5,coming
36562,15,3,29,0,out
36562,15,5,29,0,in
36562,11,9,11,2,going
36562,11,11,11,2,coming
36563,16,9,16,2,going
36563,16,11,16,2,coming
36566,7,2,27,3,out
36566,7,4,27,3,in
36570,14,18,31,5,in
36574,13,7,13,4,going
36582,9,6,33,1,going
36582,9,8,33,1,coming
36590,15,4,29,0,going
36590,15,6,29,0,coming
36594,7,3,27,3,going
36594,7,5,27,3,coming
36596,12,11,12,4,out
36599,12,10,12,4,in
36601,10,2,34,9,in
36613,12,11,12,4,coming
36616,0,1,25,4,in
36616,12,10,12,4,going
36629,10,1,34,9,going
36629,10,3,34,9,coming
36641,18,2,32,8,out
36641,18,4,32,8,in
36643,3,10,3,5,out
36643,3,12,3,5,in
36643,6,19,28,5,out
36644,0,2,25,4,coming
36648,17,7,17,9,out
36648,17,9,17,9,in
36649,1,15,1,5,out
36656,2,11,2,3,out
36656,2,13,2,3,in
36656,4,11,4,3,out
36656,4,13,4,3,in
36656,5,11,5,3,out
36656,5,13,5,3,in
36656,8,11,8,3,out
36656,8,13,8,3,in
36659,14,19,31,5,in
36660,19,19,19,5,in
36662,11,9,11,2,out
36662,11,11,11,2,in
36663,16,9,16,2,out
36663,16,11,16,2,in
36669,18,3,32,8,going
36669,18,5,32,8,coming
36671,3,11,3,5,going
36671,3,13,3,5,coming
36674,13,7,13,4,out
36676,17,8,17,9,going
36676,17,10,17,9,coming
36681,6,19,28,5,coming
36682,9,6,33,1,out
36682,9,8,33,1,in
36684,2,12,2,3,going
36684,2,14,2,3,coming
36684,4,12,4,3,going
36684,4,14,4,3,coming
36684,5,12,5,3,going
36684,5,14,5,3,coming
36684,8,12,8,3,going
36684,8,14,8,3,coming
36690,15,4,29,0,out
36690,15,6,29,0,in
36690,11,10,11,2,going
36690,11,12,11,2,coming
36691,16,10,16,2,going
36691,16,12,16,2,coming
36694,7,3,27,3,out
36694,7,5,27,3,in
36698,14,18,31,5,going
36702,13,10,13,4,coming
36710,9,7,33,1,going
36710,9,9,33,1,coming
36712,11,11,11,2,going
36712,11,1,11,2,coming
36713,12,11,12,4,in
36713,12,11,12,4,going
36713,16,11,16,2,going
36713,16,1,16,2,coming
36716,12,10,12,4,out
36716,12,10,12,4,coming
36718,15,5,29,0,going
36718,15,7,29,0,coming
36722,7,4,27,3,going
36722,7,6,27,3,coming
36729,10,1,34,9,out
36729,10,3,34,9,in
36739,19,19,19,5,going
36744,0,2,25,4,in
36749,14,19,31,5,going
36757,10,2,34,9,going
36757,10,4,34,9,coming
36769,18,3,32,8,out
36769,18,5,32,8,in
36771,3,11,3,5,out
36771,3,13,3,5,in
36772,0,1,25,4,going
36772,0,3,25,4,coming
36776,17,8,17,9,out
36776,17,10,17,9,in
36781,6,19,28,5,in
36784,2,12,2,3,out
36784,2,14,2,3,in
36784,4,12,4,3,out
36784,4,14,4,3,in
36784,5,12,5,3,out
36784,5,14,5,3,in
36784,8,12,8,3,out
36784,8,14,8,3,in
36790,11,10,11,2,out
36790,11,12,11,2,in
36790,11,12,11,2,going
36791,16,10,16,2,out
36791,16,12,16,2,in
36791,16,12,16,2,going
36797,18,4,32,8,going
36797,18,6,32,8,coming
36798,14,18,31,5,out
36798,14,18,31,5,coming
36799,3,12,3,5,going
36799,3,14,3,5,coming
36802,13,10,13,4,in
36804,17,9,17,9,going
36804,17,11,17,9,coming
36805,1,19,1,5,coming
36810,9,7,33,1,out
36810,9,9,33,1,in
36812,11,1,11,2,in
36812,11,11,11,2,out
36812,2,13,2,3,going
36812,2,15,2,3,coming
36812,4,13,4,3,going
36812,4,15,4,3,coming
36812,5,13,5,3,going
36812,5,15,5,3,coming
36812,8,13,8,3,going
36812,8,15,8,3,coming
36813,12,11,12,4,out
36813,16,1,16,2,in
36813,16,11,16,2,out
36816,12,10,12,4,in
36818,15,5,29,0,out
36818,15,7,29,0,in
36822,7,4,27,3,out
36822,7,6,27,3,in
36830,12,11,12,4,coming
36830,13,11,13,4,coming
36833,12,10,12,4,going
36833,13,10,13,4,going
36838,9,8,33,1,going
36838,9,10,33,1,coming
36839,19,19,19,5,out
36840,11,2,11,2,coming
36841,16,2,16,2,coming
36846,15,6,29,0,going
36846,15,8,29,0,coming
36849,14,19,31,5,out
36850,7,5,27,3,going
36850,7,7,27,3,coming
36857,10,2,34,9,out
36857,10,4,34,9,in
36859,18,5,32,8,going
36859,18,1,32,8,coming
36860,6,19,28,5,going
36872,0,1,25,4,out
36872,0,3,25,4,in
36877,19,19,19,5,coming
36885,10,3,34,9,going
36885,10,5,34,9,coming
36887,14,19,31,5,coming
36890,11,12,11,2,out
36891,16,12,16,2,out
36897,18,4,32,8,out
36897,18,6,32,8,in
36897,18,6,32,8,going
36898,14,18,31,5,in
36899,3,12,3,5,out
36899,3,14,3,5,in
36900,0,2,25,4,going
36900,0,4,25,4,coming
36904,17,9,17,9,out
36904,17,11,17,9,in
36905,1,19,1,5,in
36912,2,13,2,3,out
36912,2,15,2,3,in
36912,4,13,4,3,out
36912,4,15,4,3,in
36912,5,13,5,3,out
36912,5,15,5,3,in
36912,8,13,8,3,out
36912,8,15,8,3,in
36927,3,13,3,5,going
36927,3,15,3,5,coming
36930,12,11,12,4,in
36930,13,11,13,4,in
36930,12,11,12,4,going
36930,13,11,13,4,going
36932,17,10,17,9,going
36932,17,12,17,9,coming
36933,12,10,12,4,out
36933,13,10,13,4,out
36933,12,10,12,4,coming
36933,13,10,13,4,coming
36938,9,8,33,1,out
36938,9,10,33,1,in
36940,11,2,11,2,in
36940,2,14,2,3,going
36940,2,16,2,3,coming
36940,4,14,4,3,going
36940,4,16,4,3,coming
36940,5,14,5,3,going
36940,5,16,5,3,coming
36940,8,14,8,3,going
36940,8,16,8,3,coming
36941,16,2,16,2,in
36946,15,6,29,0,out
36946,15,8,29,0,in
36950,7,5,27,3,out
36950,7,7,27,3,in
36959,18,1,32,8,in
36959,18,5,32,8,out
36960,6,19,28,5,out
36966,9,9,33,1,going
36966,9,11,33,1,coming
36968,11,1,11,2,going
36968,11,3,11,2,coming
36969,16,1,16,2,going
36969,16,3,16,2,coming
36974,15,7,29,0,going
36974,15,9,29,0,coming
36977,19,19,19,5,in
36978,7,6,27,3,going
36978,7,8,27,3,coming
36984,1,19,1,5,going
36985,10,3,34,9,out
36985,10,5,34,9,in
36987,14,19,31,5,in
36987,18,2,32,8,coming
36997,18,6,32,8,out
36998,6,19,28,5,coming
37000,0,2,25,4,out
37000,0,4,25,4,in
37013,10,4,34,9,going
37013,10,6,34,9,coming
37026,14,18,31,5,going
37026,17,11,17,9,going
37026,17,1,17,9,coming
37027,3,13,3,5,out
37027,3,15,3,5,in
37028,0,3,25,4,going
37028,0,5,25,4,coming
37030,12,11,12,4,out
37030,13,11,13,4,out
37032,17,10,17,9,out
37032,17,12,17,9,in
37032,17,12,17,9,going
37033,12,10,12,4,in
37033,13,10,13,4,in
37040,2,14,2,3,out
37040,2,16,2,3,in
37040,4,14,4,3,out
37040,4,16,4,3,in
37040,5,14,5,3,out
37040,5,16,5,3,in
37040,8,14,8,3,out
37040,8,16,8,3,in
37047,12,11,12,4,coming
37047,13,11,13,4,coming
37050,12,10,12,4,going
37050,13,10,13,4,going
37055,3,14,3,5,going
37056,19,19,19,5,going
37066,9,9,33,1,out
37066,9,11,33,1,in
37068,11,1,11,2,out
37068,11,3,11,2,in
37068,2,15,2,3,going
37068,2,17,2,3,coming
37068,4,15,4,3,going
37068,4,17,4,3,coming
37068,5,15,5,3,going
37068,5,17,5,3,coming
37068,8,15,8,3,going
37068,8,17,8,3,coming
37069,16,1,16,2,out
37069,16,3,16,2,in
37074,15,7,29,0,out
37074,15,9,29,0,in
37077,14,19,31,5,going
37078,7,6,27,3,out
37078,7,8,27,3,in
37084,1,19,1,5,out
37087,18,2,32,8,in
37094,9,10,33,1,going
37094,9,12,33,1,coming
37096,11,2,11,2,going
37096,11,4,11,2,coming
37097,16,2,16,2,going
37097,16,4,16,2,coming
37098,6,19,28,5,in
37102,15,8,29,0,going
37106,7,7,27,3,going
37106,7,9,27,3,coming
37113,10,4,34,9,out
37113,10,6,34,9,in
37115,18,1,32,8,going
37115,18,3,32,8,coming
37122,1,19,1,5,coming
37126,14,18,31,5,out
37126,17,1,17,9,in
37126,17,11,17,9,out
37126,14,18,31,5,coming
37128,0,3,25,4,out
37128,0,5,25,4,in
37132,17,12,17,9,out
37141,10,5,34,9,going
37141,10,7,34,9,coming
37147,12,11,12,4,in
37147,13,11,13,4,in
37147,12,11,12,4,going
37147,13,11,13,4,going
37150,12,10,12,4,out
37150,13,10,13,4,out
37150,2,16,2,3,going
37150,2,1,2,3,coming
37150,4,16,4,3,going
37150,4,1,4,3,coming
37150,5,16,5,3,going
37150,5,1,5,3,coming
37150,8,16,8,3,going
37150,8,1,8,3,coming
37150,12,10,12,4,coming
37150,13,10,13,4,coming
37154,17,2,17,9,coming
37155,3,14,3,5,out
37156,19,19,19,5,out
37156,0,4,25,4,going
37156,0,6,25,4,coming
37168,2,15,2,3,out
37168,2,17,2,3,in
37168,4,15,4,3,out
37168,4,17,4,3,in
37168,5,15,5,3,out
37168,5,17,5,3,in
37168,8,15,8,3,out
37168,8,17,8,3,in
37168,2,17,2,3,going
37168,4,17,4,3,going
37168,5,17,5,3,going
37168,8,17,8,3,going
37177,14,19,31,5,out
37177,6,19,28,5,going
37183,3,15,3,5,going
37187,9,11,33,1,going
37187,9,18,33,1,coming
37187,9,19,33,1,coming
37194,9,10,33,1,out
37194,9,12,33,1,in
37194,9,12,33,1,going
37194,19,19,19,5,coming
37196,11,2,11,2,out
37196,11,4,11,2,in
37197,16,2,16,2,out
37197,16,4,16,2,in
37202,15,8,29,0,out
37206,7,7,27,3,out
37206,7,9,27,3,in
37215,18,1,32,8,out
37215,18,3,32,8,in
37215,14,19,31,5,coming
37222,1,19,1,5,in
37224,11,3,11,2,going
37224,11,5,11,2,coming
37225,16,3,16,2,going
37225,16,5,16,2,coming
37226,14,18,31,5,in
37230,15,9,29,0,going
37234,7,8,27,3,going
37241,10,5,34,9,out
37241,10,7,34,9,in
37243,18,2,32,8,going
37243,18,4,32,8,coming
37247,12,11,12,4,out
37247,13,11,13,4,out
37250,2,1,2,3,in
37250,2,16,2,3,out
37250,4,1,4,3,in
37250,4,16,4,3,out
37250,5,1,5,3,in
37250,5,16,5,3,out
37250,8,1,8,3,in
37250,8,16,8,3,out
37250,12,10,12,4,in
37250,13,10,13,4,in
37252,15,12,29,0,coming
37254,15,0,29,0,out
37254,15,1,29,0,out
37254,15,2,29,0,out
37254,15,3,29,0,out
37254,15,4,29,0,out
37254,15,5,29,0,out
37254,15,6,29,0,out
37254,15,7,29,0,out
37254,15,8,29,0,out
37254,15,9,29,0,out
37254,15,10,29,0,out
37254,15,11,29,0,out
37254,15,12,29,0,out
37254,15,13,29,0,out
37254,15,14,29,0,out
37254,15,15,29,0,out
37254,15,16,29,0,out
37254,15,17,29,0,out
37254,15,18,29,0,out
37254,15,19,29,0,out
37254,17,2,17,9,in
37254,15,0,35,7,coming
37254,15,1,35,7,coming
37254,15,10,35,7,coming
37254,15,11,35,7,coming
37256,0,4,25,4,out
37256,0,6,25,4,in
37264,12,11,12,4,coming
37264,13,11,13,4,coming
37267,12,10,12,4,going
37267,13,10,13,4,going
37268,2,17,2,3,out
37268,4,17,4,3,out
37268,5,17,5,3,out
37268,8,17,8,3,out
37269,10,6,34,9,going
37269,10,8,34,9,coming
37277,6,19,28,5,out
37278,2,2,2,3,coming
37278,4,2,4,3,coming
37278,5,2,5,3,coming
37278,8,2,8,3,coming
37282,17,1,17,9,going
37282,17,3,17,9,coming
37283,3,15,3,5,out
37284,0,5,25,4,going
37284,0,7,25,4,coming
37287,9,11,33,1,out
37287,9,18,33,1,in
37287,9,19,33,1,in
37294,9,12,33,1,out
37294,19,19,19,5,in
37301,1,19,1,5,going
37315,14,19,31,5,in
37315,6,19,28,5,coming
37317,9,18,33,1,going
37324,11,3,11,2,out
37324,11,5,11,2,in
37325,16,3,16,2,out
37325,16,5,16,2,in
37334,7,8,27,3,out
37343,18,2,32,8,out
37343,18,4,32,8,in
37352,11,4,11,2,going
37352,11,6,11,2,coming
37353,16,4,16,2,going
37353,16,6,16,2,coming
37354,15,0,35,7,in
37354,15,1,35,7,in
37354,15,10,35,7,in
37354,15,11,35,7,in
37354,14,18,31,5,going
37362,7,9,27,3,going
37364,12,11,12,4,in
37364,13,11,13,4,in
37364,12,11,12,4,going
37364,13,11,13,4,going
37367,12,10,12,4,out
37367,13,10,13,4,out
37367,12,10,12,4,coming
37367,13,10,13,4,coming
37369,10,6,34,9,out
37369,10,8,34,9,in
37371,18,3,32,8,going
37371,18,5,32,8,coming
37373,19,19,19,5,going
37378,2,2,2,3,in
37378,4,2,4,3,in
37378,5,2,5,3,in
37378,8,2,8,3,in
37382,17,1,17,9,out
37382,17,3,17,9,in
37384,0,5,25,4,out
37384,0,7,25,4,in
37397,10,7,34,9,going
37397,10,9,34,9,coming
37401,1,19,1,5,out
37405,14,19,31,5,going
37406,2,1,2,3,going
37406,2,3,2,3,coming
37406,4,1,4,3,going
37406,4,3,4,3,coming
37406,5,1,5,3,going
37406,5,3,5,3,coming
37406,8,1,8,3,going
37406,8,3,8,3,coming
37410,17,2,17,9,going
37410,17,4,17,9,coming
37412,0,6,25,4,going
37415,6,19,28,5,in
37417,9,18,33,1,out
37419,9,19,33,1,going
37419,9,1,33,1,coming
37439,1,19,1,5,coming
37439,3,19,3,5,coming
37452,11,4,11,2,out
37452,11,6,11,2,in
37453,16,4,16,2,out
37453,16,6,16,2,in
37454,14,18,31,5,out
37454,14,18,31,5,coming
37462,7,9,27,3,out
37464,12,11,12,4,out
37464,13,11,13,4,out
37467,12,10,12,4,in
37467,13,10,13,4,in
37471,18,3,32,8,out
37471,18,5,32,8,in
37473,19,19,19,5,out
37480,11,5,11,2,going
37480,11,7,11,2,coming
37481,12,11,12,4,coming
37481,13,11,13,4,coming
37481,16,5,16,2,going
37481,16,7,16,2,coming
37483,15,2,35,7,coming
37484,12,10,12,4,going
37484,13,10,13,4,going
37490,7,12,27,3,coming
37494,6,19,28,5,going
37497,10,7,34,9,out
37497,10,9,34,9,in
37499,18,4,32,8,going
37499,18,6,32,8,coming
37505,14,19,31,5,out
37506,2,1,2,3,out
37506,2,3,2,3,in
37506,4,1,4,3,out
37506,4,3,4,3,in
37506,5,1,5,3,out
37506,5,3,5,3,in
37506,8,1,8,3,out
37506,8,3,8,3,in
37510,17,2,17,9,out
37510,17,4,17,9,in
37511,19,19,19,5,coming
37512,0,6,25,4,out
37519,9,1,33,1,in
37519,9,19,33,1,out
37525,10,8,34,9,going
37525,10,10,34,9,coming
37534,2,2,2,3,going
37534,2,4,2,3,coming
37534,4,2,4,3,going
37534,4,4,4,3,coming
37534,5,2,5,3,going
37534,5,4,5,3,coming
37534,8,2,8,3,going
37534,8,4,8,3,coming
37538,17,3,17,9,going
37538,17,5,17,9,coming
37539,1,19,1,5,in
37539,3,19,3,5,in
37540,0,7,25,4,going
37543,14,19,31,5,coming
37547,9,2,33,1,coming
37554,14,18,31,5,in
37561,18,5,32,8,going
37561,18,1,32,8,coming
37580,11,5,11,2,out
37580,11,7,11,2,in
37581,12,11,12,4,in
37581,13,11,13,4,in
37581,16,5,16,2,out
37581,16,7,16,2,in
37581,12,11,12,4,going
37581,13,11,13,4,going
37583,15,2,35,7,in
37584,12,10,12,4,out
37584,13,10,13,4,out
37584,12,10,12,4,coming
37584,13,10,13,4,coming
37590,7,12,27,3,in
37594,6,19,28,5,out
37599,18,4,32,8,out
37599,18,6,32,8,in
37599,18,6,32,8,going
37608,11,6,11,2,going
37608,11,8,11,2,coming
37609,16,6,16,2,going
37609,16,8,16,2,coming
37611,19,19,19,5,in
37611,15,1,35,7,going
37611,15,3,35,7,coming
37618,1,19,1,5,going
37618,3,19,3,5,going
37618,7,13,27,3,coming
37625,10,8,34,9,out
37625,10,10,34,9,in
37632,6,19,28,5,coming
37634,2,2,2,3,out
37634,2,4,2,3,in
37634,4,2,4,3,out
37634,4,4,4,3,in
37634,5,2,5,3,out
37634,5,4,5,3,in
37634,8,2,8,3,out
37634,8,4,8,3,in
37638,17,3,17,9,out
37638,17,5,17,9,in
37640,0,7,25,4,out
37643,14,19,31,5,in
37647,9,2,33,1,in
37653,10,9,34,9,going
37653,10,11,34,9,coming
37661,18,1,32,8,in
37661,18,5,32,8,out
37662,2,3,2,3,going
37662,2,5,2,3,coming
37662,4,3,4,3,going
37662,4,5,4,3,coming
37662,5,3,5,3,going
37662,5,5,5,3,coming
37662,8,3,8,3,going
37662,8,5,8,3,coming
37666,17,4,17,9,going
37666,17,6,17,9,coming
37675,9,1,33,1,going
37675,9,3,33,1,coming
37681,12,11,12,4,out
37681,13,11,13,4,out
37682,14,18,31,5,going
37684,12,10,12,4,in
37684,13,10,13,4,in
37689,18,2,32,8,coming
37690,19,19,19,5,going
37698,12,11,12,4,coming
37698,13,11,13,4,coming
37699,18,6,32,8,out
37701,12,10,12,4,going
37701,13,10,13,4,going
37708,11,6,11,2,out
37708,11,8,11,2,in
37709,16,6,16,2,out
37709,16,8,16,2,in
37711,15,1,35,7,out
37711,15,3,35,7,in
37718,1,19,1,5,out
37718,3,19,3,5,out
37718,7,13,27,3,in
37732,6,19,28,5,in
37733,14,19,31,5,going
37736,11,7,11,2,going
37736,11,9,11,2,coming
37737,16,7,16,2,going
37737,16,9,16,2,coming
37739,15,2,35,7,going
37739,15,4,35,7,coming
37746,7,12,27,3,going
37746,7,14,27,3,coming
37753,10,9,34,9,out
37753,10,11,34,9,in
37756,1,19,1,5,coming
37756,3,19,3,5,coming
37762,2,3,2,3,out
37762,2,5,2,3,in
37762,4,3,4,3,out
37762,4,5,4,3,in
37762,5,3,5,3,out
37762,5,5,5,3,in
37762,8,3,8,3,out
37762,8,5,8,3,in
37766,17,4,17,9,out
37766,17,6,17,9,in
37775,9,1,33,1,out
37775,9,3,33,1,in
37781,10,10,34,9,going
37781,10,12,34,9,coming
37782,14,18,31,5,out
37782,14,18,31,5,coming
37789,18,2,32,8,in
37790,19,19,19,5,out
37790,2,4,2,3,going
37790,2,6,2,3,coming
37790,4,4,4,3,going
37790,4,6,4,3,coming
37790,5,4,5,3,going
37790,5,6,5,3,coming
37790,8,4,8,3,going
37790,8,6,8,3,coming
37794,17,5,17,9,going
37794,17,7,17,9,coming
37798,12,11,12,4,in
37798,13,11,13,4,in
37798,12,11,12,4,going
37798,13,11,13,4,going
37801,12,10,12,4,out
37801,13,10,13,4,out
37801,12,10,12,4,coming
37801,13,10,13,4,coming
37803,9,2,33,1,going
37803,9,4,33,1,coming
37811,6,19,28,5,going
37817,18,1,32,8,going
37817,18,3,32,8,coming
37828,19,19,19,5,coming
37833,14,19,31,5,out
37836,11,7,11,2,out
37836,11,9,11,2,in
37837,16,7,16,2,out
37837,16,9,16,2,in
37839,15,2,35,7,out
37839,15,4,35,7,in
37846,7,12,27,3,out
37846,7,14,27,3,in
37856,1,19,1,5,in
37856,3,19,3,5,in
37864,11,8,11,2,going
37864,11,10,11,2,coming
37865,16,8,16,2,going
37865,16,10,16,2,coming
37867,15,3,35,7,going
37867,15,5,35,7,coming
37871,14,19,31,5,coming
37874,7,13,27,3,going
37874,7,15,27,3,coming
37875,10,11,34,9,going
37875,10,1,34,9,coming
37881,10,10,34,9,out
37881,10,12,34,9,in
37881,10,12,34,9,going
37882,14,18,31,5,in
37890,2,4,2,3,out
37890,2,6,2,3,in
37890,4,4,4,3,out
37890,4,6,4,3,in
37890,5,4,5,3,out
37890,5,6,5,3,in
37890,8,4,8,3,out
37890,8,6,8,3,in
37894,17,5,17,9,out
37894,17,7,17,9,in
37898,12,11,12,4,out
37898,13,11,13,4,out
37901,12,10,12,4,in
37901,13,10,13,4,in
37903,9,2,33,1,out
37903,9,4,33,1,in
37911,6,19,28,5,out
37915,12,11,12,4,coming
37915,13,11,13,4,coming
37917,18,1,32,8,out
37917,18,3,32,8,in
37918,2,5,2,3,going
37918,2,7,2,3,coming
37918,4,5,4,3,going
37918,4,7,4,3,coming
37918,5,5,5,3,going
37918,5,7,5,3,coming
37918,8,5,8,3,going
37918,8,7,8,3,coming
37918,12,10,12,4,going
37918,13,10,13,4,going
37922,17,6,17,9,going
37922,17,8,17,9,coming
37928,19,19,19,5,in
37931,9,3,33,1,going
37931,9,5,33,1,coming
37935,1,19,1,5,going
37935,3,19,3,5,going
37945,18,2,32,8,going
37945,18,4,32,8,coming
37949,6,19,28,5,coming
37964,11,8,11,2,out
37964,11,10,11,2,in
37965,16,8,16,2,out
37965,16,10,16,2,in
37967,15,3,35,7,out
37967,15,5,35,7,in
37971,14,19,31,5,in
37974,7,13,27,3,out
37974,7,15,27,3,in
37975,10,1,34,9,in
37975,10,11,34,9,out
37981,10,12,34,9,out
37992,11,9,11,2,going
37992,11,11,11,2,coming
37993,16,9,16,2,going
37993,16,11,16,2,coming
37995,15,4,35,7,going
37995,15,6,35,7,coming
38002,7,14,27,3,going
38002,7,16,27,3,coming
38003,10,2,34,9,coming
38007,19,19,19,5,going
38015,12,11,12,4,in
38015,13,11,13,4,in
38015,12,11,12,4,going
38015,13,11,13,4,going
38018,2,5,2,3,out
38018,2,7,2,3,in
38018,4,5,4,3,out
38018,4,7,4,3,in
38018,5,5,5,3,out
38018,5,7,5,3,in
38018,8,5,8,3,out
38018,8,7,8,3,in
38018,12,10,12,4,out
38018,13,10,13,4,out
38018,12,10,12,4,coming
38018,13,10,13,4,coming
38022,17,6,17,9,out
38022,17,8,17,9,in
38031,9,3,33,1,out
38031,9,5,33,1,in
38035,1,19,1,5,out
38035,3,19,3,5,out
38045,18,2,32,8,out
38045,18,4,32,8,in
38046,2,6,2,3,going
38046,2,8,2,3,coming
38046,4,6,4,3,going
38046,4,8,4,3,coming
38046,5,6,5,3,going
38046,5,8,5,3,coming
38046,8,6,8,3,going
38046,8,8,8,3,coming
38049,6,19,28,5,in
38050,17,7,17,9,going
38050,17,9,17,9,coming
38059,9,4,33,1,going
38059,9,6,33,1,coming
38061,14,19,31,5,going
38073,1,19,1,5,coming
38073,3,19,3,5,coming
38073,18,3,32,8,going
38073,18,5,32,8,coming
38092,11,9,11,2,out
38092,11,11,11,2,in
38093,16,9,16,2,out
38093,16,11,16,2,in
38095,15,4,35,7,out
38095,15,6,35,7,in
38102,7,14,27,3,out
38102,7,16,27,3,in
38103,10,2,34,9,in
38107,19,19,19,5,out
38115,12,11,12,4,out
38115,13,11,13,4,out
38118,12,10,12,4,in
38118,13,10,13,4,in
38120,11,10,11,2,going
38120,11,12,11,2,coming
38121,16,10,16,2,going
38121,16,12,16,2,coming
38123,15,5,35,7,going
38123,15,7,35,7,coming
38128,6,19,28,5,going
38130,7,15,27,3,going
38130,7,17,27,3,coming
38131,10,1,34,9,going
38131,10,3,34,9,coming
38132,12,11,12,4,coming
38132,13,11,13,4,coming
38135,12,10,12,4,going
38135,13,10,13,4,going
38142,11,11,11,2,going
38142,11,1,11,2,coming
38143,16,11,16,2,going
38143,16,1,16,2,coming
38145,19,19,19,5,coming
38146,2,6,2,3,out
38146,2,8,2,3,in
38146,4,6,4,3,out
38146,4,8,4,3,in
38146,5,6,5,3,out
38146,5,8,5,3,in
38146,8,6,8,3,out
38146,8,8,8,3,in
38150,17,7,17,9,out
38150,17,9,17,9,in
38159,9,4,33,1,out
38159,9,6,33,1,in
38161,14,19,31,5,out
38173,1,19,1,5,in
38173,3,19,3,5,in
38173,18,3,32,8,out
38173,18,5,32,8,in
38174,2,7,2,3,going
38174,2,9,2,3,coming
38174,4,7,4,3,going
38174,4,9,4,3,coming
38174,5,7,5,3,going
38174,5,9,5,3,coming
38174,8,7,8,3,going
38174,8,9,8,3,coming
38178,17,8,17,9,going
38178,17,10,17,9,coming
38187,9,5,33,1,going
38187,9,7,33,1,coming
38199,14,19,31,5,coming
38201,18,4,32,8,going
38201,18,6,32,8,coming
38212,7,16,27,3,going
38212,7,1,27,3,coming
38220,11,10,11,2,out
38220,11,12,11,2,in
38220,11,12,11,2,going
38221,16,10,16,2,out
38221,16,12,16,2,in
38221,16,12,16,2,going
38223,15,5,35,7,out
38223,15,7,35,7,in
38228,6,19,28,5,out
38230,7,15,27,3,out
38230,7,17,27,3,in
38230,7,17,27,3,going
38231,10,1,34,9,out
38231,10,3,34,9,in
38232,12,11,12,4,in
38232,13,11,13,4,in
38232,12,11,12,4,going
38232,13,11,13,4,going
38235,12,10,12,4,out
38235,13,10,13,4,out
38235,12,10,12,4,coming
38235,13,10,13,4,coming
38242,11,1,11,2,in
38242,11,11,11,2,out
38243,16,1,16,2,in
38243,16,11,16,2,out
38245,19,19,19,5,in
38251,15,6,35,7,going
38251,15,8,35,7,coming
38252,1,19,1,5,going
38252,3,19,3,5,going
38259,10,2,34,9,going
38259,10,4,34,9,coming
38263,18,5,32,8,going
38263,18,1,32,8,coming
38266,6,19,28,5,coming
38270,11,2,11,2,coming
38271,16,2,16,2,coming
38274,2,7,2,3,out
38274,2,9,2,3,in
38274,4,7,4,3,out
38274,4,9,4,3,in
38274,5,7,5,3,out
38274,5,9,5,3,in
38274,8,7,8,3,out
38274,8,9,8,3,in
38278,17,8,17,9,out
38278,17,10,17,9,in
38287,9,5,33,1,out
38287,9,7,33,1,in
38299,14,19,31,5,in
38301,18,4,32,8,out
38301,18,6,32,8,in
38301,18,6,32,8,going
38302,2,8,2,3,going
38302,2,10,2,3,coming
38302,4,8,4,3,going
38302,4,10,4,3,coming
38302,5,8,5,3,going
38302,5,10,5,3,coming
38302,8,8,8,3,going
38302,8,10,8,3,coming
38306,17,9,17,9,going
38306,17,11,17,9,coming
38312,7,1,27,3,in
38312,7,16,27,3,out
38315,9,6,33,1,going
38315,9,8,33,1,coming
38320,11,12,11,2,out
38321,16,12,16,2,out
38324,19,19,19,5,going
38330,7,17,27,3,out
38332,12,11,12,4,out
38332,13,11,13,4,out
38335,12,10,12,4,in
38335,13,10,13,4,in
38340,7,2,27,3,coming
38349,12,11,12,4,coming
38349,13,11,13,4,coming
38351,15,6,35,7,out
38351,15,8,35,7,in
38352,1,19,1,5,out
38352,3,19,3,5,out
38352,12,10,12,4,going
38352,13,10,13,4,going
38359,10,2,34,9,out
38359,10,4,34,9,in
38363,18,1,32,8,in
38363,18,5,32,8,out
38366,6,19,28,5,in
38370,11,2,11,2,in
38371,16,2,16,2,in
38379,14,19,31,5,going
38379,14,0,31,5,coming
38379,14,1,31,5,coming
38379,15,7,35,7,going
38379,15,9,35,7,coming
38387,10,3,34,9,going
38387,10,5,34,9,coming
38390,1,19,1,5,coming
38390,3,19,3,5,coming
38391,18,2,32,8,coming
38398,11,1,11,2,going
38398,11,3,11,2,coming
38399,16,1,16,2,going
38399,16,3,16,2,coming
38401,18,6,32,8,out
38402,2,8,2,3,out
38402,2,10,2,3,in
38402,4,8,4,3,out
38402,4,10,4,3,in
38402,5,8,5,3,out
38402,5,10,5,3,in
38402,8,8,8,3,out
38402,8,10,8,3,in
38406,17,9,17,9,out
38406,17,11,17,9,in
38415,9,6,33,1,out
38415,9,8,33,1,in
38424,19,19,19,5,out
38430,2,9,2,3,going
38430,2,11,2,3,coming
38430,4,9,4,3,going
38430,4,11,4,3,coming
38430,5,9,5,3,going
38430,5,11,5,3,coming
38430,8,9,8,3,going
38430,8,11,8,3,coming
38434,17,10,17,9,going
38434,17,12,17,9,coming
38440,7,2,27,3,in
38443,9,7,33,1,going
38443,9,9,33,1,coming
38445,6,19,28,5,going
38449,12,11,12,4,in
38449,13,11,13,4,in
38449,12,11,12,4,going
38449,13,11,13,4,going
38452,12,10,12,4,out
38452,13,10,13,4,out
38452,12,10,12,4,coming
38452,13,10,13,4,coming
38462,19,19,19,5,coming
38468,7,1,27,3,going
38468,7,3,27,3,coming
38479,14,0,31,5,in
38479,14,1,31,5,in
38479,14,19,31,5,out
38479,15,7,35,7,out
38479,15,9,35,7,in
38487,10,3,34,9,out
38487,10,5,34,9,in
38490,1,19,1,5,in
38490,3,19,3,5,in
38491,18,2,32,8,in
38498,11,1,11,2,out
38498,11,3,11,2,in
38499,16,1,16,2,out
38499,16,3,16,2,in
38507,15,8,35,7,going
38515,10,4,34,9,going
38515,10,6,34,9,coming
38519,18,1,32,8,going
38519,18,3,32,8,coming
38526,11,2,11,2,going
38526,11,4,11,2,coming
38527,16,2,16,2,going
38527,16,4,16,2,coming
38528,17,11,17,9,going
38528,17,1,17,9,coming
38530,2,9,2,3,out
38530,2,11,2,3,in
38530,4,9,4,3,out
38530,4,11,4,3,in
38530,5,9,5,3,out
38530,5,11,5,3,in
38530,8,9,8,3,out
38530,8,11,8,3,in
38534,17,10,17,9,out
38534,17,12,17,9,in
38534,17,12,17,9,going
38543,9,7,33,1,out
38543,9,9,33,1,in
38545,6,19,28,5,out
38549,12,11,12,4,out
38549,13,11,13,4,out
38552,12,10,12,4,in
38552,13,10,13,4,in
38558,2,10,2,3,going
38558,2,12,2,3,coming
38558,4,10,4,3,going
38558,4,12,4,3,coming
38558,5,10,5,3,going
38558,5,12,5,3,coming
38558,8,10,8,3,going
38558,8,12,8,3,coming
38562,19,19,19,5,in
38566,12,11,12,4,coming
38566,13,11,13,4,coming
38568,7,1,27,3,out
38568,7,3,27,3,in
38569,1,19,1,5,going
38569,3,19,3,5,going
38569,12,10,12,4,going
38569,13,10,13,4,going
38571,9,8,33,1,going
38571,9,10,33,1,coming
38583,6,19,28,5,coming
38596,7,2,27,3,going
38596,7,4,27,3,coming
38607,15,8,35,7,out
38607,14,0,31,5,going
38607,14,2,31,5,coming
38615,10,4,34,9,out
38615,10,6,34,9,in
38619,18,1,32,8,out
38619,18,3,32,8,in
38626,11,2,11,2,out
38626,11,4,11,2,in
38627,16,2,16,2,out
38627,16,4,16,2,in
38628,17,1,17,9,in
38628,17,11,17,9,out
38634,17,12,17,9,out
38635,15,9,35,7,going
38641,19,19,19,5,going
38643,10,5,34,9,going
38643,10,7,34,9,coming
38647,18,2,32,8,going
38647,18,4,32,8,coming
38654,11,3,11,2,going
38654,11,5,11,2,coming
38655,16,3,16,2,going
38655,16,5,16,2,coming
38656,17,2,17,9,coming
38658,2,10,2,3,out
38658,2,12,2,3,in
38658,4,10,4,3,out
38658,4,12,4,3,in
38658,5,10,5,3,out
38658,5,12,5,3,in
38658,8,10,8,3,out
38658,8,12,8,3,in
38666,12,11,12,4,in
38666,13,11,13,4,in
38666,12,11,12,4,going
38666,13,11,13,4,going
38669,1,19,1,5,out
38669,3,19,3,5,out
38669,12,10,12,4,out
38669,13,10,13,4,out
38669,12,10,12,4,coming
38669,13,10,13,4,coming
38671,9,8,33,1,out
38671,9,10,33,1,in
38683,6,19,28,5,in
38686,2,11,2,3,going
38686,2,13,2,3,coming
38686,4,11,4,3,going
38686,4,13,4,3,coming
38686,5,11,5,3,going
38686,5,13,5,3,coming
38686,8,11,8,3,going
38686,8,13,8,3,coming
38696,7,2,27,3,out
38696,7,4,27,3,in
38699,9,9,33,1,going
38699,9,11,33,1,coming
38707,14,0,31,5,out
38707,14,2,31,5,in
38707,1,19,1,5,coming
38707,3,19,3,5,coming
38724,7,3,27,3,going
38724,7,5,27,3,coming
38735,15,9,35,7,out
38735,14,1,31,5,going
38735,14,3,31,5,coming
38741,19,19,19,5,out
38743,10,5,34,9,out
38743,10,7,34,9,in
38747,18,2,32,8,out
38747,18,4,32,8,in
38754,11,3,11,2,out
38754,11,5,11,2,in
38755,16,3,16,2,out
38755,16,5,16,2,in
38756,17,2,17,9,in
38762,6,19,28,5,going
38763,15,12,35,7,coming
38766,12,11,12,4,out
38766,13,11,13,4,out
38769,12,10,12,4,in
38769,13,10,13,4,in
38771,10,6,34,9,going
38771,10,8,34,9,coming
38775,18,3,32,8,going
38775,18,5,32,8,coming
38779,19,19,19,5,coming
38782,11,4,11,2,going
38782,11,6,11,2,coming
38783,12,11,12,4,coming
38783,13,11,13,4,coming
38783,16,4,16,2,going
38783,16,6,16,2,coming
38784,17,1,17,9,going
38784,17,3,17,9,coming
38786,2,11,2,3,out
38786,2,13,2,3,in
38786,4,11,4,3,out
38786,4,13,4,3,in
38786,5,11,5,3,out
38786,5,13,5,3,in
38786,8,11,8,3,out
38786,8,13,8,3,in
38786,12,10,12,4,going
38786,13,10,13,4,going
38799,9,9,33,1,out
38799,9,11,33,1,in
38807,1,19,1,5,in
38807,3,19,3,5,in
38814,2,12,2,3,going
38814,2,14,2,3,coming
38814,4,12,4,3,going
38814,4,14,4,3,coming
38814,5,12,5,3,going
38814,5,14,5,3,coming
38814,8,12,8,3,going
38814,8,14,8,3,coming
38824,7,3,27,3,out
38824,7,5,27,3,in
38827,9,10,33,1,going
38827,9,12,33,1,coming
38835,14,1,31,5,out
38835,14,3,31,5,in
38852,7,4,27,3,going
38852,7,6,27,3,coming
38862,6,19,28,5,out
38863,15,12,35,7,in
38863,14,2,31,5,going
38863,14,4,31,5,coming
38871,10,6,34,9,out
38871,10,8,34,9,in
38875,18,3,32,8,out
38875,18,5,32,8,in
38879,19,19,19,5,in
38882,11,4,11,2,out
38882,11,6,11,2,in
38883,12,11,12,4,in
38883,13,11,13,4,in
38883,16,4,16,2,out
38883,16,6,16,2,in
38883,12,11,12,4,going
38883,13,11,13,4,going
38884,17,1,17,9,out
38884,17,3,17,9,in
38886,12,10,12,4,out
38886,13,10,13,4,out
38886,1,19,1,5,going
38886,3,19,3,5,going
38886,12,10,12,4,coming
38886,13,10,13,4,coming
38891,15,13,35,7,coming
38899,10,7,34,9,going
38899,10,9,34,9,coming
38900,6,19,28,5,coming
38903,18,4,32,8,going
38903,18,6,32,8,coming
38910,11,5,11,2,going
38910,11,7,11,2,coming
38911,16,5,16,2,going
38911,16,7,16,2,coming
38912,17,2,17,9,going
38912,17,4,17,9,coming
38914,2,12,2,3,out
38914,2,14,2,3,in
38914,4,12,4,3,out
38914,4,14,4,3,in
38914,5,12,5,3,out
38914,5,14,5,3,in
38914,8,12,8,3,out
38914,8,14,8,3,in
38920,9,11,33,1,going
38920,9,18,33,1,coming
38920,9,19,33,1,coming
38927,9,10,33,1,out
38927,9,12,33,1,in
38927,9,12,33,1,going
38942,2,13,2,3,going
38942,2,15,2,3,coming
38942,4,13,4,3,going
38942,4,15,4,3,coming
38942,5,13,5,3,going
38942,5,15,5,3,coming
38942,8,13,8,3,going
38942,8,15,8,3,coming
38952,7,4,27,3,out
38952,7,6,27,3,in
38958,19,19,19,5,going
38963,14,2,31,5,out
38963,14,4,31,5,in
38965,18,5,32,8,going
38965,18,1,32,8,coming
38980,7,5,27,3,going
38980,7,7,27,3,coming
38983,12,11,12,4,out
38983,13,11,13,4,out
38986,1,19,1,5,out
38986,3,19,3,5,out
38986,12,10,12,4,in
38986,13,10,13,4,in
38991,15,13,35,7,in
38991,14,3,31,5,going
38991,14,5,31,5,coming
38999,10,7,34,9,out
38999,10,9,34,9,in
39000,6,19,28,5,in
39000,12,11,12,4,coming
39000,13,11,13,4,coming
39003,18,4,32,8,out
39003,18,6,32,8,in
39003,12,10,12,4,going
39003,13,10,13,4,going
39003,18,6,32,8,going
39010,11,5,11,2,out
39010,11,7,11,2,in
39011,16,5,16,2,out
39011,16,7,16,2,in
39012,17,2,17,9,out
39012,17,4,17,9,in
39019,15,12,35,7,going
39019,15,14,35,7,coming
39020,9,11,33,1,out
39020,9,18,33,1,in
39020,9,19,33,1,in
39024,1,19,1,5,coming
39024,3,19,3,5,coming
39027,9,12,33,1,out
39027,10,8,34,9,going
39027,10,10,34,9,coming
39038,11,6,11,2,going
39038,11,8,11,2,coming
39039,16,6,16,2,going
39039,16,8,16,2,coming
39040,17,3,17,9,going
39040,17,5,17,9,coming
39042,2,13,2,3,out
39042,2,15,2,3,in
39042,4,13,4,3,out
39042,4,15,4,3,in
39042,5,13,5,3,out
39042,5,15,5,3,in
39042,8,13,8,3,out
39042,8,15,8,3,in
39050,9,18,33,1,going
39058,19,19,19,5,out
39065,18,1,32,8,in
39065,18,5,32,8,out
39070,2,14,2,3,going
39070,2,16,2,3,coming
39070,4,14,4,3,going
39070,4,16,4,3,coming
39070,5,14,5,3,going
39070,5,16,5,3,coming
39070,8,14,8,3,going
39070,8,16,8,3,coming
39079,6,19,28,5,going
39080,7,5,27,3,out
39080,7,7,27,3,in
39091,14,3,31,5,out
39091,14,5,31,5,in
39093,18,2,32,8,coming
39096,19,19,19,5,coming
39100,12,11,12,4,in
39100,13,11,13,4,in
39100,12,11,12,4,going
39100,13,11,13,4,going
39103,12,10,12,4,out
39103,13,10,13,4,out
39103,18,6,32,8,out
39103,12,10,12,4,coming
39103,13,10,13,4,coming
39108,7,6,27,3,going
39108,7,8,27,3,coming
39119,15,12,35,7,out
39119,15,14,35,7,in
39119,14,4,31,5,going
39119,14,6,31,5,coming
39124,1,19,1,5,in
39124,3,19,3,5,in
39127,10,8,34,9,out
39127,10,10,34,9,in
39138,11,6,11,2,out
39138,11,8,11,2,in
39139,16,6,16,2,out
39139,16,8,16,2,in
39140,17,3,17,9,out
39140,17,5,17,9,in
39147,15,13,35,7,going
39147,15,15,35,7,coming
39150,9,18,33,1,out
39152,9,19,33,1,going
39152,9,1,33,1,coming
39155,10,9,34,9,going
39155,10,11,34,9,coming
39166,11,7,11,2,going
39166,11,9,11,2,coming
39167,16,7,16,2,going
39167,16,9,16,2,coming
39168,17,4,17,9,going
39168,17,6,17,9,coming
39170,2,14,2,3,out
39170,2,16,2,3,in
39170,4,14,4,3,out
39170,4,16,4,3,in
39170,5,14,5,3,out
39170,5,16,5,3,in
39170,8,14,8,3,out
39170,8,16,8,3,in
39179,6,19,28,5,out
39193,18,2,32,8,in
39196,19,19,19,5,in
39198,2,15,2,3,going
39198,2,17,2,3,coming
39198,4,15,4,3,going
39198,4,17,4,3,coming
39198,5,15,5,3,going
39198,5,17,5,3,coming
39198,8,15,8,3,going
39198,8,17,8,3,coming
39200,12,11,12,4,out
39200,13,11,13,4,out
39203,12,10,12,4,in
39203,13,10,13,4,in
39203,1,19,1,5,going
39203,3,19,3,5,going
39208,7,6,27,3,out
39208,7,8,27,3,in
39217,6,19,28,5,coming
39217,12,11,12,4,coming
39217,13,11,13,4,coming
39219,14,4,31,5,out
39219,14,6,31,5,in
39220,12,10,12,4,going
39220,13,10,13,4,going
39221,18,1,32,8,going
39221,18,3,32,8,coming
39236,7,7,27,3,going
39236,7,9,27,3,coming
39247,15,13,35,7,out
39247,15,15,35,7,in
39247,14,5,31,5,going
39247,14,7,31,5,coming
39252,9,1,33,1,in
39252,9,19,33,1,out
39255,10,9,34,9,out
39255,10,11,34,9,in
39266,11,7,11,2,out
39266,11,9,11,2,in
39267,16,7,16,2,out
39267,16,9,16,2,in
39268,17,4,17,9,out
39268,17,6,17,9,in
39275,15,14,35,7,going
39275,15,16,35,7,coming
39275,19,19,19,5,going
39280,2,16,2,3,going
39280,2,1,2,3,coming
39280,4,16,4,3,going
39280,4,1,4,3,coming
39280,5,16,5,3,going
39280,5,1,5,3,coming
39280,8,16,8,3,going
39280,8,1,8,3,coming
39280,9,2,33,1,coming
39283,10,10,34,9,going
39283,10,12,34,9,coming
39294,11,8,11,2,going
39294,11,10,11,2,coming
39295,16,8,16,2,going
39295,16,10,16,2,coming
39296,17,5,17,9,going
39296,17,7,17,9,coming
39298,2,15,2,3,out
39298,2,17,2,3,in
39298,4,15,4,3,out
39298,4,17,4,3,in
39298,5,15,5,3,out
39298,5,17,5,3,in
39298,8,15,8,3,out
39298,8,17,8,3,in
39298,2,17,2,3,going
39298,4,17,4,3,going
39298,5,17,5,3,going
39298,8,17,8,3,going
39303,1,19,1,5,out
39303,3,19,3,5,out
39317,6,19,28,5,in
39317,12,11,12,4,in
39317,13,11,13,4,in
39317,12,11,12,4,going
39317,13,11,13,4,going
39320,12,10,12,4,out
39320,13,10,13,4,out
39320,12,10,12,4,coming
39320,13,10,13,4,coming
39321,18,1,32,8,out
39321,18,3,32,8,in
39336,7,7,27,3,out
39336,7,9,27,3,in
39341,1,19,1,5,coming
39341,3,19,3,5,coming
39347,14,5,31,5,out
39347,14,7,31,5,in
39349,18,2,32,8,going
39349,18,4,32,8,coming
39364,7,8,27,3,going
39375,15,14,35,7,out
39375,15,16,35,7,in
39375,19,19,19,5,out
39375,14,6,31,5,going
39375,14,8,31,5,coming
39377,10,11,34,9,going
39377,10,1,34,9,coming
39380,2,1,2,3,in
39380,2,16,2,3,out
39380,4,1,4,3,in
39380,4,16,4,3,out
39380,5,1,5,3,in
39380,5,16,5,3,out
39380,8,1,8,3,in
39380,8,16,8,3,out
39380,9,2,33,1,in
39383,10,10,34,9,out
39383,10,12,34,9,in
39383,10,12,34,9,going
39394,11,8,11,2,out
39394,11,10,11,2,in
39395,16,8,16,2,out
39395,16,10,16,2,in
39396,17,5,17,9,out
39396,17,7,17,9,in
39396,6,19,28,5,going
39398,2,17,2,3,out
39398,4,17,4,3,out
39398,5,17,5,3,out
39398,8,17,8,3,out
39403,15,15,35,7,going
39403,15,17,35,7,coming
39408,2,2,2,3,coming
39408,4,2,4,3,coming
39408,5,2,5,3,coming
39408,8,2,8,3,coming
39408,9,1,33,1,going
39408,9,3,33,1,coming
39413,19,19,19,5,coming
39417,12,11,12,4,out
39417,13,11,13,4,out
39420,12,10,12,4,in
39420,13,10,13,4,in
39422,11,9,11,2,going
39422,11,11,11,2,coming
39423,16,9,16,2,going
39423,16,11,16,2,coming
39424,17,6,17,9,going
39424,17,8,17,9,coming
39434,12,11,12,4,coming
39434,13,11,13,4,coming
39437,13,10,13,4,going
39438,12,10,12,4,going
39438,12,0,12,4,coming
39438,12,1,12,4,coming
39441,1,19,1,5,in
39441,3,19,3,5,in
39449,18,2,32,8,out
39449,18,4,32,8,in
39464,7,8,27,3,out
39475,14,6,31,5,out
39475,14,8,31,5,in
39477,10,1,34,9,in
39477,10,11,34,9,out
39477,18,3,32,8,going
39477,18,5,32,8,coming
39483,10,12,34,9,out
39492,7,9,27,3,going
39496,6,19,28,5,out
39503,15,15,35,7,out
39503,15,17,35,7,in
39503,14,7,31,5,going
39503,14,9,31,5,coming
39505,10,2,34,9,coming
39508,2,2,2,3,in
39508,4,2,4,3,in
39508,5,2,5,3,in
39508,8,2,8,3,in
39508,9,1,33,1,out
39508,9,3,33,1,in
39513,19,19,19,5,in
39520,1,19,1,5,going
39520,3,19,3,5,going
39522,11,9,11,2,out
39522,11,11,11,2,in
39523,16,9,16,2,out
39523,16,11,16,2,in
39524,17,6,17,9,out
39524,17,8,17,9,in
39531,15,16,35,7,going
39531,15,18,35,7,coming
39534,12,11,12,4,in
39534,13,11,13,4,in
39534,6,19,28,5,coming
39534,12,11,12,4,going
39534,13,11,13,4,going
39536,2,1,2,3,going
39536,2,3,2,3,coming
39536,4,1,4,3,going
39536,4,3,4,3,coming
39536,5,1,5,3,going
39536,5,3,5,3,coming
39536,8,1,8,3,going
39536,8,3,8,3,coming
39536,9,2,33,1,going
39536,9,4,33,1,coming
39537,13,10,13,4,out
39537,13,10,13,4,coming
39538,12,0,12,4,in
39538,12,1,12,4,in
39538,12,10,12,4,out
39550,11,10,11,2,going
39550,11,12,11,2,coming
39551,16,10,16,2,going
39551,16,12,16,2,coming
39552,17,7,17,9,going
39552,17,9,17,9,coming
39572,11,11,11,2,going
39572,11,1,11,2,coming
39573,16,11,16,2,going
39573,16,1,16,2,coming
39577,18,3,32,8,out
39577,18,5,32,8,in
39592,7,9,27,3,out
39592,19,19,19,5,going
39603,14,7,31,5,out
39603,14,9,31,5,in
39605,10,2,34,9,in
39605,18,4,32,8,going
39605,18,6,32,8,coming
39620,1,19,1,5,out
39620,3,19,3,5,out
39620,7,12,27,3,coming
39631,15,16,35,7,out
39631,15,18,35,7,in
39631,14,8,31,5,going
39631,14,10,31,5,coming
39633,10,1,34,9,going
39633,10,3,34,9,coming
39634,6,19,28,5,in
39634,12,11,12,4,out
39634,13,11,13,4,out
39636,2,1,2,3,out
39636,2,3,2,3,in
39636,4,1,4,3,out
39636,4,3,4,3,in
39636,5,1,5,3,out
39636,5,3,5,3,in
39636,8,1,8,3,out
39636,8,3,8,3,in
39636,9,2,33,1,out
39636,9,4,33,1,in
39637,13,10,13,4,in
39650,11,10,11,2,out
39650,11,12,11,2,in
39650,11,12,11,2,going
39651,16,10,16,2,out
39651,16,12,16,2,in
39651,13,11,13,4,coming
39651,16,12,16,2,going
39652,17,7,17,9,out
39652,17,9,17,9,in
39654,13,10,13,4,going
39658,1,19,1,5,coming
39658,3,19,3,5,coming
39659,15,17,35,7,going
39659,15,19,35,7,coming
39664,2,2,2,3,going
39664,2,4,2,3,coming
39664,4,2,4,3,going
39664,4,4,4,3,coming
39664,5,2,5,3,going
39664,5,4,5,3,coming
39664,8,2,8,3,going
39664,8,4,8,3,coming
39664,9,3,33,1,going
39664,9,5,33,1,coming
39666,12,0,12,4,going
39666,12,2,12,4,coming
39667,18,5,32,8,going
39667,18,1,32,8,coming
39672,11,1,11,2,in
39672,11,11,11,2,out
39673,16,1,16,2,in
39673,16,11,16,2,out
39680,17,8,17,9,going
39680,17,10,17,9,coming
39692,19,19,19,5,out
39700,11,2,11,2,coming
39701,16,2,16,2,coming
39705,18,4,32,8,out
39705,18,6,32,8,in
39705,18,6,32,8,going
39713,6,19,28,5,going
39720,7,12,27,3,in
39730,19,19,19,5,coming
39731,14,8,31,5,out
39731,14,10,31,5,in
39733,10,1,34,9,out
39733,10,3,34,9,in
39748,7,13,27,3,coming
39750,11,12,11,2,out
39751,13,11,13,4,in
39751,16,12,16,2,out
39751,13,11,13,4,going
39754,13,10,13,4,out
39754,13,10,13,4,coming
39758,1,19,1,5,in
39758,3,19,3,5,in
39759,15,17,35,7,out
39759,15,19,35,7,in
39759,14,9,31,5,going
39759,14,11,31,5,coming
39761,10,2,34,9,going
39761,10,4,34,9,coming
39764,2,2,2,3,out
39764,2,4,2,3,in
39764,4,2,4,3,out
39764,4,4,4,3,in
39764,5,2,5,3,out
39764,5,4,5,3,in
39764,8,2,8,3,out
39764,8,4,8,3,in
39764,9,3,33,1,out
39764,9,5,33,1,in
39766,12,0,12,4,out
39766,12,2,12,4,in
39767,18,1,32,8,in
39767,18,5,32,8,out
39780,17,8,17,9,out
39780,17,10,17,9,in
39787,15,18,35,7,going
39792,2,3,2,3,going
39792,2,5,2,3,coming
39792,4,3,4,3,going
39792,4,5,4,3,coming
39792,5,3,5,3,going
39792,5,5,5,3,coming
39792,8,3,8,3,going
39792,8,5,8,3,coming
39792,9,4,33,1,going
39792,9,6,33,1,coming
39794,12,1,12,4,going
39794,12,3,12,4,coming
39795,18,2,32,8,coming
39800,11,2,11,2,in
39801,16,2,16,2,in
39805,18,6,32,8,out
39808,17,9,17,9,going
39808,17,11,17,9,coming
39813,6,19,28,5,out
39828,11,1,11,2,going
39828,11,3,11,2,coming
39829,16,1,16,2,going
39829,16,3,16,2,coming
39830,19,19,19,5,in
39837,1,19,1,5,going
39837,3,19,3,5,going
39848,7,13,27,3,in
39851,13,11,13,4,out
39851,6,19,28,5,coming
39854,13,10,13,4,in
39855,15,0,35,7,out
39855,15,1,35,7,out
39855,15,2,35,7,out
39855,15,3,35,7,out
39855,15,4,35,7,out
39855,15,5,35,7,out
39855,15,6,35,7,out
39855,15,7,35,7,out
39855,15,8,35,7,out
39855,15,9,35,7,out
39855,15,10,35,7,out
39855,15,11,35,7,out
39855,15,12,35,7,out
39855,15,13,35,7,out
39855,15,14,35,7,out
39855,15,15,35,7,out
39855,15,16,35,7,out
39855,15,17,35,7,out
39855,15,18,35,7,out
39855,15,19,35,7,out
39855,15,0,36,4,coming
39855,15,1,36,4,coming
39855,15,10,36,4,coming
39855,15,11,36,4,coming
39859,14,9,31,5,out
39859,14,11,31,5,in
39861,10,2,34,9,out
39861,10,4,34,9,in
39868,13,11,13,4,coming
39871,13,10,13,4,going
39876,7,12,27,3,going
39876,7,14,27,3,coming
39887,14,10,31,5,going
39887,14,12,31,5,coming
39889,10,3,34,9,going
39889,10,5,34,9,coming
39892,2,3,2,3,out
39892,2,5,2,3,in
39892,4,3,4,3,out
39892,4,5,4,3,in
39892,5,3,5,3,out
39892,5,5,5,3,in
39892,8,3,8,3,out
39892,8,5,8,3,in
39892,9,4,33,1,out
39892,9,6,33,1,in
39894,12,1,12,4,out
39894,12,3,12,4,in
39895,18,2,32,8,in
39908,17,9,17,9,out
39908,17,11,17,9,in
39909,19,19,19,5,going
39920,2,4,2,3,going
39920,2,6,2,3,coming
39920,4,4,4,3,going
39920,4,6,4,3,coming
39920,5,4,5,3,going
39920,5,6,5,3,coming
39920,8,4,8,3,going
39920,8,6,8,3,coming
39920,9,5,33,1,going
39920,9,7,33,1,coming
39922,12,2,12,4,going
39922,12,4,12,4,coming
39923,18,1,32,8,going
39923,18,3,32,8,coming
39928,11,1,11,2,out
39928,11,3,11,2,in
39929,16,1,16,2,out
39929,16,3,16,2,in
39936,17,10,17,9,going
39936,17,12,17,9,coming
39937,1,19,1,5,out
39937,3,19,3,5,out
39951,6,19,28,5,in
39955,15,0,36,4,in
39955,15,1,36,4,in
39955,15,10,36,4,in
39955,15,11,36,4,in
39956,11,2,11,2,going
39956,11,4,11,2,coming
39957,16,2,16,2,going
39957,16,4,16,2,coming
39968,13,11,13,4,in
39968,13,11,13,4,going
39971,13,10,13,4,out
39971,13,10,13,4,coming
39975,1,19,1,5,coming
39975,3,19,3,5,coming
39976,7,12,27,3,out
39976,7,14,27,3,in
39987,14,10,31,5,out
39987,14,12,31,5,in
39989,10,3,34,9,out
39989,10,5,34,9,in
40004,7,13,27,3,going
40004,7,15,27,3,coming
40009,19,19,19,5,out
40015,14,11,31,5,going
40015,14,13,31,5,coming
40017,10,4,34,9,going
40017,10,6,34,9,coming
40020,2,4,2,3,out
40020,2,6,2,3,in
40020,4,4,4,3,out
40020,4,6,4,3,in
40020,5,4,5,3,out
40020,5,6,5,3,in
40020,8,4,8,3,out
40020,8,6,8,3,in
40020,9,5,33,1,out
40020,9,7,33,1,in
40022,12,2,12,4,out
40022,12,4,12,4,in
40023,18,1,32,8,out
40023,18,3,32,8,in
40030,6,19,28,5,going
40030,17,11,17,9,going
40030,17,1,17,9,coming
40036,17,10,17,9,out
40036,17,12,17,9,in
40036,17,12,17,9,going
40047,19,19,19,5,coming
40048,2,5,2,3,going
40048,2,7,2,3,coming
40048,4,5,4,3,going
40048,4,7,4,3,coming
40048,5,5,5,3,going
40048,5,7,5,3,coming
40048,8,5,8,3,going
40048,8,7,8,3,coming
40048,9,6,33,1,going
40048,9,8,33,1,coming
40050,12,3,12,4,going
40050,12,5,12,4,coming
40051,18,2,32,8,going
40051,18,4,32,8,coming
40056,11,2,11,2,out
40056,11,4,11,2,in
40057,16,2,16,2,out
40057,16,4,16,2,in
40068,13,11,13,4,out
40071,13,10,13,4,in
40075,1,19,1,5,in
40075,3,19,3,5,in
40083,15,2,36,4,coming
40084,11,3,11,2,going
40084,11,5,11,2,coming
40085,13,11,13,4,coming
40085,16,3,16,2,going
40085,16,5,16,2,coming
40088,13,10,13,4,going
40104,7,13,27,3,out
40104,7,15,27,3,in
40115,14,11,31,5,out
40115,14,13,31,5,in
40117,10,4,34,9,out
40117,10,6,34,9,in
40130,6,19,28,5,out
40130,17,1,17,9,in
40130,17,11,17,9,out
40132,7,14,27,3,going
40132,7,16,27,3,coming
40136,17,12,17,9,out
40143,14,12,31,5,going
40143,14,14,31,5,coming
40145,10,5,34,9,going
40145,10,7,34,9,coming
40147,19,19,19,5,in
40148,2,5,2,3,out
40148,2,7,2,3,in
40148,4,5,4,3,out
40148,4,7,4,3,in
40148,5,5,5,3,out
40148,5,7,5,3,in
40148,8,5,8,3,out
40148,8,7,8,3,in
40148,9,6,33,1,out
40148,9,8,33,1,in
40150,12,3,12,4,out
40150,12,5,12,4,in
40151,18,2,32,8,out
40151,18,4,32,8,in
40154,1,19,1,5,going
40154,3,19,3,5,going
40158,17,2,17,9,coming
40168,6,19,28,5,coming
40176,2,6,2,3,going
40176,2,8,2,3,coming
40176,4,6,4,3,going
40176,4,8,4,3,coming
40176,5,6,5,3,going
40176,5,8,5,3,coming
40176,8,6,8,3,going
40176,8,8,8,3,coming
40176,9,7,33,1,going
40176,9,9,33,1,coming
40178,12,4,12,4,going
40178,12,6,12,4,coming
40179,18,3,32,8,going
40179,18,5,32,8,coming
40183,15,2,36,4,in
40184,11,3,11,2,out
40184,11,5,11,2,in
40185,13,11,13,4,in
40185,16,3,16,2,out
40185,16,5,16,2,in
40185,13,11,13,4,going
40188,13,10,13,4,out
40188,13,10,13,4,coming
40211,15,1,36,4,going
40211,15,3,36,4,coming
40212,11,4,11,2,going
40212,11,6,11,2,coming
40213,16,4,16,2,going
40213,16,6,16,2,coming
40226,19,19,19,5,going
40232,7,14,27,3,out
40232,7,16,27,3,in
40243,14,12,31,5,out
40243,14,14,31,5,in
40245,10,5,34,9,out
40245,10,7,34,9,in
40254,1,19,1,5,out
40254,3,19,3,5,out
40258,17,2,17,9,in
40260,7,15,27,3,going
40260,7,17,27,3,coming
40268,6,19,28,5,in
40271,14,13,31,5,going
40271,14,15,31,5,coming
40273,10,6,34,9,going
40273,10,8,34,9,coming
40276,2,6,2,3,out
40276,2,8,2,3,in
40276,4,6,4,3,out
40276,4,8,4,3,in
40276,5,6,5,3,out
40276,5,8,5,3,in
40276,8,6,8,3,out
40276,8,8,8,3,in
40276,9,7,33,1,out
40276,9,9,33,1,in
40278,12,4,12,4,out
40278,12,6,12,4,in
40279,18,3,32,8,out
40279,18,5,32,8,in
40285,13,11,13,4,out
40286,17,1,17,9,going
40286,17,3,17,9,coming
40288,13,10,13,4,in
40292,1,19,1,5,coming
40292,3,19,3,5,coming
40302,13,11,13,4,coming
40304,2,7,2,3,going
40304,2,9,2,3,coming
40304,4,7,4,3,going
40304,4,9,4,3,coming
40304,5,7,5,3,going
40304,5,9,5,3,coming
40304,8,7,8,3,going
40304,8,9,8,3,coming
40304,9,8,33,1,going
40304,9,10,33,1,coming
40305,13,10,13,4,going
40306,12,5,12,4,going
40306,12,7,12,4,coming
40307,18,4,32,8,going
40307,18,6,32,8,coming
40311,15,1,36,4,out
40311,15,3,36,4,in
40312,11,4,11,2,out
40312,11,6,11,2,in
40313,16,4,16,2,out
40313,16,6,16,2,in
40326,19,19,19,5,out
40339,15,2,36,4,going
40339,15,4,36,4,coming
40340,11,5,11,2,going
40340,11,7,11,2,coming
40341,16,5,16,2,going
40341,16,7,16,2,coming
40342,7,16,27,3,going
40342,7,1,27,3,coming
40347,6,19,28,5,going
40360,7,15,27,3,out
40360,7,17,27,3,in
40360,7,17,27,3,going
40364,19,19,19,5,coming
40369,18,5,32,8,going
40369,18,1,32,8,coming
40371,14,13,31,5,out
40371,14,15,31,5,in
40373,10,6,34,9,out
40373,10,8,34,9,in
40386,17,1,17,9,out
40386,17,3,17,9,in
40392,1,19,1,5,in
40392,3,19,3,5,in
40399,14,14,31,5,going
40401,10,7,34,9,going
40401,10,9,34,9,coming
40402,13,11,13,4,in
40402,13,11,13,4,going
40404,2,7,2,3,out
40404,2,9,2,3,in
40404,4,7,4,3,out
40404,4,9,4,3,in
40404,5,7,5,3,out
40404,5,9,5,3,in
40404,8,7,8,3,out
40404,8,9,8,3,in
40404,9,8,33,1,out
40404,9,10,33,1,in
40405,13,10,13,4,out
40405,13,10,13,4,coming
40406,12,5,12,4,out
40406,12,7,12,4,in
40407,18,4,32,8,out
40407,18,6,32,8,in
40407,18,6,32,8,going
40414,17,2,17,9,going
40414,17,4,17,9,coming
40432,2,8,2,3,going
40432,2,10,2,3,coming
40432,4,8,4,3,going
40432,4,10,4,3,coming
40432,5,8,5,3,going
40432,5,10,5,3,coming
40432,8,8,8,3,going
40432,8,10,8,3,coming
40432,9,9,33,1,going
40432,9,11,33,1,coming
40434,12,6,12,4,going
40439,15,2,36,4,out
40439,15,4,36,4,in
40440,11,5,11,2,out
40440,11,7,11,2,in
40441,16,5,16,2,out
40441,16,7,16,2,in
40442,7,1,27,3,in
40442,7,16,27,3,out
40447,6,19,28,5,out
40460,7,17,27,3,out
40464,19,19,19,5,in
40467,15,3,36,4,going
40467,15,5,36,4,coming
40468,11,6,11,2,going
40468,11,8,11,2,coming
40469,18,1,32,8,in
40469,18,5,32,8,out
40469,16,6,16,2,going
40469,16,8,16,2,coming
40470,7,2,27,3,coming
40471,1,19,1,5,going
40471,3,19,3,5,going
40485,6,19,28,5,coming
40497,18,2,32,8,coming
40499,14,14,31,5,out
40501,10,7,34,9,out
40501,10,9,34,9,in
40502,13,11,13,4,out
40505,13,10,13,4,in
40507,18,6,32,8,out
40514,17,2,17,9,out
40514,17,4,17,9,in
40519,13,11,13,4,coming
40523,13,10,13,4,going
40523,13,0,13,4,coming
40523,13,1,13,4,coming
40527,14,15,31,5,going
40529,10,8,34,9,going
40529,10,10,34,9,coming
40532,2,8,2,3,out
40532,2,10,2,3,in
40532,4,8,4,3,out
40532,4,10,4,3,in
40532,5,8,5,3,out
40532,5,10,5,3,in
40532,8,8,8,3,out
40532,8,10,8,3,in
40532,9,9,33,1,out
40532,9,11,33,1,in
40534,12,6,12,4,out
40542,17,3,17,9,going
40542,17,5,17,9,coming
40543,19,19,19,5,going
40560,2,9,2,3,going
40560,2,11,2,3,coming
40560,4,9,4,3,going
40560,4,11,4,3,coming
40560,5,9,5,3,going
40560,5,11,5,3,coming
40560,8,9,8,3,going
40560,8,11,8,3,coming
40560,9,10,33,1,going
40560,9,12,33,1,coming
40562,12,7,12,4,going
40567,15,3,36,4,out
40567,15,5,36,4,in
40568,11,6,11,2,out
40568,11,8,11,2,in
40569,16,6,16,2,out
40569,16,8,16,2,in
40570,7,2,27,3,in
40571,1,19,1,5,out
40571,3,19,3,5,out
40585,6,19,28,5,in
40595,15,4,36,4,going
40595,15,6,36,4,coming
40596,11,7,11,2,going
40596,11,9,11,2,coming
40597,18,2,32,8,in
40597,16,7,16,2,going
40597,16,9,16,2,coming
40598,7,1,27,3,going
40598,7,3,27,3,coming
40609,1,19,1,5,coming
40609,3,19,3,5,coming
40619,13,11,13,4,in
40619,13,11,13,4,going
40623,13,0,13,4,in
40623,13,1,13,4,in
40623,13,10,13,4,out
40625,18,1,32,8,going
40625,18,3,32,8,coming
40627,14,15,31,5,out
40629,10,8,34,9,out
40629,10,10,34,9,in
40642,17,3,17,9,out
40642,17,5,17,9,in
40643,19,19,19,5,out
40657,10,9,34,9,going
40657,10,11,34,9,coming
40660,2,9,2,3,out
40660,2,11,2,3,in
40660,4,9,4,3,out
40660,4,11,4,3,in
40660,5,9,5,3,out
40660,5,11,5,3,in
40660,8,9,8,3,out
40660,8,11,8,3,in
40660,9,10,33,1,out
40660,9,12,33,1,in
40662,12,7,12,4,out
40664,6,19,28,5,going
40670,17,4,17,9,going
40670,17,6,17,9,coming
40681,19,19,19,5,coming
40688,2,10,2,3,going
40688,2,12,2,3,coming
40688,4,10,4,3,going
40688,4,12,4,3,coming
40688,5,10,5,3,going
40688,5,12,5,3,coming
40688,8,10,8,3,going
40688,8,12,8,3,coming
40688,9,11,33,1,going
40688,9,13,33,1,coming
40690,12,10,12,4,coming
40695,15,4,36,4,out
40695,15,6,36,4,in
40696,11,7,11,2,out
40696,11,9,11,2,in
40697,16,7,16,2,out
40697,16,9,16,2,in
40698,7,1,27,3,out
40698,7,3,27,3,in
40709,1,19,1,5,in
40709,3,19,3,5,in
40719,13,11,13,4,out
40723,15,5,36,4,going
40723,15,7,36,4,coming
40724,11,8,11,2,going
40724,11,10,11,2,coming
40725,18,1,32,8,out
40725,18,3,32,8,in
40725,16,8,16,2,going
40725,16,10,16,2,coming
40726,7,2,27,3,going
40726,7,4,27,3,coming
40751,13,0,13,4,going
40751,13,2,13,4,coming
40753,18,2,32,8,going
40753,18,4,32,8,coming
40757,10,9,34,9,out
40757,10,11,34,9,in
40764,6,19,28,5,out
40770,17,4,17,9,out
40770,17,6,17,9,in
40781,19,19,19,5,in
40783,14,19,31,5,coming
40785,10,10,34,9,going
40785,10,12,34,9,coming
40788,2,10,2,3,out
40788,2,12,2,3,in
40788,4,10,4,3,out
40788,4,12,4,3,in
40788,5,10,5,3,out
40788,5,12,5,3,in
40788,8,10,8,3,out
40788,8,12,8,3,in
40788,9,11,33,1,out
40788,9,13,33,1,in
40788,1,19,1,5,going
40788,3,19,3,5,going
40790,12,10,12,4,in
40798,17,5,17,9,going
40798,17,7,17,9,coming
40802,6,19,28,5,coming
40816,2,11,2,3,going
40816,2,13,2,3,coming
40816,4,11,4,3,going
40816,4,13,4,3,coming
40816,5,11,5,3,going
40816,5,13,5,3,coming
40816,8,11,8,3,going
40816,8,13,8,3,coming
40816,9,12,33,1,going
40816,9,14,33,1,coming
40818,12,11,12,4,coming
40821,12,10,12,4,going
40823,15,5,36,4,out
40823,15,7,36,4,in
40824,11,8,11,2,out
40824,11,10,11,2,in
40825,16,8,16,2,out
40825,16,10,16,2,in
40826,7,2,27,3,out
40826,7,4,27,3,in
40838,0,1,25,4,coming
40851,13,0,13,4,out
40851,13,2,13,4,in
40851,15,6,36,4,going
40851,15,8,36,4,coming
40852,11,9,11,2,going
40852,11,11,11,2,coming
40853,18,2,32,8,out
40853,18,4,32,8,in
40853,16,9,16,2,going
40853,16,11,16,2,coming
40854,7,3,27,3,going
40854,7,5,27,3,coming
40860,19,19,19,5,going
40879,10,11,34,9,going
40879,10,1,34,9,coming
40879,13,1,13,4,going
40879,13,3,13,4,coming
40881,18,3,32,8,going
40881,18,5,32,8,coming
40883,14,19,31,5,in
40885,10,10,34,9,out
40885,10,12,34,9,in
40885,10,12,34,9,going
40888,1,19,1,5,out
40888,3,19,3,5,out
40898,17,5,17,9,out
40898,17,7,17,9,in
40902,6,19,28,5,in
40916,2,11,2,3,out
40916,2,13,2,3,in
40916,4,11,4,3,out
40916,4,13,4,3,in
40916,5,11,5,3,out
40916,5,13,5,3,in
40916,8,11,8,3,out
40916,8,13,8,3,in
40916,9,12,33,1,out
40916,9,14,33,1,in
40918,12,11,12,4,in
40918,12,11,12,4,going
40921,12,10,12,4,out
40921,12,10,12,4,coming
40926,1,19,1,5,coming
40926,3,19,3,5,coming
40926,17,6,17,9,going
40926,17,8,17,9,coming
40938,0,1,25,4,in
40944,2,12,2,3,going
40944,2,14,2,3,coming
40944,4,12,4,3,going
40944,4,14,4,3,coming
40944,5,12,5,3,going
40944,5,14,5,3,coming
40944,8,12,8,3,going
40944,8,14,8,3,coming
40944,9,13,33,1,going
40944,9,15,33,1,coming
40951,15,6,36,4,out
40951,15,8,36,4,in
40952,11,9,11,2,out
40952,11,11,11,2,in
40953,16,9,16,2,out
40953,16,11,16,2,in
40954,7,3,27,3,out
40954,7,5,27,3,in
40960,19,19,19,5,out
40962,14,19,31,5,going
40966,0,2,25,4,coming
40979,10,1,34,9,in
40979,10,11,34,9,out
40979,13,1,13,4,out
40979,13,3,13,4,in
40979,15,7,36,4,going
40979,15,9,36,4,coming
40980,11,10,11,2,going
40980,11,12,11,2,coming
40981,18,3,32,8,out
40981,18,5,32,8,in
40981,6,19,28,5,going
40981,16,10,16,2,going
40981,16,12,16,2,coming
40982,7,4,27,3,going
40982,7,6,27,3,coming
40985,10,12,34,9,out
40998,19,19,19,5,coming
41002,11,11,11,2,going
41002,11,1,11,2,coming
41003,16,11,16,2,going
41003,16,1,16,2,coming
41007,10,2,34,9,coming
41007,13,2,13,4,going
41007,13,4,13,4,coming
41009,18,4,32,8,going
41009,18,6,32,8,coming
41018,12,11,12,4,out
41021,12,10,12,4,in
41026,1,19,1,5,in
41026,3,19,3,5,in
41026,17,6,17,9,out
41026,17,8,17,9,in
41035,12,11,12,4,coming
41038,12,10,12,4,going
41044,2,12,2,3,out
41044,2,14,2,3,in
41044,4,12,4,3,out
41044,4,14,4,3,in
41044,5,12,5,3,out
41044,5,14,5,3,in
41044,8,12,8,3,out
41044,8,14,8,3,in
41044,9,13,33,1,out
41044,9,15,33,1,in
41054,17,7,17,9,going
41054,17,9,17,9,coming
41062,14,19,31,5,out
41066,0,2,25,4,in
41071,18,5,32,8,going
41071,18,1,32,8,coming
41072,2,13,2,3,going
41072,2,15,2,3,coming
41072,4,13,4,3,going
41072,4,15,4,3,coming
41072,5,13,5,3,going
41072,5,15,5,3,coming
41072,8,13,8,3,going
41072,8,15,8,3,coming
41072,9,14,33,1,going
41072,9,16,33,1,coming
41079,15,7,36,4,out
41079,15,9,36,4,in
41080,11,10,11,2,out
41080,11,12,11,2,in
41080,11,12,11,2,going
41081,6,19,28,5,out
41081,16,10,16,2,out
41081,16,12,16,2,in
41081,16,12,16,2,going
41082,7,4,27,3,out
41082,7,6,27,3,in
41094,0,1,25,4,going
41094,0,3,25,4,coming
41098,19,19,19,5,in
41100,14,19,31,5,coming
41102,11,1,11,2,in
41102,11,11,11,2,out
41103,16,1,16,2,in
41103,16,11,16,2,out
41105,1,19,1,5,going
41105,3,19,3,5,going
41107,10,2,34,9,in
41107,13,2,13,4,out
41107,13,4,13,4,in
41107,15,8,36,4,going
41109,18,4,32,8,out
41109,18,6,32,8,in
41109,18,6,32,8,going
41110,7,5,27,3,going
41110,7,7,27,3,coming
41119,6,19,28,5,coming
41130,11,2,11,2,coming
41131,16,2,16,2,coming
41135,12,11,12,4,in
41135,10,1,34,9,going
41135,10,3,34,9,coming
41135,12,11,12,4,going
41135,13,3,13,4,going
41135,13,5,13,4,coming
41138,12,10,12,4,out
41138,12,10,12,4,coming
41154,17,7,17,9,out
41154,17,9,17,9,in
41171,18,1,32,8,in
41171,18,5,32,8,out
41172,2,13,2,3,out
41172,2,15,2,3,in
41172,4,13,4,3,out
41172,4,15,4,3,in
41172,5,13,5,3,out
41172,5,15,5,3,in
41172,8,13,8,3,out
41172,8,15,8,3,in
41172,9,14,33,1,out
41172,9,16,33,1,in
41177,19,19,19,5,going
41180,11,12,11,2,out
41181,16,12,16,2,out
41182,17,8,17,9,going
41182,17,10,17,9,coming
41194,0,1,25,4,out
41194,0,3,25,4,in
41199,18,2,32,8,coming
41200,14,19,31,5,in
41200,2,14,2,3,going
41200,2,16,2,3,coming
41200,4,14,4,3,going
41200,4,16,4,3,coming
41200,5,14,5,3,going
41200,5,16,5,3,coming
41200,8,14,8,3,going
41200,8,16,8,3,coming
41200,9,15,33,1,going
41200,9,17,33,1,coming
41205,1,19,1,5,out
41205,3,19,3,5,out
41207,15,8,36,4,out
41209,18,6,32,8,out
41210,7,5,27,3,out
41210,7,7,27,3,in
41219,6,19,28,5,in
41222,0,2,25,4,going
41222,0,4,25,4,coming
41230,11,2,11,2,in
41231,16,2,16,2,in
41235,10,1,34,9,out
41235,10,3,34,9,in
41235,12,11,12,4,out
41235,13,3,13,4,out
41235,13,5,13,4,in
41235,15,9,36,4,going
41238,12,10,12,4,in
41238,7,6,27,3,going
41238,7,8,27,3,coming
41238,15,8,36,4,coming
41243,1,19,1,5,coming
41243,3,19,3,5,coming
41252,12,11,12,4,coming
41255,12,10,12,4,going
41258,11,1,11,2,going
41258,11,3,11,2,coming
41259,16,1,16,2,going
41259,16,3,16,2,coming
41263,10,2,34,9,going
41263,10,4,34,9,coming
41263,13,4,13,4,going
41263,13,6,13,4,coming
41277,19,19,19,5,out
41279,14,19,31,5,going
41282,17,8,17,9,out
41282,17,10,17,9,in
41299,18,2,32,8,in
41299,6,19,28,5,going
41299,6,1,28,5,coming
41300,2,14,2,3,out
41300,2,16,2,3,in
41300,4,14,4,3,out
41300,4,16,4,3,in
41300,5,14,5,3,out
41300,5,16,5,3,in
41300,8,14,8,3,out
41300,8,16,8,3,in
41300,9,15,33,1,out
41300,9,17,33,1,in
41310,17,9,17,9,going
41310,17,11,17,9,coming
41315,19,19,19,5,coming
41322,0,2,25,4,out
41322,0,4,25,4,in
41327,18,1,32,8,going
41327,18,3,32,8,coming
41328,2,15,2,3,going
41328,2,17,2,3,coming
41328,4,15,4,3,going
41328,4,17,4,3,coming
41328,5,15,5,3,going
41328,5,17,5,3,coming
41328,8,15,8,3,going
41328,8,17,8,3,coming
41328,9,16,33,1,going
41328,9,18,33,1,coming
41335,15,9,36,4,out
41335,15,9,36,4,coming
41338,7,6,27,3,out
41338,7,8,27,3,in
41338,15,8,36,4,in
41343,1,19,1,5,in
41343,3,19,3,5,in
41350,0,3,25,4,going
41350,0,5,25,4,coming
41352,12,11,12,4,in
41352,12,11,12,4,going
41355,12,10,12,4,out
41355,12,10,12,4,coming
41358,11,1,11,2,out
41358,11,3,11,2,in
41359,16,1,16,2,out
41359,16,3,16,2,in
41363,10,2,34,9,out
41363,10,4,34,9,in
41363,13,4,13,4,out
41363,13,6,13,4,in
41366,7,7,27,3,going
41366,7,9,27,3,coming
41379,14,19,31,5,out
41386,11,2,11,2,going
41386,11,4,11,2,coming
41387,16,2,16,2,going
41387,16,4,16,2,coming
41391,10,3,34,9,going
41391,10,5,34,9,coming
41391,13,5,13,4,going
41391,13,7,13,4,coming
41399,6,1,28,5,in
41399,6,19,28,5,out
41410,17,9,17,9,out
41410,17,11,17,9,in
41410,2,16,2,3,going
41410,2,1,2,3,coming
41410,4,16,4,3,going
41410,4,1,4,3,coming
41410,5,16,5,3,going
41410,5,1,5,3,coming
41410,8,16,8,3,going
41410,8,1,8,3,coming
41415,19,19,19,5,in
41417,14,19,31,5,coming
41422,1,19,1,5,going
41422,3,19,3,5,going
41424,15,8,36,4,going
41427,18,1,32,8,out
41427,18,3,32,8,in
41427,6,2,28,5,coming
41428,2,15,2,3,out
41428,2,17,2,3,in
41428,4,15,4,3,out
41428,4,17,4,3,in
41428,5,15,5,3,out
41428,5,17,5,3,in
41428,8,15,8,3,out
41428,8,17,8,3,in
41428,9,16,33,1,out
41428,9,18,33,1,in
41428,2,17,2,3,going
41428,4,17,4,3,going
41428,5,17,5,3,going
41428,8,17,8,3,going
41435,15,9,36,4,in
41438,17,10,17,9,going
41438,17,12,17,9,coming
41450,0,3,25,4,out
41450,0,5,25,4,in
41452,12,11,12,4,out
41455,12,10,12,4,in
41455,18,2,32,8,going
41455,18,4,32,8,coming
41456,9,17,33,1,going
41456,9,19,33,1,coming
41466,7,7,27,3,out
41466,7,9,27,3,in
41469,12,11,12,4,coming
41472,12,10,12,4,going
41478,0,4,25,4,going
41478,0,6,25,4,coming
41486,11,2,11,2,out
41486,11,4,11,2,in
41487,16,2,16,2,out
41487,16,4,16,2,in
41491,10,3,34,9,out
41491,10,5,34,9,in
41491,13,5,13,4,out
41491,13,7,13,4,in
41494,7,8,27,3,going
41494,19,19,19,5,going
41510,2,1,2,3,in
41510,2,16,2,3,out
41510,4,1,4,3,in
41510,4,16,4,3,out
41510,5,1,5,3,in
41510,5,16,5,3,out
41510,8,1,8,3,in
41510,8,16,8,3,out
41514,11,3,11,2,going
41514,11,5,11,2,coming
41515,16,3,16,2,going
41515,16,5,16,2,coming
41517,14,19,31,5,in
41519,10,4,34,9,going
41519,10,6,34,9,coming
41519,13,6,13,4,going
41522,1,19,1,5,out
41522,3,19,3,5,out
41524,15,8,36,4,out
41527,6,2,28,5,in
41528,2,17,2,3,out
41528,4,17,4,3,out
41528,5,17,5,3,out
41528,8,17,8,3,out
41532,17,11,17,9,going
41532,17,1,17,9,coming
41538,17,10,17,9,out
41538,17,12,17,9,in
41538,2,2,2,3,coming
41538,4,2,4,3,coming
41538,5,2,5,3,coming
41538,8,2,8,3,coming
41538,17,12,17,9,going
41554,9,18,33,1,going
41555,18,2,32,8,out
41555,18,4,32,8,in
41555,6,1,28,5,going
41555,6,3,28,5,coming
41556,9,17,33,1,out
41556,9,19,33,1,in
41557,9,19,33,1,going
41557,9,1,33,1,coming
41560,1,19,1,5,coming
41560,3,19,3,5,coming
41563,15,9,36,4,going
41566,15,8,36,4,coming
41569,12,11,12,4,in
41569,12,11,12,4,going
41572,12,10,12,4,out
41572,12,10,12,4,coming
41578,0,4,25,4,out
41578,0,6,25,4,in
41583,18,3,32,8,going
41583,18,5,32,8,coming
41594,7,8,27,3,out
41594,19,19,19,5,out
41596,14,19,31,5,going
41606,0,5,25,4,going
41606,0,7,25,4,coming
41614,11,3,11,2,out
41614,11,5,11,2,in
41615,16,3,16,2,out
41615,16,5,16,2,in
41619,10,4,34,9,out
41619,10,6,34,9,in
41619,13,6,13,4,out
41622,7,9,27,3,going
41632,17,1,17,9,in
41632,17,11,17,9,out
41632,19,19,19,5,coming
41638,2,2,2,3,in
41638,4,2,4,3,in
41638,5,2,5,3,in
41638,8,2,8,3,in
41638,17,12,17,9,out
41642,11,4,11,2,going
41642,11,6,11,2,coming
41643,16,4,16,2,going
41643,16,6,16,2,coming
41647,10,5,34,9,going
41647,10,7,34,9,coming
41647,13,7,13,4,going
41654,9,18,33,1,out
41655,6,1,28,5,out
41655,6,3,28,5,in
41657,9,1,33,1,in
41657,9,19,33,1,out
41660,1,19,1,5,in
41660,3,19,3,5,in
41660,17,2,17,9,coming
41663,15,9,36,4,out
41663,15,9,36,4,coming
41666,15,8,36,4,in
41666,2,1,2,3,going
41666,2,3,2,3,coming
41666,4,1,4,3,going
41666,4,3,4,3,coming
41666,5,1,5,3,going
41666,5,3,5,3,coming
41666,8,1,8,3,going
41666,8,3,8,3,coming
41669,12,11,12,4,out
41672,12,10,12,4,in
41683,18,3,32,8,out
41683,18,5,32,8,in
41683,6,2,28,5,going
41683,6,4,28,5,coming
41685,9,2,33,1,coming
41686,12,11,12,4,coming
41689,12,10,12,4,going
41696,14,19,31,5,out
41706,0,5,25,4,out
41706,0,7,25,4,in
41711,18,4,32,8,going
41711,18,6,32,8,coming
41722,7,9,27,3,out
41732,19,19,19,5,in
41734,0,6,25,4,going
41734,14,19,31,5,coming
41739,3,19,3,5,going
41740,1,19,1,5,going
41740,1,0,1,5,coming
41740,1,1,1,5,coming
41742,11,4,11,2,out
41742,11,6,11,2,in
41743,16,4,16,2,out
41743,16,6,16,2,in
41747,10,5,34,9,out
41747,10,7,34,9,in
41747,13,7,13,4,out
41750,7,12,27,3,coming
41760,17,2,17,9,in
41763,15,9,36,4,in
41766,2,1,2,3,out
41766,2,3,2,3,in
41766,4,1,4,3,out
41766,4,3,4,3,in
41766,5,1,5,3,out
41766,5,3,5,3,in
41766,8,1,8,3,out
41766,8,3,8,3,in
41770,11,5,11,2,going
41770,11,7,11,2,coming
41771,16,5,16,2,going
41771,16,7,16,2,coming
41773,18,5,32,8,going
41773,18,1,32,8,coming
41775,10,6,34,9,going
41775,10,8,34,9,coming
41775,13,10,13,4,coming
41783,6,2,28,5,out
41783,6,4,28,5,in
41785,9,2,33,1,in
41786,12,11,12,4,in
41786,12,11,12,4,going
41788,17,1,17,9,going
41788,17,3,17,9,coming
41789,12,10,12,4,out
41789,12,10,12,4,coming
41794,2,2,2,3,going
41794,2,4,2,3,coming
41794,4,2,4,3,going
41794,4,4,4,3,coming
41794,5,2,5,3,going
41794,5,4,5,3,coming
41794,8,2,8,3,going
41794,8,4,8,3,coming
41811,18,4,32,8,out
41811,18,6,32,8,in
41811,6,3,28,5,going
41811,6,5,28,5,coming
41811,18,6,32,8,going
41812,19,19,19,5,going
41812,19,0,19,5,coming
41812,19,1,19,5,coming
41813,9,1,33,1,going
41813,9,3,33,1,coming
41834,0,6,25,4,out
41834,14,19,31,5,in
41839,3,19,3,5,out
41840,1,0,1,5,in
41840,1,1,1,5,in
41840,1,19,1,5,out
41850,7,12,27,3,in
41862,0,7,25,4,going
41870,11,5,11,2,out
41870,11,7,11,2,in
41871,16,5,16,2,out
41871,16,7,16,2,in
41873,18,1,32,8,in
41873,18,5,32,8,out
41875,10,6,34,9,out
41875,10,8,34,9,in
41875,13,10,13,4,in
41877,3,19,3,5,coming
41878,7,13,27,3,coming
41886,12,11,12,4,out
41888,17,1,17,9,out
41888,17,3,17,9,in
41889,12,10,12,4,in
41891,15,9,36,4,going
41894,2,2,2,3,out
41894,2,4,2,3,in
41894,4,2,4,3,out
41894,4,4,4,3,in
41894,5,2,5,3,out
41894,5,4,5,3,in
41894,8,2,8,3,out
41894,8,4,8,3,in
41898,11,6,11,2,going
41898,11,8,11,2,coming
41899,16,6,16,2,going
41899,16,8,16,2,coming
41901,18,2,32,8,coming
41903,10,7,34,9,going
41903,10,9,34,9,coming
41903,12,11,12,4,coming
41903,13,11,13,4,coming
41906,12,10,12,4,going
41906,13,10,13,4,going
41911,6,3,28,5,out
41911,6,5,28,5,in
41911,18,6,32,8,out
41912,19,0,19,5,in
41912,19,1,19,5,in
41912,19,19,19,5,out
41913,9,1,33,1,out
41913,9,3,33,1,in
41913,14,19,31,5,going
41916,17,2,17,9,going
41916,17,4,17,9,coming
41922,2,3,2,3,going
41922,2,5,2,3,coming
41922,4,3,4,3,going
41922,4,5,4,3,coming
41922,5,3,5,3,going
41922,5,5,5,3,coming
41922,8,3,8,3,going
41922,8,5,8,3,coming
41939,6,4,28,5,going
41939,6,6,28,5,coming
41941,9,2,33,1,going
41941,9,4,33,1,coming
41962,0,7,25,4,out
41968,1,0,1,5,going
41968,1,2,1,5,coming
41977,3,19,3,5,in
41978,7,13,27,3,in
41991,15,9,36,4,out
41991,15,9,36,4,coming
41998,11,6,11,2,out
41998,11,8,11,2,in
41999,16,6,16,2,out
41999,16,8,16,2,in
42001,18,2,32,8,in
42003,10,7,34,9,out
42003,10,9,34,9,in
42003,12,11,12,4,in
42003,13,11,13,4,in
42003,12,11,12,4,going
42003,13,11,13,4,going
42006,12,10,12,4,out
42006,13,10,13,4,out
42006,7,12,27,3,going
42006,7,14,27,3,coming
42006,12,10,12,4,coming
42006,13,10,13,4,coming
42013,14,19,31,5,out
42016,17,2,17,9,out
42016,17,4,17,9,in
42022,2,3,2,3,out
42022,2,5,2,3,in
42022,4,3,4,3,out
42022,4,5,4,3,in
42022,5,3,5,3,out
42022,5,5,5,3,in
42022,8,3,8,3,out
42022,8,5,8,3,in
42026,11,7,11,2,going
42026,11,9,11,2,coming
42027,16,7,16,2,going
42027,16,9,16,2,coming
42029,18,1,32,8,going
42029,18,3,32,8,coming
42031,10,8,34,9,going
42031,10,10,34,9,coming
42039,6,4,28,5,out
42039,6,6,28,5,in
42040,19,0,19,5,going
42040,19,2,19,5,coming
42041,9,2,33,1,out
42041,9,4,33,1,in
42044,17,3,17,9,going
42044,17,5,17,9,coming
42050,2,4,2,3,going
42050,2,6,2,3,coming
42050,4,4,4,3,going
42050,4,6,4,3,coming
42050,5,4,5,3,going
42050,5,6,5,3,coming
42050,8,4,8,3,going
42050,8,6,8,3,coming
42051,14,19,31,5,coming
42056,3,19,3,5,going
42067,6,5,28,5,going
42067,6,7,28,5,coming
42068,1,0,1,5,out
42068,1,2,1,5,in
42069,9,3,33,1,going
42069,9,5,33,1,coming
42091,15,9,36,4,in
42096,1,1,1,5,going
42096,1,3,1,5,coming
42103,12,11,12,4,out
42103,13,11,13,4,out
42106,7,12,27,3,out
42106,7,14,27,3,in
42106,12,10,12,4,in
42106,13,10,13,4,in
42120,12,11,12,4,coming
42120,13,11,13,4,coming
42123,12,10,12,4,going
42123,13,10,13,4,going
42126,11,7,11,2,out
42126,11,9,11,2,in
42127,16,7,16,2,out
42127,16,9,16,2,in
42129,18,1,32,8,out
42129,18,3,32,8,in
42131,10,8,34,9,out
42131,10,10,34,9,in
42134,7,13,27,3,going
42134,7,15,27,3,coming
42140,19,0,19,5,out
42140,19,2,19,5,in
42144,17,3,17,9,out
42144,17,5,17,9,in
42150,2,4,2,3,out
42150,2,6,2,3,in
42150,4,4,4,3,out
42150,4,6,4,3,in
42150,5,4,5,3,out
42150,5,6,5,3,in
42150,8,4,8,3,out
42150,8,6,8,3,in
42151,14,19,31,5,in
42154,11,8,11,2,going
42154,11,10,11,2,coming
42155,16,8,16,2,going
42155,16,10,16,2,coming
42156,3,19,3,5,out
42157,18,2,32,8,going
42157,18,4,32,8,coming
42159,10,9,34,9,going
42159,10,11,34,9,coming
42167,6,5,28,5,out
42167,6,7,28,5,in
42168,19,1,19,5,going
42168,19,3,19,5,coming
42169,9,3,33,1,out
42169,9,5,33,1,in
42172,17,4,17,9,going
42172,17,6,17,9,coming
42178,2,5,2,3,going
42178,2,7,2,3,coming
42178,4,5,4,3,going
42178,4,7,4,3,coming
42178,5,5,5,3,going
42178,5,7,5,3,coming
42178,8,5,8,3,going
42178,8,7,8,3,coming
42194,3,19,3,5,coming
42195,6,6,28,5,going
42195,6,8,28,5,coming
42196,1,1,1,5,out
42196,1,3,1,5,in
42197,9,4,33,1,going
42197,9,6,33,1,coming
42220,12,11,12,4,in
42220,13,11,13,4,in
42220,12,11,12,4,going
42220,13,11,13,4,going
42223,12,10,12,4,out
42223,13,10,13,4,out
42223,12,10,12,4,coming
42223,13,10,13,4,coming
42224,1,2,1,5,going
42224,1,4,1,5,coming
42230,14,19,31,5,going
42234,7,13,27,3,out
42234,7,15,27,3,in
42254,11,8,11,2,out
42254,11,10,11,2,in
42255,16,8,16,2,out
42255,16,10,16,2,in
42257,18,2,32,8,out
42257,18,4,32,8,in
42259,10,9,34,9,out
42259,10,11,34,9,in
42262,7,14,27,3,going
42262,7,16,27,3,coming
42268,19,1,19,5,out
42268,19,3,19,5,in
42272,17,4,17,9,out
42272,17,6,17,9,in
42278,2,5,2,3,out
42278,2,7,2,3,in
42278,4,5,4,3,out
42278,4,7,4,3,in
42278,5,5,5,3,out
42278,5,7,5,3,in
42278,8,5,8,3,out
42278,8,7,8,3,in
42282,11,9,11,2,going
42282,11,11,11,2,coming
42283,16,9,16,2,going
42283,16,11,16,2,coming
42285,18,3,32,8,going
42285,18,5,32,8,coming
42287,10,10,34,9,going
42287,10,12,34,9,coming
42294,3,19,3,5,in
42295,6,6,28,5,out
42295,6,8,28,5,in
42296,19,2,19,5,going
42296,19,4,19,5,coming
42297,9,4,33,1,out
42297,9,6,33,1,in
42300,17,5,17,9,going
42300,17,7,17,9,coming
42306,2,6,2,3,going
42306,2,8,2,3,coming
42306,4,6,4,3,going
42306,4,8,4,3,coming
42306,5,6,5,3,going
42306,5,8,5,3,coming
42306,8,6,8,3,going
42306,8,8,8,3,coming
42320,12,11,12,4,out
42320,13,11,13,4,out
42323,12,10,12,4,in
42323,13,10,13,4,in
42323,6,7,28,5,going
42323,6,9,28,5,coming
42324,1,2,1,5,out
42324,1,4,1,5,in
42325,9,5,33,1,going
42325,9,7,33,1,coming
42330,14,19,31,5,out
42337,12,11,12,4,coming
42337,13,11,13,4,coming
42340,12,10,12,4,going
42340,13,10,13,4,going
42352,1,3,1,5,going
42352,1,5,1,5,coming
42362,7,14,27,3,out
42362,7,16,27,3,in
42368,14,19,31,5,coming
42373,3,19,3,5,going
42381,10,11,34,9,going
42381,10,1,34,9,coming
42382,11,9,11,2,out
42382,11,11,11,2,in
42383,16,9,16,2,out
42383,16,11,16,2,in
42385,18,3,32,8,out
42385,18,5,32,8,in
42387,10,10,34,9,out
42387,10,12,34,9,in
42387,10,12,34,9,going
42390,7,15,27,3,going
42390,7,17,27,3,coming
42396,19,2,19,5,out
42396,19,4,19,5,in
42400,17,5,17,9,out
42400,17,7,17,9,in
42406,2,6,2,3,out
42406,2,8,2,3,in
42406,4,6,4,3,out
42406,4,8,4,3,in
42406,5,6,5,3,out
42406,5,8,5,3,in
42406,8,6,8,3,out
42406,8,8,8,3,in
42410,11,10,11,2,going
42410,11,12,11,2,coming
42411,16,10,16,2,going
42411,16,12,16,2,coming
42413,18,4,32,8,going
42413,18,6,32,8,coming
42423,6,7,28,5,out
42423,6,9,28,5,in
42424,19,3,19,5,going
42424,19,5,19,5,coming
42425,9,5,33,1,out
42425,9,7,33,1,in
42428,17,6,17,9,going
42428,17,8,17,9,coming
42432,11,11,11,2,going
42432,11,1,11,2,coming
42433,16,11,16,2,going
42433,16,1,16,2,coming
42434,2,7,2,3,going
42434,2,9,2,3,coming
42434,4,7,4,3,going
42434,4,9,4,3,coming
42434,5,7,5,3,going
42434,5,9,5,3,coming
42434,8,7,8,3,going
42434,8,9,8,3,coming
42437,12,11,12,4,in
42437,13,11,13,4,in
42437,12,11,12,4,going
42437,13,11,13,4,going
42440,12,10,12,4,out
42440,13,10,13,4,out
42440,12,10,12,4,coming
42440,13,10,13,4,coming
42451,6,8,28,5,going
42452,1,3,1,5,out
42452,1,5,1,5,in
42453,9,6,33,1,going
42453,9,8,33,1,coming
42468,14,19,31,5,in
42472,7,16,27,3,going
42472,7,1,27,3,coming
42473,3,19,3,5,out
42475,18,5,32,8,going
42475,18,1,32,8,coming
42480,1,4,1,5,going
42480,1,6,1,5,coming
42481,10,1,34,9,in
42481,10,11,34,9,out
42487,10,12,34,9,out
42490,7,15,27,3,out
42490,7,17,27,3,in
42490,7,17,27,3,going
42509,10,2,34,9,coming
42510,11,10,11,2,out
42510,11,12,11,2,in
42510,11,12,11,2,going
42511,16,10,16,2,out
42511,16,12,16,2,in
42511,3,19,3,5,coming
42511,16,12,16,2,going
42513,18,4,32,8,out
42513,18,6,32,8,in
42513,18,6,32,8,going
42524,19,3,19,5,out
42524,19,5,19,5,in
42528,17,6,17,9,out
42528,17,8,17,9,in
42532,11,1,11,2,in
42532,11,11,11,2,out
42533,16,1,16,2,in
42533,16,11,16,2,out
42534,2,7,2,3,out
42534,2,9,2,3,in
42534,4,7,4,3,out
42534,4,9,4,3,in
42534,5,7,5,3,out
42534,5,9,5,3,in
42534,8,7,8,3,out
42534,8,9,8,3,in
42537,12,11,12,4,out
42537,13,11,13,4,out
42540,12,10,12,4,in
42540,13,10,13,4,in
42547,14,19,31,5,going
42551,6,8,28,5,out
42552,19,4,19,5,going
42552,19,6,19,5,coming
42553,9,6,33,1,out
42553,9,8,33,1,in
42554,12,11,12,4,coming
42554,13,11,13,4,coming
42556,17,7,17,9,going
42556,17,9,17,9,coming
42557,12,10,12,4,going
42557,13,10,13,4,going
42560,11,2,11,2,coming
42561,16,2,16,2,coming
42562,2,8,2,3,going
42562,2,10,2,3,coming
42562,4,8,4,3,going
42562,4,10,4,3,coming
42562,5,8,5,3,going
42562,5,10,5,3,coming
42562,8,8,8,3,going
42562,8,10,8,3,coming
42572,7,1,27,3,in
42572,7,16,27,3,out
42575,18,1,32,8,in
42575,18,5,32,8,out
42579,6,9,28,5,going
42580,1,4,1,5,out
42580,1,6,1,5,in
42581,9,7,33,1,going
42581,9,9,33,1,coming
42590,7,17,27,3,out
42600,7,2,27,3,coming
42603,18,2,32,8,coming
42608,1,5,1,5,going
42608,1,7,1,5,coming
42609,10,2,34,9,in
42610,11,12,11,2,out
42611,3,19,3,5,in
42611,16,12,16,2,out
42613,18,6,32,8,out
42637,10,1,34,9,going
42637,10,3,34,9,coming
42647,14,19,31,5,out
42652,19,4,19,5,out
42652,19,6,19,5,in
42654,12,11,12,4,in
42654,13,11,13,4,in
42654,12,11,12,4,going
42654,13,11,13,4,going
42656,17,7,17,9,out
42656,17,9,17,9,in
42657,12,10,12,4,out
42657,13,10,13,4,out
42657,12,10,12,4,coming
42657,13,10,13,4,coming
42660,11,2,11,2,in
42661,16,2,16,2,in
42662,2,8,2,3,out
42662,2,10,2,3,in
42662,4,8,4,3,out
42662,4,10,4,3,in
42662,5,8,5,3,out
42662,5,10,5,3,in
42662,8,8,8,3,out
42662,8,10,8,3,in
42679,6,9,28,5,out
42680,19,5,19,5,going
42680,19,7,19,5,coming
42681,9,7,33,1,out
42681,9,9,33,1,in
42684,17,8,17,9,going
42684,17,10,17,9,coming
42685,14,19,31,5,coming
42688,11,1,11,2,going
42688,11,3,11,2,coming
42689,16,1,16,2,going
42689,16,3,16,2,coming
42690,2,9,2,3,going
42690,2,11,2,3,coming
42690,3,19,3,5,going
42690,4,9,4,3,going
42690,4,11,4,3,coming
42690,5,9,5,3,going
42690,5,11,5,3,coming
42690,8,9,8,3,going
42690,8,11,8,3,coming
42700,7,2,27,3,in
42703,18,2,32,8,in
42707,6,12,28,5,coming
42708,1,5,1,5,out
42708,1,7,1,5,in
42709,9,8,33,1,going
42709,9,10,33,1,coming
42728,7,1,27,3,going
42728,7,3,27,3,coming
42731,18,1,32,8,going
42731,18,3,32,8,coming
42736,1,6,1,5,going
42736,1,8,1,5,coming
42737,10,1,34,9,out
42737,10,3,34,9,in
42754,12,11,12,4,out
42754,13,11,13,4,out
42757,12,10,12,4,in
42757,13,10,13,4,in
42765,10,2,34,9,going
42765,10,4,34,9,coming
42771,12,11,12,4,coming
42771,13,11,13,4,coming
42774,12,10,12,4,going
42774,13,10,13,4,going
42780,19,5,19,5,out
42780,19,7,19,5,in
42784,17,8,17,9,out
42784,17,10,17,9,in
42785,14,19,31,5,in
42788,11,1,11,2,out
42788,11,3,11,2,in
42789,16,1,16,2,out
42789,16,3,16,2,in
42790,2,9,2,3,out
42790,2,11,2,3,in
42790,3,19,3,5,out
42790,4,9,4,3,out
42790,4,11,4,3,in
42790,5,9,5,3,out
42790,5,11,5,3,in
42790,8,9,8,3,out
42790,8,11,8,3,in
42807,6,12,28,5,in
42808,19,6,19,5,going
42808,19,8,19,5,coming
42809,9,8,33,1,out
42809,9,10,33,1,in
42812,17,9,17,9,going
42812,17,11,17,9,coming
42816,11,2,11,2,going
42816,11,4,11,2,coming
42817,16,2,16,2,going
42817,16,4,16,2,coming
42818,2,10,2,3,going
42818,2,12,2,3,coming
42818,4,10,4,3,going
42818,4,12,4,3,coming
42818,5,10,5,3,going
42818,5,12,5,3,coming
42818,8,10,8,3,going
42818,8,12,8,3,coming
42828,7,1,27,3,out
42828,7,3,27,3,in
42828,3,19,3,5,coming
42831,18,1,32,8,out
42831,18,3,32,8,in
42835,6,13,28,5,coming
42836,1,6,1,5,out
42836,1,8,1,5,in
42837,9,9,33,1,going
42837,9,11,33,1,coming
42856,7,2,27,3,going
42856,7,4,27,3,coming
42859,18,2,32,8,going
42859,18,4,32,8,coming
42864,1,7,1,5,going
42864,1,9,1,5,coming
42864,14,19,31,5,going
42865,10,2,34,9,out
42865,10,4,34,9,in
42871,12,11,12,4,in
42871,13,11,13,4,in
42871,12,11,12,4,going
42871,13,11,13,4,going
42874,12,10,12,4,out
42874,13,10,13,4,out
42874,12,10,12,4,coming
42874,13,10,13,4,coming
42893,10,3,34,9,going
42893,10,5,34,9,coming
42908,19,6,19,5,out
42908,19,8,19,5,in
42912,17,9,17,9,out
42912,17,11,17,9,in
42916,11,2,11,2,out
42916,11,4,11,2,in
42917,16,2,16,2,out
42917,16,4,16,2,in
42918,2,10,2,3,out
42918,2,12,2,3,in
42918,4,10,4,3,out
42918,4,12,4,3,in
42918,5,10,5,3,out
42918,5,12,5,3,in
42918,8,10,8,3,out
42918,8,12,8,3,in
42928,3,19,3,5,in
42935,6,13,28,5,in
42936,19,7,19,5,going
42936,19,9,19,5,coming
42937,9,9,33,1,out
42937,9,11,33,1,in
42940,17,10,17,9,going
42940,17,12,17,9,coming
42944,11,3,11,2,going
42944,11,5,11,2,coming
42945,16,3,16,2,going
42945,16,5,16,2,coming
42946,2,11,2,3,going
42946,2,13,2,3,coming
42946,4,11,4,3,going
42946,4,13,4,3,coming
42946,5,11,5,3,going
42946,5,13,5,3,coming
42946,8,11,8,3,going
42946,8,13,8,3,coming
42956,7,2,27,3,out
42956,7,4,27,3,in
42959,18,2,32,8,out
42959,18,4,32,8,in
42963,6,12,28,5,going
42963,6,14,28,5,coming
42964,1,7,1,5,out
42964,1,9,1,5,in
42964,14,19,31,5,out
42965,9,10,33,1,going
42965,9,12,33,1,coming
42971,12,11,12,4,out
42971,13,11,13,4,out
42974,12,10,12,4,in
42974,13,10,13,4,in
42984,7,3,27,3,going
42984,7,5,27,3,coming
42987,18,3,32,8,going
42987,18,5,32,8,coming
42988,12,11,12,4,coming
42988,13,11,13,4,coming
42991,12,10,12,4,going
42991,13,10,13,4,going
42992,1,8,1,5,going
42992,1,10,1,5,coming
42993,10,3,34,9,out
42993,10,5,34,9,in
43002,14,19,31,5,coming
43007,3,19,3,5,going
43021,10,4,34,9,going
43021,10,6,34,9,coming
43034,17,11,17,9,going
43034,17,1,17,9,coming
43036,19,7,19,5,out
43036,19,9,19,5,in
43040,17,10,17,9,out
43040,17,12,17,9,in
43040,17,12,17,9,going
43044,11,3,11,2,out
43044,11,5,11,2,in
43045,16,3,16,2,out
43045,16,5,16,2,in
43046,2,11,2,3,out
43046,2,13,2,3,in
43046,4,11,4,3,out
43046,4,13,4,3,in
43046,5,11,5,3,out
43046,5,13,5,3,in
43046,8,11,8,3,out
43046,8,13,8,3,in
43058,9,11,33,1,going
43058,9,18,33,1,coming
43058,9,19,33,1,coming
43063,6,12,28,5,out
43063,6,14,28,5,in
43064,19,8,19,5,going
43064,19,10,19,5,coming
43065,9,10,33,1,out
43065,9,12,33,1,in
43065,9,12,33,1,going
43072,11,4,11,2,going
43072,11,6,11,2,coming
43073,16,4,16,2,going
43073,16,6,16,2,coming
43074,2,12,2,3,going
43074,2,14,2,3,coming
43074,4,12,4,3,going
43074,4,14,4,3,coming
43074,5,12,5,3,going
43074,5,14,5,3,coming
43074,8,12,8,3,going
43074,8,14,8,3,coming
43084,7,3,27,3,out
43084,7,5,27,3,in
43087,18,3,32,8,out
43087,18,5,32,8,in
43088,12,11,12,4,in
43088,13,11,13,4,in
43088,12,11,12,4,going
43088,13,11,13,4,going
43091,12,10,12,4,out
43091,13,10,13,4,out
43091,6,13,28,5,going
43091,6,15,28,5,coming
43091,12,10,12,4,coming
43091,13,10,13,4,coming
43092,1,8,1,5,out
43092,1,10,1,5,in
43102,14,19,31,5,in
43107,3,19,3,5,out
43112,7,4,27,3,going
43112,7,6,27,3,coming
43115,18,4,32,8,going
43115,18,6,32,8,coming
43120,1,9,1,5,going
43120,1,11,1,5,coming
43121,10,4,34,9,out
43121,10,6,34,9,in
43134,17,1,17,9,in
43134,17,11,17,9,out
43140,17,12,17,9,out
43145,3,19,3,5,coming
43149,10,5,34,9,going
43149,10,7,34,9,coming
43158,9,11,33,1,out
43158,9,18,33,1,in
43158,9,19,33,1,in
43162,17,2,17,9,coming
43164,19,8,19,5,out
43164,19,10,19,5,in
43165,9,12,33,1,out
43172,11,4,11,2,out
43172,11,6,11,2,in
43173,16,4,16,2,out
43173,16,6,16,2,in
43174,2,12,2,3,out
43174,2,14,2,3,in
43174,4,12,4,3,out
43174,4,14,4,3,in
43174,5,12,5,3,out
43174,5,14,5,3,in
43174,8,12,8,3,out
43174,8,14,8,3,in
43177,18,5,32,8,going
43177,18,1,32,8,coming
43181,14,19,31,5,going
43188,12,11,12,4,out
43188,13,11,13,4,out
43188,9,18,33,1,going
43191,6,13,28,5,out
43191,6,15,28,5,in
43191,12,10,12,4,in
43191,13,10,13,4,in
43192,19,9,19,5,going
43192,19,11,19,5,coming
43200,11,5,11,2,going
43200,11,7,11,2,coming
43201,16,5,16,2,going
43201,16,7,16,2,coming
43202,2,13,2,3,going
43202,2,15,2,3,coming
43202,4,13,4,3,going
43202,4,15,4,3,coming
43202,5,13,5,3,going
43202,5,15,5,3,coming
43202,8,13,8,3,going
43202,8,15,8,3,coming
43205,12,11,12,4,coming
43205,13,11,13,4,coming
43208,12,10,12,4,going
43208,13,10,13,4,going
43212,7,4,27,3,out
43212,7,6,27,3,in
43215,18,4,32,8,out
43215,18,6,32,8,in
43215,18,6,32,8,going
43219,6,14,28,5,going
43220,1,9,1,5,out
43220,1,11,1,5,in
43240,7,5,27,3,going
43240,7,7,27,3,coming
43245,3,19,3,5,in
43248,1,10,1,5,going
43248,1,12,1,5,coming
43249,10,5,34,9,out
43249,10,7,34,9,in
43262,17,2,17,9,in
43277,18,1,32,8,in
43277,18,5,32,8,out
43277,10,6,34,9,going
43277,10,8,34,9,coming
43281,14,19,31,5,out
43288,9,18,33,1,out
43290,9,19,33,1,going
43290,9,1,33,1,coming
43290,17,1,17,9,going
43290,17,3,17,9,coming
43292,19,9,19,5,out
43292,19,11,19,5,in
43300,11,5,11,2,out
43300,11,7,11,2,in
43301,16,5,16,2,out
43301,16,7,16,2,in
43302,2,13,2,3,out
43302,2,15,2,3,in
43302,4,13,4,3,out
43302,4,15,4,3,in
43302,5,13,5,3,out
43302,5,15,5,3,in
43302,8,13,8,3,out
43302,8,15,8,3,in
43305,12,11,12,4,in
43305,13,11,13,4,in
43305,12,11,12,4,going
43305,13,11,13,4,going
43305,18,2,32,8,coming
43308,12,10,12,4,out
43308,13,10,13,4,out
43308,12,10,12,4,coming
43308,13,10,13,4,coming
43315,18,6,32,8,out
43319,6,14,28,5,out
43319,14,19,31,5,coming
43320,19,10,19,5,going
43320,19,12,19,5,coming
43324,3,19,3,5,going
43328,11,6,11,2,going
43328,11,8,11,2,coming
43329,16,6,16,2,going
43329,16,8,16,2,coming
43330,2,14,2,3,going
43330,2,16,2,3,coming
43330,4,14,4,3,going
43330,4,16,4,3,coming
43330,5,14,5,3,going
43330,5,16,5,3,coming
43330,8,14,8,3,going
43330,8,16,8,3,coming
43340,7,5,27,3,out
43340,7,7,27,3,in
43347,6,15,28,5,going
43348,1,10,1,5,out
43348,1,12,1,5,in
43368,7,6,27,3,going
43368,7,8,27,3,coming
43376,1,11,1,5,going
43376,1,13,1,5,coming
43377,10,6,34,9,out
43377,10,8,34,9,in
43390,9,1,33,1,in
43390,9,19,33,1,out
43390,17,1,17,9,out
43390,17,3,17,9,in
43405,12,11,12,4,out
43405,13,11,13,4,out
43405,18,2,32,8,in
43405,10,7,34,9,going
43405,10,9,34,9,coming
43408,12,10,12,4,in
43408,13,10,13,4,in
43418,9,2,33,1,coming
43418,17,2,17,9,going
43418,17,4,17,9,coming
43419,14,19,31,5,in
43420,19,10,19,5,out
43420,19,12,19,5,in
43422,12,11,12,4,coming
43422,13,11,13,4,coming
43424,3,19,3,5,out
43425,12,10,12,4,going
43425,13,10,13,4,going
43428,11,6,11,2,out
43428,11,8,11,2,in
43429,16,6,16,2,out
43429,16,8,16,2,in
43430,2,14,2,3,out
43430,2,16,2,3,in
43430,4,14,4,3,out
43430,4,16,4,3,in
43430,5,14,5,3,out
43430,5,16,5,3,in
43430,8,14,8,3,out
43430,8,16,8,3,in
43433,18,1,32,8,going
43433,18,3,32,8,coming
43447,6,15,28,5,out
43448,19,11,19,5,going
43448,19,13,19,5,coming
43456,11,7,11,2,going
43456,11,9,11,2,coming
43457,16,7,16,2,going
43457,16,9,16,2,coming
43458,2,15,2,3,going
43458,2,17,2,3,coming
43458,4,15,4,3,going
43458,4,17,4,3,coming
43458,5,15,5,3,going
43458,5,17,5,3,coming
43458,8,15,8,3,going
43458,8,17,8,3,coming
43462,3,19,3,5,coming
43468,7,6,27,3,out
43468,7,8,27,3,in
43476,1,11,1,5,out
43476,1,13,1,5,in
43496,7,7,27,3,going
43496,7,9,27,3,coming
43498,14,19,31,5,going
43504,1,12,1,5,going
43504,1,14,1,5,coming
43505,10,7,34,9,out
43505,10,9,34,9,in
43518,9,2,33,1,in
43518,17,2,17,9,out
43518,17,4,17,9,in
43522,12,11,12,4,in
43522,13,11,13,4,in
43522,12,11,12,4,going
43522,13,11,13,4,going
43525,12,10,12,4,out
43525,13,10,13,4,out
43525,12,10,12,4,coming
43525,13,10,13,4,coming
43533,18,1,32,8,out
43533,18,3,32,8,in
43533,10,8,34,9,going
43533,10,10,34,9,coming
43540,2,16,2,3,going
43540,2,1,2,3,coming
43540,4,16,4,3,going
43540,4,1,4,3,coming
43540,5,16,5,3,going
43540,5,1,5,3,coming
43540,8,16,8,3,going
43540,8,1,8,3,coming
43546,9,1,33,1,going
43546,9,3,33,1,coming
43546,17,3,17,9,going
43546,17,5,17,9,coming
43548,19,11,19,5,out
43548,19,13,19,5,in
43556,11,7,11,2,out
43556,11,9,11,2,in
43557,16,7,16,2,out
43557,16,9,16,2,in
43558,2,15,2,3,out
43558,2,17,2,3,in
43558,4,15,4,3,out
43558,4,17,4,3,in
43558,5,15,5,3,out
43558,5,17,5,3,in
43558,8,15,8,3,out
43558,8,17,8,3,in
43558,2,17,2,3,going
43558,4,17,4,3,going
43558,5,17,5,3,going
43558,8,17,8,3,going
43561,18,2,32,8,going
43561,18,4,32,8,coming
43562,3,19,3,5,in
43576,19,12,19,5,going
43576,19,14,19,5,coming
43584,11,8,11,2,going
43584,11,10,11,2,coming
43585,16,8,16,2,going
43585,16,10,16,2,coming
43596,7,7,27,3,out
43596,7,9,27,3,in
43598,14,19,31,5,out
43603,6,19,28,5,coming
43604,1,12,1,5,out
43604,1,14,1,5,in
43622,12,11,12,4,out
43622,13,11,13,4,out
43624,7,8,27,3,going
43625,12,10,12,4,in
43625,13,10,13,4,in
43632,1,13,1,5,going
43632,1,15,1,5,coming
43633,10,8,34,9,out
43633,10,10,34,9,in
43636,14,19,31,5,coming
43639,12,11,12,4,coming
43639,13,11,13,4,coming
43640,2,1,2,3,in
43640,2,16,2,3,out
43640,4,1,4,3,in
43640,4,16,4,3,out
43640,5,1,5,3,in
43640,5,16,5,3,out
43640,8,1,8,3,in
43640,8,16,8,3,out
43641,3,19,3,5,going
43642,13,10,13,4,going
43643,12,10,12,4,going
43643,12,0,12,4,coming
43643,12,1,12,4,coming
43646,9,1,33,1,out
43646,9,3,33,1,in
43646,17,3,17,9,out
43646,17,5,17,9,in
43658,2,17,2,3,out
43658,4,17,4,3,out
43658,5,17,5,3,out
43658,8,17,8,3,out
43661,18,2,32,8,out
43661,18,4,32,8,in
43661,10,9,34,9,going
43661,10,11,34,9,coming
43668,2,2,2,3,coming
43668,4,2,4,3,coming
43668,5,2,5,3,coming
43668,8,2,8,3,coming
43674,9,2,33,1,going
43674,9,4,33,1,coming
43674,17,4,17,9,going
43674,17,6,17,9,coming
43676,19,12,19,5,out
43676,19,14,19,5,in
43684,11,8,11,2,out
43684,11,10,11,2,in
43685,16,8,16,2,out
43685,16,10,16,2,in
43689,18,3,32,8,going
43689,18,5,32,8,coming
43703,6,19,28,5,in
43704,19,13,19,5,going
43704,19,15,19,5,coming
43712,11,9,11,2,going
43712,11,11,11,2,coming
43713,16,9,16,2,going
43713,16,11,16,2,coming
43724,7,8,27,3,out
43732,1,13,1,5,out
43732,1,15,1,5,in
43736,14,19,31,5,in
43739,12,11,12,4,in
43739,13,11,13,4,in
43739,12,11,12,4,going
43739,13,11,13,4,going
43741,3,19,3,5,out
43742,13,10,13,4,out
43742,13,10,13,4,coming
43743,12,0,12,4,in
43743,12,1,12,4,in
43743,12,10,12,4,out
43752,7,9,27,3,going
43760,1,14,1,5,going
43761,10,9,34,9,out
43761,10,11,34,9,in
43768,2,2,2,3,in
43768,4,2,4,3,in
43768,5,2,5,3,in
43768,8,2,8,3,in
43774,9,2,33,1,out
43774,9,4,33,1,in
43774,17,4,17,9,out
43774,17,6,17,9,in
43779,3,19,3,5,coming
43782,6,19,28,5,going
43789,18,3,32,8,out
43789,18,5,32,8,in
43789,10,10,34,9,going
43789,10,12,34,9,coming
43796,2,1,2,3,going
43796,2,3,2,3,coming
43796,4,1,4,3,going
43796,4,3,4,3,coming
43796,5,1,5,3,going
43796,5,3,5,3,coming
43796,8,1,8,3,going
43796,8,3,8,3,coming
43802,9,3,33,1,going
43802,9,5,33,1,coming
43802,17,5,17,9,going
43802,17,7,17,9,coming
43804,19,13,19,5,out
43804,19,15,19,5,in
43812,11,9,11,2,out
43812,11,11,11,2,in
43813,16,9,16,2,out
43813,16,11,16,2,in
43815,14,19,31,5,going
43817,18,4,32,8,going
43817,18,6,32,8,coming
43832,19,14,19,5,going
43839,12,11,12,4,out
43839,13,11,13,4,out
43840,11,10,11,2,going
43840,11,12,11,2,coming
43841,16,10,16,2,going
43841,16,12,16,2,coming
43842,13,10,13,4,in
43852,7,9,27,3,out
43856,13,11,13,4,coming
43859,13,10,13,4,going
43860,1,14,1,5,out
43862,11,11,11,2,going
43862,11,1,11,2,coming
43864,16,0,16,2,out
43864,16,1,16,2,out
43864,16,2,16,2,out
43864,16,3,16,2,out
43864,16,4,16,2,out
43864,16,5,16,2,out
43864,16,6,16,2,out
43864,16,7,16,2,out
43864,16,8,16,2,out
43864,16,9,16,2,out
43864,16,10,16,2,out
43864,16,11,16,2,out
43864,16,12,16,2,out
43864,16,13,16,2,out
43864,16,14,16,2,out
43864,16,15,16,2,out
43864,16,16,16,2,out
43864,16,17,16,2,out
43864,16,18,16,2,out
43864,16,19,16,2,out
43864,16,0,37,7,coming
43864,16,1,37,7,coming
43871,12,0,12,4,going
43871,12,2,12,4,coming
43879,3,19,3,5,in
43879,18,5,32,8,going
43879,18,1,32,8,coming
43880,7,12,27,3,coming
43882,6,19,28,5,out
43883,10,11,34,9,going
43883,10,1,34,9,coming
43888,1,15,1,5,going
43889,10,10,34,9,out
43889,10,12,34,9,in
43889,10,12,34,9,going
43896,2,1,2,3,out
43896,2,3,2,3,in
43896,4,1,4,3,out
43896,4,3,4,3,in
43896,5,1,5,3,out
43896,5,3,5,3,in
43896,8,1,8,3,out
43896,8,3,8,3,in
43902,9,3,33,1,out
43902,9,5,33,1,in
43902,17,5,17,9,out
43902,17,7,17,9,in
43915,14,19,31,5,out
43917,18,4,32,8,out
43917,18,6,32,8,in
43917,18,6,32,8,going
43920,6,19,28,5,coming
43924,2,2,2,3,going
43924,2,4,2,3,coming
43924,4,2,4,3,going
43924,4,4,4,3,coming
43924,5,2,5,3,going
43924,5,4,5,3,coming
43924,8,2,8,3,going
43924,8,4,8,3,coming
43930,9,4,33,1,going
43930,9,6,33,1,coming
43930,17,6,17,9,going
43930,17,8,17,9,coming
43932,19,14,19,5,out
43940,11,10,11,2,out
43940,11,12,11,2,in
43940,11,12,11,2,going
43953,14,19,31,5,coming
43956,13,11,13,4,in
43956,13,11,13,4,going
43958,3,19,3,5,going
43959,13,10,13,4,out
43959,13,10,13,4,coming
43960,19,15,19,5,going
43962,11,1,11,2,in
43962,11,11,11,2,out
43964,16,0,37,7,in
43964,16,1,37,7,in
43971,12,0,12,4,out
43971,12,2,12,4,in
43979,18,1,32,8,in
43979,18,5,32,8,out
43980,7,12,27,3,in
43983,10,1,34,9,in
43983,10,11,34,9,out
43988,1,15,1,5,out
43989,10,12,34,9,out
43990,11,2,11,2,coming
43999,12,1,12,4,going
43999,12,3,12,4,coming
44007,18,2,32,8,coming
44008,7,13,27,3,coming
44011,10,2,34,9,coming
44017,18,6,32,8,out
44020,6,19,28,5,in
44024,2,2,2,3,out
44024,2,4,2,3,in
44024,4,2,4,3,out
44024,4,4,4,3,in
44024,5,2,5,3,out
44024,5,4,5,3,in
44024,8,2,8,3,out
44024,8,4,8,3,in
44030,9,4,33,1,out
44030,9,6,33,1,in
44030,17,6,17,9,out
44030,17,8,17,9,in
44040,11,12,11,2,out
44052,2,3,2,3,going
44052,2,5,2,3,coming
44052,4,3,4,3,going
44052,4,5,4,3,coming
44052,5,3,5,3,going
44052,5,5,5,3,coming
44052,8,3,8,3,going
44052,8,5,8,3,coming
44053,14,19,31,5,in
44056,13,11,13,4,out
44058,3,19,3,5,out
44058,9,5,33,1,going
44058,9,7,33,1,coming
44058,17,7,17,9,going
44058,17,9,17,9,coming
44059,13,10,13,4,in
44060,19,15,19,5,out
44073,13,11,13,4,coming
44076,13,10,13,4,going
44090,11,2,11,2,in
44093,16,2,37,7,coming
44096,3,19,3,5,coming
44099,12,1,12,4,out
44099,12,3,12,4,in
44099,6,19,28,5,going
44107,18,2,32,8,in
44108,7,13,27,3,in
44111,10,2,34,9,in
44118,11,1,11,2,going
44118,11,3,11,2,coming
44127,12,2,12,4,going
44127,12,4,12,4,coming
44132,14,19,31,5,going
44135,18,1,32,8,going
44135,18,3,32,8,coming
44136,7,12,27,3,going
44136,7,14,27,3,coming
44139,10,1,34,9,going
44139,10,3,34,9,coming
44144,1,19,1,5,coming
44152,2,3,2,3,out
44152,2,5,2,3,in
44152,4,3,4,3,out
44152,4,5,4,3,in
44152,5,3,5,3,out
44152,5,5,5,3,in
44152,8,3,8,3,out
44152,8,5,8,3,in
44158,9,5,33,1,out
44158,9,7,33,1,in
44158,17,7,17,9,out
44158,17,9,17,9,in
44173,13,11,13,4,in
44173,13,11,13,4,going
44176,13,10,13,4,out
44176,13,10,13,4,coming
44180,2,4,2,3,going
44180,2,6,2,3,coming
44180,4,4,4,3,going
44180,4,6,4,3,coming
44180,5,4,5,3,going
44180,5,6,5,3,coming
44180,8,4,8,3,going
44180,8,6,8,3,coming
44186,9,6,33,1,going
44186,9,8,33,1,coming
44186,17,8,17,9,going
44186,17,10,17,9,coming
44193,16,2,37,7,in
44196,3,19,3,5,in
44199,6,19,28,5,out
44216,19,19,19,5,coming
44218,11,1,11,2,out
44218,11,3,11,2,in
44221,16,1,37,7,going
44221,16,3,37,7,coming
44227,12,2,12,4,out
44227,12,4,12,4,in
44232,14,19,31,5,out
44235,18,1,32,8,out
44235,18,3,32,8,in
44236,7,12,27,3,out
44236,7,14,27,3,in
44237,6,19,28,5,coming
44239,10,1,34,9,out
44239,10,3,34,9,in
44244,1,19,1,5,in
44246,11,2,11,2,going
44246,11,4,11,2,coming
44255,12,3,12,4,going
44255,12,5,12,4,coming
44263,18,2,32,8,going
44263,18,4,32,8,coming
44264,7,13,27,3,going
44264,7,15,27,3,coming
44267,10,2,34,9,going
44267,10,4,34,9,coming
44270,14,19,31,5,coming
44273,13,11,13,4,out
44275,3,19,3,5,going
44276,13,10,13,4,in
44280,2,4,2,3,out
44280,2,6,2,3,in
44280,4,4,4,3,out
44280,4,6,4,3,in
44280,5,4,5,3,out
44280,5,6,5,3,in
44280,8,4,8,3,out
44280,8,6,8,3,in
44286,9,6,33,1,out
44286,9,8,33,1,in
44286,17,8,17,9,out
44286,17,10,17,9,in
44290,13,11,13,4,coming
44294,13,10,13,4,going
44294,13,0,13,4,coming
44294,13,1,13,4,coming
44308,2,5,2,3,going
44308,2,7,2,3,coming
44308,4,5,4,3,going
44308,4,7,4,3,coming
44308,5,5,5,3,going
44308,5,7,5,3,coming
44308,8,5,8,3,going
44308,8,7,8,3,coming
44314,9,7,33,1,going
44314,9,9,33,1,coming
44314,17,9,17,9,going
44314,17,11,17,9,coming
44316,19,19,19,5,in
44321,16,1,37,7,out
44321,16,3,37,7,in
44323,1,19,1,5,going
44337,6,19,28,5,in
44346,11,2,11,2,out
44346,11,4,11,2,in
44349,16,2,37,7,going
44349,16,4,37,7,coming
44355,12,3,12,4,out
44355,12,5,12,4,in
44363,18,2,32,8,out
44363,18,4,32,8,in
44364,7,13,27,3,out
44364,7,15,27,3,in
44367,10,2,34,9,out
44367,10,4,34,9,in
44370,14,19,31,5,in
44374,11,3,11,2,going
44374,11,5,11,2,coming
44375,3,19,3,5,out
44383,12,4,12,4,going
44383,12,6,12,4,coming
44390,13,11,13,4,in
44390,13,11,13,4,going
44391,18,3,32,8,going
44391,18,5,32,8,coming
44392,7,14,27,3,going
44392,7,16,27,3,coming
44393,15,1,36,4,coming
44394,13,0,13,4,in
44394,13,1,13,4,in
44394,13,10,13,4,out
44395,10,3,34,9,going
44395,10,5,34,9,coming
44395,19,19,19,5,going
44408,2,5,2,3,out
44408,2,7,2,3,in
44408,4,5,4,3,out
44408,4,7,4,3,in
44408,5,5,5,3,out
44408,5,7,5,3,in
44408,8,5,8,3,out
44408,8,7,8,3,in
44413,3,19,3,5,coming
44414,9,7,33,1,out
44414,9,9,33,1,in
44414,17,9,17,9,out
44414,17,11,17,9,in
44416,6,19,28,5,going
44423,1,19,1,5,out
44436,2,6,2,3,going
44436,2,8,2,3,coming
44436,4,6,4,3,going
44436,4,8,4,3,coming
44436,5,6,5,3,going
44436,5,8,5,3,coming
44436,8,6,8,3,going
44436,8,8,8,3,coming
44442,9,8,33,1,going
44442,9,10,33,1,coming
44442,17,10,17,9,going
44442,17,12,17,9,coming
44449,16,2,37,7,out
44449,16,4,37,7,in
44449,14,19,31,5,going
44461,1,19,1,5,coming
44474,11,3,11,2,out
44474,11,5,11,2,in
44477,16,3,37,7,going
44477,16,5,37,7,coming
44483,12,4,12,4,out
44483,12,6,12,4,in
44490,13,11,13,4,out
44491,18,3,32,8,out
44491,18,5,32,8,in
44492,7,14,27,3,out
44492,7,16,27,3,in
44493,15,1,36,4,in
44495,10,3,34,9,out
44495,10,5,34,9,in
44495,19,19,19,5,out
44502,11,4,11,2,going
44502,11,6,11,2,coming
44511,12,5,12,4,going
44511,12,7,12,4,coming
44513,3,19,3,5,in
44516,6,19,28,5,out
44519,18,4,32,8,going
44519,18,6,32,8,coming
44520,7,15,27,3,going
44520,7,17,27,3,coming
44521,15,2,36,4,coming
44522,13,0,13,4,going
44522,13,2,13,4,coming
44523,10,4,34,9,going
44523,10,6,34,9,coming
44533,19,19,19,5,coming
44536,2,6,2,3,out
44536,2,8,2,3,in
44536,4,6,4,3,out
44536,4,8,4,3,in
44536,5,6,5,3,out
44536,5,8,5,3,in
44536,8,6,8,3,out
44536,8,8,8,3,in
44536,17,11,17,9,going
44536,17,1,17,9,coming
44542,9,8,33,1,out
44542,9,10,33,1,in
44542,17,10,17,9,out
44542,17,12,17,9,in
44542,17,12,17,9,going
44549,14,19,31,5,out
44554,6,19,28,5,coming
44561,1,19,1,5,in
44564,2,7,2,3,going
44564,2,9,2,3,coming
44564,4,7,4,3,going
44564,4,9,4,3,coming
44564,5,7,5,3,going
44564,5,9,5,3,coming
44564,8,7,8,3,going
44564,8,9,8,3,coming
44570,9,9,33,1,going
44570,9,11,33,1,coming
44577,16,3,37,7,out
44577,16,5,37,7,in
44581,18,5,32,8,going
44581,18,1,32,8,coming
44587,14,19,31,5,coming
44592,3,19,3,5,going
44602,11,4,11,2,out
44602,11,6,11,2,in
44602,7,16,27,3,going
44602,7,1,27,3,coming
44605,16,4,37,7,going
44605,16,6,37,7,coming
44611,12,5,12,4,out
44611,12,7,12,4,in
44619,18,4,32,8,out
44619,18,6,32,8,in
44619,18,6,32,8,going
44620,7,15,27,3,out
44620,7,17,27,3,in
44620,7,17,27,3,going
44621,15,2,36,4,in
44622,13,0,13,4,out
44622,13,2,13,4,in
44623,10,4,34,9,out
44623,10,6,34,9,in
44630,11,5,11,2,going
44630,11,7,11,2,coming
44633,19,19,19,5,in
44636,17,1,17,9,in
44636,17,11,17,9,out
44639,12,6,12,4,going
44640,1,19,1,5,going
44642,17,12,17,9,out
44649,15,1,36,4,going
44649,15,3,36,4,coming
44650,13,1,13,4,going
44650,13,3,13,4,coming
44651,10,5,34,9,going
44651,10,7,34,9,coming
44654,6,19,28,5,in
44664,2,7,2,3,out
44664,2,9,2,3,in
44664,4,7,4,3,out
44664,4,9,4,3,in
44664,5,7,5,3,out
44664,5,9,5,3,in
44664,8,7,8,3,out
44664,8,9,8,3,in
44664,17,2,17,9,coming
44670,9,9,33,1,out
44670,9,11,33,1,in
44681,18,1,32,8,in
44681,18,5,32,8,out
44687,14,19,31,5,in
44692,3,19,3,5,out
44692,2,8,2,3,going
44692,2,10,2,3,coming
44692,4,8,4,3,going
44692,4,10,4,3,coming
44692,5,8,5,3,going
44692,5,10,5,3,coming
44692,8,8,8,3,going
44692,8,10,8,3,coming
44698,9,10,33,1,going
44698,9,12,33,1,coming
44702,7,1,27,3,in
44702,7,16,27,3,out
44705,16,4,37,7,out
44705,16,6,37,7,in
44709,18,2,32,8,coming
44712,19,19,19,5,going
44719,18,6,32,8,out
44720,7,17,27,3,out
44730,11,5,11,2,out
44730,11,7,11,2,in
44730,3,19,3,5,coming
44730,7,2,27,3,coming
44733,6,19,28,5,going
44733,16,5,37,7,going
44733,16,7,37,7,coming
44739,12,6,12,4,out
44740,1,19,1,5,out
44749,15,1,36,4,out
44749,15,3,36,4,in
44750,13,1,13,4,out
44750,13,3,13,4,in
44751,10,5,34,9,out
44751,10,7,34,9,in
44758,11,6,11,2,going
44758,11,8,11,2,coming
44764,17,2,17,9,in
44766,14,19,31,5,going
44767,12,7,12,4,going
44777,15,2,36,4,going
44777,15,4,36,4,coming
44778,1,19,1,5,coming
44778,13,2,13,4,going
44778,13,4,13,4,coming
44779,10,6,34,9,going
44779,10,8,34,9,coming
44791,9,11,33,1,going
44791,9,18,33,1,coming
44791,9,19,33,1,coming
44792,2,8,2,3,out
44792,2,10,2,3,in
44792,4,8,4,3,out
44792,4,10,4,3,in
44792,5,8,5,3,out
44792,5,10,5,3,in
44792,8,8,8,3,out
44792,8,10,8,3,in
44792,17,1,17,9,going
44792,17,3,17,9,coming
44798,9,10,33,1,out
44798,9,12,33,1,in
44798,9,12,33,1,going
44809,18,2,32,8,in
44812,19,19,19,5,out
44820,2,9,2,3,going
44820,2,11,2,3,coming
44820,4,9,4,3,going
44820,4,11,4,3,coming
44820,5,9,5,3,going
44820,5,11,5,3,coming
44820,8,9,8,3,going
44820,8,11,8,3,coming
44830,3,19,3,5,in
44830,7,2,27,3,in
44833,6,19,28,5,out
44833,16,5,37,7,out
44833,16,7,37,7,in
44837,18,1,32,8,going
44837,18,3,32,8,coming
44850,19,19,19,5,coming
44858,11,6,11,2,out
44858,11,8,11,2,in
44858,7,1,27,3,going
44858,7,3,27,3,coming
44861,16,6,37,7,going
44861,16,8,37,7,coming
44866,14,19,31,5,out
44867,12,7,12,4,out
44871,6,19,28,5,coming
44877,15,2,36,4,out
44877,15,4,36,4,in
44878,1,19,1,5,in
44878,13,2,13,4,out
44878,13,4,13,4,in
44879,10,6,34,9,out
44879,10,8,34,9,in
44886,11,7,11,2,going
44886,11,9,11,2,coming
44891,9,11,33,1,out
44891,9,18,33,1,in
44891,9,19,33,1,in
44892,17,1,17,9,out
44892,17,3,17,9,in
44895,12,10,12,4,coming
44898,9,12,33,1,out
44904,14,19,31,5,coming
44905,15,3,36,4,going
44905,15,5,36,4,coming
44906,13,3,13,4,going
44906,13,5,13,4,coming
44907,10,7,34,9,going
44907,10,9,34,9,coming
44910,3,19,3,5,going
44910,3,0,3,5,coming
44910,3,1,3,5,coming
44920,2,9,2,3,out
44920,2,11,2,3,in
44920,4,9,4,3,out
44920,4,11,4,3,in
44920,5,9,5,3,out
44920,5,11,5,3,in
44920,8,9,8,3,out
44920,8,11,8,3,in
44920,17,2,17,9,going
44920,17,4,17,9,coming
44921,9,18,33,1,going
44937,18,1,32,8,out
44937,18,3,32,8,in
44948,2,10,2,3,going
44948,2,12,2,3,coming
44948,4,10,4,3,going
44948,4,12,4,3,coming
44948,5,10,5,3,going
44948,5,12,5,3,coming
44948,8,10,8,3,going
44948,8,12,8,3,coming
44950,19,19,19,5,in
44957,1,19,1,5,going
44958,7,1,27,3,out
44958,7,3,27,3,in
44961,16,6,37,7,out
44961,16,8,37,7,in
44965,18,2,32,8,going
44965,18,4,32,8,coming
44971,6,19,28,5,in
44986,11,7,11,2,out
44986,11,9,11,2,in
44986,7,2,27,3,going
44986,7,4,27,3,coming
44989,16,7,37,7,going
44989,16,9,37,7,coming
44995,12,10,12,4,in
45004,14,19,31,5,in
45005,15,3,36,4,out
45005,15,5,36,4,in
45006,13,3,13,4,out
45006,13,5,13,4,in
45007,10,7,34,9,out
45007,10,9,34,9,in
45010,3,0,3,5,in
45010,3,1,3,5,in
45010,3,19,3,5,out
45014,11,8,11,2,going
45014,11,10,11,2,coming
45020,17,2,17,9,out
45020,17,4,17,9,in
45021,9,18,33,1,out
45023,9,19,33,1,going
45023,9,1,33,1,coming
45023,12,11,12,4,coming
45026,12,10,12,4,going
45029,19,19,19,5,going
45033,15,4,36,4,going
45033,15,6,36,4,coming
45034,13,4,13,4,going
45034,13,6,13,4,coming
45035,10,8,34,9,going
45035,10,10,34,9,coming
45048,2,10,2,3,out
45048,2,12,2,3,in
45048,4,10,4,3,out
45048,4,12,4,3,in
45048,5,10,5,3,out
45048,5,12,5,3,in
45048,8,10,8,3,out
45048,8,12,8,3,in
45048,17,3,17,9,going
45048,17,5,17,9,coming
45050,6,19,28,5,going
45057,1,19,1,5,out
45065,18,2,32,8,out
45065,18,4,32,8,in
45076,2,11,2,3,going
45076,2,13,2,3,coming
45076,4,11,4,3,going
45076,4,13,4,3,coming
45076,5,11,5,3,going
45076,5,13,5,3,coming
45076,8,11,8,3,going
45076,8,13,8,3,coming
45083,14,19,31,5,going
45086,7,2,27,3,out
45086,7,4,27,3,in
45089,16,7,37,7,out
45089,16,9,37,7,in
45093,18,3,32,8,going
45093,18,5,32,8,coming
45095,1,19,1,5,coming
45114,11,8,11,2,out
45114,11,10,11,2,in
45114,7,3,27,3,going
45114,7,5,27,3,coming
45117,16,8,37,7,going
45117,16,10,37,7,coming
45123,9,1,33,1,in
45123,9,19,33,1,out
45123,12,11,12,4,in
45123,12,11,12,4,going
45126,12,10,12,4,out
45126,12,10,12,4,coming
45129,19,19,19,5,out
45133,15,4,36,4,out
45133,15,6,36,4,in
45134,13,4,13,4,out
45134,13,6,13,4,in
45135,10,8,34,9,out
45135,10,10,34,9,in
45138,3,0,3,5,going
45138,3,2,3,5,coming
45142,11,9,11,2,going
45142,11,11,11,2,coming
45148,17,3,17,9,out
45148,17,5,17,9,in
45150,6,19,28,5,out
45151,9,2,33,1,coming
45161,15,5,36,4,going
45161,15,7,36,4,coming
45162,13,5,13,4,going
45162,13,7,13,4,coming
45163,10,9,34,9,going
45163,10,11,34,9,coming
45167,19,19,19,5,coming
45176,2,11,2,3,out
45176,2,13,2,3,in
45176,4,11,4,3,out
45176,4,13,4,3,in
45176,5,11,5,3,out
45176,5,13,5,3,in
45176,8,11,8,3,out
45176,8,13,8,3,in
45176,17,4,17,9,going
45176,17,6,17,9,coming
45183,14,19,31,5,out
45188,6,19,28,5,coming
45193,18,3,32,8,out
45193,18,5,32,8,in
45195,1,19,1,5,in
45204,2,12,2,3,going
45204,2,14,2,3,coming
45204,4,12,4,3,going
45204,4,14,4,3,coming
45204,5,12,5,3,going
45204,5,14,5,3,coming
45204,8,12,8,3,going
45204,8,14,8,3,coming
45214,7,3,27,3,out
45214,7,5,27,3,in
45217,16,8,37,7,out
45217,16,10,37,7,in
45221,14,19,31,5,coming
45221,18,4,32,8,going
45221,18,6,32,8,coming
45223,12,11,12,4,out
45226,12,10,12,4,in
45238,3,0,3,5,out
45238,3,2,3,5,in
45240,12,11,12,4,coming
45242,11,9,11,2,out
45242,11,11,11,2,in
45242,7,4,27,3,going
45242,7,6,27,3,coming
45243,12,10,12,4,going
45245,16,9,37,7,going
45245,16,11,37,7,coming
45251,9,2,33,1,in
45261,15,5,36,4,out
45261,15,7,36,4,in
45262,13,5,13,4,out
45262,13,7,13,4,in
45263,10,9,34,9,out
45263,10,11,34,9,in
45266,3,1,3,5,going
45266,3,3,3,5,coming
45267,19,19,19,5,in
45270,11,10,11,2,going
45270,11,12,11,2,coming
45274,1,19,1,5,going
45276,17,4,17,9,out
45276,17,6,17,9,in
45279,9,1,33,1,going
45279,9,3,33,1,coming
45283,18,5,32,8,going
45283,18,1,32,8,coming
45288,6,19,28,5,in
45289,15,6,36,4,going
45290,13,6,13,4,going
45291,10,10,34,9,going
45291,10,12,34,9,coming
45292,11,11,11,2,going
45292,11,1,11,2,coming
45304,2,12,2,3,out
45304,2,14,2,3,in
45304,4,12,4,3,out
45304,4,14,4,3,in
45304,5,12,5,3,out
45304,5,14,5,3,in
45304,8,12,8,3,out
45304,8,14,8,3,in
45304,17,5,17,9,going
45304,17,7,17,9,coming
45321,14,19,31,5,in
45321,18,4,32,8,out
45321,18,6,32,8,in
45321,18,6,32,8,going
45332,2,13,2,3,going
45332,2,15,2,3,coming
45332,4,13,4,3,going
45332,4,15,4,3,coming
45332,5,13,5,3,going
45332,5,15,5,3,coming
45332,8,13,8,3,going
45332,8,15,8,3,coming
45340,12,11,12,4,in
45340,12,11,12,4,going
45342,7,4,27,3,out
45342,7,6,27,3,in
45343,12,10,12,4,out
45343,12,10,12,4,coming
45345,16,9,37,7,out
45345,16,11,37,7,in
45346,19,19,19,5,going
45366,3,1,3,5,out
45366,3,3,3,5,in
45367,6,19,28,5,going
45370,11,10,11,2,out
45370,11,12,11,2,in
45370,7,5,27,3,going
45370,7,7,27,3,coming
45370,11,12,11,2,going
45373,16,10,37,7,going
45373,16,12,37,7,coming
45374,1,19,1,5,out
45379,9,1,33,1,out
45379,9,3,33,1,in
45383,18,1,32,8,in
45383,18,5,32,8,out
45385,10,11,34,9,going
45385,10,1,34,9,coming
45389,15,6,36,4,out
45390,13,6,13,4,out
45391,10,10,34,9,out
45391,10,12,34,9,in
45391,10,12,34,9,going
45392,11,1,11,2,in
45392,11,11,11,2,out
45394,3,2,3,5,going
45394,3,4,3,5,coming
45400,14,19,31,5,going
45404,17,5,17,9,out
45404,17,7,17,9,in
45407,9,2,33,1,going
45407,9,4,33,1,coming
45411,18,2,32,8,coming
45412,1,19,1,5,coming
45417,15,7,36,4,going
45418,13,7,13,4,going
45420,11,2,11,2,coming
45421,18,6,32,8,out
45432,2,13,2,3,out
45432,2,15,2,3,in
45432,4,13,4,3,out
45432,4,15,4,3,in
45432,5,13,5,3,out
45432,5,15,5,3,in
45432,8,13,8,3,out
45432,8,15,8,3,in
45432,17,6,17,9,going
45432,17,8,17,9,coming
45440,12,11,12,4,out
45443,12,10,12,4,in
45446,19,19,19,5,out
45457,12,11,12,4,coming
45460,2,14,2,3,going
45460,2,16,2,3,coming
45460,4,14,4,3,going
45460,4,16,4,3,coming
45460,5,14,5,3,going
45460,5,16,5,3,coming
45460,8,14,8,3,going
45460,8,16,8,3,coming
45460,12,10,12,4,going
45467,6,19,28,5,out
45470,7,5,27,3,out
45470,7,7,27,3,in
45470,11,12,11,2,out
45473,16,10,37,7,out
45473,16,12,37,7,in
45484,19,19,19,5,coming
45485,10,1,34,9,in
45485,10,11,34,9,out
45491,10,12,34,9,out
45494,3,2,3,5,out
45494,3,4,3,5,in
45498,7,6,27,3,going
45498,7,8,27,3,coming
45500,14,19,31,5,out
45501,16,11,37,7,going
45501,16,13,37,7,coming
45505,6,19,28,5,coming
45507,9,2,33,1,out
45507,9,4,33,1,in
45511,18,2,32,8,in
45512,1,19,1,5,in
45513,10,2,34,9,coming
45517,15,7,36,4,out
45518,13,7,13,4,out
45520,11,2,11,2,in
45522,3,3,3,5,going
45522,3,5,3,5,coming
45532,17,6,17,9,out
45532,17,8,17,9,in
45535,9,3,33,1,going
45535,9,5,33,1,coming
45538,14,19,31,5,coming
45539,18,1,32,8,going
45539,18,3,32,8,coming
45546,13,10,13,4,coming
45548,11,1,11,2,going
45548,11,3,11,2,coming
45557,12,11,12,4,in
45557,12,11,12,4,going
45560,2,14,2,3,out
45560,2,16,2,3,in
45560,4,14,4,3,out
45560,4,16,4,3,in
45560,5,14,5,3,out
45560,5,16,5,3,in
45560,8,14,8,3,out
45560,8,16,8,3,in
45560,12,10,12,4,out
45560,12,10,12,4,coming
45560,17,7,17,9,going
45560,17,9,17,9,coming
45584,19,19,19,5,in
45588,2,15,2,3,going
45588,2,17,2,3,coming
45588,4,15,4,3,going
45588,4,17,4,3,coming
45588,5,15,5,3,going
45588,5,17,5,3,coming
45588,8,15,8,3,going
45588,8,17,8,3,coming
45591,1,19,1,5,going
45598,7,6,27,3,out
45598,7,8,27,3,in
45601,16,11,37,7,out
45601,16,13,37,7,in
45605,6,19,28,5,in
45613,10,2,34,9,in
45622,3,3,3,5,out
45622,3,5,3,5,in
45626,7,7,27,3,going
45626,7,9,27,3,coming
45629,16,12,37,7,going
45629,16,14,37,7,coming
45635,9,3,33,1,out
45635,9,5,33,1,in
45638,14,19,31,5,in
45639,18,1,32,8,out
45639,18,3,32,8,in
45641,10,1,34,9,going
45641,10,3,34,9,coming
45646,13,10,13,4,in
45648,11,1,11,2,out
45648,11,3,11,2,in
45650,3,4,3,5,going
45650,3,6,3,5,coming
45657,12,11,12,4,out
45660,12,10,12,4,in
45660,17,7,17,9,out
45660,17,9,17,9,in
45663,9,4,33,1,going
45663,9,6,33,1,coming
45663,19,19,19,5,going
45667,18,2,32,8,going
45667,18,4,32,8,coming
45670,2,16,2,3,going
45670,2,1,2,3,coming
45670,4,16,4,3,going
45670,4,1,4,3,coming
45670,5,16,5,3,going
45670,5,1,5,3,coming
45670,8,16,8,3,going
45670,8,1,8,3,coming
45674,12,11,12,4,coming
45674,13,11,13,4,coming
45676,11,2,11,2,going
45676,11,4,11,2,coming
45677,12,10,12,4,going
45677,13,10,13,4,going
45684,6,19,28,5,going
45688,2,15,2,3,out
45688,2,17,2,3,in
45688,4,15,4,3,out
45688,4,17,4,3,in
45688,5,15,5,3,out
45688,5,17,5,3,in
45688,8,15,8,3,out
45688,8,17,8,3,in
45688,2,17,2,3,going
45688,4,17,4,3,going
45688,5,17,5,3,going
45688,8,17,8,3,going
45688,17,8,17,9,going
45688,17,10,17,9,coming
45691,1,19,1,5,out
45717,14,19,31,5,going
45726,7,7,27,3,out
45726,7,9,27,3,in
45729,16,12,37,7,out
45729,16,14,37,7,in
45729,1,19,1,5,coming
45741,10,1,34,9,out
45741,10,3,34,9,in
45750,3,4,3,5,out
45750,3,6,3,5,in
45754,7,8,27,3,going
45757,16,13,37,7,going
45757,16,15,37,7,coming
45763,9,4,33,1,out
45763,9,6,33,1,in
45763,19,19,19,5,out
45767,18,2,32,8,out
45767,18,4,32,8,in
45769,10,2,34,9,going
45769,10,4,34,9,coming
45770,2,1,2,3,in
45770,2,16,2,3,out
45770,4,1,4,3,in
45770,4,16,4,3,out
45770,5,1,5,3,in
45770,5,16,5,3,out
45770,8,1,8,3,in
45770,8,16,8,3,out
45774,12,11,12,4,in
45774,13,11,13,4,in
45774,12,11,12,4,going
45774,13,11,13,4,going
45776,11,2,11,2,out
45776,11,4,11,2,in
45777,12,10,12,4,out
45777,13,10,13,4,out
45777,12,10,12,4,coming
45777,13,10,13,4,coming
45778,3,5,3,5,going
45778,3,7,3,5,coming
45784,6,19,28,5,out
45788,2,17,2,3,out
45788,4,17,4,3,out
45788,5,17,5,3,out
45788,8,17,8,3,out
45788,17,8,17,9,out
45788,17,10,17,9,in
45791,9,5,33,1,going
45791,9,7,33,1,coming
45795,18,3,32,8,going
45795,18,5,32,8,coming
45798,2,2,2,3,coming
45798,4,2,4,3,coming
45798,5,2,5,3,coming
45798,8,2,8,3,coming
45801,19,19,19,5,coming
45804,11,3,11,2,going
45804,11,5,11,2,coming
45811,0,1,25,4,coming
45816,17,9,17,9,going
45816,17,11,17,9,coming
45817,14,19,31,5,out
45822,6,19,28,5,coming
45829,1,19,1,5,in
45854,7,8,27,3,out
45855,14,19,31,5,coming
45857,16,13,37,7,out
45857,16,15,37,7,in
45869,10,2,34,9,out
45869,10,4,34,9,in
45874,12,11,12,4,out
45874,13,11,13,4,out
45877,12,10,12,4,in
45877,13,10,13,4,in
45878,3,5,3,5,out
45878,3,7,3,5,in
45882,7,9,27,3,going
45885,16,14,37,7,going
45885,16,16,37,7,coming
45891,9,5,33,1,out
45891,9,7,33,1,in
45891,12,11,12,4,coming
45891,13,11,13,4,coming
45894,12,10,12,4,going
45894,13,10,13,4,going
45895,18,3,32,8,out
45895,18,5,32,8,in
45897,10,3,34,9,going
45897,10,5,34,9,coming
45898,2,2,2,3,in
45898,4,2,4,3,in
45898,5,2,5,3,in
45898,8,2,8,3,in
45901,19,19,19,5,in
45904,11,3,11,2,out
45904,11,5,11,2,in
45906,3,6,3,5,going
45906,3,8,3,5,coming
45908,1,19,1,5,going
45911,0,1,25,4,in
45916,17,9,17,9,out
45916,17,11,17,9,in
45919,9,6,33,1,going
45919,9,8,33,1,coming
45922,6,19,28,5,in
45923,18,4,32,8,going
45923,18,6,32,8,coming
45926,2,1,2,3,going
45926,2,3,2,3,coming
45926,4,1,4,3,going
45926,4,3,4,3,coming
45926,5,1,5,3,going
45926,5,3,5,3,coming
45926,8,1,8,3,going
45926,8,3,8,3,coming
45932,11,4,11,2,going
45932,11,6,11,2,coming
45939,0,2,25,4,coming
45944,17,10,17,9,going
45944,17,12,17,9,coming
45955,14,19,31,5,in
45980,19,19,19,5,going
45982,7,9,27,3,out
45985,16,14,37,7,out
45985,16,16,37,7,in
45985,18,5,32,8,going
45985,18,1,32,8,coming
45991,12,11,12,4,in
45991,13,11,13,4,in
45991,12,11,12,4,going
45991,13,11,13,4,going
45994,12,10,12,4,out
45994,13,10,13,4,out
45994,12,10,12,4,coming
45994,13,10,13,4,coming
45997,10,3,34,9,out
45997,10,5,34,9,in
46001,6,19,28,5,going
46006,3,6,3,5,out
46006,3,8,3,5,in
46008,1,19,1,5,out
46010,7,12,27,3,coming
46013,16,15,37,7,going
46013,16,17,37,7,coming
46019,9,6,33,1,out
46019,9,8,33,1,in
46023,18,4,32,8,out
46023,18,6,32,8,in
46023,18,6,32,8,going
46025,10,4,34,9,going
46025,10,6,34,9,coming
46026,2,1,2,3,out
46026,2,3,2,3,in
46026,4,1,4,3,out
46026,4,3,4,3,in
46026,5,1,5,3,out
46026,5,3,5,3,in
46026,8,1,8,3,out
46026,8,3,8,3,in
46032,11,4,11,2,out
46032,11,6,11,2,in
46034,3,7,3,5,going
46034,3,9,3,5,coming
46034,14,19,31,5,going
46038,17,11,17,9,going
46038,17,1,17,9,coming
46039,0,2,25,4,in
46044,17,10,17,9,out
46044,17,12,17,9,in
46044,17,12,17,9,going
46046,1,19,1,5,coming
46047,9,7,33,1,going
46047,9,9,33,1,coming
46054,2,2,2,3,going
46054,2,4,2,3,coming
46054,4,2,4,3,going
46054,4,4,4,3,coming
46054,5,2,5,3,going
46054,5,4,5,3,coming
46054,8,2,8,3,going
46054,8,4,8,3,coming
46060,11,5,11,2,going
46060,11,7,11,2,coming
46067,0,1,25,4,going
46067,0,3,25,4,coming
46080,19,19,19,5,out
46085,18,1,32,8,in
46085,18,5,32,8,out
46091,12,11,12,4,out
46091,13,11,13,4,out
46094,12,10,12,4,in
46094,13,10,13,4,in
46101,6,19,28,5,out
46108,12,11,12,4,coming
46108,13,11,13,4,coming
46110,7,12,27,3,in
46111,12,10,12,4,going
46111,13,10,13,4,going
46113,16,15,37,7,out
46113,16,17,37,7,in
46113,18,2,32,8,coming
46118,19,19,19,5,coming
46123,18,6,32,8,out
46125,10,4,34,9,out
46125,10,6,34,9,in
46134,3,7,3,5,out
46134,3,9,3,5,in
46134,14,19,31,5,out
46138,17,1,17,9,in
46138,17,11,17,9,out
46138,7,13,27,3,coming
46139,6,19,28,5,coming
46141,16,16,37,7,going
46141,16,18,37,7,coming
46144,17,12,17,9,out
46146,1,19,1,5,in
46147,9,7,33,1,out
46147,9,9,33,1,in
46153,10,5,34,9,going
46153,10,7,34,9,coming
46154,2,2,2,3,out
46154,2,4,2,3,in
46154,4,2,4,3,out
46154,4,4,4,3,in
46154,5,2,5,3,out
46154,5,4,5,3,in
46154,8,2,8,3,out
46154,8,4,8,3,in
46160,11,5,11,2,out
46160,11,7,11,2,in
46162,3,8,3,5,going
46162,3,10,3,5,coming
46166,17,2,17,9,coming
46167,0,1,25,4,out
46167,0,3,25,4,in
46172,14,19,31,5,coming
46175,9,8,33,1,going
46175,9,10,33,1,coming
46182,2,3,2,3,going
46182,2,5,2,3,coming
46182,4,3,4,3,going
46182,4,5,4,3,coming
46182,5,3,5,3,going
46182,5,5,5,3,coming
46182,8,3,8,3,going
46182,8,5,8,3,coming
46188,11,6,11,2,going
46188,11,8,11,2,coming
46195,0,2,25,4,going
46195,0,4,25,4,coming
46208,12,11,12,4,in
46208,13,11,13,4,in
46208,12,11,12,4,going
46208,13,11,13,4,going
46211,12,10,12,4,out
46211,13,10,13,4,out
46211,12,10,12,4,coming
46211,13,10,13,4,coming
46213,18,2,32,8,in
46218,19,19,19,5,in
46225,1,19,1,5,going
46238,7,13,27,3,in
46239,6,19,28,5,in
46241,16,16,37,7,out
46241,16,18,37,7,in
46241,18,1,32,8,going
46241,18,3,32,8,coming
46253,10,5,34,9,out
46253,10,7,34,9,in
46262,3,8,3,5,out
46262,3,10,3,5,in
46266,17,2,17,9,in
46266,7,12,27,3,going
46266,7,14,27,3,coming
46269,16,17,37,7,going
46269,16,19,37,7,coming
46272,14,19,31,5,in
46275,9,8,33,1,out
46275,9,10,33,1,in
46281,10,6,34,9,going
46281,10,8,34,9,coming
46282,2,3,2,3,out
46282,2,5,2,3,in
46282,4,3,4,3,out
46282,4,5,4,3,in
46282,5,3,5,3,out
46282,5,5,5,3,in
46282,8,3,8,3,out
46282,8,5,8,3,in
46288,11,6,11,2,out
46288,11,8,11,2,in
46290,3,9,3,5,going
46290,3,11,3,5,coming
46294,17,1,17,9,going
46294,17,3,17,9,coming
46295,0,2,25,4,out
46295,0,4,25,4,in
46297,19,19,19,5,going
46303,9,9,33,1,going
46303,9,11,33,1,coming
46308,12,11,12,4,out
46308,13,11,13,4,out
46310,2,4,2,3,going
46310,2,6,2,3,coming
46310,4,4,4,3,going
46310,4,6,4,3,coming
46310,5,4,5,3,going
46310,5,6,5,3,coming
46310,8,4,8,3,going
46310,8,6,8,3,coming
46311,12,10,12,4,in
46311,13,10,13,4,in
46316,11,7,11,2,going
46316,11,9,11,2,coming
46318,6,19,28,5,going
46323,0,3,25,4,going
46323,0,5,25,4,coming
46325,1,19,1,5,out
46325,12,11,12,4,coming
46325,13,11,13,4,coming
46328,12,10,12,4,going
46328,13,10,13,4,going
46341,18,1,32,8,out
46341,18,3,32,8,in
46351,14,19,31,5,going
46363,1,19,1,5,coming
46366,7,12,27,3,out
46366,7,14,27,3,in
46369,16,17,37,7,out
46369,16,19,37,7,in
46369,18,2,32,8,going
46369,18,4,32,8,coming
46381,10,6,34,9,out
46381,10,8,34,9,in
46390,3,9,3,5,out
46390,3,11,3,5,in
46394,17,1,17,9,out
46394,17,3,17,9,in
46394,7,13,27,3,going
46394,7,15,27,3,coming
46397,19,19,19,5,out
46397,16,18,37,7,going
46403,9,9,33,1,out
46403,9,11,33,1,in
46409,10,7,34,9,going
46409,10,9,34,9,coming
46410,2,4,2,3,out
46410,2,6,2,3,in
46410,4,4,4,3,out
46410,4,6,4,3,in
46410,5,4,5,3,out
46410,5,6,5,3,in
46410,8,4,8,3,out
46410,8,6,8,3,in
46416,11,7,11,2,out
46416,11,9,11,2,in
46418,6,19,28,5,out
46418,3,10,3,5,going
46418,3,12,3,5,coming
46422,17,2,17,9,going
46422,17,4,17,9,coming
46423,0,3,25,4,out
46423,0,5,25,4,in
46425,12,11,12,4,in
46425,13,11,13,4,in
46425,12,11,12,4,going
46425,13,11,13,4,going
46428,12,10,12,4,out
46428,13,10,13,4,out
46428,12,10,12,4,coming
46428,13,10,13,4,coming
46431,9,10,33,1,going
46431,9,12,33,1,coming
46435,19,19,19,5,coming
46438,2,5,2,3,going
46438,2,7,2,3,coming
46438,4,5,4,3,going
46438,4,7,4,3,coming
46438,5,5,5,3,going
46438,5,7,5,3,coming
46438,8,5,8,3,going
46438,8,7,8,3,coming
46444,11,8,11,2,going
46444,11,10,11,2,coming
46451,14,19,31,5,out
46451,0,4,25,4,going
46451,0,6,25,4,coming
46456,6,19,28,5,coming
46463,1,19,1,5,in
46465,16,0,37,7,out
46465,16,1,37,7,out
46465,16,2,37,7,out
46465,16,3,37,7,out
46465,16,4,37,7,out
46465,16,5,37,7,out
46465,16,6,37,7,out
46465,16,7,37,7,out
46465,16,8,37,7,out
46465,16,9,37,7,out
46465,16,10,37,7,out
46465,16,11,37,7,out
46465,16,12,37,7,out
46465,16,13,37,7,out
46465,16,14,37,7,out
46465,16,15,37,7,out
46465,16,16,37,7,out
46465,16,17,37,7,out
46465,16,18,37,7,out
46465,16,19,37,7,out
46465,16,0,38,7,coming
46465,16,1,38,7,coming
46469,18,2,32,8,out
46469,18,4,32,8,in
46489,14,19,31,5,coming
46494,7,13,27,3,out
46494,7,15,27,3,in
46497,18,3,32,8,going
46497,18,5,32,8,coming
46509,10,7,34,9,out
46509,10,9,34,9,in
46518,3,10,3,5,out
46518,3,12,3,5,in
46522,17,2,17,9,out
46522,17,4,17,9,in
46522,7,14,27,3,going
46522,7,16,27,3,coming
46525,12,11,12,4,out
46525,13,11,13,4,out
46528,12,10,12,4,in
46528,13,10,13,4,in
46531,9,10,33,1,out
46531,9,12,33,1,in
46535,19,19,19,5,in
46537,10,8,34,9,going
46537,10,10,34,9,coming
46538,2,5,2,3,out
46538,2,7,2,3,in
46538,4,5,4,3,out
46538,4,7,4,3,in
46538,5,5,5,3,out
46538,5,7,5,3,in
46538,8,5,8,3,out
46538,8,7,8,3,in
46542,1,19,1,5,going
46542,12,11,12,4,coming
46542,13,11,13,4,coming
46544,11,8,11,2,out
46544,11,10,11,2,in
46545,12,10,12,4,going
46545,13,10,13,4,going
46546,3,11,3,5,going
46546,3,13,3,5,coming
46550,17,3,17,9,going
46550,17,5,17,9,coming
46551,0,4,25,4,out
46551,0,6,25,4,in
46556,6,19,28,5,in
46559,9,11,33,1,going
46559,9,13,33,1,coming
46565,16,0,38,7,in
46565,16,1,38,7,in
46566,2,6,2,3,going
46566,2,8,2,3,coming
46566,4,6,4,3,going
46566,4,8,4,3,coming
46566,5,6,5,3,going
46566,5,8,5,3,coming
46566,8,6,8,3,going
46566,8,8,8,3,coming
46572,11,9,11,2,going
46572,11,11,11,2,coming
46579,0,5,25,4,going
46579,0,7,25,4,coming
46589,14,19,31,5,in
46597,18,3,32,8,out
46597,18,5,32,8,in
46614,19,19,19,5,going
46622,7,14,27,3,out
46622,7,16,27,3,in
46625,18,4,32,8,going
46625,18,6,32,8,coming
46635,6,19,28,5,going
46637,10,8,34,9,out
46637,10,10,34,9,in
46642,1,19,1,5,out
46642,12,11,12,4,in
46642,13,11,13,4,in
46642,12,11,12,4,going
46642,13,11,13,4,going
46645,12,10,12,4,out
46645,13,10,13,4,out
46645,12,10,12,4,coming
46645,13,10,13,4,coming
46646,3,11,3,5,out
46646,3,13,3,5,in
46650,17,3,17,9,out
46650,17,5,17,9,in
46650,7,15,27,3,going
46650,7,17,27,3,coming
46659,9,11,33,1,out
46659,9,13,33,1,in
46665,10,9,34,9,going
46665,10,11,34,9,coming
46666,2,6,2,3,out
46666,2,8,2,3,in
46666,4,6,4,3,out
46666,4,8,4,3,in
46666,5,6,5,3,out
46666,5,8,5,3,in
46666,8,6,8,3,out
46666,8,8,8,3,in
46668,14,19,31,5,going
46672,11,9,11,2,out
46672,11,11,11,2,in
46674,3,12,3,5,going
46674,3,14,3,5,coming
46678,17,4,17,9,going
46678,17,6,17,9,coming
46679,0,5,25,4,out
46679,0,7,25,4,in
46680,1,19,1,5,coming
46687,9,12,33,1,going
46687,9,14,33,1,coming
46687,18,5,32,8,going
46687,18,1,32,8,coming
46694,2,7,2,3,going
46694,2,9,2,3,coming
46694,4,7,4,3,going
46694,4,9,4,3,coming
46694,5,7,5,3,going
46694,5,9,5,3,coming
46694,8,7,8,3,going
46694,8,9,8,3,coming
46694,16,2,38,7,coming
46700,11,10,11,2,going
46700,11,12,11,2,coming
46707,0,6,25,4,going
46714,19,19,19,5,out
46722,11,11,11,2,going
46722,11,1,11,2,coming
46725,18,4,32,8,out
46725,18,6,32,8,in
46725,18,6,32,8,going
46732,7,16,27,3,going
46732,7,1,27,3,coming
46735,6,19,28,5,out
46742,12,11,12,4,out
46742,13,11,13,4,out
46745,12,10,12,4,in
46745,13,10,13,4,in
46750,7,15,27,3,out
46750,7,17,27,3,in
46750,7,17,27,3,going
46752,19,19,19,5,coming
46759,12,11,12,4,coming
46759,13,11,13,4,coming
46762,12,10,12,4,going
46762,13,10,13,4,going
46765,10,9,34,9,out
46765,10,11,34,9,in
46768,14,19,31,5,out
46773,6,19,28,5,coming
46774,3,12,3,5,out
46774,3,14,3,5,in
46778,17,4,17,9,out
46778,17,6,17,9,in
46780,1,19,1,5,in
46787,9,12,33,1,out
46787,9,14,33,1,in
46787,18,1,32,8,in
46787,18,5,32,8,out
46793,10,10,34,9,going
46793,10,12,34,9,coming
46794,2,7,2,3,out
46794,2,9,2,3,in
46794,4,7,4,3,out
46794,4,9,4,3,in
46794,5,7,5,3,out
46794,5,9,5,3,in
46794,8,7,8,3,out
46794,8,9,8,3,in
46794,16,2,38,7,in
46800,11,10,11,2,out
46800,11,12,11,2,in
46800,11,12,11,2,going
46802,3,13,3,5,going
46802,3,15,3,5,coming
46806,14,19,31,5,coming
46806,17,5,17,9,going
46806,17,7,17,9,coming
46807,0,6,25,4,out
46815,9,13,33,1,going
46815,9,15,33,1,coming
46815,18,2,32,8,coming
46822,11,1,11,2,in
46822,11,11,11,2,out
46822,2,8,2,3,going
46822,2,10,2,3,coming
46822,4,8,4,3,going
46822,4,10,4,3,coming
46822,5,8,5,3,going
46822,5,10,5,3,coming
46822,8,8,8,3,going
46822,8,10,8,3,coming
46822,16,1,38,7,going
46822,16,3,38,7,coming
46825,18,6,32,8,out
46832,7,1,27,3,in
46832,7,16,27,3,out
46835,0,7,25,4,going
46850,7,17,27,3,out
46850,11,2,11,2,coming
46852,19,19,19,5,in
46859,12,11,12,4,in
46859,13,11,13,4,in
46859,1,19,1,5,going
46859,12,11,12,4,going
46859,13,11,13,4,going
46860,7,2,27,3,coming
46862,12,10,12,4,out
46862,13,10,13,4,out
46862,12,10,12,4,coming
46862,13,10,13,4,coming
46873,6,19,28,5,in
46887,10,11,34,9,going
46887,10,1,34,9,coming
46893,10,10,34,9,out
46893,10,12,34,9,in
46893,10,12,34,9,going
46900,11,12,11,2,out
46902,3,13,3,5,out
46902,3,15,3,5,in
46906,14,19,31,5,in
46906,17,5,17,9,out
46906,17,7,17,9,in
46915,9,13,33,1,out
46915,9,15,33,1,in
46915,18,2,32,8,in
46922,2,8,2,3,out
46922,2,10,2,3,in
46922,4,8,4,3,out
46922,4,10,4,3,in
46922,5,8,5,3,out
46922,5,10,5,3,in
46922,8,8,8,3,out
46922,8,10,8,3,in
46922,16,1,38,7,out
46922,16,3,38,7,in
46930,3,14,3,5,going
46931,19,19,19,5,going
46934,17,6,17,9,going
46934,17,8,17,9,coming
46935,0,7,25,4,out
46943,9,14,33,1,going
46943,9,16,33,1,coming
46943,18,1,32,8,going
46943,18,3,32,8,coming
46950,11,2,11,2,in
46950,2,9,2,3,going
46950,2,11,2,3,coming
46950,4,9,4,3,going
46950,4,11,4,3,coming
46950,5,9,5,3,going
46950,5,11,5,3,coming
46950,8,9,8,3,going
46950,8,11,8,3,coming
46950,16,2,38,7,going
46950,16,4,38,7,coming
46952,6,19,28,5,going
46959,1,19,1,5,out
46959,12,11,12,4,out
46959,13,11,13,4,out
46960,7,2,27,3,in
46962,12,10,12,4,in
46962,13,10,13,4,in
46976,12,11,12,4,coming
46976,13,11,13,4,coming
46978,11,1,11,2,going
46978,11,3,11,2,coming
46979,12,10,12,4,going
46979,13,10,13,4,going
46986,14,19,31,5,going
46986,14,0,31,5,coming
46986,14,1,31,5,coming
46987,10,1,34,9,in
46987,10,11,34,9,out
46988,7,1,27,3,going
46988,7,3,27,3,coming
46993,10,12,34,9,out
46997,1,19,1,5,coming
47015,10,2,34,9,coming
47030,3,14,3,5,out
47031,19,19,19,5,out
47034,17,6,17,9,out
47034,17,8,17,9,in
47043,9,14,33,1,out
47043,9,16,33,1,in
47043,18,1,32,8,out
47043,18,3,32,8,in
47050,2,9,2,3,out
47050,2,11,2,3,in
47050,4,9,4,3,out
47050,4,11,4,3,in
47050,5,9,5,3,out
47050,5,11,5,3,in
47050,8,9,8,3,out
47050,8,11,8,3,in
47050,16,2,38,7,out
47050,16,4,38,7,in
47052,6,19,28,5,out
47058,3,15,3,5,going
47062,17,7,17,9,going
47062,17,9,17,9,coming
47069,19,19,19,5,coming
47071,9,15,33,1,going
47071,9,17,33,1,coming
47071,18,2,32,8,going
47071,18,4,32,8,coming
47076,12,11,12,4,in
47076,13,11,13,4,in
47076,12,11,12,4,going
47076,13,11,13,4,going
47078,11,1,11,2,out
47078,11,3,11,2,in
47078,2,10,2,3,going
47078,2,12,2,3,coming
47078,4,10,4,3,going
47078,4,12,4,3,coming
47078,5,10,5,3,going
47078,5,12,5,3,coming
47078,8,10,8,3,going
47078,8,12,8,3,coming
47078,16,3,38,7,going
47078,16,5,38,7,coming
47079,12,10,12,4,out
47079,13,10,13,4,out
47079,12,10,12,4,coming
47079,13,10,13,4,coming
47086,14,0,31,5,in
47086,14,1,31,5,in
47086,14,19,31,5,out
47088,7,1,27,3,out
47088,7,3,27,3,in
47090,6,19,28,5,coming
47097,1,19,1,5,in
47106,11,2,11,2,going
47106,11,4,11,2,coming
47115,10,2,34,9,in
47116,7,2,27,3,going
47116,7,4,27,3,coming
47143,10,1,34,9,going
47143,10,3,34,9,coming
47158,3,15,3,5,out
47162,17,7,17,9,out
47162,17,9,17,9,in
47169,19,19,19,5,in
47171,9,15,33,1,out
47171,9,17,33,1,in
47171,18,2,32,8,out
47171,18,4,32,8,in
47176,12,11,12,4,out
47176,13,11,13,4,out
47176,1,19,1,5,going
47178,2,10,2,3,out
47178,2,12,2,3,in
47178,4,10,4,3,out
47178,4,12,4,3,in
47178,5,10,5,3,out
47178,5,12,5,3,in
47178,8,10,8,3,out
47178,8,12,8,3,in
47178,16,3,38,7,out
47178,16,5,38,7,in
47179,12,10,12,4,in
47179,13,10,13,4,in
47190,6,19,28,5,in
47190,17,8,17,9,going
47190,17,10,17,9,coming
47193,12,11,12,4,coming
47193,13,11,13,4,coming
47196,12,10,12,4,going
47196,13,10,13,4,going
47199,9,16,33,1,going
47199,9,18,33,1,coming
47199,18,3,32,8,going
47199,18,5,32,8,coming
47206,11,2,11,2,out
47206,11,4,11,2,in
47206,2,11,2,3,going
47206,2,13,2,3,coming
47206,4,11,4,3,going
47206,4,13,4,3,coming
47206,5,11,5,3,going
47206,5,13,5,3,coming
47206,8,11,8,3,going
47206,8,13,8,3,coming
47206,16,4,38,7,going
47206,16,6,38,7,coming
47214,14,0,31,5,going
47214,14,2,31,5,coming
47216,7,2,27,3,out
47216,7,4,27,3,in
47234,11,3,11,2,going
47234,11,5,11,2,coming
47243,10,1,34,9,out
47243,10,3,34,9,in
47244,7,3,27,3,going
47244,7,5,27,3,coming
47248,19,19,19,5,going
47269,6,19,28,5,going
47271,10,2,34,9,going
47271,10,4,34,9,coming
47276,1,19,1,5,out
47290,17,8,17,9,out
47290,17,10,17,9,in
47293,12,11,12,4,in
47293,13,11,13,4,in
47293,12,11,12,4,going
47293,13,11,13,4,going
47296,12,10,12,4,out
47296,13,10,13,4,out
47296,12,10,12,4,coming
47296,13,10,13,4,coming
47299,9,16,33,1,out
47299,9,18,33,1,in
47299,18,3,32,8,out
47299,18,5,32,8,in
47306,2,11,2,3,out
47306,2,13,2,3,in
47306,4,11,4,3,out
47306,4,13,4,3,in
47306,5,11,5,3,out
47306,5,13,5,3,in
47306,8,11,8,3,out
47306,8,13,8,3,in
47306,16,4,38,7,out
47306,16,6,38,7,in
47314,14,0,31,5,out
47314,14,2,31,5,in
47314,1,19,1,5,coming
47314,3,19,3,5,coming
47318,17,9,17,9,going
47318,17,11,17,9,coming
47327,9,17,33,1,going
47327,9,19,33,1,coming
47327,18,4,32,8,going
47327,18,6,32,8,coming
47334,11,3,11,2,out
47334,11,5,11,2,in
47334,2,12,2,3,going
47334,2,14,2,3,coming
47334,4,12,4,3,going
47334,4,14,4,3,coming
47334,5,12,5,3,going
47334,5,14,5,3,coming
47334,8,12,8,3,going
47334,8,14,8,3,coming
47334,16,5,38,7,going
47334,16,7,38,7,coming
47342,14,1,31,5,going
47342,14,3,31,5,coming
47344,7,3,27,3,out
47344,7,5,27,3,in
47348,19,19,19,5,out
47362,11,4,11,2,going
47362,11,6,11,2,coming
47369,6,19,28,5,out
47371,10,2,34,9,out
47371,10,4,34,9,in
47372,7,4,27,3,going
47372,7,6,27,3,coming
47386,19,19,19,5,coming
47389,18,5,32,8,going
47389,18,1,32,8,coming
47393,12,11,12,4,out
47393,13,11,13,4,out
47396,12,10,12,4,in
47396,13,10,13,4,in
47399,10,3,34,9,going
47399,10,5,34,9,coming
47407,6,19,28,5,coming
47410,12,11,12,4,coming
47410,13,11,13,4,coming
47413,12,10,12,4,going
47413,13,10,13,4,going
47414,1,19,1,5,in
47414,3,19,3,5,in
47418,17,9,17,9,out
47418,17,11,17,9,in
47425,9,18,33,1,going
47427,9,17,33,1,out
47427,9,19,33,1,in
47427,18,4,32,8,out
47427,18,6,32,8,in
47427,18,6,32,8,going
47428,9,19,33,1,going
47428,9,1,33,1,coming
47434,2,12,2,3,out
47434,2,14,2,3,in
47434,4,12,4,3,out
47434,4,14,4,3,in
47434,5,12,5,3,out
47434,5,14,5,3,in
47434,8,12,8,3,out
47434,8,14,8,3,in
47434,16,5,38,7,out
47434,16,7,38,7,in
47442,14,1,31,5,out
47442,14,3,31,5,in
47446,17,10,17,9,going
47446,17,12,17,9,coming
47462,11,4,11,2,out
47462,11,6,11,2,in
47462,2,13,2,3,going
47462,2,15,2,3,coming
47462,4,13,4,3,going
47462,4,15,4,3,coming
47462,5,13,5,3,going
47462,5,15,5,3,coming
47462,8,13,8,3,going
47462,8,15,8,3,coming
47462,16,6,38,7,going
47462,16,8,38,7,coming
47470,14,2,31,5,going
47470,14,4,31,5,coming
47472,7,4,27,3,out
47472,7,6,27,3,in
47486,19,19,19,5,in
47489,18,1,32,8,in
47489,18,5,32,8,out
47490,11,5,11,2,going
47490,11,7,11,2,coming
47493,1,19,1,5,going
47493,3,19,3,5,going
47499,10,3,34,9,out
47499,10,5,34,9,in
47500,7,5,27,3,going
47500,7,7,27,3,coming
47507,6,19,28,5,in
47510,12,11,12,4,in
47510,13,11,13,4,in
47510,12,11,12,4,going
47510,13,11,13,4,going
47513,12,10,12,4,out
47513,13,10,13,4,out
47513,12,10,12,4,coming
47513,13,10,13,4,coming
47517,18,2,32,8,coming
47525,9,18,33,1,out
47527,18,6,32,8,out
47527,10,4,34,9,going
47527,10,6,34,9,coming
47528,9,1,33,1,in
47528,9,19,33,1,out
47540,17,11,17,9,going
47540,17,1,17,9,coming
47546,17,10,17,9,out
47546,17,12,17,9,in
47546,17,12,17,9,going
47556,9,2,33,1,coming
47562,2,13,2,3,out
47562,2,15,2,3,in
47562,4,13,4,3,out
47562,4,15,4,3,in
47562,5,13,5,3,out
47562,5,15,5,3,in
47562,8,13,8,3,out
47562,8,15,8,3,in
47562,16,6,38,7,out
47562,16,8,38,7,in
47565,19,19,19,5,going
47570,14,2,31,5,out
47570,14,4,31,5,in
47586,6,19,28,5,going
47590,11,5,11,2,out
47590,11,7,11,2,in
47590,2,14,2,3,going
47590,2,16,2,3,coming
47590,4,14,4,3,going
47590,4,16,4,3,coming
47590,5,14,5,3,going
47590,5,16,5,3,coming
47590,8,14,8,3,going
47590,8,16,8,3,coming
47590,16,7,38,7,going
47590,16,9,38,7,coming
47593,1,19,1,5,out
47593,3,19,3,5,out
47598,14,3,31,5,going
47598,14,5,31,5,coming
47600,7,5,27,3,out
47600,7,7,27,3,in
47610,12,11,12,4,out
47610,13,11,13,4,out
47613,12,10,12,4,in
47613,13,10,13,4,in
47617,18,2,32,8,in
47618,11,6,11,2,going
47618,11,8,11,2,coming
47627,10,4,34,9,out
47627,10,6,34,9,in
47627,12,11,12,4,coming
47627,13,11,13,4,coming
47628,7,6,27,3,going
47628,7,8,27,3,coming
47630,12,10,12,4,going
47630,13,10,13,4,going
47631,1,19,1,5,coming
47631,3,19,3,5,coming
47640,17,1,17,9,in
47640,17,11,17,9,out
47645,18,1,32,8,going
47645,18,3,32,8,coming
47646,17,12,17,9,out
47655,10,5,34,9,going
47655,10,7,34,9,coming
47656,9,2,33,1,in
47665,19,19,19,5,out
47668,17,2,17,9,coming
47684,9,1,33,1,going
47684,9,3,33,1,coming
47686,6,19,28,5,out
47690,2,14,2,3,out
47690,2,16,2,3,in
47690,4,14,4,3,out
47690,4,16,4,3,in
47690,5,14,5,3,out
47690,5,16,5,3,in
47690,8,14,8,3,out
47690,8,16,8,3,in
47690,16,7,38,7,out
47690,16,9,38,7,in
47698,14,3,31,5,out
47698,14,5,31,5,in
47703,19,19,19,5,coming
47718,11,6,11,2,out
47718,11,8,11,2,in
47718,2,15,2,3,going
47718,2,17,2,3,coming
47718,4,15,4,3,going
47718,4,17,4,3,coming
47718,5,15,5,3,going
47718,5,17,5,3,coming
47718,8,15,8,3,going
47718,8,17,8,3,coming
47718,16,8,38,7,going
47718,16,10,38,7,coming
47724,6,19,28,5,coming
47726,14,4,31,5,going
47726,14,6,31,5,coming
47727,12,11,12,4,in
47727,13,11,13,4,in
47727,12,11,12,4,going
47727,13,11,13,4,going
47728,7,6,27,3,out
47728,7,8,27,3,in
47730,12,10,12,4,out
47730,13,10,13,4,out
47730,12,10,12,4,coming
47730,13,10,13,4,coming
47731,1,19,1,5,in
47731,3,19,3,5,in
47745,18,1,32,8,out
47745,18,3,32,8,in
47746,11,7,11,2,going
47746,11,9,11,2,coming
47755,10,5,34,9,out
47755,10,7,34,9,in
47756,7,7,27,3,going
47756,7,9,27,3,coming
47768,17,2,17,9,in
47773,18,2,32,8,going
47773,18,4,32,8,coming
47783,10,6,34,9,going
47783,10,8,34,9,coming
47784,9,1,33,1,out
47784,9,3,33,1,in
47796,17,1,17,9,going
47796,17,3,17,9,coming
47800,2,16,2,3,going
47800,2,1,2,3,coming
47800,4,16,4,3,going
47800,4,1,4,3,coming
47800,5,16,5,3,going
47800,5,1,5,3,coming
47800,8,16,8,3,going
47800,8,1,8,3,coming
47803,19,19,19,5,in
47810,1,19,1,5,going
47810,3,19,3,5,going
47812,9,2,33,1,going
47812,9,4,33,1,coming
47818,2,15,2,3,out
47818,2,17,2,3,in
47818,4,15,4,3,out
47818,4,17,4,3,in
47818,5,15,5,3,out
47818,5,17,5,3,in
47818,8,15,8,3,out
47818,8,17,8,3,in
47818,16,8,38,7,out
47818,16,10,38,7,in
47818,2,17,2,3,going
47818,4,17,4,3,going
47818,5,17,5,3,going
47818,8,17,8,3,going
47824,6,19,28,5,in
47826,14,4,31,5,out
47826,14,6,31,5,in
47827,12,11,12,4,out
47827,13,11,13,4,out
47830,12,10,12,4,in
47830,13,10,13,4,in
47844,12,11,12,4,coming
47844,13,11,13,4,coming
47846,11,7,11,2,out
47846,11,9,11,2,in
47846,16,9,38,7,going
47846,16,11,38,7,coming
47847,12,10,12,4,going
47847,13,10,13,4,going
47854,14,5,31,5,going
47854,14,7,31,5,coming
47856,7,7,27,3,out
47856,7,9,27,3,in
47873,18,2,32,8,out
47873,18,4,32,8,in
47874,11,8,11,2,going
47874,11,10,11,2,coming
47882,19,19,19,5,going
47883,10,6,34,9,out
47883,10,8,34,9,in
47884,7,8,27,3,going
47896,17,1,17,9,out
47896,17,3,17,9,in
47900,2,1,2,3,in
47900,2,16,2,3,out
47900,4,1,4,3,in
47900,4,16,4,3,out
47900,5,1,5,3,in
47900,5,16,5,3,out
47900,8,1,8,3,in
47900,8,16,8,3,out
47901,18,3,32,8,going
47901,18,5,32,8,coming
47903,6,19,28,5,going
47910,1,19,1,5,out
47910,3,19,3,5,out
47911,10,7,34,9,going
47911,10,9,34,9,coming
47912,9,2,33,1,out
47912,9,4,33,1,in
47918,2,17,2,3,out
47918,4,17,4,3,out
47918,5,17,5,3,out
47918,8,17,8,3,out
47924,17,2,17,9,going
47924,17,4,17,9,coming
47928,2,2,2,3,coming
47928,4,2,4,3,coming
47928,5,2,5,3,coming
47928,8,2,8,3,coming
47940,9,3,33,1,going
47940,9,5,33,1,coming
47944,12,11,12,4,in
47944,13,11,13,4,in
47944,12,11,12,4,going
47944,13,11,13,4,going
47946,16,9,38,7,out
47946,16,11,38,7,in
47947,12,10,12,4,out
47947,13,10,13,4,out
47947,12,10,12,4,coming
47947,13,10,13,4,coming
47948,1,19,1,5,coming
47948,3,19,3,5,coming
47954,14,5,31,5,out
47954,14,7,31,5,in
47974,11,8,11,2,out
47974,11,10,11,2,in
47974,16,10,38,7,going
47974,16,12,38,7,coming
47982,19,19,19,5,out
47982,14,6,31,5,going
47982,14,8,31,5,coming
47984,7,8,27,3,out
48001,18,3,32,8,out
48001,18,5,32,8,in
48002,11,9,11,2,going
48002,11,11,11,2,coming
48003,6,19,28,5,out
48011,10,7,34,9,out
48011,10,9,34,9,in
48012,7,9,27,3,going
48020,19,19,19,5,coming
48024,17,2,17,9,out
48024,17,4,17,9,in
48028,2,2,2,3,in
48028,4,2,4,3,in
48028,5,2,5,3,in
48028,8,2,8,3,in
48029,18,4,32,8,going
48029,18,6,32,8,coming
48039,10,8,34,9,going
48039,10,10,34,9,coming
48040,9,3,33,1,out
48040,9,5,33,1,in
48041,6,19,28,5,coming
48044,12,11,12,4,out
48044,13,11,13,4,out
48047,12,10,12,4,in
48047,13,10,13,4,in
48048,1,19,1,5,in
48048,3,19,3,5,in
48052,17,3,17,9,going
48052,17,5,17,9,coming
48056,2,1,2,3,going
48056,2,3,2,3,coming
48056,4,1,4,3,going
48056,4,3,4,3,coming
48056,5,1,5,3,going
48056,5,3,5,3,coming
48056,8,1,8,3,going
48056,8,3,8,3,coming
48061,12,11,12,4,coming
48061,13,11,13,4,coming
48064,12,10,12,4,going
48064,13,10,13,4,going
48068,9,4,33,1,going
48068,9,6,33,1,coming
48074,16,10,38,7,out
48074,16,12,38,7,in
48082,14,6,31,5,out
48082,14,8,31,5,in
48091,18,5,32,8,going
48091,18,1,32,8,coming
48102,11,9,11,2,out
48102,11,11,11,2,in
48102,16,11,38,7,going
48102,16,13,38,7,coming
48110,14,7,31,5,going
48110,14,9,31,5,coming
48112,7,9,27,3,out
48120,19,19,19,5,in
48127,1,19,1,5,going
48127,3,19,3,5,going
48129,18,4,32,8,out
48129,18,6,32,8,in
48129,18,6,32,8,going
48130,11,10,11,2,going
48130,11,12,11,2,coming
48139,10,8,34,9,out
48139,10,10,34,9,in
48140,7,12,27,3,coming
48141,6,19,28,5,in
48152,17,3,17,9,out
48152,17,5,17,9,in
48152,11,11,11,2,going
48152,11,1,11,2,coming
48156,2,1,2,3,out
48156,2,3,2,3,in
48156,4,1,4,3,out
48156,4,3,4,3,in
48156,5,1,5,3,out
48156,5,3,5,3,in
48156,8,1,8,3,out
48156,8,3,8,3,in
48161,12,11,12,4,in
48161,13,11,13,4,in
48161,12,11,12,4,going
48161,13,11,13,4,going
48164,12,10,12,4,out
48164,13,10,13,4,out
48164,12,10,12,4,coming
48164,13,10,13,4,coming
48167,10,9,34,9,going
48167,10,11,34,9,coming
48168,9,4,33,1,out
48168,9,6,33,1,in
48180,17,4,17,9,going
48180,17,6,17,9,coming
48184,2,2,2,3,going
48184,2,4,2,3,coming
48184,4,2,4,3,going
48184,4,4,4,3,coming
48184,5,2,5,3,going
48184,5,4,5,3,coming
48184,8,2,8,3,going
48184,8,4,8,3,coming
48191,18,1,32,8,in
48191,18,5,32,8,out
48196,9,5,33,1,going
48196,9,7,33,1,coming
48199,19,19,19,5,going
48202,16,11,38,7,out
48202,16,13,38,7,in
48210,14,7,31,5,out
48210,14,9,31,5,in
48219,18,2,32,8,coming
48220,6,19,28,5,going
48227,1,19,1,5,out
48227,3,19,3,5,out
48229,18,6,32,8,out
48230,11,10,11,2,out
48230,11,12,11,2,in
48230,11,12,11,2,going
48230,16,12,38,7,going
48230,16,14,38,7,coming
48238,14,8,31,5,going
48238,14,10,31,5,coming
48240,7,12,27,3,in
48252,11,1,11,2,in
48252,11,11,11,2,out
48261,12,11,12,4,out
48261,13,11,13,4,out
48264,12,10,12,4,in
48264,13,10,13,4,in
48265,1,19,1,5,coming
48265,3,19,3,5,coming
48267,10,9,34,9,out
48267,10,11,34,9,in
48268,7,13,27,3,coming
48278,12,11,12,4,coming
48278,13,11,13,4,coming
48280,17,4,17,9,out
48280,17,6,17,9,in
48280,11,2,11,2,coming
48281,12,10,12,4,going
48281,13,10,13,4,going
48284,2,2,2,3,out
48284,2,4,2,3,in
48284,4,2,4,3,out
48284,4,4,4,3,in
48284,5,2,5,3,out
48284,5,4,5,3,in
48284,8,2,8,3,out
48284,8,4,8,3,in
48295,10,10,34,9,going
48295,10,12,34,9,coming
48296,9,5,33,1,out
48296,9,7,33,1,in
48299,19,19,19,5,out
48308,17,5,17,9,going
48308,17,7,17,9,coming
48312,2,3,2,3,going
48312,2,5,2,3,coming
48312,4,3,4,3,going
48312,4,5,4,3,coming
48312,5,3,5,3,going
48312,5,5,5,3,coming
48312,8,3,8,3,going
48312,8,5,8,3,coming
48319,18,2,32,8,in
48320,6,19,28,5,out
48324,9,6,33,1,going
48324,9,8,33,1,coming
48330,11,12,11,2,out
48330,16,12,38,7,out
48330,16,14,38,7,in
48337,19,19,19,5,coming
48338,14,8,31,5,out
48338,14,10,31,5,in
48347,18,1,32,8,going
48347,18,3,32,8,coming
48358,6,19,28,5,coming
48358,16,13,38,7,going
48358,16,15,38,7,coming
48365,1,19,1,5,in
48365,3,19,3,5,in
48366,14,9,31,5,going
48366,14,11,31,5,coming
48368,7,13,27,3,in
48378,12,11,12,4,in
48378,13,11,13,4,in
48378,12,11,12,4,going
48378,13,11,13,4,going
48380,11,2,11,2,in
48381,12,10,12,4,out
48381,13,10,13,4,out
48381,12,10,12,4,coming
48381,13,10,13,4,coming
48389,10,11,34,9,going
48389,10,1,34,9,coming
48395,10,10,34,9,out
48395,10,12,34,9,in
48395,10,12,34,9,going
48396,7,12,27,3,going
48396,7,14,27,3,coming
48408,17,5,17,9,out
48408,17,7,17,9,in
48408,11,1,11,2,going
48408,11,3,11,2,coming
48412,2,3,2,3,out
48412,2,5,2,3,in
48412,4,3,4,3,out
48412,4,5,4,3,in
48412,5,3,5,3,out
48412,5,5,5,3,in
48412,8,3,8,3,out
48412,8,5,8,3,in
48424,9,6,33,1,out
48424,9,8,33,1,in
48436,17,6,17,9,going
48436,17,8,17,9,coming
48437,19,19,19,5,in
48440,2,4,2,3,going
48440,2,6,2,3,coming
48440,4,4,4,3,going
48440,4,6,4,3,coming
48440,5,4,5,3,going
48440,5,6,5,3,coming
48440,8,4,8,3,going
48440,8,6,8,3,coming
48444,1,19,1,5,going
48444,3,19,3,5,going
48447,18,1,32,8,out
48447,18,3,32,8,in
48452,9,7,33,1,going
48452,9,9,33,1,coming
48458,6,19,28,5,in
48458,16,13,38,7,out
48458,16,15,38,7,in
48466,14,9,31,5,out
48466,14,11,31,5,in
48475,18,2,32,8,going
48475,18,4,32,8,coming
48478,12,11,12,4,out
48478,13,11,13,4,out
48481,12,10,12,4,in
48481,13,10,13,4,in
48486,16,14,38,7,going
48486,16,16,38,7,coming
48489,10,1,34,9,in
48489,10,11,34,9,out
48494,14,10,31,5,going
48494,14,12,31,5,coming
48495,10,12,34,9,out
48495,12,11,12,4,coming
48495,13,11,13,4,coming
48496,7,12,27,3,out
48496,7,14,27,3,in
48498,12,10,12,4,going
48498,13,10,13,4,going
48508,11,1,11,2,out
48508,11,3,11,2,in
48516,19,19,19,5,going
48517,10,2,34,9,coming
48524,7,13,27,3,going
48524,7,15,27,3,coming
48536,17,6,17,9,out
48536,17,8,17,9,in
48536,11,2,11,2,going
48536,11,4,11,2,coming
48537,6,19,28,5,going
48540,2,4,2,3,out
48540,2,6,2,3,in
48540,4,4,4,3,out
48540,4,6,4,3,in
48540,5,4,5,3,out
48540,5,6,5,3,in
48540,8,4,8,3,out
48540,8,6,8,3,in
48544,1,19,1,5,out
48544,3,19,3,5,out
48552,9,7,33,1,out
48552,9,9,33,1,in
48564,17,7,17,9,going
48564,17,9,17,9,coming
48568,2,5,2,3,going
48568,2,7,2,3,coming
48568,4,5,4,3,going
48568,4,7,4,3,coming
48568,5,5,5,3,going
48568,5,7,5,3,coming
48568,8,5,8,3,going
48568,8,7,8,3,coming
48575,18,2,32,8,out
48575,18,4,32,8,in
48580,9,8,33,1,going
48580,9,10,33,1,coming
48582,1,19,1,5,coming
48582,3,19,3,5,coming
48586,16,14,38,7,out
48586,16,16,38,7,in
48594,14,10,31,5,out
48594,14,12,31,5,in
48595,12,11,12,4,in
48595,13,11,13,4,in
48595,12,11,12,4,going
48595,13,11,13,4,going
48598,12,10,12,4,out
48598,13,10,13,4,out
48598,12,10,12,4,coming
48598,13,10,13,4,coming
48603,18,3,32,8,going
48603,18,5,32,8,coming
48614,16,15,38,7,going
48614,16,17,38,7,coming
48616,19,19,19,5,out
48617,10,2,34,9,in
48622,14,11,31,5,going
48622,14,13,31,5,coming
48624,7,13,27,3,out
48624,7,15,27,3,in
48636,11,2,11,2,out
48636,11,4,11,2,in
48637,6,19,28,5,out
48645,10,1,34,9,going
48645,10,3,34,9,coming
48652,7,14,27,3,going
48652,7,16,27,3,coming
48654,19,19,19,5,coming
48664,17,7,17,9,out
48664,17,9,17,9,in
48664,11,3,11,2,going
48664,11,5,11,2,coming
48668,2,5,2,3,out
48668,2,7,2,3,in
48668,4,5,4,3,out
48668,4,7,4,3,in
48668,5,5,5,3,out
48668,5,7,5,3,in
48668,8,5,8,3,out
48668,8,7,8,3,in
48675,6,19,28,5,coming
48680,9,8,33,1,out
48680,9,10,33,1,in
48682,1,19,1,5,in
48682,3,19,3,5,in
48692,17,8,17,9,going
48692,17,10,17,9,coming
48695,12,11,12,4,out
48695,13,11,13,4,out
48696,2,6,2,3,going
48696,2,8,2,3,coming
48696,4,6,4,3,going
48696,4,8,4,3,coming
48696,5,6,5,3,going
48696,5,8,5,3,coming
48696,8,6,8,3,going
48696,8,8,8,3,coming
48698,12,10,12,4,in
48698,13,10,13,4,in
48703,18,3,32,8,out
48703,18,5,32,8,in
48708,9,9,33,1,going
48708,9,11,33,1,coming
48712,12,11,12,4,coming
48712,13,11,13,4,coming
48714,16,15,38,7,out
48714,16,17,38,7,in
48715,13,10,13,4,going
48716,12,10,12,4,going
48716,12,0,12,4,coming
48716,12,1,12,4,coming
48722,14,11,31,5,out
48722,14,13,31,5,in
48731,18,4,32,8,going
48731,18,6,32,8,coming
48742,16,16,38,7,going
48742,16,18,38,7,coming
48745,10,1,34,9,out
48745,10,3,34,9,in
48750,14,12,31,5,going
48750,14,14,31,5,coming
48752,7,14,27,3,out
48752,7,16,27,3,in
48754,19,19,19,5,in
48761,1,19,1,5,going
48761,3,19,3,5,going
48764,11,3,11,2,out
48764,11,5,11,2,in
48773,10,2,34,9,going
48773,10,4,34,9,coming
48775,6,19,28,5,in
48780,7,15,27,3,going
48780,7,17,27,3,coming
48792,17,8,17,9,out
48792,17,10,17,9,in
48792,11,4,11,2,going
48792,11,6,11,2,coming
48793,18,5,32,8,going
48793,18,1,32,8,coming
48796,2,6,2,3,out
48796,2,8,2,3,in
48796,4,6,4,3,out
48796,4,8,4,3,in
48796,5,6,5,3,out
48796,5,8,5,3,in
48796,8,6,8,3,out
48796,8,8,8,3,in
48808,9,9,33,1,out
48808,9,11,33,1,in
48812,12,11,12,4,in
48812,13,11,13,4,in
48812,12,11,12,4,going
48812,13,11,13,4,going
48815,13,10,13,4,out
48815,13,10,13,4,coming
48816,12,0,12,4,in
48816,12,1,12,4,in
48816,12,10,12,4,out
48820,17,9,17,9,going
48820,17,11,17,9,coming
48824,2,7,2,3,going
48824,2,9,2,3,coming
48824,4,7,4,3,going
48824,4,9,4,3,coming
48824,5,7,5,3,going
48824,5,9,5,3,coming
48824,8,7,8,3,going
48824,8,9,8,3,coming
48831,18,4,32,8,out
48831,18,6,32,8,in
48831,18,6,32,8,going
48833,19,19,19,5,going
48836,9,10,33,1,going
48836,9,12,33,1,coming
48842,16,16,38,7,out
48842,16,18,38,7,in
48850,14,12,31,5,out
48850,14,14,31,5,in
48854,6,19,28,5,going
48861,1,19,1,5,out
48861,3,19,3,5,out
48862,7,16,27,3,going
48862,7,1,27,3,coming
48870,16,17,38,7,going
48870,16,19,38,7,coming
48873,10,2,34,9,out
48873,10,4,34,9,in
48878,14,13,31,5,going
48878,14,15,31,5,coming
48880,7,15,27,3,out
48880,7,17,27,3,in
48880,7,17,27,3,going
48892,11,4,11,2,out
48892,11,6,11,2,in
48893,18,1,32,8,in
48893,18,5,32,8,out
48899,1,19,1,5,coming
48899,3,19,3,5,coming
48901,10,3,34,9,going
48901,10,5,34,9,coming
48912,12,11,12,4,out
48912,13,11,13,4,out
48915,13,10,13,4,in
48920,17,9,17,9,out
48920,17,11,17,9,in
48920,11,5,11,2,going
48920,11,7,11,2,coming
48921,18,2,32,8,coming
48924,2,7,2,3,out
48924,2,9,2,3,in
48924,4,7,4,3,out
48924,4,9,4,3,in
48924,5,7,5,3,out
48924,5,9,5,3,in
48924,8,7,8,3,out
48924,8,9,8,3,in
48929,9,11,33,1,going
48929,9,18,33,1,coming
48929,9,19,33,1,coming
48929,13,11,13,4,coming
48931,18,6,32,8,out
48932,13,10,13,4,going
48932,15,1,36,4,coming
48933,19,19,19,5,out
48936,9,10,33,1,out
48936,9,12,33,1,in
48936,9,12,33,1,going
48944,12,0,12,4,going
48944,12,2,12,4,coming
48948,17,10,17,9,going
48948,17,12,17,9,coming
48952,2,8,2,3,going
48952,2,10,2,3,coming
48952,4,8,4,3,going
48952,4,10,4,3,coming
48952,5,8,5,3,going
48952,5,10,5,3,coming
48952,8,8,8,3,going
48952,8,10,8,3,coming
48954,6,19,28,5,out
48962,7,1,27,3,in
48962,7,16,27,3,out
48970,16,17,38,7,out
48970,16,19,38,7,in
48971,19,19,19,5,coming
48978,14,13,31,5,out
48978,14,15,31,5,in
48980,7,17,27,3,out
48990,7,2,27,3,coming
48992,6,19,28,5,coming
48998,16,18,38,7,going
48999,1,19,1,5,in
48999,3,19,3,5,in
49001,10,3,34,9,out
49001,10,5,34,9,in
49006,14,14,31,5,going
49020,11,5,11,2,out
49020,11,7,11,2,in
49021,18,2,32,8,in
49029,9,11,33,1,out
49029,9,18,33,1,in
49029,9,19,33,1,in
49029,13,11,13,4,in
49029,10,4,34,9,going
49029,10,6,34,9,coming
49029,13,11,13,4,going
49032,13,10,13,4,out
49032,15,1,36,4,in
49032,13,10,13,4,coming
49036,9,12,33,1,out
49042,17,11,17,9,going
49042,17,1,17,9,coming
49044,12,0,12,4,out
49044,12,2,12,4,in
49048,17,10,17,9,out
49048,17,12,17,9,in
49048,11,6,11,2,going
49048,11,8,11,2,coming
49048,17,12,17,9,going
49049,18,1,32,8,going
49049,18,3,32,8,coming
49052,2,8,2,3,out
49052,2,10,2,3,in
49052,4,8,4,3,out
49052,4,10,4,3,in
49052,5,8,5,3,out
49052,5,10,5,3,in
49052,8,8,8,3,out
49052,8,10,8,3,in
49059,9,18,33,1,going
49060,15,2,36,4,coming
49066,16,0,38,7,out
49066,16,1,38,7,out
49066,16,2,38,7,out
49066,16,3,38,7,out
49066,16,4,38,7,out
49066,16,5,38,7,out
49066,16,6,38,7,out
49066,16,7,38,7,out
49066,16,8,38,7,out
49066,16,9,38,7,out
49066,16,10,38,7,out
49066,16,11,38,7,out
49066,16,12,38,7,out
49066,16,13,38,7,out
49066,16,14,38,7,out
49066,16,15,38,7,out
49066,16,16,38,7,out
49066,16,17,38,7,out
49066,16,18,38,7,out
49066,16,19,38,7,out
49066,16,0,39,2,coming
49066,16,1,39,2,coming
49071,19,19,19,5,in
49072,12,1,12,4,going
49072,12,3,12,4,coming
49078,1,19,1,5,going
49078,3,19,3,5,going
49080,2,9,2,3,going
49080,2,11,2,3,coming
49080,4,9,4,3,going
49080,4,11,4,3,coming
49080,5,9,5,3,going
49080,5,11,5,3,coming
49080,8,9,8,3,going
49080,8,11,8,3,coming
49090,7,2,27,3,in
49092,6,19,28,5,in
49106,14,14,31,5,out
49118,7,1,27,3,going
49118,7,3,27,3,coming
49129,10,4,34,9,out
49129,10,6,34,9,in
49129,13,11,13,4,out
49132,13,10,13,4,in
49134,14,15,31,5,going
49142,17,1,17,9,in
49142,17,11,17,9,out
49146,13,11,13,4,coming
49148,11,6,11,2,out
49148,11,8,11,2,in
49148,17,12,17,9,out
49149,18,1,32,8,out
49149,18,3,32,8,in
49149,13,10,13,4,going
49150,19,19,19,5,going
49157,10,5,34,9,going
49157,10,7,34,9,coming
49159,9,18,33,1,out
49160,15,2,36,4,in
49161,9,19,33,1,going
49161,9,1,33,1,coming
49166,16,0,39,2,in
49166,16,1,39,2,in
49170,17,2,17,9,coming
49172,12,1,12,4,out
49172,12,3,12,4,in
49172,6,19,28,5,going
49172,6,1,28,5,coming
49176,11,7,11,2,going
49176,11,9,11,2,coming
49177,18,2,32,8,going
49177,18,4,32,8,coming
49178,1,19,1,5,out
49178,3,19,3,5,out
49180,2,9,2,3,out
49180,2,11,2,3,in
49180,4,9,4,3,out
49180,4,11,4,3,in
49180,5,9,5,3,out
49180,5,11,5,3,in
49180,8,9,8,3,out
49180,8,11,8,3,in
49188,15,1,36,4,going
49188,15,3,36,4,coming
49200,12,2,12,4,going
49200,12,4,12,4,coming
49208,2,10,2,3,going
49208,2,12,2,3,coming
49208,4,10,4,3,going
49208,4,12,4,3,coming
49208,5,10,5,3,going
49208,5,12,5,3,coming
49208,8,10,8,3,going
49208,8,12,8,3,coming
49216,1,19,1,5,coming
49216,3,19,3,5,coming
49218,7,1,27,3,out
49218,7,3,27,3,in
49234,14,15,31,5,out
49246,13,11,13,4,in
49246,7,2,27,3,going
49246,7,4,27,3,coming
49246,13,11,13,4,going
49249,13,10,13,4,out
49249,13,10,13,4,coming
49250,19,19,19,5,out
49257,10,5,34,9,out
49257,10,7,34,9,in
49261,9,1,33,1,in
49261,9,19,33,1,out
49270,17,2,17,9,in
49272,6,1,28,5,in
49272,6,19,28,5,out
49276,11,7,11,2,out
49276,11,9,11,2,in
49277,18,2,32,8,out
49277,18,4,32,8,in
49285,10,6,34,9,going
49285,10,8,34,9,coming
49288,15,1,36,4,out
49288,15,3,36,4,in
49288,19,19,19,5,coming
49289,9,2,33,1,coming
49294,16,2,39,2,coming
49298,17,1,17,9,going
49298,17,3,17,9,coming
49300,12,2,12,4,out
49300,12,4,12,4,in
49300,6,2,28,5,coming
49304,11,8,11,2,going
49304,11,10,11,2,coming
49305,18,3,32,8,going
49305,18,5,32,8,coming
49308,2,10,2,3,out
49308,2,12,2,3,in
49308,4,10,4,3,out
49308,4,12,4,3,in
49308,5,10,5,3,out
49308,5,12,5,3,in
49308,8,10,8,3,out
49308,8,12,8,3,in
49316,1,19,1,5,in
49316,3,19,3,5,in
49316,15,2,36,4,going
49316,15,4,36,4,coming
49328,12,3,12,4,going
49328,12,5,12,4,coming
49336,2,11,2,3,going
49336,2,13,2,3,coming
49336,4,11,4,3,going
49336,4,13,4,3,coming
49336,5,11,5,3,going
49336,5,13,5,3,coming
49336,8,11,8,3,going
49336,8,13,8,3,coming
49346,7,2,27,3,out
49346,7,4,27,3,in
49346,13,11,13,4,out
49349,13,10,13,4,in
49363,13,11,13,4,coming
49367,13,10,13,4,going
49367,13,0,13,4,coming
49367,13,1,13,4,coming
49374,7,3,27,3,going
49374,7,5,27,3,coming
49385,10,6,34,9,out
49385,10,8,34,9,in
49388,19,19,19,5,in
49389,9,2,33,1,in
49390,14,19,31,5,coming
49394,16,2,39,2,in
49395,1,19,1,5,going
49395,3,19,3,5,going
49398,17,1,17,9,out
49398,17,3,17,9,in
49400,6,2,28,5,in
49404,11,8,11,2,out
49404,11,10,11,2,in
49405,18,3,32,8,out
49405,18,5,32,8,in
49413,10,7,34,9,going
49413,10,9,34,9,coming
49416,15,2,36,4,out
49416,15,4,36,4,in
49417,9,1,33,1,going
49417,9,3,33,1,coming
49422,16,1,39,2,going
49422,16,3,39,2,coming
49426,17,2,17,9,going
49426,17,4,17,9,coming
49428,12,3,12,4,out
49428,12,5,12,4,in
49428,6,1,28,5,going
49428,6,3,28,5,coming
49432,11,9,11,2,going
49432,11,11,11,2,coming
49433,18,4,32,8,going
49433,18,6,32,8,coming
49436,2,11,2,3,out
49436,2,13,2,3,in
49436,4,11,4,3,out
49436,4,13,4,3,in
49436,5,11,5,3,out
49436,5,13,5,3,in
49436,8,11,8,3,out
49436,8,13,8,3,in
49444,15,3,36,4,going
49444,15,5,36,4,coming
49456,12,4,12,4,going
49456,12,6,12,4,coming
49463,13,11,13,4,in
49463,13,11,13,4,going
49464,2,12,2,3,going
49464,2,14,2,3,coming
49464,4,12,4,3,going
49464,4,14,4,3,coming
49464,5,12,5,3,going
49464,5,14,5,3,coming
49464,8,12,8,3,going
49464,8,14,8,3,coming
49467,13,0,13,4,in
49467,13,1,13,4,in
49467,13,10,13,4,out
49467,19,19,19,5,going
49474,7,3,27,3,out
49474,7,5,27,3,in
49490,14,19,31,5,in
49495,1,19,1,5,out
49495,3,19,3,5,out
49495,18,5,32,8,going
49495,18,1,32,8,coming
49502,7,4,27,3,going
49502,7,6,27,3,coming
49513,10,7,34,9,out
49513,10,9,34,9,in
49517,9,1,33,1,out
49517,9,3,33,1,in
49522,16,1,39,2,out
49522,16,3,39,2,in
49526,17,2,17,9,out
49526,17,4,17,9,in
49528,6,1,28,5,out
49528,6,3,28,5,in
49532,11,9,11,2,out
49532,11,11,11,2,in
49533,18,4,32,8,out
49533,18,6,32,8,in
49533,1,19,1,5,coming
49533,3,19,3,5,coming
49533,18,6,32,8,going
49541,10,8,34,9,going
49541,10,10,34,9,coming
49544,15,3,36,4,out
49544,15,5,36,4,in
49545,9,2,33,1,going
49545,9,4,33,1,coming
49550,16,2,39,2,going
49550,16,4,39,2,coming
49554,17,3,17,9,going
49554,17,5,17,9,coming
49556,12,4,12,4,out
49556,12,6,12,4,in
49556,6,2,28,5,going
49556,6,4,28,5,coming
49560,11,10,11,2,going
49560,11,12,11,2,coming
49563,13,11,13,4,out
49564,2,12,2,3,out
49564,2,14,2,3,in
49564,4,12,4,3,out
49564,4,14,4,3,in
49564,5,12,5,3,out
49564,5,14,5,3,in
49564,8,12,8,3,out
49564,8,14,8,3,in
49567,19,19,19,5,out
49569,14,19,31,5,going
49572,15,4,36,4,going
49572,15,6,36,4,coming
49582,11,11,11,2,going
49582,11,1,11,2,coming
49584,12,5,12,4,going
49584,12,7,12,4,coming
49592,2,13,2,3,going
49592,2,15,2,3,coming
49592,4,13,4,3,going
49592,4,15,4,3,coming
49592,5,13,5,3,going
49592,5,15,5,3,coming
49592,8,13,8,3,going
49592,8,15,8,3,coming
49595,18,1,32,8,in
49595,18,5,32,8,out
49595,13,0,13,4,going
49595,13,2,13,4,coming
49602,7,4,27,3,out
49602,7,6,27,3,in
49605,19,19,19,5,coming
49623,18,2,32,8,coming
49630,7,5,27,3,going
49630,7,7,27,3,coming
49633,1,19,1,5,in
49633,3,19,3,5,in
49633,18,6,32,8,out
49641,10,8,34,9,out
49641,10,10,34,9,in
49645,9,2,33,1,out
49645,9,4,33,1,in
49650,16,2,39,2,out
49650,16,4,39,2,in
49654,17,3,17,9,out
49654,17,5,17,9,in
49656,6,2,28,5,out
49656,6,4,28,5,in
49660,11,10,11,2,out
49660,11,12,11,2,in
49660,11,12,11,2,going
49669,14,19,31,5,out
49669,10,9,34,9,going
49669,10,11,34,9,coming
49672,15,4,36,4,out
49672,15,6,36,4,in
49673,9,3,33,1,going
49673,9,5,33,1,coming
49678,16,3,39,2,going
49678,16,5,39,2,coming
49682,11,1,11,2,in
49682,11,11,11,2,out
49682,17,4,17,9,going
49682,17,6,17,9,coming
49684,12,5,12,4,out
49684,12,7,12,4,in
49684,6,3,28,5,going
49684,6,5,28,5,coming
49692,2,13,2,3,out
49692,2,15,2,3,in
49692,4,13,4,3,out
49692,4,15,4,3,in
49692,5,13,5,3,out
49692,5,15,5,3,in
49692,8,13,8,3,out
49692,8,15,8,3,in
49695,13,0,13,4,out
49695,13,2,13,4,in
49700,15,5,36,4,going
49700,15,7,36,4,coming
49705,19,19,19,5,in
49707,14,19,31,5,coming
49710,11,2,11,2,coming
49712,1,19,1,5,going
49712,3,19,3,5,going
49712,12,6,12,4,going
49720,2,14,2,3,going
49720,2,16,2,3,coming
49720,4,14,4,3,going
49720,4,16,4,3,coming
49720,5,14,5,3,going
49720,5,16,5,3,coming
49720,8,14,8,3,going
49720,8,16,8,3,coming
49723,18,2,32,8,in
49723,13,1,13,4,going
49723,13,3,13,4,coming
49730,7,5,27,3,out
49730,7,7,27,3,in
49751,18,1,32,8,going
49751,18,3,32,8,coming
49758,7,6,27,3,going
49758,7,8,27,3,coming
49760,11,12,11,2,out
49769,10,9,34,9,out
49769,10,11,34,9,in
49773,9,3,33,1,out
49773,9,5,33,1,in
49778,16,3,39,2,out
49778,16,5,39,2,in
49782,17,4,17,9,out
49782,17,6,17,9,in
49784,6,3,28,5,out
49784,6,5,28,5,in
49784,19,19,19,5,going
49797,10,10,34,9,going
49797,10,12,34,9,coming
49800,15,5,36,4,out
49800,15,7,36,4,in
49801,9,4,33,1,going
49801,9,6,33,1,coming
49806,16,4,39,2,going
49806,16,6,39,2,coming
49807,14,19,31,5,in
49810,11,2,11,2,in
49810,17,5,17,9,going
49810,17,7,17,9,coming
49812,1,19,1,5,out
49812,3,19,3,5,out
49812,12,6,12,4,out
49812,6,4,28,5,going
49812,6,6,28,5,coming
49820,2,14,2,3,out
49820,2,16,2,3,in
49820,4,14,4,3,out
49820,4,16,4,3,in
49820,5,14,5,3,out
49820,5,16,5,3,in
49820,8,14,8,3,out
49820,8,16,8,3,in
49823,13,1,13,4,out
49823,13,3,13,4,in
49828,15,6,36,4,going
49838,11,1,11,2,going
49838,11,3,11,2,coming
49840,12,7,12,4,going
49848,2,15,2,3,going
49848,2,17,2,3,coming
49848,4,15,4,3,going
49848,4,17,4,3,coming
49848,5,15,5,3,going
49848,5,17,5,3,coming
49848,8,15,8,3,going
49848,8,17,8,3,coming
49850,1,19,1,5,coming
49850,3,19,3,5,coming
49851,18,1,32,8,out
49851,18,3,32,8,in
49851,13,2,13,4,going
49851,13,4,13,4,coming
49858,7,6,27,3,out
49858,7,8,27,3,in
49879,18,2,32,8,going
49879,18,4,32,8,coming
49884,19,19,19,5,out
49886,7,7,27,3,going
49886,7,9,27,3,coming
49886,14,19,31,5,going
49891,10,11,34,9,going
49891,10,1,34,9,coming
49897,10,10,34,9,out
49897,10,12,34,9,in
49897,10,12,34,9,going
49901,9,4,33,1,out
49901,9,6,33,1,in
49906,16,4,39,2,out
49906,16,6,39,2,in
49910,17,5,17,9,out
49910,17,7,17,9,in
49912,6,4,28,5,out
49912,6,6,28,5,in
49922,19,19,19,5,coming
49928,15,6,36,4,out
49929,9,5,33,1,going
49929,9,7,33,1,coming
49930,2,16,2,3,going
49930,2,1,2,3,coming
49930,4,16,4,3,going
49930,4,1,4,3,coming
49930,5,16,5,3,going
49930,5,1,5,3,coming
49930,8,16,8,3,going
49930,8,1,8,3,coming
49934,16,5,39,2,going
49934,16,7,39,2,coming
49938,11,1,11,2,out
49938,11,3,11,2,in
49938,17,6,17,9,going
49938,17,8,17,9,coming
49940,12,7,12,4,out
49940,6,5,28,5,going
49940,6,7,28,5,coming
49948,2,15,2,3,out
49948,2,17,2,3,in
49948,4,15,4,3,out
49948,4,17,4,3,in
49948,5,15,5,3,out
49948,5,17,5,3,in
49948,8,15,8,3,out
49948,8,17,8,3,in
49948,2,17,2,3,going
49948,4,17,4,3,going
49948,5,17,5,3,going
49948,8,17,8,3,going
49950,1,19,1,5,in
49950,3,19,3,5,in
49951,13,2,13,4,out
49951,13,4,13,4,in
49956,15,7,36,4,going
49966,11,2,11,2,going
49966,11,4,11,2,coming
49968,12,10,12,4,coming
49979,18,2,32,8,out
49979,18,4,32,8,in
49979,13,3,13,4,going
49979,13,5,13,4,coming
49986,7,7,27,3,out
49986,7,9,27,3,in
49986,14,19,31,5,out
49991,10,1,34,9,in
49991,10,11,34,9,out
49997,10,12,34,9,out
50007,18,3,32,8,going
50007,18,5,32,8,coming
50014,7,8,27,3,going
50019,10,2,34,9,coming
50022,19,19,19,5,in
50024,14,19,31,5,coming
50029,9,5,33,1,out
50029,9,7,33,1,in
50029,1,19,1,5,going
50029,3,19,3,5,going
50030,2,1,2,3,in
50030,2,16,2,3,out
50030,4,1,4,3,in
50030,4,16,4,3,out
50030,5,1,5,3,in
50030,5,16,5,3,out
50030,8,1,8,3,in
50030,8,16,8,3,out
50034,16,5,39,2,out
50034,16,7,39,2,in
50038,17,6,17,9,out
50038,17,8,17,9,in
50040,6,5,28,5,out
50040,6,7,28,5,in
50048,2,17,2,3,out
50048,4,17,4,3,out
50048,5,17,5,3,out
50048,8,17,8,3,out
50056,15,7,36,4,out
50057,9,6,33,1,going
50057,9,8,33,1,coming
50058,2,2,2,3,coming
50058,4,2,4,3,coming
50058,5,2,5,3,coming
50058,8,2,8,3,coming
50062,16,6,39,2,going
50062,16,8,39,2,coming
50066,11,2,11,2,out
50066,11,4,11,2,in
50066,17,7,17,9,going
50066,17,9,17,9,coming
50068,12,10,12,4,in
50068,6,6,28,5,going
50068,6,8,28,5,coming
50079,13,3,13,4,out
50079,13,5,13,4,in
50094,11,3,11,2,going
50094,11,5,11,2,coming
50096,12,11,12,4,coming
50099,12,10,12,4,going
50101,19,19,19,5,going
50107,18,3,32,8,out
50107,18,5,32,8,in
50107,13,4,13,4,going
50107,13,6,13,4,coming
50114,7,8,27,3,out
50119,10,2,34,9,in
50124,14,19,31,5,in
50129,1,19,1,5,out
50129,3,19,3,5,out
50135,18,4,32,8,going
50135,18,6,32,8,coming
50142,7,9,27,3,going
50147,10,1,34,9,going
50147,10,3,34,9,coming
50157,9,6,33,1,out
50157,9,8,33,1,in
50158,2,2,2,3,in
50158,4,2,4,3,in
50158,5,2,5,3,in
50158,8,2,8,3,in
50162,16,6,39,2,out
50162,16,8,39,2,in
50166,17,7,17,9,out
50166,17,9,17,9,in
50167,1,19,1,5,coming
50167,3,19,3,5,coming
50168,6,6,28,5,out
50168,6,8,28,5,in
50185,9,7,33,1,going
50185,9,9,33,1,coming
50186,2,1,2,3,going
50186,2,3,2,3,coming
50186,4,1,4,3,going
50186,4,3,4,3,coming
50186,5,1,5,3,going
50186,5,3,5,3,coming
50186,8,1,8,3,going
50186,8,3,8,3,coming
50190,16,7,39,2,going
50190,16,9,39,2,coming
50194,11,3,11,2,out
50194,11,5,11,2,in
50194,17,8,17,9,going
50194,17,10,17,9,coming
50196,12,11,12,4,in
50196,6,7,28,5,going
50196,6,9,28,5,coming
50196,12,11,12,4,going
50197,18,5,32,8,going
50197,18,1,32,8,coming
50199,12,10,12,4,out
50199,12,10,12,4,coming
50201,19,19,19,5,out
50203,14,19,31,5,going
50207,13,4,13,4,out
50207,13,6,13,4,in
50222,11,4,11,2,going
50222,11,6,11,2,coming
50235,18,4,32,8,out
50235,18,6,32,8,in
50235,13,5,13,4,going
50235,13,7,13,4,coming
50235,18,6,32,8,going
50239,19,19,19,5,coming
50242,7,9,27,3,out
50247,10,1,34,9,out
50247,10,3,34,9,in
50267,1,19,1,5,in
50267,3,19,3,5,in
50270,7,12,27,3,coming
50275,10,2,34,9,going
50275,10,4,34,9,coming
50285,9,7,33,1,out
50285,9,9,33,1,in
50286,2,1,2,3,out
50286,2,3,2,3,in
50286,4,1,4,3,out
50286,4,3,4,3,in
50286,5,1,5,3,out
50286,5,3,5,3,in
50286,8,1,8,3,out
50286,8,3,8,3,in
50290,16,7,39,2,out
50290,16,9,39,2,in
50294,17,8,17,9,out
50294,17,10,17,9,in
50296,6,7,28,5,out
50296,6,9,28,5,in
50296,12,11,12,4,out
50297,18,1,32,8,in
50297,18,5,32,8,out
50299,12,10,12,4,in
50303,14,19,31,5,out
50313,9,8,33,1,going
50313,9,10,33,1,coming
50313,12,11,12,4,coming
50314,2,2,2,3,going
50314,2,4,2,3,coming
50314,4,2,4,3,going
50314,4,4,4,3,coming
50314,5,2,5,3,going
50314,5,4,5,3,coming
50314,8,2,8,3,going
50314,8,4,8,3,coming
50316,12,10,12,4,going
50318,16,8,39,2,going
50318,16,10,39,2,coming
50322,11,4,11,2,out
50322,11,6,11,2,in
50322,17,9,17,9,going
50322,17,11,17,9,coming
50324,6,8,28,5,going
50325,18,2,32,8,coming
50335,13,5,13,4,out
50335,13,7,13,4,in
50335,18,6,32,8,out
50339,19,19,19,5,in
50341,14,19,31,5,coming
50346,1,19,1,5,going
50346,3,19,3,5,going
50350,11,5,11,2,going
50350,11,7,11,2,coming
50363,13,6,13,4,going
50370,7,12,27,3,in
50375,10,2,34,9,out
50375,10,4,34,9,in
50398,7,13,27,3,coming
50403,10,3,34,9,going
50403,10,5,34,9,coming
50413,9,8,33,1,out
50413,9,10,33,1,in
50413,12,11,12,4,in
50413,12,11,12,4,going
50414,2,2,2,3,out
50414,2,4,2,3,in
50414,4,2,4,3,out
50414,4,4,4,3,in
50414,5,2,5,3,out
50414,5,4,5,3,in
50414,8,2,8,3,out
50414,8,4,8,3,in
50416,12,10,12,4,out
50416,12,10,12,4,coming
50418,16,8,39,2,out
50418,16,10,39,2,in
50418,19,19,19,5,going
50422,17,9,17,9,out
50422,17,11,17,9,in
50424,6,8,28,5,out
50425,18,2,32,8,in
50441,14,19,31,5,in
50441,9,9,33,1,going
50441,9,11,33,1,coming
50442,2,3,2,3,going
50442,2,5,2,3,coming
50442,4,3,4,3,going
50442,4,5,4,3,coming
50442,5,3,5,3,going
50442,5,5,5,3,coming
50442,8,3,8,3,going
50442,8,5,8,3,coming
50446,1,19,1,5,out
50446,3,19,3,5,out
50446,16,9,39,2,going
50446,16,11,39,2,coming
50450,11,5,11,2,out
50450,11,7,11,2,in
50450,17,10,17,9,going
50450,17,12,17,9,coming
50452,6,9,28,5,going
50453,18,1,32,8,going
50453,18,3,32,8,coming
50463,13,6,13,4,out
50478,11,6,11,2,going
50478,11,8,11,2,coming
50484,1,19,1,5,coming
50484,3,19,3,5,coming
50491,13,7,13,4,going
50498,7,13,27,3,in
50503,10,3,34,9,out
50503,10,5,34,9,in
50513,12,11,12,4,out
50516,12,10,12,4,in
50518,19,19,19,5,out
50520,14,19,31,5,going
50526,7,12,27,3,going
50526,7,14,27,3,coming
50530,12,11,12,4,coming
50531,10,4,34,9,going
50531,10,6,34,9,coming
50533,12,10,12,4,going
50541,9,9,33,1,out
50541,9,11,33,1,in
50542,2,3,2,3,out
50542,2,5,2,3,in
50542,4,3,4,3,out
50542,4,5,4,3,in
50542,5,3,5,3,out
50542,5,5,5,3,in
50542,8,3,8,3,out
50542,8,5,8,3,in
50544,17,11,17,9,going
50544,17,1,17,9,coming
50546,16,9,39,2,out
50546,16,11,39,2,in
50550,17,10,17,9,out
50550,17,12,17,9,in
50550,17,12,17,9,going
50552,6,9,28,5,out
50553,18,1,32,8,out
50553,18,3,32,8,in
50556,19,19,19,5,coming
50569,9,10,33,1,going
50569,9,12,33,1,coming
50570,2,4,2,3,going
50570,2,6,2,3,coming
50570,4,4,4,3,going
50570,4,6,4,3,coming
50570,5,4,5,3,going
50570,5,6,5,3,coming
50570,8,4,8,3,going
50570,8,6,8,3,coming
50574,16,10,39,2,going
50574,16,12,39,2,coming
50578,11,6,11,2,out
50578,11,8,11,2,in
50580,6,12,28,5,coming
50581,18,2,32,8,going
50581,18,4,32,8,coming
50584,1,19,1,5,in
50584,3,19,3,5,in
50591,13,7,13,4,out
50596,16,11,39,2,going
50596,16,1,39,2,coming
50606,11,7,11,2,going
50606,11,9,11,2,coming
50619,13,10,13,4,coming
50620,14,19,31,5,out
50626,7,12,27,3,out
50626,7,14,27,3,in
50630,12,11,12,4,in
50630,12,11,12,4,going
50631,10,4,34,9,out
50631,10,6,34,9,in
50633,12,10,12,4,out
50633,12,10,12,4,coming
50644,17,1,17,9,in
50644,17,11,17,9,out
50650,17,12,17,9,out
50654,7,13,27,3,going
50654,7,15,27,3,coming
50656,19,19,19,5,in
50658,14,19,31,5,coming
50659,10,5,34,9,going
50659,10,7,34,9,coming
50662,9,11,33,1,going
50662,9,18,33,1,coming
50662,9,19,33,1,coming
50663,1,19,1,5,going
50663,3,19,3,5,going
50669,9,10,33,1,out
50669,9,12,33,1,in
50669,9,12,33,1,going
50670,2,4,2,3,out
50670,2,6,2,3,in
50670,4,4,4,3,out
50670,4,6,4,3,in
50670,5,4,5,3,out
50670,5,6,5,3,in
50670,8,4,8,3,out
50670,8,6,8,3,in
50672,17,2,17,9,coming
50674,16,10,39,2,out
50674,16,12,39,2,in
50674,16,12,39,2,going
50680,6,12,28,5,in
50681,18,2,32,8,out
50681,18,4,32,8,in
50696,16,1,39,2,in
50696,16,11,39,2,out
50698,2,5,2,3,going
50698,2,7,2,3,coming
50698,4,5,4,3,going
50698,4,7,4,3,coming
50698,5,5,5,3,going
50698,5,7,5,3,coming
50698,8,5,8,3,going
50698,8,7,8,3,coming
50706,11,7,11,2,out
50706,11,9,11,2,in
50708,6,13,28,5,coming
50709,18,3,32,8,going
50709,18,5,32,8,coming
50719,13,10,13,4,in
50724,16,2,39,2,coming
50730,12,11,12,4,out
50733,12,10,12,4,in
50734,11,8,11,2,going
50734,11,10,11,2,coming
50735,19,19,19,5,going
50747,12,11,12,4,coming
50747,13,11,13,4,coming
50750,12,10,12,4,going
50750,13,10,13,4,going
50754,7,13,27,3,out
50754,7,15,27,3,in
50758,14,19,31,5,in
50759,10,5,34,9,out
50759,10,7,34,9,in
50762,9,11,33,1,out
50762,9,18,33,1,in
50762,9,19,33,1,in
50763,1,19,1,5,out
50763,3,19,3,5,out
50769,9,12,33,1,out
50772,17,2,17,9,in
50774,16,12,39,2,out
50782,7,14,27,3,going
50782,7,16,27,3,coming
50787,10,6,34,9,going
50787,10,8,34,9,coming
50792,9,18,33,1,going
50798,2,5,2,3,out
50798,2,7,2,3,in
50798,4,5,4,3,out
50798,4,7,4,3,in
50798,5,5,5,3,out
50798,5,7,5,3,in
50798,8,5,8,3,out
50798,8,7,8,3,in
50800,17,1,17,9,going
50800,17,3,17,9,coming
50801,1,19,1,5,coming
50801,3,19,3,5,coming
50808,6,13,28,5,in
50809,18,3,32,8,out
50809,18,5,32,8,in
50824,16,2,39,2,in
50826,2,6,2,3,going
50826,2,8,2,3,coming
50826,4,6,4,3,going
50826,4,8,4,3,coming
50826,5,6,5,3,going
50826,5,8,5,3,coming
50826,8,6,8,3,going
50826,8,8,8,3,coming
50834,11,8,11,2,out
50834,11,10,11,2,in
50835,19,19,19,5,out
50836,6,12,28,5,going
50836,6,14,28,5,coming
50837,14,19,31,5,going
50837,18,4,32,8,going
50837,18,6,32,8,coming
50847,12,11,12,4,in
50847,13,11,13,4,in
50847,12,11,12,4,going
50847,13,11,13,4,going
50850,12,10,12,4,out
50850,13,10,13,4,out
50850,12,10,12,4,coming
50850,13,10,13,4,coming
50852,16,1,39,2,going
50852,16,3,39,2,coming
50862,11,9,11,2,going
50862,11,11,11,2,coming
50873,19,19,19,5,coming
50882,7,14,27,3,out
50882,7,16,27,3,in
50887,10,6,34,9,out
50887,10,8,34,9,in
50892,9,18,33,1,out
50894,9,19,33,1,going
50894,9,1,33,1,coming
50899,18,5,32,8,going
50899,18,1,32,8,coming
50900,17,1,17,9,out
50900,17,3,17,9,in
50901,1,19,1,5,in
50901,3,19,3,5,in
50910,7,15,27,3,going
50910,7,17,27,3,coming
50915,10,7,34,9,going
50915,10,9,34,9,coming
50926,2,6,2,3,out
50926,2,8,2,3,in
50926,4,6,4,3,out
50926,4,8,4,3,in
50926,5,6,5,3,out
50926,5,8,5,3,in
50926,8,6,8,3,out
50926,8,8,8,3,in
50928,17,2,17,9,going
50928,17,4,17,9,coming
50936,6,12,28,5,out
50936,6,14,28,5,in
50937,14,19,31,5,out
50937,18,4,32,8,out
50937,18,6,32,8,in
50937,18,6,32,8,going
50947,12,11,12,4,out
50947,13,11,13,4,out
50950,12,10,12,4,in
50950,13,10,13,4,in
50952,16,1,39,2,out
50952,16,3,39,2,in
50954,2,7,2,3,going
50954,2,9,2,3,coming
50954,4,7,4,3,going
50954,4,9,4,3,coming
50954,5,7,5,3,going
50954,5,9,5,3,coming
50954,8,7,8,3,going
50954,8,9,8,3,coming
50962,11,9,11,2,out
50962,11,11,11,2,in
50964,6,13,28,5,going
50964,6,15,28,5,coming
50964,12,11,12,4,coming
50964,13,11,13,4,coming
50967,12,10,12,4,going
50967,13,10,13,4,going
50973,19,19,19,5,in
50975,14,19,31,5,coming
50980,1,19,1,5,going
50980,3,19,3,5,going
50980,16,2,39,2,going
50980,16,4,39,2,coming
50990,11,10,11,2,going
50990,11,12,11,2,coming
50992,7,16,27,3,going
50992,7,1,27,3,coming
50994,9,1,33,1,in
50994,9,19,33,1,out
50999,18,1,32,8,in
50999,18,5,32,8,out
51001,0,1,25,4,coming
51010,7,15,27,3,out
51010,7,17,27,3,in
51010,7,17,27,3,going
51012,11,11,11,2,going
51012,11,1,11,2,coming
51015,10,7,34,9,out
51015,10,9,34,9,in
51022,9,2,33,1,coming
51027,18,2,32,8,coming
51028,17,2,17,9,out
51028,17,4,17,9,in
51037,18,6,32,8,out
51043,10,8,34,9,going
51043,10,10,34,9,coming
51052,19,19,19,5,going
51054,2,7,2,3,out
51054,2,9,2,3,in
51054,4,7,4,3,out
51054,4,9,4,3,in
51054,5,7,5,3,out
51054,5,9,5,3,in
51054,8,7,8,3,out
51054,8,9,8,3,in
51056,17,3,17,9,going
51056,17,5,17,9,coming
51064,6,13,28,5,out
51064,6,15,28,5,in
51064,12,11,12,4,in
51064,13,11,13,4,in
51064,12,11,12,4,going
51064,13,11,13,4,going
51067,12,10,12,4,out
51067,13,10,13,4,out
51067,12,10,12,4,coming
51067,13,10,13,4,coming
51075,14,19,31,5,in
51080,1,19,1,5,out
51080,3,19,3,5,out
51080,16,2,39,2,out
51080,16,4,39,2,in
51082,2,8,2,3,going
51082,2,10,2,3,coming
51082,4,8,4,3,going
51082,4,10,4,3,coming
51082,5,8,5,3,going
51082,5,10,5,3,coming
51082,8,8,8,3,going
51082,8,10,8,3,coming
51090,11,10,11,2,out
51090,11,12,11,2,in
51090,11,12,11,2,going
51092,7,1,27,3,in
51092,7,16,27,3,out
51092,6,14,28,5,going
51101,0,1,25,4,in
51108,16,3,39,2,going
51108,16,5,39,2,coming
51110,7,17,27,3,out
51112,11,1,11,2,in
51112,11,11,11,2,out
51118,1,19,1,5,coming
51118,3,19,3,5,coming
51120,7,2,27,3,coming
51122,9,2,33,1,in
51127,18,2,32,8,in
51129,0,2,25,4,coming
51140,11,2,11,2,coming
51143,10,8,34,9,out
51143,10,10,34,9,in
51150,9,1,33,1,going
51150,9,3,33,1,coming
51152,19,19,19,5,out
51154,14,19,31,5,going
51155,18,1,32,8,going
51155,18,3,32,8,coming
51156,17,3,17,9,out
51156,17,5,17,9,in
51164,12,11,12,4,out
51164,13,11,13,4,out
51167,12,10,12,4,in
51167,13,10,13,4,in
51171,10,9,34,9,going
51171,10,11,34,9,coming
51181,12,11,12,4,coming
51181,13,11,13,4,coming
51182,2,8,2,3,out
51182,2,10,2,3,in
51182,4,8,4,3,out
51182,4,10,4,3,in
51182,5,8,5,3,out
51182,5,10,5,3,in
51182,8,8,8,3,out
51182,8,10,8,3,in
51184,12,10,12,4,going
51184,13,10,13,4,going
51184,17,4,17,9,going
51184,17,6,17,9,coming
51190,11,12,11,2,out
51190,19,19,19,5,coming
51192,6,14,28,5,out
51208,16,3,39,2,out
51208,16,5,39,2,in
51210,2,9,2,3,going
51210,2,11,2,3,coming
51210,4,9,4,3,going
51210,4,11,4,3,coming
51210,5,9,5,3,going
51210,5,11,5,3,coming
51210,8,9,8,3,going
51210,8,11,8,3,coming
51218,1,19,1,5,in
51218,3,19,3,5,in
51220,7,2,27,3,in
51220,6,15,28,5,going
51229,0,2,25,4,in
51236,16,4,39,2,going
51236,16,6,39,2,coming
51240,11,2,11,2,in
51248,7,1,27,3,going
51248,7,3,27,3,coming
51250,9,1,33,1,out
51250,9,3,33,1,in
51254,14,19,31,5,out
51255,18,1,32,8,out
51255,18,3,32,8,in
51257,0,1,25,4,going
51257,0,3,25,4,coming
51268,11,1,11,2,going
51268,11,3,11,2,coming
51271,10,9,34,9,out
51271,10,11,34,9,in
51278,9,2,33,1,going
51278,9,4,33,1,coming
51281,12,11,12,4,in
51281,13,11,13,4,in
51281,12,11,12,4,going
51281,13,11,13,4,going
51283,18,2,32,8,going
51283,18,4,32,8,coming
51284,12,10,12,4,out
51284,13,10,13,4,out
51284,17,4,17,9,out
51284,17,6,17,9,in
51284,12,10,12,4,coming
51284,13,10,13,4,coming
51290,19,19,19,5,in
51292,14,19,31,5,coming
51297,3,19,3,5,going
51298,1,19,1,5,going
51298,1,0,1,5,coming
51298,1,1,1,5,coming
51299,10,10,34,9,going
51299,10,12,34,9,coming
51310,2,9,2,3,out
51310,2,11,2,3,in
51310,4,9,4,3,out
51310,4,11,4,3,in
51310,5,9,5,3,out
51310,5,11,5,3,in
51310,8,9,8,3,out
51310,8,11,8,3,in
51312,17,5,17,9,going
51312,17,7,17,9,coming
51320,6,15,28,5,out
51336,16,4,39,2,out
51336,16,6,39,2,in
51338,2,10,2,3,going
51338,2,12,2,3,coming
51338,4,10,4,3,going
51338,4,12,4,3,coming
51338,5,10,5,3,going
51338,5,12,5,3,coming
51338,8,10,8,3,going
51338,8,12,8,3,coming
51348,7,1,27,3,out
51348,7,3,27,3,in
51357,0,1,25,4,out
51357,0,3,25,4,in
51364,16,5,39,2,going
51364,16,7,39,2,coming
51368,11,1,11,2,out
51368,11,3,11,2,in
51370,19,19,19,5,going
51370,19,0,19,5,coming
51370,19,1,19,5,coming
51376,7,2,27,3,going
51376,7,4,27,3,coming
51378,9,2,33,1,out
51378,9,4,33,1,in
51381,12,11,12,4,out
51381,13,11,13,4,out
51383,18,2,32,8,out
51383,18,4,32,8,in
51384,12,10,12,4,in
51384,13,10,13,4,in
51385,0,2,25,4,going
51385,0,4,25,4,coming
51392,14,19,31,5,in
51393,10,11,34,9,going
51393,10,1,34,9,coming
51396,11,2,11,2,going
51396,11,4,11,2,coming
51397,3,19,3,5,out
51398,1,0,1,5,in
51398,1,1,1,5,in
51398,1,19,1,5,out
51398,12,11,12,4,coming
51398,13,11,13,4,coming
51399,10,10,34,9,out
51399,10,12,34,9,in
51399,10,12,34,9,going
51401,12,10,12,4,going
51401,13,10,13,4,going
51406,9,3,33,1,going
51406,9,5,33,1,coming
51411,18,3,32,8,going
51411,18,5,32,8,coming
51412,17,5,17,9,out
51412,17,7,17,9,in
51435,3,19,3,5,coming
51438,2,10,2,3,out
51438,2,12,2,3,in
51438,4,10,4,3,out
51438,4,12,4,3,in
51438,5,10,5,3,out
51438,5,12,5,3,in
51438,8,10,8,3,out
51438,8,12,8,3,in
51440,17,6,17,9,going
51440,17,8,17,9,coming
51464,16,5,39,2,out
51464,16,7,39,2,in
51466,2,11,2,3,going
51466,2,13,2,3,coming
51466,4,11,4,3,going
51466,4,13,4,3,coming
51466,5,11,5,3,going
51466,5,13,5,3,coming
51466,8,11,8,3,going
51466,8,13,8,3,coming
51470,19,0,19,5,in
51470,19,1,19,5,in
51470,19,19,19,5,out
51471,14,19,31,5,going
51476,7,2,27,3,out
51476,7,4,27,3,in
51476,6,19,28,5,coming
51485,0,2,25,4,out
51485,0,4,25,4,in
51492,16,6,39,2,going
51492,16,8,39,2,coming
51493,10,1,34,9,in
51493,10,11,34,9,out
51496,11,2,11,2,out
51496,11,4,11,2,in
51498,12,11,12,4,in
51498,13,11,13,4,in
51498,12,11,12,4,going
51498,13,11,13,4,going
51499,10,12,34,9,out
51501,12,10,12,4,out
51501,13,10,13,4,out
51501,12,10,12,4,coming
51501,13,10,13,4,coming
51504,7,3,27,3,going
51504,7,5,27,3,coming
51506,9,3,33,1,out
51506,9,5,33,1,in
51511,18,3,32,8,out
51511,18,5,32,8,in
51513,0,3,25,4,going
51513,0,5,25,4,coming
51521,10,2,34,9,coming
51524,11,3,11,2,going
51524,11,5,11,2,coming
51526,1,0,1,5,going
51526,1,2,1,5,coming
51534,9,4,33,1,going
51534,9,6,33,1,coming
51535,3,19,3,5,in
51539,18,4,32,8,going
51539,18,6,32,8,coming
51540,17,6,17,9,out
51540,17,8,17,9,in
51566,2,11,2,3,out
51566,2,13,2,3,in
51566,4,11,4,3,out
51566,4,13,4,3,in
51566,5,11,5,3,out
51566,5,13,5,3,in
51566,8,11,8,3,out
51566,8,13,8,3,in
51568,17,7,17,9,going
51568,17,9,17,9,coming
51571,14,19,31,5,out
51576,6,19,28,5,in
51592,16,6,39,2,out
51592,16,8,39,2,in
51594,2,12,2,3,going
51594,2,14,2,3,coming
51594,4,12,4,3,going
51594,4,14,4,3,coming
51594,5,12,5,3,going
51594,5,14,5,3,coming
51594,8,12,8,3,going
51594,8,14,8,3,coming
51598,12,11,12,4,out
51598,13,11,13,4,out
51598,19,0,19,5,going
51598,19,2,19,5,coming
51601,12,10,12,4,in
51601,13,10,13,4,in
51601,18,5,32,8,going
51601,18,1,32,8,coming
51604,7,3,27,3,out
51604,7,5,27,3,in
51609,14,19,31,5,coming
51613,0,3,25,4,out
51613,0,5,25,4,in
51614,3,19,3,5,going
51615,12,11,12,4,coming
51615,13,11,13,4,coming
51618,12,10,12,4,going
51618,13,10,13,4,going
51620,16,7,39,2,going
51620,16,9,39,2,coming
51621,10,2,34,9,in
51624,11,3,11,2,out
51624,11,5,11,2,in
51626,1,0,1,5,out
51626,1,2,1,5,in
51632,7,4,27,3,going
51632,7,6,27,3,coming
51634,9,4,33,1,out
51634,9,6,33,1,in
51639,18,4,32,8,out
51639,18,6,32,8,in
51639,18,6,32,8,going
51641,0,4,25,4,going
51641,0,6,25,4,coming
51649,10,1,34,9,going
51649,10,3,34,9,coming
51652,11,4,11,2,going
51652,11,6,11,2,coming
51654,1,1,1,5,going
51654,1,3,1,5,coming
51655,6,19,28,5,going
51662,9,5,33,1,going
51662,9,7,33,1,coming
51668,17,7,17,9,out
51668,17,9,17,9,in
51694,2,12,2,3,out
51694,2,14,2,3,in
51694,4,12,4,3,out
51694,4,14,4,3,in
51694,5,12,5,3,out
51694,5,14,5,3,in
51694,8,12,8,3,out
51694,8,14,8,3,in
51696,17,8,17,9,going
51696,17,10,17,9,coming
51698,19,0,19,5,out
51698,19,2,19,5,in
51701,18,1,32,8,in
51701,18,5,32,8,out
51709,14,19,31,5,in
51714,3,19,3,5,out
51715,12,11,12,4,in
51715,13,11,13,4,in
51715,12,11,12,4,going
51715,13,11,13,4,going
51718,12,10,12,4,out
51718,13,10,13,4,out
51718,12,10,12,4,coming
51718,13,10,13,4,coming
51720,16,7,39,2,out
51720,16,9,39,2,in
51722,2,13,2,3,going
51722,2,15,2,3,coming
51722,4,13,4,3,going
51722,4,15,4,3,coming
51722,5,13,5,3,going
51722,5,15,5,3,coming
51722,8,13,8,3,going
51722,8,15,8,3,coming
51726,19,1,19,5,going
51726,19,3,19,5,coming
51729,18,2,32,8,coming
51732,7,4,27,3,out
51732,7,6,27,3,in
51739,18,6,32,8,out
51741,0,4,25,4,out
51741,0,6,25,4,in
51748,16,8,39,2,going
51748,16,10,39,2,coming
51749,10,1,34,9,out
51749,10,3,34,9,in
51752,11,4,11,2,out
51752,11,6,11,2,in
51752,3,19,3,5,coming
51754,1,1,1,5,out
51754,1,3,1,5,in
51755,6,19,28,5,out
51760,7,5,27,3,going
51760,7,7,27,3,coming
51762,9,5,33,1,out
51762,9,7,33,1,in
51769,0,5,25,4,going
51769,0,7,25,4,coming
51777,10,2,34,9,going
51777,10,4,34,9,coming
51780,11,5,11,2,going
51780,11,7,11,2,coming
51782,1,2,1,5,going
51782,1,4,1,5,coming
51788,14,19,31,5,going
51790,9,6,33,1,going
51790,9,8,33,1,coming
51793,6,19,28,5,coming
51796,17,8,17,9,out
51796,17,10,17,9,in
51815,12,11,12,4,out
51815,13,11,13,4,out
51818,12,10,12,4,in
51818,13,10,13,4,in
51822,2,13,2,3,out
51822,2,15,2,3,in
51822,4,13,4,3,out
51822,4,15,4,3,in
51822,5,13,5,3,out
51822,5,15,5,3,in
51822,8,13,8,3,out
51822,8,15,8,3,in
51824,17,9,17,9,going
51824,17,11,17,9,coming
51826,19,1,19,5,out
51826,19,3,19,5,in
51829,18,2,32,8,in
51832,12,11,12,4,coming
51832,13,11,13,4,coming
51835,12,10,12,4,going
51835,13,10,13,4,going
51848,16,8,39,2,out
51848,16,10,39,2,in
51850,2,14,2,3,going
51850,2,16,2,3,coming
51850,4,14,4,3,going
51850,4,16,4,3,coming
51850,5,14,5,3,going
51850,5,16,5,3,coming
51850,8,14,8,3,going
51850,8,16,8,3,coming
51852,3,19,3,5,in
51854,19,2,19,5,going
51854,19,4,19,5,coming
51857,18,1,32,8,going
51857,18,3,32,8,coming
51860,7,5,27,3,out
51860,7,7,27,3,in
51869,0,5,25,4,out
51869,0,7,25,4,in
51876,16,9,39,2,going
51876,16,11,39,2,coming
51877,10,2,34,9,out
51877,10,4,34,9,in
51880,11,5,11,2,out
51880,11,7,11,2,in
51882,1,2,1,5,out
51882,1,4,1,5,in
51888,14,19,31,5,out
51888,7,6,27,3,going
51888,7,8,27,3,coming
51890,9,6,33,1,out
51890,9,8,33,1,in
51893,6,19,28,5,in
51897,0,6,25,4,going
51905,10,3,34,9,going
51905,10,5,34,9,coming
51908,11,6,11,2,going
51908,11,8,11,2,coming
51910,1,3,1,5,going
51910,1,5,1,5,coming
51918,9,7,33,1,going
51918,9,9,33,1,coming
51924,17,9,17,9,out
51924,17,11,17,9,in
51926,14,19,31,5,coming
51931,3,19,3,5,going
51932,12,11,12,4,in
51932,13,11,13,4,in
51932,12,11,12,4,going
51932,13,11,13,4,going
51935,12,10,12,4,out
51935,13,10,13,4,out
51935,12,10,12,4,coming
51935,13,10,13,4,coming
51950,2,14,2,3,out
51950,2,16,2,3,in
51950,4,14,4,3,out
51950,4,16,4,3,in
51950,5,14,5,3,out
51950,5,16,5,3,in
51950,8,14,8,3,out
51950,8,16,8,3,in
51952,17,10,17,9,going
51952,17,12,17,9,coming
51954,19,2,19,5,out
51954,19,4,19,5,in
51957,18,1,32,8,out
51957,18,3,32,8,in
51972,6,19,28,5,going
51976,16,9,39,2,out
51976,16,11,39,2,in
51978,2,15,2,3,going
51978,2,17,2,3,coming
51978,4,15,4,3,going
51978,4,17,4,3,coming
51978,5,15,5,3,going
51978,5,17,5,3,coming
51978,8,15,8,3,going
51978,8,17,8,3,coming
51982,19,3,19,5,going
51982,19,5,19,5,coming
51985,18,2,32,8,going
51985,18,4,32,8,coming
51988,7,6,27,3,out
51988,7,8,27,3,in
51997,0,6,25,4,out
52004,16,10,39,2,going
52004,16,12,39,2,coming
52005,10,3,34,9,out
52005,10,5,34,9,in
52008,11,6,11,2,out
52008,11,8,11,2,in
52010,1,3,1,5,out
52010,1,5,1,5,in
52016,7,7,27,3,going
52016,7,9,27,3,coming
52018,9,7,33,1,out
52018,9,9,33,1,in
52025,0,7,25,4,going
52026,14,19,31,5,in
52026,16,11,39,2,going
52026,16,1,39,2,coming
52031,3,19,3,5,out
52032,12,11,12,4,out
52032,13,11,13,4,out
52033,10,4,34,9,going
52033,10,6,34,9,coming
52035,12,10,12,4,in
52035,13,10,13,4,in
52036,11,7,11,2,going
52036,11,9,11,2,coming
52038,1,4,1,5,going
52038,1,6,1,5,coming
52046,9,8,33,1,going
52046,9,10,33,1,coming
52046,17,11,17,9,going
52046,17,1,17,9,coming
52049,12,11,12,4,coming
52049,13,11,13,4,coming
52052,17,10,17,9,out
52052,17,12,17,9,in
52052,12,10,12,4,going
52052,13,10,13,4,going
52052,17,12,17,9,going
52060,2,16,2,3,going
52060,2,1,2,3,coming
52060,4,16,4,3,going
52060,4,1,4,3,coming
52060,5,16,5,3,going
52060,5,1,5,3,coming
52060,8,16,8,3,going
52060,8,1,8,3,coming
52069,3,19,3,5,coming
52072,6,19,28,5,out
52078,2,15,2,3,out
52078,2,17,2,3,in
52078,4,15,4,3,out
52078,4,17,4,3,in
52078,5,15,5,3,out
52078,5,17,5,3,in
52078,8,15,8,3,out
52078,8,17,8,3,in
52078,2,17,2,3,going
52078,4,17,4,3,going
52078,5,17,5,3,going
52078,8,17,8,3,going
52082,19,3,19,5,out
52082,19,5,19,5,in
52085,18,2,32,8,out
52085,18,4,32,8,in
52104,16,10,39,2,out
52104,16,12,39,2,in
52104,16,12,39,2,going
52105,14,19,31,5,going
52110,6,19,28,5,coming
52110,19,4,19,5,going
52110,19,6,19,5,coming
52113,18,3,32,8,going
52113,18,5,32,8,coming
52116,7,7,27,3,out
52116,7,9,27,3,in
52125,0,7,25,4,out
52126,16,1,39,2,in
52126,16,11,39,2,out
52133,10,4,34,9,out
52133,10,6,34,9,in
52136,11,7,11,2,out
52136,11,9,11,2,in
52138,1,4,1,5,out
52138,1,6,1,5,in
52144,7,8,27,3,going
52146,9,8,33,1,out
52146,9,10,33,1,in
52146,17,1,17,9,in
52146,17,11,17,9,out
52149,12,11,12,4,in
52149,13,11,13,4,in
52149,12,11,12,4,going
52149,13,11,13,4,going
52152,12,10,12,4,out
52152,13,10,13,4,out
52152,17,12,17,9,out
52152,12,10,12,4,coming
52152,13,10,13,4,coming
52154,16,2,39,2,coming
52160,2,1,2,3,in
52160,2,16,2,3,out
52160,4,1,4,3,in
52160,4,16,4,3,out
52160,5,1,5,3,in
52160,5,16,5,3,out
52160,8,1,8,3,in
52160,8,16,8,3,out
52161,10,5,34,9,going
52161,10,7,34,9,coming
52164,11,8,11,2,going
52164,11,10,11,2,coming
52166,1,5,1,5,going
52166,1,7,1,5,coming
52169,3,19,3,5,in
52174,9,9,33,1,going
52174,9,11,33,1,coming
52174,17,2,17,9,coming
52178,2,17,2,3,out
52178,4,17,4,3,out
52178,5,17,5,3,out
52178,8,17,8,3,out
52188,2,2,2,3,coming
52188,4,2,4,3,coming
52188,5,2,5,3,coming
52188,8,2,8,3,coming
52204,16,12,39,2,out
52205,14,19,31,5,out
52210,6,19,28,5,in
52210,19,4,19,5,out
52210,19,6,19,5,in
52213,18,3,32,8,out
52213,18,5,32,8,in
52238,19,5,19,5,going
52238,19,7,19,5,coming
52241,18,4,32,8,going
52241,18,6,32,8,coming
52243,14,19,31,5,coming
52244,7,8,27,3,out
52248,3,19,3,5,going
52249,12,11,12,4,out
52249,13,11,13,4,out
52252,12,10,12,4,in
52252,13,10,13,4,in
52254,16,2,39,2,in
52261,10,5,34,9,out
52261,10,7,34,9,in
52264,11,8,11,2,out
52264,11,10,11,2,in
52266,1,5,1,5,out
52266,1,7,1,5,in
52266,12,11,12,4,coming
52266,13,11,13,4,coming
52269,12,10,12,4,going
52269,13,10,13,4,going
52272,7,9,27,3,going
52274,9,9,33,1,out
52274,9,11,33,1,in
52274,17,2,17,9,in
52282,16,1,39,2,going
52282,16,3,39,2,coming
52288,2,2,2,3,in
52288,4,2,4,3,in
52288,5,2,5,3,in
52288,8,2,8,3,in
52289,6,19,28,5,going
52289,10,6,34,9,going
52289,10,8,34,9,coming
52292,11,9,11,2,going
52292,11,11,11,2,coming
52294,1,6,1,5,going
52294,1,8,1,5,coming
52302,9,10,33,1,going
52302,9,12,33,1,coming
52302,17,1,17,9,going
52302,17,3,17,9,coming
52303,18,5,32,8,going
52303,18,1,32,8,coming
52316,2,1,2,3,going
52316,2,3,2,3,coming
52316,4,1,4,3,going
52316,4,3,4,3,coming
52316,5,1,5,3,going
52316,5,3,5,3,coming
52316,8,1,8,3,going
52316,8,3,8,3,coming
52338,19,5,19,5,out
52338,19,7,19,5,in
52341,18,4,32,8,out
52341,18,6,32,8,in
52341,18,6,32,8,going
52343,14,19,31,5,in
52348,3,19,3,5,out
52366,12,11,12,4,in
52366,13,11,13,4,in
52366,12,11,12,4,going
52366,13,11,13,4,going
52366,19,6,19,5,going
52366,19,8,19,5,coming
52369,12,10,12,4,out
52369,13,10,13,4,out
52369,12,10,12,4,coming
52369,13,10,13,4,coming
52372,7,9,27,3,out
52382,16,1,39,2,out
52382,16,3,39,2,in
52386,3,19,3,5,coming
52389,6,19,28,5,out
52389,10,6,34,9,out
52389,10,8,34,9,in
52392,11,9,11,2,out
52392,11,11,11,2,in
52394,1,6,1,5,out
52394,1,8,1,5,in
52400,7,12,27,3,coming
52402,9,10,33,1,out
52402,9,12,33,1,in
52402,17,1,17,9,out
52402,17,3,17,9,in
52403,18,1,32,8,in
52403,18,5,32,8,out
52410,16,2,39,2,going
52410,16,4,39,2,coming
52416,2,1,2,3,out
52416,2,3,2,3,in
52416,4,1,4,3,out
52416,4,3,4,3,in
52416,5,1,5,3,out
52416,5,3,5,3,in
52416,8,1,8,3,out
52416,8,3,8,3,in
52417,10,7,34,9,going
52417,10,9,34,9,coming
52420,11,10,11,2,going
52420,11,12,11,2,coming
52422,1,7,1,5,going
52422,1,9,1,5,coming
52422,14,19,31,5,going
52427,6,19,28,5,coming
52430,9,11,33,1,going
52430,9,13,33,1,coming
52430,17,2,17,9,going
52430,17,4,17,9,coming
52431,18,2,32,8,coming
52441,18,6,32,8,out
52442,11,11,11,2,going
52442,11,1,11,2,coming
52444,2,2,2,3,going
52444,2,4,2,3,coming
52444,4,2,4,3,going
52444,4,4,4,3,coming
52444,5,2,5,3,going
52444,5,4,5,3,coming
52444,8,2,8,3,going
52444,8,4,8,3,coming
52466,12,11,12,4,out
52466,13,11,13,4,out
52466,19,6,19,5,out
52466,19,8,19,5,in
52469,12,10,12,4,in
52469,13,10,13,4,in
52483,12,11,12,4,coming
52483,13,11,13,4,coming
52486,3,19,3,5,in
52486,12,10,12,4,going
52486,13,10,13,4,going
52494,19,7,19,5,going
52494,19,9,19,5,coming
52500,7,12,27,3,in
52510,16,2,39,2,out
52510,16,4,39,2,in
52517,10,7,34,9,out
52517,10,9,34,9,in
52520,11,10,11,2,out
52520,11,12,11,2,in
52520,11,12,11,2,going
52522,1,7,1,5,out
52522,1,9,1,5,in
52522,14,19,31,5,out
52527,6,19,28,5,in
52528,7,13,27,3,coming
52530,9,11,33,1,out
52530,9,13,33,1,in
52530,17,2,17,9,out
52530,17,4,17,9,in
52531,18,2,32,8,in
52538,16,3,39,2,going
52538,16,5,39,2,coming
52542,11,1,11,2,in
52542,11,11,11,2,out
52544,2,2,2,3,out
52544,2,4,2,3,in
52544,4,2,4,3,out
52544,4,4,4,3,in
52544,5,2,5,3,out
52544,5,4,5,3,in
52544,8,2,8,3,out
52544,8,4,8,3,in
52545,10,8,34,9,going
52545,10,10,34,9,coming
52550,1,8,1,5,going
52550,1,10,1,5,coming
52558,9,12,33,1,going
52558,9,14,33,1,coming
52558,17,3,17,9,going
52558,17,5,17,9,coming
52559,18,1,32,8,going
52559,18,3,32,8,coming
52560,14,19,31,5,coming
52565,3,19,3,5,going
52570,11,2,11,2,coming
52572,2,3,2,3,going
52572,2,5,2,3,coming
52572,4,3,4,3,going
52572,4,5,4,3,coming
52572,5,3,5,3,going
52572,5,5,5,3,coming
52572,8,3,8,3,going
52572,8,5,8,3,coming
52583,12,11,12,4,in
52583,13,11,13,4,in
52583,12,11,12,4,going
52583,13,11,13,4,going
52586,12,10,12,4,out
52586,13,10,13,4,out
52586,12,10,12,4,coming
52586,13,10,13,4,coming
52594,19,7,19,5,out
52594,19,9,19,5,in
52606,6,19,28,5,going
52620,11,12,11,2,out
52622,19,8,19,5,going
52622,19,10,19,5,coming
52628,7,13,27,3,in
52638,16,3,39,2,out
52638,16,5,39,2,in
52645,10,8,34,9,out
52645,10,10,34,9,in
52650,1,8,1,5,out
52650,1,10,1,5,in
52656,7,12,27,3,going
52656,7,14,27,3,coming
52658,9,12,33,1,out
52658,9,14,33,1,in
52658,17,3,17,9,out
52658,17,5,17,9,in
52659,18,1,32,8,out
52659,18,3,32,8,in
52660,14,19,31,5,in
52665,3,19,3,5,out
52666,16,4,39,2,going
52666,16,6,39,2,coming
52670,11,2,11,2,in
52672,2,3,2,3,out
52672,2,5,2,3,in
52672,4,3,4,3,out
52672,4,5,4,3,in
52672,5,3,5,3,out
52672,5,5,5,3,in
52672,8,3,8,3,out
52672,8,5,8,3,in
52673,10,9,34,9,going
52673,10,11,34,9,coming
52678,1,9,1,5,going
52678,1,11,1,5,coming
52683,12,11,12,4,out
52683,13,11,13,4,out
52686,12,10,12,4,in
52686,13,10,13,4,in
52686,9,13,33,1,going
52686,9,15,33,1,coming
52686,17,4,17,9,going
52686,17,6,17,9,coming
52687,18,2,32,8,going
52687,18,4,32,8,coming
52698,11,1,11,2,going
52698,11,3,11,2,coming
52700,2,4,2,3,going
52700,2,6,2,3,coming
52700,4,4,4,3,going
52700,4,6,4,3,coming
52700,5,4,5,3,going
52700,5,6,5,3,coming
52700,8,4,8,3,going
52700,8,6,8,3,coming
52700,12,11,12,4,coming
52700,13,11,13,4,coming
52703,3,19,3,5,coming
52703,12,10,12,4,going
52703,13,10,13,4,going
52706,6,19,28,5,out
52722,19,8,19,5,out
52722,19,10,19,5,in
52739,14,19,31,5,going
52744,6,19,28,5,coming
52750,19,9,19,5,going
52750,19,11,19,5,coming
52756,7,12,27,3,out
52756,7,14,27,3,in
52766,16,4,39,2,out
52766,16,6,39,2,in
52773,10,9,34,9,out
52773,10,11,34,9,in
52778,1,9,1,5,out
52778,1,11,1,5,in
52784,7,13,27,3,going
52784,7,15,27,3,coming
52786,9,13,33,1,out
52786,9,15,33,1,in
52786,17,4,17,9,out
52786,17,6,17,9,in
52787,18,2,32,8,out
52787,18,4,32,8,in
52794,16,5,39,2,going
52794,16,7,39,2,coming
52798,11,1,11,2,out
52798,11,3,11,2,in
52800,2,4,2,3,out
52800,2,6,2,3,in
52800,4,4,4,3,out
52800,4,6,4,3,in
52800,5,4,5,3,out
52800,5,6,5,3,in
52800,8,4,8,3,out
52800,8,6,8,3,in
52800,12,11,12,4,in
52800,13,11,13,4,in
52800,12,11,12,4,going
52800,13,11,13,4,going
52801,10,10,34,9,going
52801,10,12,34,9,coming
52803,3,19,3,5,in
52803,12,10,12,4,out
52803,13,10,13,4,out
52803,12,10,12,4,coming
52803,13,10,13,4,coming
52806,1,10,1,5,going
52806,1,12,1,5,coming
52814,9,14,33,1,going
52814,9,16,33,1,coming
52814,17,5,17,9,going
52814,17,7,17,9,coming
52815,18,3,32,8,going
52815,18,5,32,8,coming
52826,11,2,11,2,going
52826,11,4,11,2,coming
52828,2,5,2,3,going
52828,2,7,2,3,coming
52828,4,5,4,3,going
52828,4,7,4,3,coming
52828,5,5,5,3,going
52828,5,7,5,3,coming
52828,8,5,8,3,going
52828,8,7,8,3,coming
52839,14,19,31,5,out
52844,6,19,28,5,in
52850,19,9,19,5,out
52850,19,11,19,5,in
52877,14,19,31,5,coming
52878,19,10,19,5,going
52878,19,12,19,5,coming
52883,3,19,3,5,going
52883,3,0,3,5,coming
52883,3,1,3,5,coming
52884,7,13,27,3,out
52884,7,15,27,3,in
52894,16,5,39,2,out
52894,16,7,39,2,in
52895,10,11,34,9,going
52895,10,1,34,9,coming
52900,12,11,12,4,out
52900,13,11,13,4,out
52901,10,10,34,9,out
52901,10,12,34,9,in
52901,10,12,34,9,going
52903,12,10,12,4,in
52903,13,10,13,4,in
52906,1,10,1,5,out
52906,1,12,1,5,in
52912,7,14,27,3,going
52912,7,16,27,3,coming
52914,9,14,33,1,out
52914,9,16,33,1,in
52914,17,5,17,9,out
52914,17,7,17,9,in
52915,18,3,32,8,out
52915,18,5,32,8,in
52917,12,11,12,4,coming
52917,13,11,13,4,coming
52920,12,10,12,4,going
52920,13,10,13,4,going
52922,16,6,39,2,going
52922,16,8,39,2,coming
52923,6,19,28,5,going
52926,11,2,11,2,out
52926,11,4,11,2,in
52928,2,5,2,3,out
52928,2,7,2,3,in
52928,4,5,4,3,out
52928,4,7,4,3,in
52928,5,5,5,3,out
52928,5,7,5,3,in
52928,8,5,8,3,out
52928,8,7,8,3,in
52934,1,11,1,5,going
52934,1,13,1,5,coming
52942,9,15,33,1,going
52942,9,17,33,1,coming
52942,17,6,17,9,going
52942,17,8,17,9,coming
52943,18,4,32,8,going
52943,18,6,32,8,coming
52954,11,3,11,2,going
52954,11,5,11,2,coming
52956,2,6,2,3,going
52956,2,8,2,3,coming
52956,4,6,4,3,going
52956,4,8,4,3,coming
52956,5,6,5,3,going
52956,5,8,5,3,coming
52956,8,6,8,3,going
52956,8,8,8,3,coming
52977,14,19,31,5,in
52978,19,10,19,5,out
52978,19,12,19,5,in
52983,3,0,3,5,in
52983,3,1,3,5,in
52983,3,19,3,5,out
52995,10,1,34,9,in
52995,10,11,34,9,out
53001,10,12,34,9,out
53005,18,5,32,8,going
53005,18,1,32,8,coming
53006,19,11,19,5,going
53006,19,13,19,5,coming
53012,7,14,27,3,out
53012,7,16,27,3,in
53017,12,11,12,4,in
53017,13,11,13,4,in
53017,12,11,12,4,going
53017,13,11,13,4,going
53020,12,10,12,4,out
53020,13,10,13,4,out
53020,12,10,12,4,coming
53020,13,10,13,4,coming
53022,16,6,39,2,out
53022,16,8,39,2,in
53023,6,19,28,5,out
53023,10,2,34,9,coming
53034,1,11,1,5,out
53034,1,13,1,5,in
53040,7,15,27,3,going
53040,7,17,27,3,coming
53042,9,15,33,1,out
53042,9,17,33,1,in
53042,17,6,17,9,out
53042,17,8,17,9,in
53043,18,4,32,8,out
53043,18,6,32,8,in
53043,18,6,32,8,going
53050,16,7,39,2,going
53050,16,9,39,2,coming
53054,11,3,11,2,out
53054,11,5,11,2,in
53056,2,6,2,3,out
53056,2,8,2,3,in
53056,4,6,4,3,out
53056,4,8,4,3,in
53056,5,6,5,3,out
53056,5,8,5,3,in
53056,8,6,8,3,out
53056,8,8,8,3,in
53056,14,19,31,5,going
53061,6,19,28,5,coming
53062,1,12,1,5,going
53062,1,14,1,5,coming
53070,9,16,33,1,going
53070,9,18,33,1,coming
53070,17,7,17,9,going
53070,17,9,17,9,coming
53082,11,4,11,2,going
53082,11,6,11,2,coming
53084,2,7,2,3,going
53084,2,9,2,3,coming
53084,4,7,4,3,going
53084,4,9,4,3,coming
53084,5,7,5,3,going
53084,5,9,5,3,coming
53084,8,7,8,3,going
53084,8,9,8,3,coming
53105,18,1,32,8,in
53105,18,5,32,8,out
53106,19,11,19,5,out
53106,19,13,19,5,in
53111,3,0,3,5,going
53111,3,2,3,5,coming
53117,12,11,12,4,out
53117,13,11,13,4,out
53120,12,10,12,4,in
53120,13,10,13,4,in
53122,7,16,27,3,going
53122,7,1,27,3,coming
53123,10,2,34,9,in
53133,18,2,32,8,coming
53134,12,11,12,4,coming
53134,13,11,13,4,coming
53134,19,12,19,5,going
53134,19,14,19,5,coming
53138,12,10,12,4,going
53138,12,0,12,4,coming
53138,12,1,12,4,coming
53138,13,10,13,4,going
53138,13,0,13,4,coming
53138,13,1,13,4,coming
53140,7,15,27,3,out
53140,7,17,27,3,in
53140,7,17,27,3,going
53143,18,6,32,8,out
53150,16,7,39,2,out
53150,16,9,39,2,in
53151,10,1,34,9,going
53151,10,3,34,9,coming
53156,14,19,31,5,out
53161,6,19,28,5,in
53162,1,12,1,5,out
53162,1,14,1,5,in
53170,9,16,33,1,out
53170,9,18,33,1,in
53170,17,7,17,9,out
53170,17,9,17,9,in
53178,16,8,39,2,going
53178,16,10,39,2,coming
53182,11,4,11,2,out
53182,11,6,11,2,in
53184,2,7,2,3,out
53184,2,9,2,3,in
53184,4,7,4,3,out
53184,4,9,4,3,in
53184,5,7,5,3,out
53184,5,9,5,3,in
53184,8,7,8,3,out
53184,8,9,8,3,in
53190,1,13,1,5,going
53190,1,15,1,5,coming
53194,14,19,31,5,coming
53198,9,17,33,1,going
53198,9,19,33,1,coming
53198,17,8,17,9,going
53198,17,10,17,9,coming
53210,11,5,11,2,going
53210,11,7,11,2,coming
53211,3,0,3,5,out
53211,3,2,3,5,in
53212,2,8,2,3,going
53212,2,10,2,3,coming
53212,4,8,4,3,going
53212,4,10,4,3,coming
53212,5,8,5,3,going
53212,5,10,5,3,coming
53212,8,8,8,3,going
53212,8,10,8,3,coming
53222,7,1,27,3,in
53222,7,16,27,3,out
53233,18,2,32,8,in
53234,12,11,12,4,in
53234,13,11,13,4,in
53234,19,12,19,5,out
53234,19,14,19,5,in
53234,12,11,12,4,going
53234,13,11,13,4,going
53238,12,0,12,4,in
53238,12,1,12,4,in
53238,12,10,12,4,out
53238,13,0,13,4,in
53238,13,1,13,4,in
53238,13,10,13,4,out
53239,3,1,3,5,going
53239,3,3,3,5,coming
53240,7,17,27,3,out
53240,6,19,28,5,going
53250,7,2,27,3,coming
53251,10,1,34,9,out
53251,10,3,34,9,in
53261,18,1,32,8,going
53261,18,3,32,8,coming
53262,19,13,19,5,going
53262,19,15,19,5,coming
53278,16,8,39,2,out
53278,16,10,39,2,in
53279,10,2,34,9,going
53279,10,4,34,9,coming
53290,1,13,1,5,out
53290,1,15,1,5,in
53294,14,19,31,5,in
53296,9,18,33,1,going
53298,9,17,33,1,out
53298,9,19,33,1,in
53298,17,8,17,9,out
53298,17,10,17,9,in
53299,9,19,33,1,going
53299,9,1,33,1,coming
53306,16,9,39,2,going
53306,16,11,39,2,coming
53310,11,5,11,2,out
53310,11,7,11,2,in
53312,2,8,2,3,out
53312,2,10,2,3,in
53312,4,8,4,3,out
53312,4,10,4,3,in
53312,5,8,5,3,out
53312,5,10,5,3,in
53312,8,8,8,3,out
53312,8,10,8,3,in
53318,1,14,1,5,going
53326,17,9,17,9,going
53326,17,11,17,9,coming
53334,12,11,12,4,out
53334,13,11,13,4,out
53338,11,6,11,2,going
53338,11,8,11,2,coming
53339,3,1,3,5,out
53339,3,3,3,5,in
53340,6,19,28,5,out
53340,2,9,2,3,going
53340,2,11,2,3,coming
53340,4,9,4,3,going
53340,4,11,4,3,coming
53340,5,9,5,3,going
53340,5,11,5,3,coming
53340,8,9,8,3,going
53340,8,11,8,3,coming
53350,7,2,27,3,in
53361,18,1,32,8,out
53361,18,3,32,8,in
53362,19,13,19,5,out
53362,19,15,19,5,in
53366,12,0,12,4,going
53366,12,2,12,4,coming
53366,13,0,13,4,going
53366,13,2,13,4,coming
53367,3,2,3,5,going
53367,3,4,3,5,coming
53373,14,19,31,5,going
53378,6,19,28,5,coming
53378,7,1,27,3,going
53378,7,3,27,3,coming
53379,10,2,34,9,out
53379,10,4,34,9,in
53389,18,2,32,8,going
53389,18,4,32,8,coming
53390,19,14,19,5,going
53396,9,18,33,1,out
53399,9,1,33,1,in
53399,9,19,33,1,out
53406,16,9,39,2,out
53406,16,11,39,2,in
53407,10,3,34,9,going
53407,10,5,34,9,coming
53418,1,14,1,5,out
53426,17,9,17,9,out
53426,17,11,17,9,in
53427,9,2,33,1,coming
53434,16,10,39,2,going
53434,16,12,39,2,coming
53438,11,6,11,2,out
53438,11,8,11,2,in
53440,2,9,2,3,out
53440,2,11,2,3,in
53440,4,9,4,3,out
53440,4,11,4,3,in
53440,5,9,5,3,out
53440,5,11,5,3,in
53440,8,9,8,3,out
53440,8,11,8,3,in
53446,1,15,1,5,going
53454,17,10,17,9,going
53454,17,12,17,9,coming
53456,16,11,39,2,going
53456,16,1,39,2,coming
53466,12,0,12,4,out
53466,12,2,12,4,in
53466,13,0,13,4,out
53466,13,2,13,4,in
53466,11,7,11,2,going
53466,11,9,11,2,coming
53467,3,2,3,5,out
53467,3,4,3,5,in
53468,2,10,2,3,going
53468,2,12,2,3,coming
53468,4,10,4,3,going
53468,4,12,4,3,coming
53468,5,10,5,3,going
53468,5,12,5,3,coming
53468,8,10,8,3,going
53468,8,12,8,3,coming
53473,14,19,31,5,out
53478,6,19,28,5,in
53478,7,1,27,3,out
53478,7,3,27,3,in
53489,18,2,32,8,out
53489,18,4,32,8,in
53490,19,14,19,5,out
53494,12,1,12,4,going
53494,12,3,12,4,coming
53494,13,1,13,4,going
53494,13,3,13,4,coming
53495,3,3,3,5,going
53495,3,5,3,5,coming
53506,7,2,27,3,going
53506,7,4,27,3,coming
53507,10,3,34,9,out
53507,10,5,34,9,in
53511,14,19,31,5,coming
53517,18,3,32,8,going
53517,18,5,32,8,coming
53518,19,15,19,5,going
53527,9,2,33,1,in
53534,16,10,39,2,out
53534,16,12,39,2,in
53534,16,12,39,2,going
53535,10,4,34,9,going
53535,10,6,34,9,coming
53546,1,15,1,5,out
53548,17,11,17,9,going
53548,17,1,17,9,coming
53554,17,10,17,9,out
53554,17,12,17,9,in
53554,17,12,17,9,going
53555,9,1,33,1,going
53555,9,3,33,1,coming
53556,16,1,39,2,in
53556,16,11,39,2,out
53557,6,19,28,5,going
53566,11,7,11,2,out
53566,11,9,11,2,in
53568,2,10,2,3,out
53568,2,12,2,3,in
53568,4,10,4,3,out
53568,4,12,4,3,in
53568,5,10,5,3,out
53568,5,12,5,3,in
53568,8,10,8,3,out
53568,8,12,8,3,in
53584,16,2,39,2,coming
53594,12,1,12,4,out
53594,12,3,12,4,in
53594,13,1,13,4,out
53594,13,3,13,4,in
53594,11,8,11,2,going
53594,11,10,11,2,coming
53595,3,3,3,5,out
53595,3,5,3,5,in
53596,2,11,2,3,going
53596,2,13,2,3,coming
53596,4,11,4,3,going
53596,4,13,4,3,coming
53596,5,11,5,3,going
53596,5,13,5,3,coming
53596,8,11,8,3,going
53596,8,13,8,3,coming
53606,7,2,27,3,out
53606,7,4,27,3,in
53611,14,19,31,5,in
53617,18,3,32,8,out
53617,18,5,32,8,in
53618,19,15,19,5,out
53622,12,2,12,4,going
53622,12,4,12,4,coming
53622,13,2,13,4,going
53622,13,4,13,4,coming
53623,3,4,3,5,going
53623,3,6,3,5,coming
53634,16,12,39,2,out
53634,7,3,27,3,going
53634,7,5,27,3,coming
53635,10,4,34,9,out
53635,10,6,34,9,in
53645,18,4,32,8,going
53645,18,6,32,8,coming
53648,17,1,17,9,in
53648,17,11,17,9,out
53654,17,12,17,9,out
53655,9,1,33,1,out
53655,9,3,33,1,in
53657,6,19,28,5,out
53663,10,5,34,9,going
53663,10,7,34,9,coming
53676,17,2,17,9,coming
53683,9,2,33,1,going
53683,9,4,33,1,coming
53684,16,2,39,2,in
53690,14,19,31,5,going
53694,11,8,11,2,out
53694,11,10,11,2,in
53695,6,19,28,5,coming
53696,2,11,2,3,out
53696,2,13,2,3,in
53696,4,11,4,3,out
53696,4,13,4,3,in
53696,5,11,5,3,out
53696,5,13,5,3,in
53696,8,11,8,3,out
53696,8,13,8,3,in
53702,1,19,1,5,coming
53707,18,5,32,8,going
53707,18,1,32,8,coming
53712,16,1,39,2,going
53712,16,3,39,2,coming
53722,12,2,12,4,out
53722,12,4,12,4,in
53722,13,2,13,4,out
53722,13,4,13,4,in
53722,11,9,11,2,going
53722,11,11,11,2,coming
53723,3,4,3,5,out
53723,3,6,3,5,in
53724,2,12,2,3,going
53724,2,14,2,3,coming
53724,4,12,4,3,going
53724,4,14,4,3,coming
53724,5,12,5,3,going
53724,5,14,5,3,coming
53724,8,12,8,3,going
53724,8,14,8,3,coming
53734,7,3,27,3,out
53734,7,5,27,3,in
53745,18,4,32,8,out
53745,18,6,32,8,in
53745,18,6,32,8,going
53750,12,3,12,4,going
53750,12,5,12,4,coming
53750,13,3,13,4,going
53750,13,5,13,4,coming
53751,3,5,3,5,going
53751,3,7,3,5,coming
53762,7,4,27,3,going
53762,7,6,27,3,coming
53763,10,5,34,9,out
53763,10,7,34,9,in
53774,19,19,19,5,coming
53776,17,2,17,9,in
53783,9,2,33,1,out
53783,9,4,33,1,in
53790,14,19,31,5,out
53791,10,6,34,9,going
53791,10,8,34,9,coming
53795,6,19,28,5,in
53802,1,19,1,5,in
53804,17,1,17,9,going
53804,17,3,17,9,coming
53807,18,1,32,8,in
53807,18,5,32,8,out
53811,9,3,33,1,going
53811,9,5,33,1,coming
53812,16,1,39,2,out
53812,16,3,39,2,in
53822,11,9,11,2,out
53822,11,11,11,2,in
53824,2,12,2,3,out
53824,2,14,2,3,in
53824,4,12,4,3,out
53824,4,14,4,3,in
53824,5,12,5,3,out
53824,5,14,5,3,in
53824,8,12,8,3,out
53824,8,14,8,3,in
53828,14,19,31,5,coming
53835,18,2,32,8,coming
53840,16,2,39,2,going
53840,16,4,39,2,coming
53845,18,6,32,8,out
53850,12,3,12,4,out
53850,12,5,12,4,in
53850,13,3,13,4,out
53850,13,5,13,4,in
53850,11,10,11,2,going
53850,11,12,11,2,coming
53851,3,5,3,5,out
53851,3,7,3,5,in
53852,2,13,2,3,going
53852,2,15,2,3,coming
53852,4,13,4,3,going
53852,4,15,4,3,coming
53852,5,13,5,3,going
53852,5,15,5,3,coming
53852,8,13,8,3,going
53852,8,15,8,3,coming
53862,7,4,27,3,out
53862,7,6,27,3,in
53872,11,11,11,2,going
53872,11,1,11,2,coming
53874,19,19,19,5,in
53874,6,19,28,5,going
53878,12,4,12,4,going
53878,12,6,12,4,coming
53878,13,4,13,4,going
53878,13,6,13,4,coming
53879,3,6,3,5,going
53879,3,8,3,5,coming
53881,1,19,1,5,going
53890,7,5,27,3,going
53890,7,7,27,3,coming
53891,10,6,34,9,out
53891,10,8,34,9,in
53904,17,1,17,9,out
53904,17,3,17,9,in
53905,15,1,36,4,coming
53911,9,3,33,1,out
53911,9,5,33,1,in
53919,10,7,34,9,going
53919,10,9,34,9,coming
53928,14,19,31,5,in
53932,17,2,17,9,going
53932,17,4,17,9,coming
53935,18,2,32,8,in
53939,9,4,33,1,going
53939,9,6,33,1,coming
53940,16,2,39,2,out
53940,16,4,39,2,in
53950,11,10,11,2,out
53950,11,12,11,2,in
53950,11,12,11,2,going
53952,2,13,2,3,out
53952,2,15,2,3,in
53952,4,13,4,3,out
53952,4,15,4,3,in
53952,5,13,5,3,out
53952,5,15,5,3,in
53952,8,13,8,3,out
53952,8,15,8,3,in
53953,19,19,19,5,going
53963,18,1,32,8,going
53963,18,3,32,8,coming
53968,16,3,39,2,going
53968,16,5,39,2,coming
53972,11,1,11,2,in
53972,11,11,11,2,out
53974,6,19,28,5,out
53978,12,4,12,4,out
53978,12,6,12,4,in
53978,13,4,13,4,out
53978,13,6,13,4,in
53979,3,6,3,5,out
53979,3,8,3,5,in
53980,2,14,2,3,going
53980,2,16,2,3,coming
53980,4,14,4,3,going
53980,4,16,4,3,coming
53980,5,14,5,3,going
53980,5,16,5,3,coming
53980,8,14,8,3,going
53980,8,16,8,3,coming
53981,1,19,1,5,out
53990,7,5,27,3,out
53990,7,7,27,3,in
54000,11,2,11,2,coming
54005,15,1,36,4,in
54006,12,5,12,4,going
54006,12,7,12,4,coming
54006,13,5,13,4,going
54006,13,7,13,4,coming
54007,3,7,3,5,going
54007,3,9,3,5,coming
54007,14,19,31,5,going
54012,6,19,28,5,coming
54018,7,6,27,3,going
54018,7,8,27,3,coming
54019,10,7,34,9,out
54019,10,9,34,9,in
54019,1,19,1,5,coming
54032,17,2,17,9,out
54032,17,4,17,9,in
54033,15,2,36,4,coming
54039,9,4,33,1,out
54039,9,6,33,1,in
54047,10,8,34,9,going
54047,10,10,34,9,coming
54050,11,12,11,2,out
54053,19,19,19,5,out
54060,17,3,17,9,going
54060,17,5,17,9,coming
54063,18,1,32,8,out
54063,18,3,32,8,in
54067,9,5,33,1,going
54067,9,7,33,1,coming
54068,16,3,39,2,out
54068,16,5,39,2,in
54080,2,14,2,3,out
54080,2,16,2,3,in
54080,4,14,4,3,out
54080,4,16,4,3,in
54080,5,14,5,3,out
54080,5,16,5,3,in
54080,8,14,8,3,out
54080,8,16,8,3,in
54091,18,2,32,8,going
54091,18,4,32,8,coming
54091,19,19,19,5,coming
54096,16,4,39,2,going
54096,16,6,39,2,coming
54100,11,2,11,2,in
54106,12,5,12,4,out
54106,12,7,12,4,in
54106,13,5,13,4,out
54106,13,7,13,4,in
54107,3,7,3,5,out
54107,3,9,3,5,in
54107,14,19,31,5,out
54108,2,15,2,3,going
54108,2,17,2,3,coming
54108,4,15,4,3,going
54108,4,17,4,3,coming
54108,5,15,5,3,going
54108,5,17,5,3,coming
54108,8,15,8,3,going
54108,8,17,8,3,coming
54112,6,19,28,5,in
54118,7,6,27,3,out
54118,7,8,27,3,in
54119,1,19,1,5,in
54128,11,1,11,2,going
54128,11,3,11,2,coming
54133,15,2,36,4,in
54134,12,6,12,4,going
54134,13,6,13,4,going
54135,3,8,3,5,going
54135,3,10,3,5,coming
54145,14,19,31,5,coming
54146,7,7,27,3,going
54146,7,9,27,3,coming
54147,10,8,34,9,out
54147,10,10,34,9,in
54160,17,3,17,9,out
54160,17,5,17,9,in
54161,15,1,36,4,going
54161,15,3,36,4,coming
54167,9,5,33,1,out
54167,9,7,33,1,in
54175,10,9,34,9,going
54175,10,11,34,9,coming
54188,17,4,17,9,going
54188,17,6,17,9,coming
54190,2,16,2,3,going
54190,2,1,2,3,coming
54190,4,16,4,3,going
54190,4,1,4,3,coming
54190,5,16,5,3,going
54190,5,1,5,3,coming
54190,8,16,8,3,going
54190,8,1,8,3,coming
54191,18,2,32,8,out
54191,18,4,32,8,in
54191,19,19,19,5,in
54191,6,19,28,5,going
54195,9,6,33,1,going
54195,9,8,33,1,coming
54196,16,4,39,2,out
54196,16,6,39,2,in
54198,1,19,1,5,going
54208,2,15,2,3,out
54208,2,17,2,3,in
54208,4,15,4,3,out
54208,4,17,4,3,in
54208,5,15,5,3,out
54208,5,17,5,3,in
54208,8,15,8,3,out
54208,8,17,8,3,in
54208,2,17,2,3,going
54208,4,17,4,3,going
54208,5,17,5,3,going
54208,8,17,8,3,going
54219,18,3,32,8,going
54219,18,5,32,8,coming
54224,16,5,39,2,going
54224,16,7,39,2,coming
54228,11,1,11,2,out
54228,11,3,11,2,in
54234,12,6,12,4,out
54234,13,6,13,4,out
54235,3,8,3,5,out
54235,3,10,3,5,in
54245,14,19,31,5,in
54246,7,7,27,3,out
54246,7,9,27,3,in
54256,11,2,11,2,going
54256,11,4,11,2,coming
54261,15,1,36,4,out
54261,15,3,36,4,in
54262,12,7,12,4,going
54262,13,7,13,4,going
54263,3,9,3,5,going
54263,3,11,3,5,coming
54270,19,19,19,5,going
54274,7,8,27,3,going
54275,10,9,34,9,out
54275,10,11,34,9,in
54288,17,4,17,9,out
54288,17,6,17,9,in
54289,15,2,36,4,going
54289,15,4,36,4,coming
54290,2,1,2,3,in
54290,2,16,2,3,out
54290,4,1,4,3,in
54290,4,16,4,3,out
54290,5,1,5,3,in
54290,5,16,5,3,out
54290,8,1,8,3,in
54290,8,16,8,3,out
54291,6,19,28,5,out
54295,9,6,33,1,out
54295,9,8,33,1,in
54298,1,19,1,5,out
54303,10,10,34,9,going
54303,10,12,34,9,coming
54308,2,17,2,3,out
54308,4,17,4,3,out
54308,5,17,5,3,out
54308,8,17,8,3,out
54316,17,5,17,9,going
54316,17,7,17,9,coming
54318,2,2,2,3,coming
54318,4,2,4,3,coming
54318,5,2,5,3,coming
54318,8,2,8,3,coming
54319,18,3,32,8,out
54319,18,5,32,8,in
54323,9,7,33,1,going
54323,9,9,33,1,coming
54324,16,5,39,2,out
54324,16,7,39,2,in
54324,14,19,31,5,going
54329,6,19,28,5,coming
54336,1,19,1,5,coming
54347,18,4,32,8,going
54347,18,6,32,8,coming
54352,16,6,39,2,going
54352,16,8,39,2,coming
54356,11,2,11,2,out
54356,11,4,11,2,in
54362,12,7,12,4,out
54362,13,7,13,4,out
54363,3,9,3,5,out
54363,3,11,3,5,in
54370,19,19,19,5,out
54374,7,8,27,3,out
54384,11,3,11,2,going
54384,11,5,11,2,coming
54389,15,2,36,4,out
54389,15,4,36,4,in
54390,12,10,12,4,coming
54390,13,10,13,4,coming
54391,3,10,3,5,going
54391,3,12,3,5,coming
54397,10,11,34,9,going
54397,10,1,34,9,coming
54402,7,9,27,3,going
54403,10,10,34,9,out
54403,10,12,34,9,in
54403,10,12,34,9,going
54408,19,19,19,5,coming
54409,18,5,32,8,going
54409,18,1,32,8,coming
54416,17,5,17,9,out
54416,17,7,17,9,in
54417,15,3,36,4,going
54417,15,5,36,4,coming
54418,2,2,2,3,in
54418,4,2,4,3,in
54418,5,2,5,3,in
54418,8,2,8,3,in
54423,9,7,33,1,out
54423,9,9,33,1,in
54424,14,19,31,5,out
54429,6,19,28,5,in
54436,1,19,1,5,in
54444,17,6,17,9,going
54444,17,8,17,9,coming
54446,2,1,2,3,going
54446,2,3,2,3,coming
54446,4,1,4,3,going
54446,4,3,4,3,coming
54446,5,1,5,3,going
54446,5,3,5,3,coming
54446,8,1,8,3,going
54446,8,3,8,3,coming
54447,18,4,32,8,out
54447,18,6,32,8,in
54447,18,6,32,8,going
54451,9,8,33,1,going
54451,9,10,33,1,coming
54452,16,6,39,2,out
54452,16,8,39,2,in
54462,14,19,31,5,coming
54480,16,7,39,2,going
54480,16,9,39,2,coming
54484,11,3,11,2,out
54484,11,5,11,2,in
54490,12,10,12,4,in
54490,13,10,13,4,in
54491,3,10,3,5,out
54491,3,12,3,5,in
54497,10,1,34,9,in
54497,10,11,34,9,out
54502,7,9,27,3,out
54503,10,12,34,9,out
54508,19,19,19,5,in
54508,6,19,28,5,going
54509,18,1,32,8,in
54509,18,5,32,8,out
54512,11,4,11,2,going
54512,11,6,11,2,coming
54515,1,19,1,5,going
54517,15,3,36,4,out
54517,15,5,36,4,in
54518,12,11,12,4,coming
54518,13,11,13,4,coming
54519,3,11,3,5,going
54519,3,13,3,5,coming
54521,12,10,12,4,going
54521,13,10,13,4,going
54525,10,2,34,9,coming
54530,7,12,27,3,coming
54537,18,2,32,8,coming
54544,17,6,17,9,out
54544,17,8,17,9,in
54545,15,4,36,4,going
54545,15,6,36,4,coming
54546,2,1,2,3,out
54546,2,3,2,3,in
54546,4,1,4,3,out
54546,4,3,4,3,in
54546,5,1,5,3,out
54546,5,3,5,3,in
54546,8,1,8,3,out
54546,8,3,8,3,in
54547,18,6,32,8,out
54551,9,8,33,1,out
54551,9,10,33,1,in
54562,14,19,31,5,in
54572,17,7,17,9,going
54572,17,9,17,9,coming
54574,2,2,2,3,going
54574,2,4,2,3,coming
54574,4,2,4,3,going
54574,4,4,4,3,coming
54574,5,2,5,3,going
54574,5,4,5,3,coming
54574,8,2,8,3,going
54574,8,4,8,3,coming
54579,9,9,33,1,going
54579,9,11,33,1,coming
54580,16,7,39,2,out
54580,16,9,39,2,in
54587,19,19,19,5,going
54608,6,19,28,5,out
54608,16,8,39,2,going
54608,16,10,39,2,coming
54612,11,4,11,2,out
54612,11,6,11,2,in
54615,1,19,1,5,out
54618,12,11,12,4,in
54618,13,11,13,4,in
54618,12,11,12,4,going
54618,13,11,13,4,going
54619,3,11,3,5,out
54619,3,13,3,5,in
54621,12,10,12,4,out
54621,13,10,13,4,out
54621,12,10,12,4,coming
54621,13,10,13,4,coming
54625,10,2,34,9,in
54630,7,12,27,3,in
54637,18,2,32,8,in
54640,11,5,11,2,going
54640,11,7,11,2,coming
54641,14,19,31,5,going
54645,15,4,36,4,out
54645,15,6,36,4,in
54646,6,19,28,5,coming
54647,3,12,3,5,going
54647,3,14,3,5,coming
54653,1,19,1,5,coming
54653,10,1,34,9,going
54653,10,3,34,9,coming
54658,7,13,27,3,coming
54665,18,1,32,8,going
54665,18,3,32,8,coming
54672,17,7,17,9,out
54672,17,9,17,9,in
54673,15,5,36,4,going
54673,15,7,36,4,coming
54674,2,2,2,3,out
54674,2,4,2,3,in
54674,4,2,4,3,out
54674,4,4,4,3,in
54674,5,2,5,3,out
54674,5,4,5,3,in
54674,8,2,8,3,out
54674,8,4,8,3,in
54679,9,9,33,1,out
54679,9,11,33,1,in
54687,19,19,19,5,out
54700,17,8,17,9,going
54700,17,10,17,9,coming
54702,2,3,2,3,going
54702,2,5,2,3,coming
54702,4,3,4,3,going
54702,4,5,4,3,coming
54702,5,3,5,3,going
54702,5,5,5,3,coming
54702,8,3,8,3,going
54702,8,5,8,3,coming
54707,9,10,33,1,going
54707,9,12,33,1,coming
54708,16,8,39,2,out
54708,16,10,39,2,in
54718,12,11,12,4,out
54718,13,11,13,4,out
54721,12,10,12,4,in
54721,13,10,13,4,in
54725,19,19,19,5,coming
54735,12,11,12,4,coming
54735,13,11,13,4,coming
54736,16,9,39,2,going
54736,16,11,39,2,coming
54738,12,10,12,4,going
54738,13,10,13,4,going
54740,11,5,11,2,out
54740,11,7,11,2,in
54741,14,19,31,5,out
54746,6,19,28,5,in
54747,3,12,3,5,out
54747,3,14,3,5,in
54753,1,19,1,5,in
54753,10,1,34,9,out
54753,10,3,34,9,in
54758,7,13,27,3,in
54765,18,1,32,8,out
54765,18,3,32,8,in
54768,11,6,11,2,going
54768,11,8,11,2,coming
54773,15,5,36,4,out
54773,15,7,36,4,in
54775,3,13,3,5,going
54775,3,15,3,5,coming
54779,14,19,31,5,coming
54781,10,2,34,9,going
54781,10,4,34,9,coming
54786,7,12,27,3,going
54786,7,14,27,3,coming
54793,18,2,32,8,going
54793,18,4,32,8,coming
54800,17,8,17,9,out
54800,17,10,17,9,in
54800,9,11,33,1,going
54800,9,18,33,1,coming
54800,9,19,33,1,coming
54801,15,6,36,4,going
54802,2,3,2,3,out
54802,2,5,2,3,in
54802,4,3,4,3,out
54802,4,5,4,3,in
54802,5,3,5,3,out
54802,5,5,5,3,in
54802,8,3,8,3,out
54802,8,5,8,3,in
54807,9,10,33,1,out
54807,9,12,33,1,in
54807,9,12,33,1,going
54825,19,19,19,5,in
54825,6,19,28,5,going
54828,17,9,17,9,going
54828,17,11,17,9,coming
54830,2,4,2,3,going
54830,2,6,2,3,coming
54830,4,4,4,3,going
54830,4,6,4,3,coming
54830,5,4,5,3,going
54830,5,6,5,3,coming
54830,8,4,8,3,going
54830,8,6,8,3,coming
54832,1,19,1,5,going
54835,12,11,12,4,in
54835,13,11,13,4,in
54835,12,11,12,4,going
54835,13,11,13,4,going
54836,16,9,39,2,out
54836,16,11,39,2,in
54838,12,10,12,4,out
54838,13,10,13,4,out
54838,12,10,12,4,coming
54838,13,10,13,4,coming
54864,16,10,39,2,going
54864,16,12,39,2,coming
54868,11,6,11,2,out
54868,11,8,11,2,in
54875,3,13,3,5,out
54875,3,15,3,5,in
54879,14,19,31,5,in
54881,10,2,34,9,out
54881,10,4,34,9,in
54886,7,12,27,3,out
54886,7,14,27,3,in
54886,16,11,39,2,going
54886,16,1,39,2,coming
54893,18,2,32,8,out
54893,18,4,32,8,in
54896,11,7,11,2,going
54896,11,9,11,2,coming
54900,9,11,33,1,out
54900,9,18,33,1,in
54900,9,19,33,1,in
54901,15,6,36,4,out
54903,3,14,3,5,going
54904,19,19,19,5,going
54907,9,12,33,1,out
54909,10,3,34,9,going
54909,10,5,34,9,coming
54914,7,13,27,3,going
54914,7,15,27,3,coming
54921,18,3,32,8,going
54921,18,5,32,8,coming
54925,6,19,28,5,out
54928,17,9,17,9,out
54928,17,11,17,9,in
54929,15,7,36,4,going
54930,2,4,2,3,out
54930,2,6,2,3,in
54930,4,4,4,3,out
54930,4,6,4,3,in
54930,5,4,5,3,out
54930,5,6,5,3,in
54930,8,4,8,3,out
54930,8,6,8,3,in
54930,9,18,33,1,going
54932,1,19,1,5,out
54935,12,11,12,4,out
54935,13,11,13,4,out
54938,12,10,12,4,in
54938,13,10,13,4,in
54952,12,11,12,4,coming
54952,13,11,13,4,coming
54955,12,10,12,4,going
54955,13,10,13,4,going
54956,17,10,17,9,going
54956,17,12,17,9,coming
54958,2,5,2,3,going
54958,2,7,2,3,coming
54958,4,5,4,3,going
54958,4,7,4,3,coming
54958,5,5,5,3,going
54958,5,7,5,3,coming
54958,8,5,8,3,going
54958,8,7,8,3,coming
54958,14,19,31,5,going
54963,6,19,28,5,coming
54964,16,10,39,2,out
54964,16,12,39,2,in
54964,16,12,39,2,going
54970,1,19,1,5,coming
54986,16,1,39,2,in
54986,16,11,39,2,out
54996,11,7,11,2,out
54996,11,9,11,2,in
55003,3,14,3,5,out
55004,19,19,19,5,out
55009,10,3,34,9,out
55009,10,5,34,9,in
55014,7,13,27,3,out
55014,7,15,27,3,in
55014,16,2,39,2,coming
55021,18,3,32,8,out
55021,18,5,32,8,in
55024,11,8,11,2,going
55024,11,10,11,2,coming
55029,15,7,36,4,out
55030,9,18,33,1,out
55031,3,15,3,5,going
55032,9,19,33,1,going
55032,9,1,33,1,coming
55037,10,4,34,9,going
55037,10,6,34,9,coming
55042,7,14,27,3,going
55042,7,16,27,3,coming
55042,19,19,19,5,coming
55049,18,4,32,8,going
55049,18,6,32,8,coming
55050,17,11,17,9,going
55050,17,1,17,9,coming
55052,12,11,12,4,in
55052,13,11,13,4,in
55052,12,11,12,4,going
55052,13,11,13,4,going
55055,12,10,12,4,out
55055,13,10,13,4,out
55055,12,10,12,4,coming
55055,13,10,13,4,coming
55056,17,10,17,9,out
55056,17,12,17,9,in
55056,17,12,17,9,going
55058,2,5,2,3,out
55058,2,7,2,3,in
55058,4,5,4,3,out
55058,4,7,4,3,in
55058,5,5,5,3,out
55058,5,7,5,3,in
55058,8,5,8,3,out
55058,8,7,8,3,in
55058,14,19,31,5,out
55063,6,19,28,5,in
55064,16,12,39,2,out
55070,1,19,1,5,in
55086,2,6,2,3,going
55086,2,8,2,3,coming
55086,4,6,4,3,going
55086,4,8,4,3,coming
55086,5,6,5,3,going
55086,5,8,5,3,coming
55086,8,6,8,3,going
55086,8,8,8,3,coming
55096,14,19,31,5,coming
55112,18,0,32,8,out
55112,18,1,32,8,out
55112,18,2,32,8,out
55112,18,3,32,8,out
55112,18,4,32,8,out
55112,18,5,32,8,out
55112,18,6,32,8,out
55112,18,7,32,8,out
55112,18,8,32,8,out
55112,18,9,32,8,out
55112,18,10,32,8,out
55112,18,11,32,8,out
55112,18,12,32,8,out
55112,18,13,32,8,out
55112,18,14,32,8,out
55112,18,15,32,8,out
55112,18,16,32,8,out
55112,18,17,32,8,out
55112,18,18,32,8,out
55112,18,19,32,8,out
55114,16,2,39,2,in
55124,11,8,11,2,out
55124,11,10,11,2,in
55131,3,15,3,5,out
55132,9,1,33,1,in
55132,9,19,33,1,out
55137,10,4,34,9,out
55137,10,6,34,9,in
55142,7,14,27,3,out
55142,7,16,27,3,in
55142,19,19,19,5,in
55142,6,19,28,5,going
55142,16,1,39,2,going
55142,16,3,39,2,coming
55149,1,19,1,5,going
55150,17,1,17,9,in
55150,17,11,17,9,out
55152,12,11,12,4,out
55152,13,11,13,4,out
55152,11,9,11,2,going
55152,11,11,11,2,coming
55155,12,10,12,4,in
55155,13,10,13,4,in
55156,17,12,17,9,out
55160,9,2,33,1,coming
55165,10,5,34,9,going
55165,10,7,34,9,coming
55169,12,11,12,4,coming
55169,13,11,13,4,coming
55170,7,15,27,3,going
55170,7,17,27,3,coming
55172,12,10,12,4,going
55172,13,10,13,4,going
55178,17,2,17,9,coming
55186,2,6,2,3,out
55186,2,8,2,3,in
55186,4,6,4,3,out
55186,4,8,4,3,in
55186,5,6,5,3,out
55186,5,8,5,3,in
55186,8,6,8,3,out
55186,8,8,8,3,in
55196,14,19,31,5,in
55214,2,7,2,3,going
55214,2,9,2,3,coming
55214,4,7,4,3,going
55214,4,9,4,3,coming
55214,5,7,5,3,going
55214,5,9,5,3,coming
55214,8,7,8,3,going
55214,8,9,8,3,coming
55221,19,19,19,5,going
55242,6,19,28,5,out
55242,16,1,39,2,out
55242,16,3,39,2,in
55249,1,19,1,5,out
55252,11,9,11,2,out
55252,11,11,11,2,in
55252,7,16,27,3,going
55252,7,1,27,3,coming
55260,9,2,33,1,in
55265,10,5,34,9,out
55265,10,7,34,9,in
55269,12,11,12,4,in
55269,13,11,13,4,in
55269,12,11,12,4,going
55269,13,11,13,4,going
55270,7,15,27,3,out
55270,7,17,27,3,in
55270,7,17,27,3,going
55270,16,2,39,2,going
55270,16,4,39,2,coming
55272,12,10,12,4,out
55272,13,10,13,4,out
55272,12,10,12,4,coming
55272,13,10,13,4,coming
55275,14,19,31,5,going
55278,17,2,17,9,in
55280,6,19,28,5,coming
55280,11,10,11,2,going
55280,11,12,11,2,coming
55287,1,19,1,5,coming
55287,3,19,3,5,coming
55288,9,1,33,1,going
55288,9,3,33,1,coming
55293,10,6,34,9,going
55293,10,8,34,9,coming
55302,11,11,11,2,going
55302,11,1,11,2,coming
55306,17,1,17,9,going
55306,17,3,17,9,coming
55314,2,7,2,3,out
55314,2,9,2,3,in
55314,4,7,4,3,out
55314,4,9,4,3,in
55314,5,7,5,3,out
55314,5,9,5,3,in
55314,8,7,8,3,out
55314,8,9,8,3,in
55321,19,19,19,5,out
55342,2,8,2,3,going
55342,2,10,2,3,coming
55342,4,8,4,3,going
55342,4,10,4,3,coming
55342,5,8,5,3,going
55342,5,10,5,3,coming
55342,8,8,8,3,going
55342,8,10,8,3,coming
55352,7,1,27,3,in
55352,7,16,27,3,out
55359,19,19,19,5,coming
55369,12,11,12,4,out
55369,13,11,13,4,out
55370,7,17,27,3,out
55370,16,2,39,2,out
55370,16,4,39,2,in
55372,12,10,12,4,in
55372,13,10,13,4,in
55375,14,19,31,5,out
55380,6,19,28,5,in
55380,11,10,11,2,out
55380,11,12,11,2,in
55380,7,2,27,3,coming
55380,11,12,11,2,going
55386,12,11,12,4,coming
55386,13,11,13,4,coming
55387,1,19,1,5,in
55387,3,19,3,5,in
55388,9,1,33,1,out
55388,9,3,33,1,in
55389,12,10,12,4,going
55389,13,10,13,4,going
55393,10,6,34,9,out
55393,10,8,34,9,in
55398,16,3,39,2,going
55398,16,5,39,2,coming
55402,11,1,11,2,in
55402,11,11,11,2,out
55406,17,1,17,9,out
55406,17,3,17,9,in
55413,14,19,31,5,coming
55416,9,2,33,1,going
55416,9,4,33,1,coming
55421,10,7,34,9,going
55421,10,9,34,9,coming
55430,11,2,11,2,coming
55434,17,2,17,9,going
55434,17,4,17,9,coming
55442,2,8,2,3,out
55442,2,10,2,3,in
55442,4,8,4,3,out
55442,4,10,4,3,in
55442,5,8,5,3,out
55442,5,10,5,3,in
55442,8,8,8,3,out
55442,8,10,8,3,in
55459,19,19,19,5,in
55459,6,19,28,5,going
55466,1,19,1,5,going
55466,3,19,3,5,going
55470,2,9,2,3,going
55470,2,11,2,3,coming
55470,4,9,4,3,going
55470,4,11,4,3,coming
55470,5,9,5,3,going
55470,5,11,5,3,coming
55470,8,9,8,3,going
55470,8,11,8,3,coming
55480,7,2,27,3,in
55480,11,12,11,2,out
55486,12,11,12,4,in
55486,13,11,13,4,in
55486,12,11,12,4,going
55486,13,11,13,4,going
55489,12,10,12,4,out
55489,13,10,13,4,out
55489,12,10,12,4,coming
55489,13,10,13,4,coming
55498,16,3,39,2,out
55498,16,5,39,2,in
55508,7,1,27,3,going
55508,7,3,27,3,coming
55513,14,19,31,5,in
55516,9,2,33,1,out
55516,9,4,33,1,in
55521,10,7,34,9,out
55521,10,9,34,9,in
55526,16,4,39,2,going
55526,16,6,39,2,coming
55530,11,2,11,2,in
55534,17,2,17,9,out
55534,17,4,17,9,in
55538,19,19,19,5,going
55544,9,3,33,1,going
55544,9,5,33,1,coming
55549,10,8,34,9,going
55549,10,10,34,9,coming
55558,11,1,11,2,going
55558,11,3,11,2,coming
55559,6,19,28,5,out
55562,17,3,17,9,going
55562,17,5,17,9,coming
55566,1,19,1,5,out
55566,3,19,3,5,out
55570,2,9,2,3,out
55570,2,11,2,3,in
55570,4,9,4,3,out
55570,4,11,4,3,in
55570,5,9,5,3,out
55570,5,11,5,3,in
55570,8,9,8,3,out
55570,8,11,8,3,in
55586,12,11,12,4,out
55586,13,11,13,4,out
55589,12,10,12,4,in
55589,13,10,13,4,in
55592,14,19,31,5,going
55597,6,19,28,5,coming
55598,2,10,2,3,going
55598,2,12,2,3,coming
55598,4,10,4,3,going
55598,4,12,4,3,coming
55598,5,10,5,3,going
55598,5,12,5,3,coming
55598,8,10,8,3,going
55598,8,12,8,3,coming
55603,12,11,12,4,coming
55603,13,11,13,4,coming
55604,1,19,1,5,coming
55604,3,19,3,5,coming
55606,12,10,12,4,going
55606,13,10,13,4,going
55608,7,1,27,3,out
55608,7,3,27,3,in
55626,16,4,39,2,out
55626,16,6,39,2,in
55636,7,2,27,3,going
55636,7,4,27,3,coming
55638,19,19,19,5,out
55644,9,3,33,1,out
55644,9,5,33,1,in
55649,10,8,34,9,out
55649,10,10,34,9,in
55654,16,5,39,2,going
55654,16,7,39,2,coming
55658,11,1,11,2,out
55658,11,3,11,2,in
55662,17,3,17,9,out
55662,17,5,17,9,in
55672,9,4,33,1,going
55672,9,6,33,1,coming
55676,19,19,19,5,coming
55677,10,9,34,9,going
55677,10,11,34,9,coming
55686,11,2,11,2,going
55686,11,4,11,2,coming
55690,17,4,17,9,going
55690,17,6,17,9,coming
55692,14,19,31,5,out
55697,6,19,28,5,in
55698,2,10,2,3,out
55698,2,12,2,3,in
55698,4,10,4,3,out
55698,4,12,4,3,in
55698,5,10,5,3,out
55698,5,12,5,3,in
55698,8,10,8,3,out
55698,8,12,8,3,in
55703,12,11,12,4,in
55703,13,11,13,4,in
55703,12,11,12,4,going
55703,13,11,13,4,going
55704,1,19,1,5,in
55704,3,19,3,5,in
55706,12,10,12,4,out
55706,13,10,13,4,out
55706,12,10,12,4,coming
55706,13,10,13,4,coming
55726,2,11,2,3,going
55726,2,13,2,3,coming
55726,4,11,4,3,going
55726,4,13,4,3,coming
55726,5,11,5,3,going
55726,5,13,5,3,coming
55726,8,11,8,3,going
55726,8,13,8,3,coming
55730,14,19,31,5,coming
55736,7,2,27,3,out
55736,7,4,27,3,in
55754,16,5,39,2,out
55754,16,7,39,2,in
55764,7,3,27,3,going
55764,7,5,27,3,coming
55772,9,4,33,1,out
55772,9,6,33,1,in
55776,19,19,19,5,in
55776,6,19,28,5,going
55777,10,9,34,9,out
55777,10,11,34,9,in
55782,16,6,39,2,going
55782,16,8,39,2,coming
55783,1,19,1,5,going
55783,3,19,3,5,going
55786,11,2,11,2,out
55786,11,4,11,2,in
55790,17,4,17,9,out
55790,17,6,17,9,in
55800,9,5,33,1,going
55800,9,7,33,1,coming
55803,12,11,12,4,out
55803,13,11,13,4,out
55805,10,10,34,9,going
55805,10,12,34,9,coming
55806,12,10,12,4,in
55806,13,10,13,4,in
55814,11,3,11,2,going
55814,11,5,11,2,coming
55818,17,5,17,9,going
55818,17,7,17,9,coming
55820,12,11,12,4,coming
55820,13,11,13,4,coming
55823,12,10,12,4,going
55823,13,10,13,4,going
55826,2,11,2,3,out
55826,2,13,2,3,in
55826,4,11,4,3,out
55826,4,13,4,3,in
55826,5,11,5,3,out
55826,5,13,5,3,in
55826,8,11,8,3,out
55826,8,13,8,3,in
55830,14,19,31,5,in
55854,2,12,2,3,going
55854,2,14,2,3,coming
55854,4,12,4,3,going
55854,4,14,4,3,coming
55854,5,12,5,3,going
55854,5,14,5,3,coming
55854,8,12,8,3,going
55854,8,14,8,3,coming
55855,19,19,19,5,going
55864,7,3,27,3,out
55864,7,5,27,3,in
55876,6,19,28,5,out
55882,16,6,39,2,out
55882,16,8,39,2,in
55883,1,19,1,5,out
55883,3,19,3,5,out
55892,7,4,27,3,going
55892,7,6,27,3,coming
55899,10,11,34,9,going
55899,10,1,34,9,coming
55900,9,5,33,1,out
55900,9,7,33,1,in
55905,10,10,34,9,out
55905,10,12,34,9,in
55905,10,12,34,9,going
55910,14,19,31,5,going
55910,14,0,31,5,coming
55910,14,1,31,5,coming
55910,16,7,39,2,going
55910,16,9,39,2,coming
55914,11,3,11,2,out
55914,11,5,11,2,in
55914,6,19,28,5,coming
55918,17,5,17,9,out
55918,17,7,17,9,in
55920,12,11,12,4,in
55920,13,11,13,4,in
55920,12,11,12,4,going
55920,13,11,13,4,going
55921,1,19,1,5,coming
55921,3,19,3,5,coming
55923,12,10,12,4,out
55923,13,10,13,4,out
55923,12,10,12,4,coming
55923,13,10,13,4,coming
55928,9,6,33,1,going
55928,9,8,33,1,coming
55942,11,4,11,2,going
55942,11,6,11,2,coming
55946,17,6,17,9,going
55946,17,8,17,9,coming
55954,2,12,2,3,out
55954,2,14,2,3,in
55954,4,12,4,3,out
55954,4,14,4,3,in
55954,5,12,5,3,out
55954,5,14,5,3,in
55954,8,12,8,3,out
55954,8,14,8,3,in
55955,19,19,19,5,out
55982,2,13,2,3,going
55982,2,15,2,3,coming
55982,4,13,4,3,going
55982,4,15,4,3,coming
55982,5,13,5,3,going
55982,5,15,5,3,coming
55982,8,13,8,3,going
55982,8,15,8,3,coming
55992,7,4,27,3,out
55992,7,6,27,3,in
55993,19,19,19,5,coming
55999,10,1,34,9,in
55999,10,11,34,9,out
56005,10,12,34,9,out
56010,14,0,31,5,in
56010,14,1,31,5,in
56010,14,19,31,5,out
56010,16,7,39,2,out
56010,16,9,39,2,in
56014,6,19,28,5,in
56020,12,11,12,4,out
56020,13,11,13,4,out
56020,7,5,27,3,going
56020,7,7,27,3,coming
56021,1,19,1,5,in
56021,3,19,3,5,in
56023,12,10,12,4,in
56023,13,10,13,4,in
56027,10,2,34,9,coming
56028,9,6,33,1,out
56028,9,8,33,1,in
56037,12,11,12,4,coming
56037,13,11,13,4,coming
56038,16,8,39,2,going
56038,16,10,39,2,coming
56040,12,10,12,4,going
56040,13,10,13,4,going
56042,11,4,11,2,out
56042,11,6,11,2,in
56046,17,6,17,9,out
56046,17,8,17,9,in
56056,9,7,33,1,going
56056,9,9,33,1,coming
56070,11,5,11,2,going
56070,11,7,11,2,coming
56074,17,7,17,9,going
56074,17,9,17,9,coming
56082,2,13,2,3,out
56082,2,15,2,3,in
56082,4,13,4,3,out
56082,4,15,4,3,in
56082,5,13,5,3,out
56082,5,15,5,3,in
56082,8,13,8,3,out
56082,8,15,8,3,in
56093,19,19,19,5,in
56093,6,19,28,5,going
56100,1,19,1,5,going
56100,3,19,3,5,going
56110,2,14,2,3,going
56110,2,16,2,3,coming
56110,4,14,4,3,going
56110,4,16,4,3,coming
56110,5,14,5,3,going
56110,5,16,5,3,coming
56110,8,14,8,3,going
56110,8,16,8,3,coming
56120,7,5,27,3,out
56120,7,7,27,3,in
56127,10,2,34,9,in
56137,12,11,12,4,in
56137,13,11,13,4,in
56137,12,11,12,4,going
56137,13,11,13,4,going
56138,16,8,39,2,out
56138,16,10,39,2,in
56138,14,0,31,5,going
56138,14,2,31,5,coming
56140,12,10,12,4,out
56140,13,10,13,4,out
56140,12,10,12,4,coming
56140,13,10,13,4,coming
56148,7,6,27,3,going
56148,7,8,27,3,coming
56155,10,1,34,9,going
56155,10,3,34,9,coming
56156,9,7,33,1,out
56156,9,9,33,1,in
56166,16,9,39,2,going
56166,16,11,39,2,coming
56170,11,5,11,2,out
56170,11,7,11,2,in
56172,19,19,19,5,going
56174,17,7,17,9,out
56174,17,9,17,9,in
56184,9,8,33,1,going
56184,9,10,33,1,coming
56191,0,1,25,4,coming
56193,6,19,28,5,out
56198,11,6,11,2,going
56198,11,8,11,2,coming
56200,1,19,1,5,out
56200,3,19,3,5,out
56202,17,8,17,9,going
56202,17,10,17,9,coming
56210,2,14,2,3,out
56210,2,16,2,3,in
56210,4,14,4,3,out
56210,4,16,4,3,in
56210,5,14,5,3,out
56210,5,16,5,3,in
56210,8,14,8,3,out
56210,8,16,8,3,in
56231,6,19,28,5,coming
56237,12,11,12,4,out
56237,13,11,13,4,out
56238,14,0,31,5,out
56238,14,2,31,5,in
56238,1,19,1,5,coming
56238,2,15,2,3,going
56238,2,17,2,3,coming
56238,3,19,3,5,coming
56238,4,15,4,3,going
56238,4,17,4,3,coming
56238,5,15,5,3,going
56238,5,17,5,3,coming
56238,8,15,8,3,going
56238,8,17,8,3,coming
56240,12,10,12,4,in
56240,13,10,13,4,in
56248,7,6,27,3,out
56248,7,8,27,3,in
56254,12,11,12,4,coming
56254,13,11,13,4,coming
56255,10,1,34,9,out
56255,10,3,34,9,in
56257,12,10,12,4,going
56257,13,10,13,4,going
56266,16,9,39,2,out
56266,16,11,39,2,in
56266,14,1,31,5,going
56266,14,3,31,5,coming
56272,19,19,19,5,out
56276,7,7,27,3,going
56276,7,9,27,3,coming
56283,10,2,34,9,going
56283,10,4,34,9,coming
56284,9,8,33,1,out
56284,9,10,33,1,in
56291,0,1,25,4,in
56294,16,10,39,2,going
56294,16,12,39,2,coming
56298,11,6,11,2,out
56298,11,8,11,2,in
56302,17,8,17,9,out
56302,17,10,17,9,in
56310,19,19,19,5,coming
56312,9,9,33,1,going
56312,9,11,33,1,coming
56316,16,11,39,2,going
56316,16,1,39,2,coming
56319,0,2,25,4,coming
56320,2,16,2,3,going
56320,2,1,2,3,coming
56320,4,16,4,3,going
56320,4,1,4,3,coming
56320,8,16,8,3,going
56320,8,1,8,3,coming
56321,5,0,5,3,out
56321,5,1,5,3,out
56321,5,2,5,3,out
56321,5,3,5,3,out
56321,5,4,5,3,out
56321,5,5,5,3,out
56321,5,6,5,3,out
56321,5,7,5,3,out
56321,5,8,5,3,out
56321,5,9,5,3,out
56321,5,10,5,3,out
56321,5,11,5,3,out
56321,5,12,5,3,out
56321,5,13,5,3,out
56321,5,14,5,3,out
56321,5,15,5,3,out
56321,5,16,5,3,out
56321,5,17,5,3,out
56321,5,18,5,3,out
56321,5,19,5,3,out
56326,11,7,11,2,going
56326,11,9,11,2,coming
56330,17,9,17,9,going
56330,17,11,17,9,coming
56331,6,19,28,5,in
56338,1,19,1,5,in
56338,2,15,2,3,out
56338,2,17,2,3,in
56338,3,19,3,5,in
56338,4,15,4,3,out
56338,4,17,4,3,in
56338,8,15,8,3,out
56338,8,17,8,3,in
56338,2,17,2,3,going
56338,4,17,4,3,going
56338,8,17,8,3,going
56354,12,11,12,4,in
56354,13,11,13,4,in
56354,12,11,12,4,going
56354,13,11,13,4,going
56357,12,10,12,4,out
56357,13,10,13,4,out
56357,12,10,12,4,coming
56357,13,10,13,4,coming
56366,14,1,31,5,out
56366,14,3,31,5,in
56376,7,7,27,3,out
56376,7,9,27,3,in
56383,10,2,34,9,out
56383,10,4,34,9,in
56394,16,10,39,2,out
56394,16,12,39,2,in
56394,14,2,31,5,going
56394,14,4,31,5,coming
56394,16,12,39,2,going
56404,7,8,27,3,going
56410,19,19,19,5,in
56410,6,19,28,5,going
56411,10,3,34,9,going
56411,10,5,34,9,coming
56412,9,9,33,1,out
56412,9,11,33,1,in
56416,16,1,39,2,in
56416,16,11,39,2,out
56417,1,19,1,5,going
56417,3,19,3,5,going
56419,0,2,25,4,in
56420,2,1,2,3,in
56420,2,16,2,3,out
56420,4,1,4,3,in
56420,4,16,4,3,out
56420,8,1,8,3,in
56420,8,16,8,3,out
56426,11,7,11,2,out
56426,11,9,11,2,in
56430,17,9,17,9,out
56430,17,11,17,9,in
56438,2,17,2,3,out
56438,4,17,4,3,out
56438,8,17,8,3,out
56440,9,10,33,1,going
56440,9,12,33,1,coming
56444,16,2,39,2,coming
56447,0,1,25,4,going
56447,0,3,25,4,coming
56448,2,2,2,3,coming
56448,4,2,4,3,coming
56448,8,2,8,3,coming
56454,12,11,12,4,out
56454,13,11,13,4,out
56454,11,8,11,2,going
56454,11,10,11,2,coming
56457,12,10,12,4,in
56457,13,10,13,4,in
56458,17,10,17,9,going
56458,17,12,17,9,coming
56471,12,11,12,4,coming
56471,13,11,13,4,coming
56474,12,10,12,4,going
56474,13,10,13,4,going
56489,19,19,19,5,going
56494,14,2,31,5,out
56494,14,4,31,5,in
56494,16,12,39,2,out
56504,7,8,27,3,out
56510,6,19,28,5,out
56511,10,3,34,9,out
56511,10,5,34,9,in
56517,1,19,1,5,out
56517,3,19,3,5,out
56522,14,3,31,5,going
56522,14,5,31,5,coming
56532,7,9,27,3,going
56533,9,11,33,1,going
56533,9,18,33,1,coming
56533,9,19,33,1,coming
56539,10,4,34,9,going
56539,10,6,34,9,coming
56540,9,10,33,1,out
56540,9,12,33,1,in
56540,9,12,33,1,going
56544,16,2,39,2,in
56547,0,1,25,4,out
56547,0,3,25,4,in
56548,2,2,2,3,in
56548,4,2,4,3,in
56548,8,2,8,3,in
56548,6,19,28,5,coming
56552,17,11,17,9,going
56552,17,1,17,9,coming
56554,11,8,11,2,out
56554,11,10,11,2,in
56555,1,19,1,5,coming
56555,3,19,3,5,coming
56558,17,10,17,9,out
56558,17,12,17,9,in
56558,17,12,17,9,going
56571,12,11,12,4,in
56571,13,11,13,4,in
56571,12,11,12,4,going
56571,13,11,13,4,going
56572,16,1,39,2,going
56572,16,3,39,2,coming
56574,12,10,12,4,out
56574,13,10,13,4,out
56574,12,10,12,4,coming
56574,13,10,13,4,coming
56575,0,2,25,4,going
56575,0,4,25,4,coming
56576,2,1,2,3,going
56576,2,3,2,3,coming
56576,4,1,4,3,going
56576,4,3,4,3,coming
56576,8,1,8,3,going
56576,8,3,8,3,coming
56582,11,9,11,2,going
56582,11,11,11,2,coming
56589,19,19,19,5,out
56622,14,3,31,5,out
56622,14,5,31,5,in
56627,19,19,19,5,coming
56632,7,9,27,3,out
56633,9,11,33,1,out
56633,9,18,33,1,in
56633,9,19,33,1,in
56639,10,4,34,9,out
56639,10,6,34,9,in
56640,9,12,33,1,out
56648,6,19,28,5,in
56650,14,4,31,5,going
56650,14,6,31,5,coming
56652,17,1,17,9,in
56652,17,11,17,9,out
56655,1,19,1,5,in
56655,3,19,3,5,in
56658,17,12,17,9,out
56660,7,12,27,3,coming
56663,9,18,33,1,going
56667,10,5,34,9,going
56667,10,7,34,9,coming
56671,12,11,12,4,out
56671,13,11,13,4,out
56672,16,1,39,2,out
56672,16,3,39,2,in
56674,12,10,12,4,in
56674,13,10,13,4,in
56675,0,2,25,4,out
56675,0,4,25,4,in
56676,2,1,2,3,out
56676,2,3,2,3,in
56676,4,1,4,3,out
56676,4,3,4,3,in
56676,8,1,8,3,out
56676,8,3,8,3,in
56680,17,2,17,9,coming
56682,11,9,11,2,out
56682,11,11,11,2,in
56688,12,11,12,4,coming
56688,13,11,13,4,coming
56691,12,10,12,4,going
56691,13,10,13,4,going
56700,16,2,39,2,going
56700,16,4,39,2,coming
56703,0,3,25,4,going
56703,0,5,25,4,coming
56704,2,2,2,3,going
56704,2,4,2,3,coming
56704,4,2,4,3,going
56704,4,4,4,3,coming
56704,8,2,8,3,going
56704,8,4,8,3,coming
56710,11,10,11,2,going
56710,11,12,11,2,coming
56727,19,19,19,5,in
56727,6,19,28,5,going
56732,11,11,11,2,going
56732,11,1,11,2,coming
56734,1,19,1,5,going
56734,3,19,3,5,going
56750,14,4,31,5,out
56750,14,6,31,5,in
56760,7,12,27,3,in
56763,9,18,33,1,out
56765,9,19,33,1,going
56765,9,1,33,1,coming
56767,10,5,34,9,out
56767,10,7,34,9,in
56778,14,5,31,5,going
56778,14,7,31,5,coming
56780,17,2,17,9,in
56788,12,11,12,4,in
56788,13,11,13,4,in
56788,7,13,27,3,coming
56788,12,11,12,4,going
56788,13,11,13,4,going
56791,12,10,12,4,out
56791,13,10,13,4,out
56791,12,10,12,4,coming
56791,13,10,13,4,coming
56795,10,6,34,9,going
56795,10,8,34,9,coming
56800,16,2,39,2,out
56800,16,4,39,2,in
56803,0,3,25,4,out
56803,0,5,25,4,in
56804,2,2,2,3,out
56804,2,4,2,3,in
56804,4,2,4,3,out
56804,4,4,4,3,in
56804,8,2,8,3,out
56804,8,4,8,3,in
56806,19,19,19,5,going
56808,17,1,17,9,going
56808,17,3,17,9,coming
56810,11,10,11,2,out
56810,11,12,11,2,in
56810,11,12,11,2,going
56827,6,19,28,5,out
56828,16,3,39,2,going
56828,16,5,39,2,coming
56831,0,4,25,4,going
56831,0,6,25,4,coming
56832,11,1,11,2,in
56832,11,11,11,2,out
56832,2,3,2,3,going
56832,2,5,2,3,coming
56832,4,3,4,3,going
56832,4,5,4,3,coming
56832,8,3,8,3,going
56832,8,5,8,3,coming
56834,1,19,1,5,out
56834,3,19,3,5,out
56860,11,2,11,2,coming
56865,9,1,33,1,in
56865,9,19,33,1,out
56865,6,19,28,5,coming
56872,1,19,1,5,coming
56872,3,19,3,5,coming
56878,14,5,31,5,out
56878,14,7,31,5,in
56888,7,13,27,3,in
56888,12,11,12,4,out
56888,13,11,13,4,out
56891,12,10,12,4,in
56891,13,10,13,4,in
56893,9,2,33,1,coming
56895,10,6,34,9,out
56895,10,8,34,9,in
56905,12,11,12,4,coming
56905,13,11,13,4,coming
56906,19,19,19,5,out
56906,14,6,31,5,going
56906,14,8,31,5,coming
56908,17,1,17,9,out
56908,17,3,17,9,in
56908,13,10,13,4,going
56909,12,10,12,4,going
56909,12,0,12,4,coming
56909,12,1,12,4,coming
56910,11,12,11,2,out
56916,7,12,27,3,going
56916,7,14,27,3,coming
56923,10,7,34,9,going
56923,10,9,34,9,coming
56928,16,3,39,2,out
56928,16,5,39,2,in
56931,0,4,25,4,out
56931,0,6,25,4,in
56932,2,3,2,3,out
56932,2,5,2,3,in
56932,4,3,4,3,out
56932,4,5,4,3,in
56932,8,3,8,3,out
56932,8,5,8,3,in
56936,17,2,17,9,going
56936,17,4,17,9,coming
56944,19,19,19,5,coming
56956,16,4,39,2,going
56956,16,6,39,2,coming
56959,0,5,25,4,going
56959,0,7,25,4,coming
56960,11,2,11,2,in
56960,2,4,2,3,going
56960,2,6,2,3,coming
56960,4,4,4,3,going
56960,4,6,4,3,coming
56960,8,4,8,3,going
56960,8,6,8,3,coming
56965,6,19,28,5,in
56972,1,19,1,5,in
56972,3,19,3,5,in
56988,11,1,11,2,going
56988,11,3,11,2,coming
56993,9,2,33,1,in
57005,12,11,12,4,in
57005,13,11,13,4,in
57005,12,11,12,4,going
57005,13,11,13,4,going
57006,14,6,31,5,out
57006,14,8,31,5,in
57008,13,10,13,4,out
57008,13,10,13,4,coming
57009,12,0,12,4,in
57009,12,1,12,4,in
57009,12,10,12,4,out
57016,7,12,27,3,out
57016,7,14,27,3,in
57021,9,1,33,1,going
57021,9,3,33,1,coming
57023,10,7,34,9,out
57023,10,9,34,9,in
57034,14,7,31,5,going
57034,14,9,31,5,coming
57036,17,2,17,9,out
57036,17,4,17,9,in
57044,19,19,19,5,in
57044,6,19,28,5,going
57044,7,13,27,3,going
57044,7,15,27,3,coming
57051,1,19,1,5,going
57051,3,19,3,5,going
57051,10,8,34,9,going
57051,10,10,34,9,coming
57056,16,4,39,2,out
57056,16,6,39,2,in
57059,0,5,25,4,out
57059,0,7,25,4,in
57060,2,4,2,3,out
57060,2,6,2,3,in
57060,4,4,4,3,out
57060,4,6,4,3,in
57060,8,4,8,3,out
57060,8,6,8,3,in
57064,17,3,17,9,going
57064,17,5,17,9,coming
57084,16,5,39,2,going
57084,16,7,39,2,coming
57087,0,6,25,4,going
57088,11,1,11,2,out
57088,11,3,11,2,in
57088,2,5,2,3,going
57088,2,7,2,3,coming
57088,4,5,4,3,going
57088,4,7,4,3,coming
57088,8,5,8,3,going
57088,8,7,8,3,coming
57105,12,11,12,4,out
57105,13,11,13,4,out
57108,13,10,13,4,in
57116,11,2,11,2,going
57116,11,4,11,2,coming
57121,9,1,33,1,out
57121,9,3,33,1,in
57122,13,11,13,4,coming
57123,19,19,19,5,going
57127,13,0,13,4,out
57127,13,1,13,4,out
57127,13,2,13,4,out
57127,13,3,13,4,out
57127,13,4,13,4,out
57127,13,5,13,4,out
57127,13,6,13,4,out
57127,13,7,13,4,out
57127,13,8,13,4,out
57127,13,9,13,4,out
57127,13,10,13,4,out
57127,13,11,13,4,out
57127,13,12,13,4,out
57127,13,13,13,4,out
57127,13,14,13,4,out
57127,13,15,13,4,out
57127,13,16,13,4,out
57127,13,17,13,4,out
57127,13,18,13,4,out
57127,13,19,13,4,out
57134,14,7,31,5,out
57134,14,9,31,5,in
57137,12,0,12,4,going
57137,12,2,12,4,coming
57144,6,19,28,5,out
57144,7,13,27,3,out
57144,7,15,27,3,in
57149,9,2,33,1,going
57149,9,4,33,1,coming
57151,1,19,1,5,out
57151,3,19,3,5,out
57151,10,8,34,9,out
57151,10,10,34,9,in
57162,14,8,31,5,going
57162,14,10,31,5,coming
57164,17,3,17,9,out
57164,17,5,17,9,in
57172,7,14,27,3,going
57172,7,16,27,3,coming
57179,10,9,34,9,going
57179,10,11,34,9,coming
57182,6,19,28,5,coming
57184,16,5,39,2,out
57184,16,7,39,2,in
57187,0,6,25,4,out
57188,2,5,2,3,out
57188,2,7,2,3,in
57188,4,5,4,3,out
57188,4,7,4,3,in
57188,8,5,8,3,out
57188,8,7,8,3,in
57189,1,19,1,5,coming
57189,3,19,3,5,coming
57192,17,4,17,9,going
57192,17,6,17,9,coming
57212,16,6,39,2,going
57212,16,8,39,2,coming
57215,0,7,25,4,going
57216,11,2,11,2,out
57216,11,4,11,2,in
57216,2,6,2,3,going
57216,2,8,2,3,coming
57216,4,6,4,3,going
57216,4,8,4,3,coming
57216,8,6,8,3,going
57216,8,8,8,3,coming
57223,19,19,19,5,out
57237,12,0,12,4,out
57237,12,2,12,4,in
57244,11,3,11,2,going
57244,11,5,11,2,coming
57249,9,2,33,1,out
57249,9,4,33,1,in
57261,19,19,19,5,coming
57262,14,8,31,5,out
57262,14,10,31,5,in
57265,12,1,12,4,going
57265,12,3,12,4,coming
57272,7,14,27,3,out
57272,7,16,27,3,in
57277,9,3,33,1,going
57277,9,5,33,1,coming
57279,10,9,34,9,out
57279,10,11,34,9,in
57282,6,19,28,5,in
57289,1,19,1,5,in
57289,3,19,3,5,in
57290,14,9,31,5,going
57290,14,11,31,5,coming
57292,17,4,17,9,out
57292,17,6,17,9,in
57300,7,15,27,3,going
57300,7,17,27,3,coming
57307,10,10,34,9,going
57307,10,12,34,9,coming
57312,16,6,39,2,out
57312,16,8,39,2,in
57315,0,7,25,4,out
57316,2,6,2,3,out
57316,2,8,2,3,in
57316,4,6,4,3,out
57316,4,8,4,3,in
57316,8,6,8,3,out
57316,8,8,8,3,in
57320,17,5,17,9,going
57320,17,7,17,9,coming
57340,16,7,39,2,going
57340,16,9,39,2,coming
57344,11,3,11,2,out
57344,11,5,11,2,in
57344,2,7,2,3,going
57344,2,9,2,3,coming
57344,4,7,4,3,going
57344,4,9,4,3,coming
57344,8,7,8,3,going
57344,8,9,8,3,coming
57361,19,19,19,5,in
57361,6,19,28,5,going
57365,12,1,12,4,out
57365,12,3,12,4,in
57368,1,19,1,5,going
57368,3,19,3,5,going
57372,11,4,11,2,going
57372,11,6,11,2,coming
57377,9,3,33,1,out
57377,9,5,33,1,in
57382,7,16,27,3,going
57382,7,1,27,3,coming
57390,14,9,31,5,out
57390,14,11,31,5,in
57393,12,2,12,4,going
57393,12,4,12,4,coming
57400,7,15,27,3,out
57400,7,17,27,3,in
57400,7,17,27,3,going
57401,10,11,34,9,going
57401,10,1,34,9,coming
57405,9,4,33,1,going
57405,9,6,33,1,coming
57407,10,10,34,9,out
57407,10,12,34,9,in
57407,10,12,34,9,going
57418,14,10,31,5,going
57418,14,12,31,5,coming
57420,17,5,17,9,out
57420,17,7,17,9,in
57440,16,7,39,2,out
57440,16,9,39,2,in
57440,19,19,19,5,going
57444,2,7,2,3,out
57444,2,9,2,3,in
57444,4,7,4,3,out
57444,4,9,4,3,in
57444,8,7,8,3,out
57444,8,9,8,3,in
57448,17,6,17,9,going
57448,17,8,17,9,coming
57461,6,19,28,5,out
57468,1,19,1,5,out
57468,3,19,3,5,out
57468,16,8,39,2,going
57468,16,10,39,2,coming
57472,11,4,11,2,out
57472,11,6,11,2,in
57472,2,8,2,3,going
57472,2,10,2,3,coming
57472,4,8,4,3,going
57472,4,10,4,3,coming
57472,8,8,8,3,going
57472,8,10,8,3,coming
57482,7,1,27,3,in
57482,7,16,27,3,out
57493,12,2,12,4,out
57493,12,4,12,4,in
57499,6,19,28,5,coming
57500,7,17,27,3,out
57500,11,5,11,2,going
57500,11,7,11,2,coming
57501,10,1,34,9,in
57501,10,11,34,9,out
57505,9,4,33,1,out
57505,9,6,33,1,in
57506,1,19,1,5,coming
57506,3,19,3,5,coming
57507,10,12,34,9,out
57510,7,2,27,3,coming
57518,14,10,31,5,out
57518,14,12,31,5,in
57521,12,3,12,4,going
57521,12,5,12,4,coming
57529,10,2,34,9,coming
57533,9,5,33,1,going
57533,9,7,33,1,coming
57540,19,19,19,5,out
57546,14,11,31,5,going
57546,14,13,31,5,coming
57548,17,6,17,9,out
57548,17,8,17,9,in
57568,16,8,39,2,out
57568,16,10,39,2,in
57572,2,8,2,3,out
57572,2,10,2,3,in
57572,4,8,4,3,out
57572,4,10,4,3,in
57572,8,8,8,3,out
57572,8,10,8,3,in
57576,17,7,17,9,going
57576,17,9,17,9,coming
57578,19,19,19,5,coming
57596,16,9,39,2,going
57596,16,11,39,2,coming
57599,6,19,28,5,in
57600,11,5,11,2,out
57600,11,7,11,2,in
57600,2,9,2,3,going
57600,2,11,2,3,coming
57600,4,9,4,3,going
57600,4,11,4,3,coming
57600,8,9,8,3,going
57600,8,11,8,3,coming
57606,1,19,1,5,in
57606,3,19,3,5,in
57610,7,2,27,3,in
57621,12,3,12,4,out
57621,12,5,12,4,in
57628,11,6,11,2,going
57628,11,8,11,2,coming
57629,10,2,34,9,in
57633,9,5,33,1,out
57633,9,7,33,1,in
57638,7,1,27,3,going
57638,7,3,27,3,coming
57646,14,11,31,5,out
57646,14,13,31,5,in
57649,12,4,12,4,going
57649,12,6,12,4,coming
57657,10,1,34,9,going
57657,10,3,34,9,coming
57661,9,6,33,1,going
57661,9,8,33,1,coming
57674,14,12,31,5,going
57674,14,14,31,5,coming
57676,17,7,17,9,out
57676,17,9,17,9,in
57678,19,19,19,5,in
57678,6,19,28,5,going
57685,1,19,1,5,going
57685,3,19,3,5,going
57696,16,9,39,2,out
57696,16,11,39,2,in
57700,2,9,2,3,out
57700,2,11,2,3,in
57700,4,9,4,3,out
57700,4,11,4,3,in
57700,8,9,8,3,out
57700,8,11,8,3,in
57704,17,8,17,9,going
57704,17,10,17,9,coming
57724,16,10,39,2,going
57724,16,12,39,2,coming
57728,11,6,11,2,out
57728,11,8,11,2,in
57728,2,10,2,3,going
57728,2,12,2,3,coming
57728,4,10,4,3,going
57728,4,12,4,3,coming
57728,8,10,8,3,going
57728,8,12,8,3,coming
57738,7,1,27,3,out
57738,7,3,27,3,in
57746,16,11,39,2,going
57746,16,1,39,2,coming
57749,12,4,12,4,out
57749,12,6,12,4,in
57756,11,7,11,2,going
57756,11,9,11,2,coming
57757,10,1,34,9,out
57757,10,3,34,9,in
57757,19,19,19,5,going
57761,9,6,33,1,out
57761,9,8,33,1,in
57766,7,2,27,3,going
57766,7,4,27,3,coming
57774,14,12,31,5,out
57774,14,14,31,5,in
57777,12,5,12,4,going
57777,12,7,12,4,coming
57778,6,19,28,5,out
57785,1,19,1,5,out
57785,3,19,3,5,out
57785,10,2,34,9,going
57785,10,4,34,9,coming
57789,9,7,33,1,going
57789,9,9,33,1,coming
57802,14,13,31,5,going
57802,14,15,31,5,coming
57804,17,8,17,9,out
57804,17,10,17,9,in
57816,6,19,28,5,coming
57823,1,19,1,5,coming
57823,3,19,3,5,coming
57824,16,10,39,2,out
57824,16,12,39,2,in
57824,16,12,39,2,going
57828,2,10,2,3,out
57828,2,12,2,3,in
57828,4,10,4,3,out
57828,4,12,4,3,in
57828,8,10,8,3,out
57828,8,12,8,3,in
57832,17,9,17,9,going
57832,17,11,17,9,coming
57846,16,1,39,2,in
57846,16,11,39,2,out
57856,11,7,11,2,out
57856,11,9,11,2,in
57856,2,11,2,3,going
57856,2,13,2,3,coming
57856,4,11,4,3,going
57856,4,13,4,3,coming
57856,8,11,8,3,going
57856,8,13,8,3,coming
57857,19,19,19,5,out
57866,7,2,27,3,out
57866,7,4,27,3,in
57874,16,2,39,2,coming
57877,12,5,12,4,out
57877,12,7,12,4,in
57884,11,8,11,2,going
57884,11,10,11,2,coming
57885,10,2,34,9,out
57885,10,4,34,9,in
57889,9,7,33,1,out
57889,9,9,33,1,in
57894,7,3,27,3,going
57894,7,5,27,3,coming
57895,19,19,19,5,coming
57902,14,13,31,5,out
57902,14,15,31,5,in
57905,12,6,12,4,going
57913,10,3,34,9,going
57913,10,5,34,9,coming
57916,6,19,28,5,in
57917,9,8,33,1,going
57917,9,10,33,1,coming
57923,1,19,1,5,in
57923,3,19,3,5,in
57924,16,12,39,2,out
57930,14,14,31,5,going
57932,17,9,17,9,out
57932,17,11,17,9,in
57956,2,11,2,3,out
57956,2,13,2,3,in
57956,4,11,4,3,out
57956,4,13,4,3,in
57956,8,11,8,3,out
57956,8,13,8,3,in
57960,17,10,17,9,going
57960,17,12,17,9,coming
57974,16,2,39,2,in
57984,11,8,11,2,out
57984,11,10,11,2,in
57984,2,12,2,3,going
57984,2,14,2,3,coming
57984,4,12,4,3,going
57984,4,14,4,3,coming
57984,8,12,8,3,going
57984,8,14,8,3,coming
57994,7,3,27,3,out
57994,7,5,27,3,in
57995,19,19,19,5,in
57995,6,19,28,5,going
58002,1,19,1,5,going
58002,3,19,3,5,going
58002,16,1,39,2,going
58002,16,3,39,2,coming
58005,12,6,12,4,out
58012,11,9,11,2,going
58012,11,11,11,2,coming
58013,10,3,34,9,out
58013,10,5,34,9,in
58017,9,8,33,1,out
58017,9,10,33,1,in
58022,7,4,27,3,going
58022,7,6,27,3,coming
58030,14,14,31,5,out
58033,12,7,12,4,going
58041,10,4,34,9,going
58041,10,6,34,9,coming
58045,9,9,33,1,going
58045,9,11,33,1,coming
58054,17,11,17,9,going
58054,17,1,17,9,coming
58058,14,15,31,5,going
58060,17,10,17,9,out
58060,17,12,17,9,in
58060,17,12,17,9,going
58074,19,19,19,5,going
58084,2,12,2,3,out
58084,2,14,2,3,in
58084,4,12,4,3,out
58084,4,14,4,3,in
58084,8,12,8,3,out
58084,8,14,8,3,in
58095,6,19,28,5,out
58102,1,19,1,5,out
58102,3,19,3,5,out
58102,16,1,39,2,out
58102,16,3,39,2,in
58112,11,9,11,2,out
58112,11,11,11,2,in
58112,2,13,2,3,going
58112,2,15,2,3,coming
58112,4,13,4,3,going
58112,4,15,4,3,coming
58112,8,13,8,3,going
58112,8,15,8,3,coming
58122,7,4,27,3,out
58122,7,6,27,3,in
58130,16,2,39,2,going
58130,16,4,39,2,coming
58133,12,7,12,4,out
58133,6,19,28,5,coming
58140,1,19,1,5,coming
58140,3,19,3,5,coming
58140,11,10,11,2,going
58140,11,12,11,2,coming
58141,10,4,34,9,out
58141,10,6,34,9,in
58145,9,9,33,1,out
58145,9,11,33,1,in
58150,7,5,27,3,going
58150,7,7,27,3,coming
58154,17,1,17,9,in
58154,17,11,17,9,out
58158,14,15,31,5,out
58160,17,12,17,9,out
58161,12,10,12,4,coming
58162,11,11,11,2,going
58162,11,1,11,2,coming
58169,10,5,34,9,going
58169,10,7,34,9,coming
58173,9,10,33,1,going
58173,9,12,33,1,coming
58174,19,19,19,5,out
58182,17,2,17,9,coming
58212,2,13,2,3,out
58212,2,15,2,3,in
58212,4,13,4,3,out
58212,4,15,4,3,in
58212,8,13,8,3,out
58212,8,15,8,3,in
58212,19,19,19,5,coming
58230,16,2,39,2,out
58230,16,4,39,2,in
58233,6,19,28,5,in
58240,1,19,1,5,in
58240,3,19,3,5,in
58240,11,10,11,2,out
58240,11,12,11,2,in
58240,2,14,2,3,going
58240,2,16,2,3,coming
58240,4,14,4,3,going
58240,4,16,4,3,coming
58240,8,14,8,3,going
58240,8,16,8,3,coming
58240,11,12,11,2,going
58250,7,5,27,3,out
58250,7,7,27,3,in
58258,16,3,39,2,going
58258,16,5,39,2,coming
58261,12,10,12,4,in
58262,11,1,11,2,in
58262,11,11,11,2,out
58269,10,5,34,9,out
58269,10,7,34,9,in
58273,9,10,33,1,out
58273,9,12,33,1,in
58278,7,6,27,3,going
58278,7,8,27,3,coming
58282,17,2,17,9,in
58289,12,11,12,4,coming
58290,11,2,11,2,coming
58292,12,10,12,4,going
58297,10,6,34,9,going
58297,10,8,34,9,coming
58301,9,11,33,1,going
58301,9,13,33,1,coming
58310,17,1,17,9,going
58310,17,3,17,9,coming
58312,19,19,19,5,in
58312,6,19,28,5,going
58314,14,19,31,5,coming
58319,1,19,1,5,going
58319,3,19,3,5,going
58340,2,14,2,3,out
58340,2,16,2,3,in
58340,4,14,4,3,out
58340,4,16,4,3,in
58340,8,14,8,3,out
58340,8,16,8,3,in
58340,11,12,11,2,out
58358,16,3,39,2,out
58358,16,5,39,2,in
58368,2,15,2,3,going
58368,2,17,2,3,coming
58368,4,15,4,3,going
58368,4,17,4,3,coming
58368,8,15,8,3,going
58368,8,17,8,3,coming
58378,7,6,27,3,out
58378,7,8,27,3,in
58386,16,4,39,2,going
58386,16,6,39,2,coming
58389,12,11,12,4,in
58389,12,11,12,4,going
58390,11,2,11,2,in
58391,19,19,19,5,going
58392,12,10,12,4,out
58392,12,10,12,4,coming
58397,10,6,34,9,out
58397,10,8,34,9,in
58401,9,11,33,1,out
58401,9,13,33,1,in
58406,7,7,27,3,going
58406,7,9,27,3,coming
58410,17,1,17,9,out
58410,17,3,17,9,in
58412,6,19,28,5,out
58414,14,19,31,5,in
58418,11,1,11,2,going
58418,11,3,11,2,coming
58419,1,19,1,5,out
58419,3,19,3,5,out
58425,10,7,34,9,going
58425,10,9,34,9,coming
58429,9,12,33,1,going
58429,9,14,33,1,coming
58438,17,2,17,9,going
58438,17,4,17,9,coming
58444,15,1,36,4,coming
58450,2,16,2,3,going
58450,2,1,2,3,coming
58450,4,16,4,3,going
58450,4,1,4,3,coming
58450,6,19,28,5,coming
58451,8,0,8,3,out
58451,8,1,8,3,out
58451,8,2,8,3,out
58451,8,3,8,3,out
58451,8,4,8,3,out
58451,8,5,8,3,out
58451,8,6,8,3,out
58451,8,7,8,3,out
58451,8,8,8,3,out
58451,8,9,8,3,out
58451,8,10,8,3,out
58451,8,11,8,3,out
58451,8,12,8,3,out
58451,8,13,8,3,out
58451,8,14,8,3,out
58451,8,15,8,3,out
58451,8,16,8,3,out
58451,8,17,8,3,out
58451,8,18,8,3,out
58451,8,19,8,3,out
58457,1,19,1,5,coming
58457,3,19,3,5,coming
58468,2,15,2,3,out
58468,2,17,2,3,in
58468,4,15,4,3,out
58468,4,17,4,3,in
58468,2,17,2,3,going
58468,4,17,4,3,going
58486,16,4,39,2,out
58486,16,6,39,2,in
58489,12,11,12,4,out
58491,19,19,19,5,out
58492,12,10,12,4,in
58493,14,19,31,5,going
58506,7,7,27,3,out
58506,7,9,27,3,in
58506,12,11,12,4,coming
58509,12,10,12,4,going
58514,16,5,39,2,going
58514,16,7,39,2,coming
58518,11,1,11,2,out
58518,11,3,11,2,in
58525,10,7,34,9,out
58525,10,9,34,9,in
58529,9,12,33,1,out
58529,9,14,33,1,in
58529,19,19,19,5,coming
58534,7,8,27,3,going
58538,17,2,17,9,out
58538,17,4,17,9,in
58544,15,1,36,4,in
58546,11,2,11,2,going
58546,11,4,11,2,coming
58550,2,1,2,3,in
58550,2,16,2,3,out
58550,4,1,4,3,in
58550,4,16,4,3,out
58550,6,19,28,5,in
58553,10,8,34,9,going
58553,10,10,34,9,coming
58557,1,19,1,5,in
58557,3,19,3,5,in
58557,9,13,33,1,going
58557,9,15,33,1,coming
58566,17,3,17,9,going
58566,17,5,17,9,coming
58568,2,17,2,3,out
58568,4,17,4,3,out
58572,15,2,36,4,coming
58578,2,2,2,3,coming
58578,4,2,4,3,coming
58593,14,19,31,5,out
58606,12,11,12,4,in
58606,12,11,12,4,going
58609,12,10,12,4,out
58609,12,10,12,4,coming
58614,16,5,39,2,out
58614,16,7,39,2,in
58629,19,19,19,5,in
58629,6,19,28,5,going
58631,14,19,31,5,coming
58634,7,8,27,3,out
58636,1,19,1,5,going
58636,3,19,3,5,going
58642,16,6,39,2,going
58642,16,8,39,2,coming
58646,11,2,11,2,out
58646,11,4,11,2,in
58653,10,8,34,9,out
58653,10,10,34,9,in
58657,9,13,33,1,out
58657,9,15,33,1,in
58662,7,9,27,3,going
58666,17,3,17,9,out
58666,17,5,17,9,in
58672,15,2,36,4,in
58674,11,3,11,2,going
58674,11,5,11,2,coming
58678,2,2,2,3,in
58678,4,2,4,3,in
58681,10,9,34,9,going
58681,10,11,34,9,coming
58685,9,14,33,1,going
58685,9,16,33,1,coming
58694,17,4,17,9,going
58694,17,6,17,9,coming
58700,15,1,36,4,going
58700,15,3,36,4,coming
58706,12,11,12,4,out
58706,2,1,2,3,going
58706,2,3,2,3,coming
58706,4,1,4,3,going
58706,4,3,4,3,coming
58708,19,19,19,5,going
58709,12,10,12,4,in
58723,12,11,12,4,coming
58726,12,10,12,4,going
58729,6,19,28,5,out
58731,14,19,31,5,in
58736,1,19,1,5,out
58736,3,19,3,5,out
58742,16,6,39,2,out
58742,16,8,39,2,in
58762,7,9,27,3,out
58767,6,19,28,5,coming
58770,16,7,39,2,going
58770,16,9,39,2,coming
58774,11,3,11,2,out
58774,11,5,11,2,in
58774,1,19,1,5,coming
58774,3,19,3,5,coming
58781,10,9,34,9,out
58781,10,11,34,9,in
58785,9,14,33,1,out
58785,9,16,33,1,in
58790,7,12,27,3,coming
58794,17,4,17,9,out
58794,17,6,17,9,in
58800,15,1,36,4,out
58800,15,3,36,4,in
58802,11,4,11,2,going
58802,11,6,11,2,coming
58806,2,1,2,3,out
58806,2,3,2,3,in
58806,4,1,4,3,out
58806,4,3,4,3,in
58808,19,19,19,5,out
58809,10,10,34,9,going
58809,10,12,34,9,coming
58810,14,19,31,5,going
58813,9,15,33,1,going
58813,9,17,33,1,coming
58822,17,5,17,9,going
58822,17,7,17,9,coming
58823,12,11,12,4,in
58823,12,11,12,4,going
58826,12,10,12,4,out
58826,12,10,12,4,coming
58828,15,2,36,4,going
58828,15,4,36,4,coming
58834,2,2,2,3,going
58834,2,4,2,3,coming
58834,4,2,4,3,going
58834,4,4,4,3,coming
58846,19,19,19,5,coming
58867,6,19,28,5,in
58870,16,7,39,2,out
58870,16,9,39,2,in
58874,1,19,1,5,in
58874,3,19,3,5,in
58890,7,12,27,3,in
58898,16,8,39,2,going
58898,16,10,39,2,coming
58902,11,4,11,2,out
58902,11,6,11,2,in
58903,10,11,34,9,going
58903,10,1,34,9,coming
58909,10,10,34,9,out
58909,10,12,34,9,in
58909,10,12,34,9,going
58910,14,19,31,5,out
58913,9,15,33,1,out
58913,9,17,33,1,in
58918,7,13,27,3,coming
58922,17,5,17,9,out
58922,17,7,17,9,in
58923,12,11,12,4,out
58926,12,10,12,4,in
58928,15,2,36,4,out
58928,15,4,36,4,in
58930,11,5,11,2,going
58930,11,7,11,2,coming
58934,2,2,2,3,out
58934,2,4,2,3,in
58934,4,2,4,3,out
58934,4,4,4,3,in
58940,12,11,12,4,coming
58941,9,16,33,1,going
58941,9,18,33,1,coming
58943,12,10,12,4,going
58946,19,19,19,5,in
58946,6,19,28,5,going
58948,14,19,31,5,coming
58950,17,6,17,9,going
58950,17,8,17,9,coming
58953,1,19,1,5,going
58953,3,19,3,5,going
58956,15,3,36,4,going
58956,15,5,36,4,coming
58962,2,3,2,3,going
58962,2,5,2,3,coming
58962,4,3,4,3,going
58962,4,5,4,3,coming
58998,16,8,39,2,out
58998,16,10,39,2,in
59003,10,1,34,9,in
59003,10,11,34,9,out
59009,10,12,34,9,out
59018,7,13,27,3,in
59025,19,19,19,5,going
59026,16,9,39,2,going
59026,16,11,39,2,coming
59030,11,5,11,2,out
59030,11,7,11,2,in
59031,10,2,34,9,coming
59040,12,11,12,4,in
59040,12,11,12,4,going
59041,9,16,33,1,out
59041,9,18,33,1,in
59043,12,10,12,4,out
59043,12,10,12,4,coming
59046,6,19,28,5,out
59046,7,12,27,3,going
59046,7,14,27,3,coming
59048,14,19,31,5,in
59050,17,6,17,9,out
59050,17,8,17,9,in
59053,1,19,1,5,out
59053,3,19,3,5,out
59056,15,3,36,4,out
59056,15,5,36,4,in
59058,11,6,11,2,going
59058,11,8,11,2,coming
59062,2,3,2,3,out
59062,2,5,2,3,in
59062,4,3,4,3,out
59062,4,5,4,3,in
59069,9,17,33,1,going
59069,9,19,33,1,coming
59078,17,7,17,9,going
59078,17,9,17,9,coming
59084,6,19,28,5,coming
59084,15,4,36,4,going
59084,15,6,36,4,coming
59090,2,4,2,3,going
59090,2,6,2,3,coming
59090,4,4,4,3,going
59090,4,6,4,3,coming
59091,1,19,1,5,coming
59091,3,19,3,5,coming
59125,19,19,19,5,out
59126,16,9,39,2,out
59126,16,11,39,2,in
59127,14,19,31,5,going
59131,10,2,34,9,in
59140,12,11,12,4,out
59143,12,10,12,4,in
59146,7,12,27,3,out
59146,7,14,27,3,in
59154,16,10,39,2,going
59154,16,12,39,2,coming
59157,12,11,12,4,coming
59158,11,6,11,2,out
59158,11,8,11,2,in
59159,10,1,34,9,going
59159,10,3,34,9,coming
59160,12,10,12,4,going
59163,19,19,19,5,coming
59167,9,18,33,1,going
59169,9,17,33,1,out
59169,9,19,33,1,in
59170,9,19,33,1,going
59170,9,1,33,1,coming
59174,7,13,27,3,going
59174,7,15,27,3,coming
59176,16,11,39,2,going
59176,16,1,39,2,coming
59178,17,7,17,9,out
59178,17,9,17,9,in
59184,6,19,28,5,in
59184,15,4,36,4,out
59184,15,6,36,4,in
59186,11,7,11,2,going
59186,11,9,11,2,coming
59190,2,4,2,3,out
59190,2,6,2,3,in
59190,4,4,4,3,out
59190,4,6,4,3,in
59191,1,19,1,5,in
59191,3,19,3,5,in
59206,17,8,17,9,going
59206,17,10,17,9,coming
59212,15,5,36,4,going
59212,15,7,36,4,coming
59218,2,5,2,3,going
59218,2,7,2,3,coming
59218,4,5,4,3,going
59218,4,7,4,3,coming
59227,14,19,31,5,out
59254,16,10,39,2,out
59254,16,12,39,2,in
59254,16,12,39,2,going
59257,12,11,12,4,in
59257,12,11,12,4,going
59259,10,1,34,9,out
59259,10,3,34,9,in
59260,12,10,12,4,out
59260,12,10,12,4,coming
59263,19,19,19,5,in
59264,6,19,28,5,going
59264,6,1,28,5,coming
59265,14,19,31,5,coming
59267,9,18,33,1,out
59270,9,1,33,1,in
59270,9,19,33,1,out
59270,1,19,1,5,going
59270,3,19,3,5,going
59274,7,13,27,3,out
59274,7,15,27,3,in
59276,16,1,39,2,in
59276,16,11,39,2,out
59286,11,7,11,2,out
59286,11,9,11,2,in
59287,10,2,34,9,going
59287,10,4,34,9,coming
59298,9,2,33,1,coming
59302,7,14,27,3,going
59302,7,16,27,3,coming
59304,16,2,39,2,coming
59306,17,8,17,9,out
59306,17,10,17,9,in
59312,15,5,36,4,out
59312,15,7,36,4,in
59314,11,8,11,2,going
59314,11,10,11,2,coming
59318,2,5,2,3,out
59318,2,7,2,3,in
59318,4,5,4,3,out
59318,4,7,4,3,in
59334,17,9,17,9,going
59334,17,11,17,9,coming
59340,15,6,36,4,going
59342,19,19,19,5,going
59346,2,6,2,3,going
59346,2,8,2,3,coming
59346,4,6,4,3,going
59346,4,8,4,3,coming
59354,16,12,39,2,out
59357,12,11,12,4,out
59360,12,10,12,4,in
59364,6,1,28,5,in
59364,6,19,28,5,out
59365,14,19,31,5,in
59370,1,19,1,5,out
59370,3,19,3,5,out
59374,12,11,12,4,coming
59377,12,10,12,4,going
59387,10,2,34,9,out
59387,10,4,34,9,in
59392,6,2,28,5,coming
59398,9,2,33,1,in
59402,7,14,27,3,out
59402,7,16,27,3,in
59404,16,2,39,2,in
59408,1,19,1,5,coming
59408,3,19,3,5,coming
59414,11,8,11,2,out
59414,11,10,11,2,in
59415,10,3,34,9,going
59415,10,5,34,9,coming
59426,9,1,33,1,going
59426,9,3,33,1,coming
59430,7,15,27,3,going
59430,7,17,27,3,coming
59432,16,1,39,2,going
59432,16,3,39,2,coming
59434,17,9,17,9,out
59434,17,11,17,9,in
59440,15,6,36,4,out
59442,19,19,19,5,out
59442,11,9,11,2,going
59442,11,11,11,2,coming
59444,14,19,31,5,going
59446,2,6,2,3,out
59446,2,8,2,3,in
59446,4,6,4,3,out
59446,4,8,4,3,in
59462,17,10,17,9,going
59462,17,12,17,9,coming
59468,15,7,36,4,going
59474,12,11,12,4,in
59474,2,7,2,3,going
59474,2,9,2,3,coming
59474,4,7,4,3,going
59474,4,9,4,3,coming
59474,12,11,12,4,going
59477,12,10,12,4,out
59477,12,10,12,4,coming
59480,19,19,19,5,coming
59492,6,2,28,5,in
59508,1,19,1,5,in
59508,3,19,3,5,in
59512,7,16,27,3,going
59512,7,1,27,3,coming
59515,10,3,34,9,out
59515,10,5,34,9,in
59520,6,1,28,5,going
59520,6,3,28,5,coming
59526,9,1,33,1,out
59526,9,3,33,1,in
59530,7,15,27,3,out
59530,7,17,27,3,in
59530,7,17,27,3,going
59532,16,1,39,2,out
59532,16,3,39,2,in
59542,11,9,11,2,out
59542,11,11,11,2,in
59543,10,4,34,9,going
59543,10,6,34,9,coming
59544,14,19,31,5,out
59554,9,2,33,1,going
59554,9,4,33,1,coming
59556,17,11,17,9,going
59556,17,1,17,9,coming
59560,16,2,39,2,going
59560,16,4,39,2,coming
59562,17,10,17,9,out
59562,17,12,17,9,in
59562,17,12,17,9,going
59568,15,7,36,4,out
59570,11,10,11,2,going
59570,11,12,11,2,coming
59574,2,7,2,3,out
59574,2,9,2,3,in
59574,4,7,4,3,out
59574,4,9,4,3,in
59574,12,11,12,4,out
59577,12,10,12,4,in
59580,19,19,19,5,in
59582,14,19,31,5,coming
59587,3,19,3,5,going
59588,1,19,1,5,going
59588,1,0,1,5,coming
59588,1,1,1,5,coming
59591,12,11,12,4,coming
59592,11,11,11,2,going
59592,11,1,11,2,coming
59594,12,10,12,4,going
59602,2,8,2,3,going
59602,2,10,2,3,coming
59602,4,8,4,3,going
59602,4,10,4,3,coming
59612,7,1,27,3,in
59612,7,16,27,3,out
59620,6,1,28,5,out
59620,6,3,28,5,in
59630,7,17,27,3,out
59640,7,2,27,3,coming
59643,10,4,34,9,out
59643,10,6,34,9,in
59648,6,2,28,5,going
59648,6,4,28,5,coming
59654,9,2,33,1,out
59654,9,4,33,1,in
59656,17,1,17,9,in
59656,17,11,17,9,out
59659,19,19,19,5,going
59660,16,2,39,2,out
59660,16,4,39,2,in
59662,17,12,17,9,out
59670,11,10,11,2,out
59670,11,12,11,2,in
59670,11,12,11,2,going
59671,10,5,34,9,going
59671,10,7,34,9,coming
59682,14,19,31,5,in
59682,9,3,33,1,going
59682,9,5,33,1,coming
59684,17,2,17,9,coming
59687,3,19,3,5,out
59688,1,0,1,5,in
59688,1,1,1,5,in
59688,1,19,1,5,out
59688,16,3,39,2,going
59688,16,5,39,2,coming
59691,12,11,12,4,in
59691,12,11,12,4,going
59692,11,1,11,2,in
59692,11,11,11,2,out
59694,12,10,12,4,out
59694,12,10,12,4,coming
59702,2,8,2,3,out
59702,2,10,2,3,in
59702,4,8,4,3,out
59702,4,10,4,3,in
59720,11,2,11,2,coming
59725,3,19,3,5,coming
59730,2,9,2,3,going
59730,2,11,2,3,coming
59730,4,9,4,3,going
59730,4,11,4,3,coming
59740,7,2,27,3,in
59748,6,2,28,5,out
59748,6,4,28,5,in
59759,19,19,19,5,out
59761,14,19,31,5,going
59768,7,1,27,3,going
59768,7,3,27,3,coming
59770,11,12,11,2,out
59771,10,5,34,9,out
59771,10,7,34,9,in
59776,6,3,28,5,going
59776,6,5,28,5,coming
59782,9,3,33,1,out
59782,9,5,33,1,in
59784,17,2,17,9,in
59788,16,3,39,2,out
59788,16,5,39,2,in
59791,12,11,12,4,out
59794,12,10,12,4,in
59797,19,19,19,5,coming
59799,10,6,34,9,going
59799,10,8,34,9,coming
59808,12,11,12,4,coming
59810,9,4,33,1,going
59810,9,6,33,1,coming
59811,12,10,12,4,going
59812,17,1,17,9,going
59812,17,3,17,9,coming
59816,1,0,1,5,going
59816,1,2,1,5,coming
59816,16,4,39,2,going
59816,16,6,39,2,coming
59820,11,2,11,2,in
59825,3,19,3,5,in
59830,2,9,2,3,out
59830,2,11,2,3,in
59830,4,9,4,3,out
59830,4,11,4,3,in
59848,11,1,11,2,going
59848,11,3,11,2,coming
59858,2,10,2,3,going
59858,2,12,2,3,coming
59858,4,10,4,3,going
59858,4,12,4,3,coming
59861,14,19,31,5,out
59868,7,1,27,3,out
59868,7,3,27,3,in
59876,6,3,28,5,out
59876,6,5,28,5,in
59896,7,2,27,3,going
59896,7,4,27,3,coming
59897,19,19,19,5,in
59899,10,6,34,9,out
59899,10,8,34,9,in
59899,14,19,31,5,coming
59904,3,19,3,5,going
59904,6,4,28,5,going
59904,6,6,28,5,coming
59908,12,11,12,4,in
59908,12,11,12,4,going
59910,9,4,33,1,out
59910,9,6,33,1,in
59911,12,10,12,4,out
59911,12,10,12,4,coming
59912,17,1,17,9,out
59912,17,3,17,9,in
59916,1,0,1,5,out
59916,1,2,1,5,in
59916,16,4,39,2,out
59916,16,6,39,2,in
59927,10,7,34,9,going
59927,10,9,34,9,coming
59938,9,5,33,1,going
59938,9,7,33,1,coming
59940,17,2,17,9,going
59940,17,4,17,9,coming
59944,1,1,1,5,going
59944,1,3,1,5,coming
59944,16,5,39,2,going
59944,16,7,39,2,coming
59948,11,1,11,2,out
59948,11,3,11,2,in
59958,2,10,2,3,out
59958,2,12,2,3,in
59958,4,10,4,3,out
59958,4,12,4,3,in
59976,11,2,11,2,going
59976,11,4,11,2,coming
59976,19,19,19,5,going
59986,2,11,2,3,going
59986,2,13,2,3,coming
59986,4,11,4,3,going
59986,4,13,4,3,coming
59996,7,2,27,3,out
59996,7,4,27,3,in
59999,14,19,31,5,in
60004,3,19,3,5,out
60004,6,4,28,5,out
60004,6,6,28,5,in
60008,12,11,12,4,out
60011,12,10,12,4,in
60024,7,3,27,3,going
60024,7,5,27,3,coming
60025,12,11,12,4,coming
60027,10,7,34,9,out
60027,10,9,34,9,in
60028,12,10,12,4,going
60032,6,5,28,5,going
60032,6,7,28,5,coming
60038,9,5,33,1,out
60038,9,7,33,1,in
60040,17,2,17,9,out
60040,17,4,17,9,in
60042,3,19,3,5,coming
60044,1,1,1,5,out
60044,1,3,1,5,in
60044,16,5,39,2,out
60044,16,7,39,2,in
60055,10,8,34,9,going
60055,10,10,34,9,coming
60066,9,6,33,1,going
60066,9,8,33,1,coming
60068,17,3,17,9,going
60068,17,5,17,9,coming
60072,1,2,1,5,going
60072,1,4,1,5,coming
60072,16,6,39,2,going
60072,16,8,39,2,coming
60076,11,2,11,2,out
60076,11,4,11,2,in
60076,19,19,19,5,out
60078,14,19,31,5,going
60086,2,11,2,3,out
60086,2,13,2,3,in
60086,4,11,4,3,out
60086,4,13,4,3,in
60104,11,3,11,2,going
60104,11,5,11,2,coming
60114,2,12,2,3,going
60114,2,14,2,3,coming
60114,4,12,4,3,going
60114,4,14,4,3,coming
60114,19,19,19,5,coming
60124,7,3,27,3,out
60124,7,5,27,3,in
60125,12,11,12,4,in
60125,12,11,12,4,going
60128,12,10,12,4,out
60128,12,10,12,4,coming
60132,6,5,28,5,out
60132,6,7,28,5,in
60142,3,19,3,5,in
60152,7,4,27,3,going
60152,7,6,27,3,coming
60155,10,8,34,9,out
60155,10,10,34,9,in
60160,6,6,28,5,going
60160,6,8,28,5,coming
60166,9,6,33,1,out
60166,9,8,33,1,in
60168,17,3,17,9,out
60168,17,5,17,9,in
60172,1,2,1,5,out
60172,1,4,1,5,in
60172,16,6,39,2,out
60172,16,8,39,2,in
60178,14,19,31,5,out
60183,10,9,34,9,going
60183,10,11,34,9,coming
60194,9,7,33,1,going
60194,9,9,33,1,coming
60196,17,4,17,9,going
60196,17,6,17,9,coming
60200,1,3,1,5,going
60200,1,5,1,5,coming
60200,16,7,39,2,going
60200,16,9,39,2,coming
60204,11,3,11,2,out
60204,11,5,11,2,in
60214,2,12,2,3,out
60214,2,14,2,3,in
60214,4,12,4,3,out
60214,4,14,4,3,in
60214,19,19,19,5,in
60216,14,19,31,5,coming
60221,3,19,3,5,going
60225,12,11,12,4,out
60228,12,10,12,4,in
60232,11,4,11,2,going
60232,11,6,11,2,coming
60242,2,13,2,3,going
60242,2,15,2,3,coming
60242,4,13,4,3,going
60242,4,15,4,3,coming
60242,12,11,12,4,coming
60245,12,10,12,4,going
60252,7,4,27,3,out
60252,7,6,27,3,in
60260,6,6,28,5,out
60260,6,8,28,5,in
60280,7,5,27,3,going
60280,7,7,27,3,coming
60283,10,9,34,9,out
60283,10,11,34,9,in
60288,6,7,28,5,going
60288,6,9,28,5,coming
60293,19,19,19,5,going
60294,9,7,33,1,out
60294,9,9,33,1,in
60296,17,4,17,9,out
60296,17,6,17,9,in
60300,1,3,1,5,out
60300,1,5,1,5,in
60300,16,7,39,2,out
60300,16,9,39,2,in
60311,10,10,34,9,going
60311,10,12,34,9,coming
60316,14,19,31,5,in
60321,3,19,3,5,out
60322,9,8,33,1,going
60322,9,10,33,1,coming
60324,17,5,17,9,going
60324,17,7,17,9,coming
60328,1,4,1,5,going
60328,1,6,1,5,coming
60328,16,8,39,2,going
60328,16,10,39,2,coming
60332,11,4,11,2,out
60332,11,6,11,2,in
60342,2,13,2,3,out
60342,2,15,2,3,in
60342,4,13,4,3,out
60342,4,15,4,3,in
60342,12,11,12,4,in
60342,12,11,12,4,going
60345,12,10,12,4,out
60345,12,10,12,4,coming
60359,3,19,3,5,coming
60360,11,5,11,2,going
60360,11,7,11,2,coming
60370,2,14,2,3,going
60370,2,16,2,3,coming
60370,4,14,4,3,going
60370,4,16,4,3,coming
60380,7,5,27,3,out
60380,7,7,27,3,in
60388,6,7,28,5,out
60388,6,9,28,5,in
60393,19,19,19,5,out
60395,14,19,31,5,going
60405,10,11,34,9,going
60405,10,1,34,9,coming
60408,7,6,27,3,going
60408,7,8,27,3,coming
60411,10,10,34,9,out
60411,10,12,34,9,in
60411,10,12,34,9,going
60416,6,8,28,5,going
60422,9,8,33,1,out
60422,9,10,33,1,in
60424,17,5,17,9,out
60424,17,7,17,9,in
60428,1,4,1,5,out
60428,1,6,1,5,in
60428,16,8,39,2,out
60428,16,10,39,2,in
60431,19,19,19,5,coming
60442,12,11,12,4,out
60445,12,10,12,4,in
60450,9,9,33,1,going
60450,9,11,33,1,coming
60452,17,6,17,9,going
60452,17,8,17,9,coming
60456,1,5,1,5,going
60456,1,7,1,5,coming
60456,16,9,39,2,going
60456,16,11,39,2,coming
60459,3,19,3,5,in
60459,12,11,12,4,coming
60460,11,5,11,2,out
60460,11,7,11,2,in
60462,12,10,12,4,going
60470,2,14,2,3,out
60470,2,16,2,3,in
60470,4,14,4,3,out
60470,4,16,4,3,in
60488,11,6,11,2,going
60488,11,8,11,2,coming
60495,14,19,31,5,out
60498,2,15,2,3,going
60498,2,17,2,3,coming
60498,4,15,4,3,going
60498,4,17,4,3,coming
60505,10,1,34,9,in
60505,10,11,34,9,out
60508,7,6,27,3,out
60508,7,8,27,3,in
60511,10,12,34,9,out
60516,6,8,28,5,out
60531,19,19,19,5,in
60533,10,2,34,9,coming
60533,14,19,31,5,coming
60536,7,7,27,3,going
60536,7,9,27,3,coming
60538,3,19,3,5,going
60544,6,9,28,5,going
60550,9,9,33,1,out
60550,9,11,33,1,in
60552,17,6,17,9,out
60552,17,8,17,9,in
60556,1,5,1,5,out
60556,1,7,1,5,in
60556,16,9,39,2,out
60556,16,11,39,2,in
60559,12,11,12,4,in
60559,12,11,12,4,going
60562,12,10,12,4,out
60562,12,10,12,4,coming
60578,9,10,33,1,going
60578,9,12,33,1,coming
60580,2,16,2,3,going
60580,2,1,2,3,coming
60580,4,16,4,3,going
60580,4,1,4,3,coming
60580,17,7,17,9,going
60580,17,9,17,9,coming
60584,1,6,1,5,going
60584,1,8,1,5,coming
60584,16,10,39,2,going
60584,16,12,39,2,coming
60588,11,6,11,2,out
60588,11,8,11,2,in
60598,2,15,2,3,out
60598,2,17,2,3,in
60598,4,15,4,3,out
60598,4,17,4,3,in
60598,2,17,2,3,going
60598,4,17,4,3,going
60606,16,11,39,2,going
60606,16,1,39,2,coming
60610,19,19,19,5,going
60616,11,7,11,2,going
60616,11,9,11,2,coming
60633,10,2,34,9,in
60633,14,19,31,5,in
60636,7,7,27,3,out
60636,7,9,27,3,in
60638,3,19,3,5,out
60644,6,9,28,5,out
60659,12,11,12,4,out
60661,10,1,34,9,going
60661,10,3,34,9,coming
60662,12,10,12,4,in
60664,7,8,27,3,going
60671,9,11,33,1,going
60671,9,18,33,1,coming
60671,9,19,33,1,coming
60672,6,12,28,5,coming
60676,3,19,3,5,coming
60676,12,11,12,4,coming
60678,9,10,33,1,out
60678,9,12,33,1,in
60678,9,12,33,1,going
60679,12,10,12,4,going
60680,2,1,2,3,in
60680,2,16,2,3,out
60680,4,1,4,3,in
60680,4,16,4,3,out
60680,17,7,17,9,out
60680,17,9,17,9,in
60684,1,6,1,5,out
60684,1,8,1,5,in
60684,16,10,39,2,out
60684,16,12,39,2,in
60684,16,12,39,2,going
60698,2,17,2,3,out
60698,4,17,4,3,out
60706,16,1,39,2,in
60706,16,11,39,2,out
60708,2,2,2,3,coming
60708,4,2,4,3,coming
60708,17,8,17,9,going
60708,17,10,17,9,coming
60710,19,19,19,5,out
60712,1,7,1,5,going
60712,1,9,1,5,coming
60712,14,19,31,5,going
60716,11,7,11,2,out
60716,11,9,11,2,in
60734,16,2,39,2,coming
60744,11,8,11,2,going
60744,11,10,11,2,coming
60748,19,19,19,5,coming
60761,10,1,34,9,out
60761,10,3,34,9,in
60764,7,8,27,3,out
60771,9,11,33,1,out
60771,9,18,33,1,in
60771,9,19,33,1,in
60772,6,12,28,5,in
60776,3,19,3,5,in
60776,12,11,12,4,in
60776,12,11,12,4,going
60778,9,12,33,1,out
60779,12,10,12,4,out
60779,12,10,12,4,coming
60784,16,12,39,2,out
60789,10,2,34,9,going
60789,10,4,34,9,coming
60792,7,9,27,3,going
60800,6,13,28,5,coming
60801,9,18,33,1,going
60808,2,2,2,3,in
60808,4,2,4,3,in
60808,17,8,17,9,out
60808,17,10,17,9,in
60812,1,7,1,5,out
60812,1,9,1,5,in
60812,14,19,31,5,out
60834,16,2,39,2,in
60836,2,1,2,3,going
60836,2,3,2,3,coming
60836,4,1,4,3,going
60836,4,3,4,3,coming
60836,17,9,17,9,going
60836,17,11,17,9,coming
60840,1,8,1,5,going
60840,1,10,1,5,coming
60844,11,8,11,2,out
60844,11,10,11,2,in
60848,19,19,19,5,in
60850,14,19,31,5,coming
60855,3,19,3,5,going
60862,16,1,39,2,going
60862,16,3,39,2,coming
60872,11,9,11,2,going
60872,11,11,11,2,coming
60876,12,11,12,4,out
60879,12,10,12,4,in
60889,10,2,34,9,out
60889,10,4,34,9,in
60892,7,9,27,3,out
60893,12,11,12,4,coming
60896,12,10,12,4,going
60900,6,13,28,5,in
60901,9,18,33,1,out
60903,9,19,33,1,going
60903,9,1,33,1,coming
60917,10,3,34,9,going
60917,10,5,34,9,coming
60920,7,12,27,3,coming
60927,19,19,19,5,going
60928,6,12,28,5,going
60928,6,14,28,5,coming
60936,2,1,2,3,out
60936,2,3,2,3,in
60936,4,1,4,3,out
60936,4,3,4,3,in
60936,17,9,17,9,out
60936,17,11,17,9,in
60940,1,8,1,5,out
60940,1,10,1,5,in
60950,14,19,31,5,in
60955,3,19,3,5,out
60962,16,1,39,2,out
60962,16,3,39,2,in
60964,2,2,2,3,going
60964,2,4,2,3,coming
60964,4,2,4,3,going
60964,4,4,4,3,coming
60964,17,10,17,9,going
60964,17,12,17,9,coming
60968,1,9,1,5,going
60968,1,11,1,5,coming
60972,11,9,11,2,out
60972,11,11,11,2,in
60990,16,2,39,2,going
60990,16,4,39,2,coming
60993,12,11,12,4,in
60993,3,19,3,5,coming
60993,12,11,12,4,going
60996,12,10,12,4,out
60996,12,10,12,4,coming
61000,11,10,11,2,going
61000,11,12,11,2,coming
61003,9,1,33,1,in
61003,9,19,33,1,out
61017,10,3,34,9,out
61017,10,5,34,9,in
61020,7,12,27,3,in
61022,11,11,11,2,going
61022,11,1,11,2,coming
61027,19,19,19,5,out
61028,6,12,28,5,out
61028,6,14,28,5,in
61029,14,19,31,5,going
61031,9,2,33,1,coming
61045,10,4,34,9,going
61045,10,6,34,9,coming
61048,7,13,27,3,coming
61056,6,13,28,5,going
61056,6,15,28,5,coming
61058,17,11,17,9,going
61058,17,1,17,9,coming
61064,2,2,2,3,out
61064,2,4,2,3,in
61064,4,2,4,3,out
61064,4,4,4,3,in
61064,17,10,17,9,out
61064,17,12,17,9,in
61064,17,12,17,9,going
61065,19,19,19,5,coming
61068,1,9,1,5,out
61068,1,11,1,5,in
61090,16,2,39,2,out
61090,16,4,39,2,in
61092,2,3,2,3,going
61092,2,5,2,3,coming
61092,4,3,4,3,going
61092,4,5,4,3,coming
61093,3,19,3,5,in
61093,12,11,12,4,out
61096,12,10,12,4,in
61096,1,10,1,5,going
61096,1,12,1,5,coming
61100,11,10,11,2,out
61100,11,12,11,2,in
61100,11,12,11,2,going
61110,12,11,12,4,coming
61113,12,10,12,4,going
61118,16,3,39,2,going
61118,16,5,39,2,coming
61122,11,1,11,2,in
61122,11,11,11,2,out
61129,14,19,31,5,out
61131,9,2,33,1,in
61145,10,4,34,9,out
61145,10,6,34,9,in
61148,7,13,27,3,in
61150,11,2,11,2,coming
61156,6,13,28,5,out
61156,6,15,28,5,in
61158,17,1,17,9,in
61158,17,11,17,9,out
61159,9,1,33,1,going
61159,9,3,33,1,coming
61164,17,12,17,9,out
61165,19,19,19,5,in
61167,14,19,31,5,coming
61172,3,19,3,5,going
61173,10,5,34,9,going
61173,10,7,34,9,coming
61176,7,12,27,3,going
61176,7,14,27,3,coming
61184,6,14,28,5,going
61186,17,2,17,9,coming
61192,2,3,2,3,out
61192,2,5,2,3,in
61192,4,3,4,3,out
61192,4,5,4,3,in
61196,1,10,1,5,out
61196,1,12,1,5,in
61200,11,12,11,2,out
61210,12,11,12,4,in
61210,12,11,12,4,going
61213,12,10,12,4,out
61213,12,10,12,4,coming
61218,16,3,39,2,out
61218,16,5,39,2,in
61220,2,4,2,3,going
61220,2,6,2,3,coming
61220,4,4,4,3,going
61220,4,6,4,3,coming
61224,1,11,1,5,going
61224,1,13,1,5,coming
61245,19,19,19,5,going
61245,19,0,19,5,coming
61245,19,1,19,5,coming
61246,16,4,39,2,going
61246,16,6,39,2,coming
61250,11,2,11,2,in
61259,9,1,33,1,out
61259,9,3,33,1,in
61267,14,19,31,5,in
61272,3,19,3,5,out
61273,10,5,34,9,out
61273,10,7,34,9,in
61276,7,12,27,3,out
61276,7,14,27,3,in
61278,11,1,11,2,going
61278,11,3,11,2,coming
61284,6,14,28,5,out
61286,17,2,17,9,in
61287,9,2,33,1,going
61287,9,4,33,1,coming
61301,10,6,34,9,going
61301,10,8,34,9,coming
61304,7,13,27,3,going
61304,7,15,27,3,coming
61310,12,11,12,4,out
61310,3,19,3,5,coming
61312,6,15,28,5,going
61313,12,10,12,4,in
61314,17,1,17,9,going
61314,17,3,17,9,coming
61320,2,4,2,3,out
61320,2,6,2,3,in
61320,4,4,4,3,out
61320,4,6,4,3,in
61324,1,11,1,5,out
61324,1,13,1,5,in
61327,12,11,12,4,coming
61332,12,0,12,4,out
61332,12,1,12,4,out
61332,12,2,12,4,out
61332,12,3,12,4,out
61332,12,4,12,4,out
61332,12,5,12,4,out
61332,12,6,12,4,out
61332,12,7,12,4,out
61332,12,8,12,4,out
61332,12,9,12,4,out
61332,12,10,12,4,out
61332,12,11,12,4,out
61332,12,12,12,4,out
61332,12,13,12,4,out
61332,12,14,12,4,out
61332,12,15,12,4,out
61332,12,16,12,4,out
61332,12,17,12,4,out
61332,12,18,12,4,out
61332,12,19,12,4,out
61345,19,0,19,5,in
61345,19,1,19,5,in
61345,19,19,19,5,out
61346,16,4,39,2,out
61346,16,6,39,2,in
61346,14,19,31,5,going
61348,2,5,2,3,going
61348,2,7,2,3,coming
61348,4,5,4,3,going
61348,4,7,4,3,coming
61352,1,12,1,5,going
61352,1,14,1,5,coming
61374,16,5,39,2,going
61374,16,7,39,2,coming
61378,11,1,11,2,out
61378,11,3,11,2,in
61381,0,1,25,4,coming
61387,9,2,33,1,out
61387,9,4,33,1,in
61401,10,6,34,9,out
61401,10,8,34,9,in
61404,7,13,27,3,out
61404,7,15,27,3,in
61406,11,2,11,2,going
61406,11,4,11,2,coming
61410,3,19,3,5,in
61412,6,15,28,5,out
61414,17,1,17,9,out
61414,17,3,17,9,in
61415,9,3,33,1,going
61415,9,5,33,1,coming
61429,10,7,34,9,going
61429,10,9,34,9,coming
61432,7,14,27,3,going
61432,7,16,27,3,coming
61442,17,2,17,9,going
61442,17,4,17,9,coming
61446,14,19,31,5,out
61448,2,5,2,3,out
61448,2,7,2,3,in
61448,4,5,4,3,out
61448,4,7,4,3,in
61452,1,12,1,5,out
61452,1,14,1,5,in
61473,19,0,19,5,going
61473,19,2,19,5,coming
61474,16,5,39,2,out
61474,16,7,39,2,in
61476,2,6,2,3,going
61476,2,8,2,3,coming
61476,4,6,4,3,going
61476,4,8,4,3,coming
61480,1,13,1,5,going
61480,1,15,1,5,coming
61481,0,1,25,4,in
61484,14,19,31,5,coming
61489,3,19,3,5,going
61502,16,6,39,2,going
61502,16,8,39,2,coming
61506,11,2,11,2,out
61506,11,4,11,2,in
61509,0,2,25,4,coming
61515,9,3,33,1,out
61515,9,5,33,1,in
61529,10,7,34,9,out
61529,10,9,34,9,in
61532,7,14,27,3,out
61532,7,16,27,3,in
61534,11,3,11,2,going
61534,11,5,11,2,coming
61542,17,2,17,9,out
61542,17,4,17,9,in
61543,9,4,33,1,going
61543,9,6,33,1,coming
61557,10,8,34,9,going
61557,10,10,34,9,coming
61560,7,15,27,3,going
61560,7,17,27,3,coming
61568,6,19,28,5,coming
61570,17,3,17,9,going
61570,17,5,17,9,coming
61573,19,0,19,5,out
61573,19,2,19,5,in
61576,2,6,2,3,out
61576,2,8,2,3,in
61576,4,6,4,3,out
61576,4,8,4,3,in
61580,1,13,1,5,out
61580,1,15,1,5,in
61584,14,19,31,5,in
61589,3,19,3,5,out
61601,19,1,19,5,going
61601,19,3,19,5,coming
61602,16,6,39,2,out
61602,16,8,39,2,in
61604,2,7,2,3,going
61604,2,9,2,3,coming
61604,4,7,4,3,going
61604,4,9,4,3,coming
61608,1,14,1,5,going
61609,0,2,25,4,in
61627,3,19,3,5,coming
61630,16,7,39,2,going
61630,16,9,39,2,coming
61634,11,3,11,2,out
61634,11,5,11,2,in
61637,0,1,25,4,going
61637,0,3,25,4,coming
61642,7,16,27,3,going
61642,7,1,27,3,coming
61643,9,4,33,1,out
61643,9,6,33,1,in
61657,10,8,34,9,out
61657,10,10,34,9,in
61660,7,15,27,3,out
61660,7,17,27,3,in
61660,7,17,27,3,going
61662,11,4,11,2,going
61662,11,6,11,2,coming
61663,14,19,31,5,going
61668,6,19,28,5,in
61670,17,3,17,9,out
61670,17,5,17,9,in
61671,9,5,33,1,going
61671,9,7,33,1,coming
61685,10,9,34,9,going
61685,10,11,34,9,coming
61698,17,4,17,9,going
61698,17,6,17,9,coming
61701,19,1,19,5,out
61701,19,3,19,5,in
61704,2,7,2,3,out
61704,2,9,2,3,in
61704,4,7,4,3,out
61704,4,9,4,3,in
61708,1,14,1,5,out
61727,3,19,3,5,in
61729,19,2,19,5,going
61729,19,4,19,5,coming
61730,16,7,39,2,out
61730,16,9,39,2,in
61732,2,8,2,3,going
61732,2,10,2,3,coming
61732,4,8,4,3,going
61732,4,10,4,3,coming
61736,1,15,1,5,going
61737,0,1,25,4,out
61737,0,3,25,4,in
61742,7,1,27,3,in
61742,7,16,27,3,out
61747,6,19,28,5,going
61758,16,8,39,2,going
61758,16,10,39,2,coming
61760,7,17,27,3,out
61762,11,4,11,2,out
61762,11,6,11,2,in
61763,14,19,31,5,out
61765,0,2,25,4,going
61765,0,4,25,4,coming
61770,7,2,27,3,coming
61771,9,5,33,1,out
61771,9,7,33,1,in
61785,10,9,34,9,out
61785,10,11,34,9,in
61790,11,5,11,2,going
61790,11,7,11,2,coming
61798,17,4,17,9,out
61798,17,6,17,9,in
61799,9,6,33,1,going
61799,9,8,33,1,coming
61801,14,19,31,5,coming
61806,3,19,3,5,going
61813,10,10,34,9,going
61813,10,12,34,9,coming
61826,17,5,17,9,going
61826,17,7,17,9,coming
61829,19,2,19,5,out
61829,19,4,19,5,in
61832,2,8,2,3,out
61832,2,10,2,3,in
61832,4,8,4,3,out
61832,4,10,4,3,in
61836,1,15,1,5,out
61847,6,19,28,5,out
61857,19,3,19,5,going
61857,19,5,19,5,coming
61858,16,8,39,2,out
61858,16,10,39,2,in
61860,2,9,2,3,going
61860,2,11,2,3,coming
61860,4,9,4,3,going
61860,4,11,4,3,coming
61865,0,2,25,4,out
61865,0,4,25,4,in
61870,7,2,27,3,in
61885,6,19,28,5,coming
61886,16,9,39,2,going
61886,16,11,39,2,coming
61890,11,5,11,2,out
61890,11,7,11,2,in
61893,0,3,25,4,going
61893,0,5,25,4,coming
61898,7,1,27,3,going
61898,7,3,27,3,coming
61899,9,6,33,1,out
61899,9,8,33,1,in
61901,14,19,31,5,in
61906,3,19,3,5,out
61907,10,11,34,9,going
61907,10,1,34,9,coming
61913,10,10,34,9,out
61913,10,12,34,9,in
61913,10,12,34,9,going
61918,11,6,11,2,going
61918,11,8,11,2,coming
61926,17,5,17,9,out
61926,17,7,17,9,in
61927,9,7,33,1,going
61927,9,9,33,1,coming
61944,3,19,3,5,coming
61954,17,6,17,9,going
61954,17,8,17,9,coming
61957,19,3,19,5,out
61957,19,5,19,5,in
61960,2,9,2,3,out
61960,2,11,2,3,in
61960,4,9,4,3,out
61960,4,11,4,3,in
61980,14,19,31,5,going
61985,6,19,28,5,in
61985,19,4,19,5,going
61985,19,6,19,5,coming
61986,16,9,39,2,out
61986,16,11,39,2,in
61988,2,10,2,3,going
61988,2,12,2,3,coming
61988,4,10,4,3,going
61988,4,12,4,3,coming
61992,1,19,1,5,coming
61993,0,3,25,4,out
61993,0,5,25,4,in
61998,7,1,27,3,out
61998,7,3,27,3,in
62007,10,1,34,9,in
62007,10,11,34,9,out
62013,10,12,34,9,out
62014,16,10,39,2,going
62014,16,12,39,2,coming
62018,11,6,11,2,out
62018,11,8,11,2,in
62021,0,4,25,4,going
62021,0,6,25,4,coming
62026,7,2,27,3,going
62026,7,4,27,3,coming
62027,9,7,33,1,out
62027,9,9,33,1,in
62035,10,2,34,9,coming
62036,16,11,39,2,going
62036,16,1,39,2,coming
62044,3,19,3,5,in
62046,11,7,11,2,going
62046,11,9,11,2,coming
62054,17,6,17,9,out
62054,17,8,17,9,in
62055,9,8,33,1,going
62055,9,10,33,1,coming
62064,6,19,28,5,going
62080,14,19,31,5,out
62082,17,7,17,9,going
62082,17,9,17,9,coming
62085,19,4,19,5,out
62085,19,6,19,5,in
62088,2,10,2,3,out
62088,2,12,2,3,in
62088,4,10,4,3,out
62088,4,12,4,3,in
62092,1,19,1,5,in
62113,19,5,19,5,going
62113,19,7,19,5,coming
62114,16,10,39,2,out
62114,16,12,39,2,in
62114,16,12,39,2,going
62115,15,1,36,4,coming
62116,2,11,2,3,going
62116,2,13,2,3,coming
62116,4,11,4,3,going
62116,4,13,4,3,coming
62118,14,19,31,5,coming
62121,0,4,25,4,out
62121,0,6,25,4,in
62123,3,19,3,5,going
62126,7,2,27,3,out
62126,7,4,27,3,in
62135,10,2,34,9,in
62136,16,1,39,2,in
62136,16,11,39,2,out
62146,11,7,11,2,out
62146,11,9,11,2,in
62149,0,5,25,4,going
62149,0,7,25,4,coming
62154,7,3,27,3,going
62154,7,5,27,3,coming
62155,9,8,33,1,out
62155,9,10,33,1,in
62163,10,1,34,9,going
62163,10,3,34,9,coming
62164,6,19,28,5,out
62164,16,2,39,2,coming
62171,1,19,1,5,going
62174,11,8,11,2,going
62174,11,10,11,2,coming
62182,17,7,17,9,out
62182,17,9,17,9,in
62183,9,9,33,1,going
62183,9,11,33,1,coming
62202,6,19,28,5,coming
62210,17,8,17,9,going
62210,17,10,17,9,coming
62213,19,5,19,5,out
62213,19,7,19,5,in
62214,16,12,39,2,out
62215,15,1,36,4,in
62216,2,11,2,3,out
62216,2,13,2,3,in
62216,4,11,4,3,out
62216,4,13,4,3,in
62218,14,19,31,5,in
62223,3,19,3,5,out
62241,19,6,19,5,going
62241,19,8,19,5,coming
62243,15,2,36,4,coming
62244,2,12,2,3,going
62244,2,14,2,3,coming
62244,4,12,4,3,going
62244,4,14,4,3,coming
62249,0,5,25,4,out
62249,0,7,25,4,in
62254,7,3,27,3,out
62254,7,5,27,3,in
62261,3,19,3,5,coming
62263,10,1,34,9,out
62263,10,3,34,9,in
62264,16,2,39,2,in
62271,1,19,1,5,out
62274,11,8,11,2,out
62274,11,10,11,2,in
62277,0,6,25,4,going
62282,7,4,27,3,going
62282,7,6,27,3,coming
62283,9,9,33,1,out
62283,9,11,33,1,in
62291,10,2,34,9,going
62291,10,4,34,9,coming
62292,16,1,39,2,going
62292,16,3,39,2,coming
62297,14,19,31,5,going
62302,6,19,28,5,in
62302,11,9,11,2,going
62302,11,11,11,2,coming
62309,1,19,1,5,coming
62310,17,8,17,9,out
62310,17,10,17,9,in
62311,9,10,33,1,going
62311,9,12,33,1,coming
62338,17,9,17,9,going
62338,17,11,17,9,coming
62341,19,6,19,5,out
62341,19,8,19,5,in
62343,15,2,36,4,in
62344,2,12,2,3,out
62344,2,14,2,3,in
62344,4,12,4,3,out
62344,4,14,4,3,in
62361,3,19,3,5,in
62369,19,7,19,5,going
62369,19,9,19,5,coming
62371,15,1,36,4,going
62371,15,3,36,4,coming
62372,2,13,2,3,going
62372,2,15,2,3,coming
62372,4,13,4,3,going
62372,4,15,4,3,coming
62377,0,6,25,4,out
62381,6,19,28,5,going
62382,7,4,27,3,out
62382,7,6,27,3,in
62391,10,2,34,9,out
62391,10,4,34,9,in
62392,16,1,39,2,out
62392,16,3,39,2,in
62397,14,19,31,5,out
62402,11,9,11,2,out
62402,11,11,11,2,in
62404,9,11,33,1,going
62404,9,18,33,1,coming
62404,9,19,33,1,coming
62405,0,7,25,4,going
62409,1,19,1,5,in
62410,7,5,27,3,going
62410,7,7,27,3,coming
62411,9,10,33,1,out
62411,9,12,33,1,in
62411,9,12,33,1,going
62419,10,3,34,9,going
62419,10,5,34,9,coming
62420,16,2,39,2,going
62420,16,4,39,2,coming
62430,11,10,11,2,going
62430,11,12,11,2,coming
62435,14,19,31,5,coming
62438,17,9,17,9,out
62438,17,11,17,9,in
62441,3,19,3,5,going
62441,3,0,3,5,coming
62441,3,1,3,5,coming
62452,11,11,11,2,going
62452,11,1,11,2,coming
62466,17,10,17,9,going
62466,17,12,17,9,coming
62469,19,7,19,5,out
62469,19,9,19,5,in
62471,15,1,36,4,out
62471,15,3,36,4,in
62472,2,13,2,3,out
62472,2,15,2,3,in
62472,4,13,4,3,out
62472,4,15,4,3,in
62481,6,19,28,5,out
62488,1,19,1,5,going
62497,19,8,19,5,going
62497,19,10,19,5,coming
62499,15,2,36,4,going
62499,15,4,36,4,coming
62500,2,14,2,3,going
62500,2,16,2,3,coming
62500,4,14,4,3,going
62500,4,16,4,3,coming
62504,9,11,33,1,out
62504,9,18,33,1,in
62504,9,19,33,1,in
62505,0,7,25,4,out
62510,7,5,27,3,out
62510,7,7,27,3,in
62511,9,12,33,1,out
62519,10,3,34,9,out
62519,10,5,34,9,in
62519,6,19,28,5,coming
62520,16,2,39,2,out
62520,16,4,39,2,in
62530,11,10,11,2,out
62530,11,12,11,2,in
62530,11,12,11,2,going
62534,9,18,33,1,going
62535,14,19,31,5,in
62538,7,6,27,3,going
62538,7,8,27,3,coming
62541,3,0,3,5,in
62541,3,1,3,5,in
62541,3,19,3,5,out
62547,10,4,34,9,going
62547,10,6,34,9,coming
62548,16,3,39,2,going
62548,16,5,39,2,coming
62552,11,1,11,2,in
62552,11,11,11,2,out
62560,17,11,17,9,going
62560,17,1,17,9,coming
62566,17,10,17,9,out
62566,17,12,17,9,in
62566,17,12,17,9,going
62580,11,2,11,2,coming
62588,1,19,1,5,out
62597,19,8,19,5,out
62597,19,10,19,5,in
62599,15,2,36,4,out
62599,15,4,36,4,in
62600,2,14,2,3,out
62600,2,16,2,3,in
62600,4,14,4,3,out
62600,4,16,4,3,in
62614,14,19,31,5,going
62619,6,19,28,5,in
62625,19,9,19,5,going
62625,19,11,19,5,coming
62626,1,19,1,5,coming
62627,15,3,36,4,going
62627,15,5,36,4,coming
62628,2,15,2,3,going
62628,2,17,2,3,coming
62628,4,15,4,3,going
62628,4,17,4,3,coming
62630,11,12,11,2,out
62634,9,18,33,1,out
62636,9,19,33,1,going
62636,9,1,33,1,coming
62638,7,6,27,3,out
62638,7,8,27,3,in
62647,10,4,34,9,out
62647,10,6,34,9,in
62648,16,3,39,2,out
62648,16,5,39,2,in
62660,17,1,17,9,in
62660,17,11,17,9,out
62666,17,12,17,9,out
62666,7,7,27,3,going
62666,7,9,27,3,coming
62669,3,0,3,5,going
62669,3,2,3,5,coming
62675,10,5,34,9,going
62675,10,7,34,9,coming
62676,16,4,39,2,going
62676,16,6,39,2,coming
62680,11,2,11,2,in
62688,17,2,17,9,coming
62698,6,19,28,5,going
62708,11,1,11,2,going
62708,11,3,11,2,coming
62711,2,0,2,3,out
62711,2,1,2,3,out
62711,2,2,2,3,out
62711,2,3,2,3,out
62711,2,4,2,3,out
62711,2,5,2,3,out
62711,2,6,2,3,out
62711,2,7,2,3,out
62711,2,8,2,3,out
62711,2,9,2,3,out
62711,2,10,2,3,out
62711,2,11,2,3,out
62711,2,12,2,3,out
62711,2,13,2,3,out
62711,2,14,2,3,out
62711,2,15,2,3,out
62711,2,16,2,3,out
62711,2,17,2,3,out
62711,2,18,2,3,out
62711,2,19,2,3,out
62711,4,0,4,3,out
62711,4,1,4,3,out
62711,4,2,4,3,out
62711,4,3,4,3,out
62711,4,4,4,3,out
62711,4,5,4,3,out
62711,4,6,4,3,out
62711,4,7,4,3,out
62711,4,8,4,3,out
62711,4,9,4,3,out
62711,4,10,4,3,out
62711,4,11,4,3,out
62711,4,12,4,3,out
62711,4,13,4,3,out
62711,4,14,4,3,out
62711,4,15,4,3,out
62711,4,16,4,3,out
62711,4,17,4,3,out
62711,4,18,4,3,out
62711,4,19,4,3,out
62714,14,19,31,5,out
62725,19,9,19,5,out
62725,19,11,19,5,in
62726,1,19,1,5,in
62727,15,3,36,4,out
62727,15,5,36,4,in
62736,9,1,33,1,in
62736,9,19,33,1,out
62752,14,19,31,5,coming
62753,19,10,19,5,going
62753,19,12,19,5,coming
62755,15,4,36,4,going
62755,15,6,36,4,coming
62764,9,2,33,1,coming
62766,7,7,27,3,out
62766,7,9,27,3,in
62769,3,0,3,5,out
62769,3,2,3,5,in
62775,10,5,34,9,out
62775,10,7,34,9,in
62776,16,4,39,2,out
62776,16,6,39,2,in
62788,17,2,17,9,in
62794,7,8,27,3,going
62797,3,1,3,5,going
62797,3,3,3,5,coming
62798,6,19,28,5,out
62803,10,6,34,9,going
62803,10,8,34,9,coming
62804,16,5,39,2,going
62804,16,7,39,2,coming
62805,1,19,1,5,going
62808,11,1,11,2,out
62808,11,3,11,2,in
62816,17,1,17,9,going
62816,17,3,17,9,coming
62836,6,19,28,5,coming
62836,11,2,11,2,going
62836,11,4,11,2,coming
62852,14,19,31,5,in
62853,19,10,19,5,out
62853,19,12,19,5,in
62855,15,4,36,4,out
62855,15,6,36,4,in
62864,9,2,33,1,in
62881,19,11,19,5,going
62881,19,13,19,5,coming
62883,15,5,36,4,going
62883,15,7,36,4,coming
62892,9,1,33,1,going
62892,9,3,33,1,coming
62894,7,8,27,3,out
62897,3,1,3,5,out
62897,3,3,3,5,in
62903,10,6,34,9,out
62903,10,8,34,9,in
62904,16,5,39,2,out
62904,16,7,39,2,in
62905,1,19,1,5,out
62916,17,1,17,9,out
62916,17,3,17,9,in
62922,7,9,27,3,going
62925,3,2,3,5,going
62925,3,4,3,5,coming
62931,10,7,34,9,going
62931,10,9,34,9,coming
62931,14,19,31,5,going
62932,16,6,39,2,going
62932,16,8,39,2,coming
62936,6,19,28,5,in
62936,11,2,11,2,out
62936,11,4,11,2,in
62943,1,19,1,5,coming
62944,17,2,17,9,going
62944,17,4,17,9,coming
62964,11,3,11,2,going
62964,11,5,11,2,coming
62981,19,11,19,5,out
62981,19,13,19,5,in
62983,15,5,36,4,out
62983,15,7,36,4,in
62992,9,1,33,1,out
62992,9,3,33,1,in
63009,19,12,19,5,going
63009,19,14,19,5,coming
63011,15,6,36,4,going
63015,6,19,28,5,going
63020,9,2,33,1,going
63020,9,4,33,1,coming
63022,7,9,27,3,out
63025,3,2,3,5,out
63025,3,4,3,5,in
63031,10,7,34,9,out
63031,10,9,34,9,in
63031,14,19,31,5,out
63032,16,6,39,2,out
63032,16,8,39,2,in
63043,1,19,1,5,in
63044,17,2,17,9,out
63044,17,4,17,9,in
63050,7,12,27,3,coming
63053,3,3,3,5,going
63053,3,5,3,5,coming
63059,10,8,34,9,going
63059,10,10,34,9,coming
63060,16,7,39,2,going
63060,16,9,39,2,coming
63064,11,3,11,2,out
63064,11,5,11,2,in
63069,14,19,31,5,coming
63072,17,3,17,9,going
63072,17,5,17,9,coming
63092,11,4,11,2,going
63092,11,6,11,2,coming
63109,19,12,19,5,out
63109,19,14,19,5,in
63111,15,6,36,4,out
63115,6,19,28,5,out
63120,9,2,33,1,out
63120,9,4,33,1,in
63122,1,19,1,5,going
63137,19,13,19,5,going
63137,19,15,19,5,coming
63139,15,7,36,4,going
63148,9,3,33,1,going
63148,9,5,33,1,coming
63150,7,12,27,3,in
63153,3,3,3,5,out
63153,3,5,3,5,in
63153,6,19,28,5,coming
63159,10,8,34,9,out
63159,10,10,34,9,in
63160,16,7,39,2,out
63160,16,9,39,2,in
63169,14,19,31,5,in
63172,17,3,17,9,out
63172,17,5,17,9,in
63178,7,13,27,3,coming
63181,3,4,3,5,going
63181,3,6,3,5,coming
63187,10,9,34,9,going
63187,10,11,34,9,coming
63188,16,8,39,2,going
63188,16,10,39,2,coming
63192,11,4,11,2,out
63192,11,6,11,2,in
63200,17,4,17,9,going
63200,17,6,17,9,coming
63220,11,5,11,2,going
63220,11,7,11,2,coming
63222,1,19,1,5,out
63237,19,13,19,5,out
63237,19,15,19,5,in
63239,15,7,36,4,out
63248,9,3,33,1,out
63248,9,5,33,1,in
63248,14,19,31,5,going
63253,6,19,28,5,in
63260,1,19,1,5,coming
63265,19,14,19,5,going
63276,9,4,33,1,going
63276,9,6,33,1,coming
63278,7,13,27,3,in
63281,3,4,3,5,out
63281,3,6,3,5,in
63287,10,9,34,9,out
63287,10,11,34,9,in
63288,16,8,39,2,out
63288,16,10,39,2,in
63300,17,4,17,9,out
63300,17,6,17,9,in
63306,7,12,27,3,going
63306,7,14,27,3,coming
63309,3,5,3,5,going
63309,3,7,3,5,coming
63315,10,10,34,9,going
63315,10,12,34,9,coming
63316,16,9,39,2,going
63316,16,11,39,2,coming
63320,11,5,11,2,out
63320,11,7,11,2,in
63328,17,5,17,9,going
63328,17,7,17,9,coming
63332,6,19,28,5,going
63348,14,19,31,5,out
63348,11,6,11,2,going
63348,11,8,11,2,coming
63360,1,19,1,5,in
63365,19,14,19,5,out
63376,9,4,33,1,out
63376,9,6,33,1,in
63386,14,19,31,5,coming
63393,19,15,19,5,going
63404,9,5,33,1,going
63404,9,7,33,1,coming
63406,7,12,27,3,out
63406,7,14,27,3,in
63409,3,5,3,5,out
63409,3,7,3,5,in
63409,10,11,34,9,going
63409,10,1,34,9,coming
63415,10,10,34,9,out
63415,10,12,34,9,in
63415,10,12,34,9,going
63416,16,9,39,2,out
63416,16,11,39,2,in
63428,17,5,17,9,out
63428,17,7,17,9,in
63432,6,19,28,5,out
63434,7,13,27,3,going
63434,7,15,27,3,coming
63437,3,6,3,5,going
63437,3,8,3,5,coming
63439,1,19,1,5,going
63444,16,10,39,2,going
63444,16,12,39,2,coming
63448,11,6,11,2,out
63448,11,8,11,2,in
63456,17,6,17,9,going
63456,17,8,17,9,coming
63466,16,11,39,2,going
63466,16,1,39,2,coming
63470,6,19,28,5,coming
63476,11,7,11,2,going
63476,11,9,11,2,coming
63486,14,19,31,5,in
63493,19,15,19,5,out
63504,9,5,33,1,out
63504,9,7,33,1,in
63509,10,1,34,9,in
63509,10,11,34,9,out
63515,10,12,34,9,out
63532,9,6,33,1,going
63532,9,8,33,1,coming
63534,7,13,27,3,out
63534,7,15,27,3,in
63537,3,6,3,5,out
63537,3,8,3,5,in
63537,10,2,34,9,coming
63539,1,19,1,5,out
63544,16,10,39,2,out
63544,16,12,39,2,in
63544,16,12,39,2,going
63556,17,6,17,9,out
63556,17,8,17,9,in
63562,7,14,27,3,going
63562,7,16,27,3,coming
63565,3,7,3,5,going
63565,3,9,3,5,coming
63565,14,19,31,5,going
63566,16,1,39,2,in
63566,16,11,39,2,out
63570,6,19,28,5,in
63576,11,7,11,2,out
63576,11,9,11,2,in
63577,1,19,1,5,coming
63584,17,7,17,9,going
63584,17,9,17,9,coming
63594,16,2,39,2,coming
63604,11,8,11,2,going
63604,11,10,11,2,coming
63632,9,6,33,1,out
63632,9,8,33,1,in
63637,10,2,34,9,in
63644,16,12,39,2,out
63649,6,19,28,5,going
63649,19,19,19,5,coming
63660,9,7,33,1,going
63660,9,9,33,1,coming
63662,7,14,27,3,out
63662,7,16,27,3,in
63665,3,7,3,5,out
63665,3,9,3,5,in
63665,14,19,31,5,out
63665,10,1,34,9,going
63665,10,3,34,9,coming
63677,1,19,1,5,in
63684,17,7,17,9,out
63684,17,9,17,9,in
63690,7,15,27,3,going
63690,7,17,27,3,coming
63693,3,8,3,5,going
63693,3,10,3,5,coming
63694,16,2,39,2,in
63703,14,19,31,5,coming
63704,11,8,11,2,out
63704,11,10,11,2,in
63712,17,8,17,9,going
63712,17,10,17,9,coming
63722,16,1,39,2,going
63722,16,3,39,2,coming
63732,11,9,11,2,going
63732,11,11,11,2,coming
63749,6,19,28,5,out
63749,19,19,19,5,in
63756,1,19,1,5,going
63760,9,7,33,1,out
63760,9,9,33,1,in
63765,10,1,34,9,out
63765,10,3,34,9,in
63772,7,16,27,3,going
63772,7,1,27,3,coming
63787,6,19,28,5,coming
63788,9,8,33,1,going
63788,9,10,33,1,coming
63790,7,15,27,3,out
63790,7,17,27,3,in
63790,7,17,27,3,going
63793,3,8,3,5,out
63793,3,10,3,5,in
63793,10,2,34,9,going
63793,10,4,34,9,coming
63803,14,19,31,5,in
63812,17,8,17,9,out
63812,17,10,17,9,in
63821,3,9,3,5,going
63821,3,11,3,5,coming
63822,16,1,39,2,out
63822,16,3,39,2,in
63828,19,19,19,5,going
63832,11,9,11,2,out
63832,11,11,11,2,in
63840,17,9,17,9,going
63840,17,11,17,9,coming
63850,16,2,39,2,going
63850,16,4,39,2,coming
63856,1,19,1,5,out
63860,11,10,11,2,going
63860,11,12,11,2,coming
63872,7,1,27,3,in
63872,7,16,27,3,out
63882,11,11,11,2,going
63882,11,1,11,2,coming
63882,14,19,31,5,going
63887,6,19,28,5,in
63888,9,8,33,1,out
63888,9,10,33,1,in
63890,7,17,27,3,out
63893,10,2,34,9,out
63893,10,4,34,9,in
63894,1,19,1,5,coming
63900,7,2,27,3,coming
63916,9,9,33,1,going
63916,9,11,33,1,coming
63921,3,9,3,5,out
63921,3,11,3,5,in
63921,10,3,34,9,going
63921,10,5,34,9,coming
63928,19,19,19,5,out
63940,17,9,17,9,out
63940,17,11,17,9,in
63949,3,10,3,5,going
63949,3,12,3,5,coming
63950,16,2,39,2,out
63950,16,4,39,2,in
63960,11,10,11,2,out
63960,11,12,11,2,in
63960,11,12,11,2,going
63966,6,19,28,5,going
63966,19,19,19,5,coming
63968,17,10,17,9,going
63968,17,12,17,9,coming
63978,16,3,39,2,going
63978,16,5,39,2,coming
63982,11,1,11,2,in
63982,11,11,11,2,out
63982,14,19,31,5,out
63994,1,19,1,5,in
64000,7,2,27,3,in
64010,11,2,11,2,coming
64016,9,9,33,1,out
64016,9,11,33,1,in
64020,14,19,31,5,coming
64021,10,3,34,9,out
64021,10,5,34,9,in
64028,7,1,27,3,going
64028,7,3,27,3,coming
64044,9,10,33,1,going
64044,9,12,33,1,coming
64049,3,10,3,5,out
64049,3,12,3,5,in
64049,10,4,34,9,going
64049,10,6,34,9,coming
64060,11,12,11,2,out
64062,17,11,17,9,going
64062,17,1,17,9,coming
64066,6,19,28,5,out
64066,19,19,19,5,in
64068,17,10,17,9,out
64068,17,12,17,9,in
64068,17,12,17,9,going
64073,1,19,1,5,going
64077,3,11,3,5,going
64077,3,13,3,5,coming
64078,16,3,39,2,out
64078,16,5,39,2,in
64104,6,19,28,5,coming
64106,16,4,39,2,going
64106,16,6,39,2,coming
64110,11,2,11,2,in
64120,14,19,31,5,in
64128,7,1,27,3,out
64128,7,3,27,3,in
64138,11,1,11,2,going
64138,11,3,11,2,coming
64144,9,10,33,1,out
64144,9,12,33,1,in
64145,19,19,19,5,going
64149,10,4,34,9,out
64149,10,6,34,9,in
64156,7,2,27,3,going
64156,7,4,27,3,coming
64162,17,1,17,9,in
64162,17,11,17,9,out
64168,17,12,17,9,out
64172,9,11,33,1,going
64172,9,13,33,1,coming
64173,1,19,1,5,out
64177,3,11,3,5,out
64177,3,13,3,5,in
64177,10,5,34,9,going
64177,10,7,34,9,coming
64190,17,2,17,9,coming
64199,14,19,31,5,going
64204,6,19,28,5,in
64205,3,12,3,5,going
64205,3,14,3,5,coming
64206,16,4,39,2,out
64206,16,6,39,2,in
64211,1,19,1,5,coming
64234,16,5,39,2,going
64234,16,7,39,2,coming
64238,11,1,11,2,out
64238,11,3,11,2,in
64245,19,19,19,5,out
64256,7,2,27,3,out
64256,7,4,27,3,in
64266,11,2,11,2,going
64266,11,4,11,2,coming
64272,9,11,33,1,out
64272,9,13,33,1,in
64277,10,5,34,9,out
64277,10,7,34,9,in
64283,6,19,28,5,going
64283,19,19,19,5,coming
64284,7,3,27,3,going
64284,7,5,27,3,coming
64290,17,2,17,9,in
64299,14,19,31,5,out
64300,9,12,33,1,going
64300,9,14,33,1,coming
64305,3,12,3,5,out
64305,3,14,3,5,in
64305,10,6,34,9,going
64305,10,8,34,9,coming
64311,1,19,1,5,in
64318,17,1,17,9,going
64318,17,3,17,9,coming
64333,3,13,3,5,going
64333,3,15,3,5,coming
64334,16,5,39,2,out
64334,16,7,39,2,in
64337,14,19,31,5,coming
64362,16,6,39,2,going
64362,16,8,39,2,coming
64366,11,2,11,2,out
64366,11,4,11,2,in
64383,6,19,28,5,out
64383,19,19,19,5,in
64384,7,3,27,3,out
64384,7,5,27,3,in
64390,1,19,1,5,going
64394,11,3,11,2,going
64394,11,5,11,2,coming
64400,9,12,33,1,out
64400,9,14,33,1,in
64405,10,6,34,9,out
64405,10,8,34,9,in
64412,7,4,27,3,going
64412,7,6,27,3,coming
64418,17,1,17,9,out
64418,17,3,17,9,in
64421,6,19,28,5,coming
64428,9,13,33,1,going
64428,9,15,33,1,coming
64433,3,13,3,5,out
64433,3,15,3,5,in
64433,10,7,34,9,going
64433,10,9,34,9,coming
64437,14,19,31,5,in
64446,17,2,17,9,going
64446,17,4,17,9,coming
64461,3,14,3,5,going
64462,16,6,39,2,out
64462,16,8,39,2,in
64462,19,19,19,5,going
64490,1,19,1,5,out
64490,16,7,39,2,going
64490,16,9,39,2,coming
64494,11,3,11,2,out
64494,11,5,11,2,in
64512,7,4,27,3,out
64512,7,6,27,3,in
64516,14,19,31,5,going
64521,6,19,28,5,in
64522,11,4,11,2,going
64522,11,6,11,2,coming
64528,9,13,33,1,out
64528,9,15,33,1,in
64528,1,19,1,5,coming
64533,10,7,34,9,out
64533,10,9,34,9,in
64540,7,5,27,3,going
64540,7,7,27,3,coming
64546,17,2,17,9,out
64546,17,4,17,9,in
64556,9,14,33,1,going
64556,9,16,33,1,coming
64561,3,14,3,5,out
64561,10,8,34,9,going
64561,10,10,34,9,coming
64562,19,19,19,5,out
64574,17,3,17,9,going
64574,17,5,17,9,coming
64589,3,15,3,5,going
64590,16,7,39,2,out
64590,16,9,39,2,in
64600,6,19,28,5,going
64600,19,19,19,5,coming
64616,14,19,31,5,out
64618,16,8,39,2,going
64618,16,10,39,2,coming
64622,11,4,11,2,out
64622,11,6,11,2,in
64628,1,19,1,5,in
64640,7,5,27,3,out
64640,7,7,27,3,in
64650,11,5,11,2,going
64650,11,7,11,2,coming
64654,14,19,31,5,coming
64656,9,14,33,1,out
64656,9,16,33,1,in
64661,10,8,34,9,out
64661,10,10,34,9,in
64668,7,6,27,3,going
64668,7,8,27,3,coming
64674,17,3,17,9,out
64674,17,5,17,9,in
64684,9,15,33,1,going
64684,9,17,33,1,coming
64689,3,15,3,5,out
64689,10,9,34,9,going
64689,10,11,34,9,coming
64700,6,19,28,5,out
64700,19,19,19,5,in
64702,17,4,17,9,going
64702,17,6,17,9,coming
64707,1,19,1,5,going
64718,16,8,39,2,out
64718,16,10,39,2,in
64738,6,19,28,5,coming
64746,16,9,39,2,going
64746,16,11,39,2,coming
64750,11,5,11,2,out
64750,11,7,11,2,in
64754,14,19,31,5,in
64768,7,6,27,3,out
64768,7,8,27,3,in
64778,11,6,11,2,going
64778,11,8,11,2,coming
64779,19,19,19,5,going
64784,9,15,33,1,out
64784,9,17,33,1,in
64789,10,9,34,9,out
64789,10,11,34,9,in
64796,7,7,27,3,going
64796,7,9,27,3,coming
64802,17,4,17,9,out
64802,17,6,17,9,in
64807,1,19,1,5,out
64812,9,16,33,1,going
64812,9,18,33,1,coming
64817,10,10,34,9,going
64817,10,12,34,9,coming
64830,17,5,17,9,going
64830,17,7,17,9,coming
64833,14,19,31,5,going
64838,6,19,28,5,in
64845,1,19,1,5,coming
64845,3,19,3,5,coming
64846,16,9,39,2,out
64846,16,11,39,2,in
64874,16,10,39,2,going
64874,16,12,39,2,coming
64878,11,6,11,2,out
64878,11,8,11,2,in
64879,19,19,19,5,out
64896,7,7,27,3,out
64896,7,9,27,3,in
64896,16,11,39,2,going
64896,16,1,39,2,coming
64906,11,7,11,2,going
64906,11,9,11,2,coming
64911,10,11,34,9,going
64911,10,1,34,9,coming
64912,9,16,33,1,out
64912,9,18,33,1,in
64917,10,10,34,9,out
64917,10,12,34,9,in
64917,6,19,28,5,going
64917,10,12,34,9,going
64917,19,19,19,5,coming
64924,7,8,27,3,going
64930,17,5,17,9,out
64930,17,7,17,9,in
64933,14,19,31,5,out
64940,9,17,33,1,going
64940,9,19,33,1,coming
64945,1,19,1,5,in
64945,3,19,3,5,in
64958,17,6,17,9,going
64958,17,8,17,9,coming
64971,14,19,31,5,coming
64974,16,10,39,2,out
64974,16,12,39,2,in
64974,16,12,39,2,going
64996,16,1,39,2,in
64996,16,11,39,2,out
65006,11,7,11,2,out
65006,11,9,11,2,in
65011,10,1,34,9,in
65011,10,11,34,9,out
65017,6,19,28,5,out
65017,10,12,34,9,out
65017,19,19,19,5,in
65024,7,8,27,3,out
65024,1,19,1,5,going
65024,3,19,3,5,going
65024,16,2,39,2,coming
65034,11,8,11,2,going
65034,11,10,11,2,coming
65038,9,18,33,1,going
65039,10,2,34,9,coming
65040,9,17,33,1,out
65040,9,19,33,1,in
65041,9,19,33,1,going
65041,9,1,33,1,coming
65052,7,9,27,3,going
65055,6,19,28,5,coming
65058,17,6,17,9,out
65058,17,8,17,9,in
65071,14,19,31,5,in
65074,16,12,39,2,out
65086,17,7,17,9,going
65086,17,9,17,9,coming
65096,19,19,19,5,going
65124,1,19,1,5,out
65124,3,19,3,5,out
65124,16,2,39,2,in
65134,11,8,11,2,out
65134,11,10,11,2,in
65138,9,18,33,1,out
65139,10,2,34,9,in
65141,9,1,33,1,in
65141,9,19,33,1,out
65150,14,19,31,5,going
65152,7,9,27,3,out
65152,16,1,39,2,going
65152,16,3,39,2,coming
65155,6,19,28,5,in
65162,1,19,1,5,coming
65162,3,19,3,5,coming
65162,11,9,11,2,going
65162,11,11,11,2,coming
65167,10,1,34,9,going
65167,10,3,34,9,coming
65169,9,2,33,1,coming
65180,7,12,27,3,coming
65186,17,7,17,9,out
65186,17,9,17,9,in
65196,19,19,19,5,out
65214,17,8,17,9,going
65214,17,10,17,9,coming
65234,6,19,28,5,going
65234,19,19,19,5,coming
65250,14,19,31,5,out
65252,16,1,39,2,out
65252,16,3,39,2,in
65262,1,19,1,5,in
65262,3,19,3,5,in
65262,11,9,11,2,out
65262,11,11,11,2,in
65267,10,1,34,9,out
65267,10,3,34,9,in
65269,9,2,33,1,in
65280,7,12,27,3,in
65280,16,2,39,2,going
65280,16,4,39,2,coming
65288,14,19,31,5,coming
65290,11,10,11,2,going
65290,11,12,11,2,coming
65295,10,2,34,9,going
65295,10,4,34,9,coming
65297,9,1,33,1,going
65297,9,3,33,1,coming
65308,7,13,27,3,coming
65312,11,11,11,2,going
65312,11,1,11,2,coming
65314,17,8,17,9,out
65314,17,10,17,9,in
65334,6,19,28,5,out
65334,19,19,19,5,in
65341,1,19,1,5,going
65341,3,19,3,5,going
65342,17,9,17,9,going
65342,17,11,17,9,coming
65372,6,19,28,5,coming
65380,16,2,39,2,out
65380,16,4,39,2,in
65388,14,19,31,5,in
65390,11,10,11,2,out
65390,11,12,11,2,in
65390,11,12,11,2,going
65395,10,2,34,9,out
65395,10,4,34,9,in
65397,9,1,33,1,out
65397,9,3,33,1,in
65408,7,13,27,3,in
65408,16,3,39,2,going
65408,16,5,39,2,coming
65412,11,1,11,2,in
65412,11,11,11,2,out
65413,19,19,19,5,going
65423,10,3,34,9,going
65423,10,5,34,9,coming
65425,9,2,33,1,going
65425,9,4,33,1,coming
65436,7,12,27,3,going
65436,7,14,27,3,coming
65440,11,2,11,2,coming
65441,1,19,1,5,out
65441,3,19,3,5,out
65442,17,9,17,9,out
65442,17,11,17,9,in
65467,14,19,31,5,going
65470,17,10,17,9,going
65470,17,12,17,9,coming
65472,6,19,28,5,in
65479,1,19,1,5,coming
65479,3,19,3,5,coming
65490,11,12,11,2,out
65508,16,3,39,2,out
65508,16,5,39,2,in
65513,19,19,19,5,out
65523,10,3,34,9,out
65523,10,5,34,9,in
65525,9,2,33,1,out
65525,9,4,33,1,in
65536,7,12,27,3,out
65536,7,14,27,3,in
65536,16,4,39,2,going
65536,16,6,39,2,coming
65540,11,2,11,2,in
65551,6,19,28,5,going
65551,10,4,34,9,going
65551,10,6,34,9,coming
65551,19,19,19,5,coming
65553,9,3,33,1,going
65553,9,5,33,1,coming
65564,7,13,27,3,going
65564,7,15,27,3,coming
65564,17,11,17,9,going
65564,17,1,17,9,coming
65567,14,19,31,5,out
65568,11,1,11,2,going
65568,11,3,11,2,coming
65570,17,10,17,9,out
65570,17,12,17,9,in
65570,17,12,17,9,going
65579,1,19,1,5,in
65579,3,19,3,5,in
65605,14,19,31,5,coming
65636,16,4,39,2,out
65636,16,6,39,2,in
65651,6,19,28,5,out
65651,10,4,34,9,out
65651,10,6,34,9,in
65651,19,19,19,5,in
65653,9,3,33,1,out
65653,9,5,33,1,in
65658,1,19,1,5,going
65658,3,19,3,5,going
65664,7,13,27,3,out
65664,7,15,27,3,in
65664,17,1,17,9,in
65664,17,11,17,9,out
65664,16,5,39,2,going
65664,16,7,39,2,coming
65668,11,1,11,2,out
65668,11,3,11,2,in
65670,17,12,17,9,out
65679,10,5,34,9,going
65679,10,7,34,9,coming
65681,9,4,33,1,going
65681,9,6,33,1,coming
65689,6,19,28,5,coming
65692,7,14,27,3,going
65692,7,16,27,3,coming
65692,17,2,17,9,coming
65696,11,2,11,2,going
65696,11,4,11,2,coming
65705,14,19,31,5,in
65730,19,19,19,5,going
65758,1,19,1,5,out
65758,3,19,3,5,out
65764,16,5,39,2,out
65764,16,7,39,2,in
65779,10,5,34,9,out
65779,10,7,34,9,in
65781,9,4,33,1,out
65781,9,6,33,1,in
65784,14,19,31,5,going
65789,6,19,28,5,in
65792,7,14,27,3,out
65792,7,16,27,3,in
65792,17,2,17,9,in
65792,16,6,39,2,going
65792,16,8,39,2,coming
65796,11,2,11,2,out
65796,11,4,11,2,in
65796,1,19,1,5,coming
65796,3,19,3,5,coming
65807,10,6,34,9,going
65807,10,8,34,9,coming
65809,9,5,33,1,going
65809,9,7,33,1,coming
65820,7,15,27,3,going
65820,7,17,27,3,coming
65820,17,1,17,9,going
65820,17,3,17,9,coming
65824,11,3,11,2,going
65824,11,5,11,2,coming
65830,19,19,19,5,out
65868,6,19,28,5,going
65868,19,19,19,5,coming
65884,14,19,31,5,out
65892,16,6,39,2,out
65892,16,8,39,2,in
65896,1,19,1,5,in
65896,3,19,3,5,in
65902,7,16,27,3,going
65902,7,1,27,3,coming
65907,10,6,34,9,out
65907,10,8,34,9,in
65909,9,5,33,1,out
65909,9,7,33,1,in
65920,7,15,27,3,out
65920,7,17,27,3,in
65920,17,1,17,9,out
65920,17,3,17,9,in
65920,7,17,27,3,going
65920,16,7,39,2,going
65920,16,9,39,2,coming
65922,14,19,31,5,coming
65924,11,3,11,2,out
65924,11,5,11,2,in
65935,10,7,34,9,going
65935,10,9,34,9,coming
65937,9,6,33,1,going
65937,9,8,33,1,coming
65948,17,2,17,9,going
65948,17,4,17,9,coming
65952,11,4,11,2,going
65952,11,6,11,2,coming
65968,6,19,28,5,out
65968,19,19,19,5,in
65975,1,19,1,5,going
65975,3,19,3,5,going
66002,7,1,27,3,in
66002,7,16,27,3,out
66006,6,19,28,5,coming
66020,7,17,27,3,out
66020,16,7,39,2,out
66020,16,9,39,2,in
66022,14,19,31,5,in
66030,7,2,27,3,coming
66035,10,7,34,9,out
66035,10,9,34,9,in
66037,9,6,33,1,out
66037,9,8,33,1,in
66047,19,19,19,5,going
66048,17,2,17,9,out
66048,17,4,17,9,in
66048,16,8,39,2,going
66048,16,10,39,2,coming
66052,11,4,11,2,out
66052,11,6,11,2,in
66063,10,8,34,9,going
66063,10,10,34,9,coming
66065,9,7,33,1,going
66065,9,9,33,1,coming
66075,1,19,1,5,out
66075,3,19,3,5,out
66076,17,3,17,9,going
66076,17,5,17,9,coming
66080,11,5,11,2,going
66080,11,7,11,2,coming
66102,14,19,31,5,going
66102,14,0,31,5,coming
66102,14,1,31,5,coming
66106,6,19,28,5,in
66113,1,19,1,5,coming
66113,3,19,3,5,coming
66130,7,2,27,3,in
66147,19,19,19,5,out
66148,16,8,39,2,out
66148,16,10,39,2,in
66158,7,1,27,3,going
66158,7,3,27,3,coming
66163,10,8,34,9,out
66163,10,10,34,9,in
66165,9,7,33,1,out
66165,9,9,33,1,in
66176,17,3,17,9,out
66176,17,5,17,9,in
66176,16,9,39,2,going
66176,16,11,39,2,coming
66180,11,5,11,2,out
66180,11,7,11,2,in
66185,6,19,28,5,going
66185,19,19,19,5,coming
66191,10,9,34,9,going
66191,10,11,34,9,coming
66193,9,8,33,1,going
66193,9,10,33,1,coming
66202,14,0,31,5,in
66202,14,1,31,5,in
66202,14,19,31,5,out
66204,17,4,17,9,going
66204,17,6,17,9,coming
66208,11,6,11,2,going
66208,11,8,11,2,coming
66213,1,19,1,5,in
66213,3,19,3,5,in
66258,7,1,27,3,out
66258,7,3,27,3,in
66276,16,9,39,2,out
66276,16,11,39,2,in
66285,6,19,28,5,out
66285,19,19,19,5,in
66286,7,2,27,3,going
66286,7,4,27,3,coming
66291,10,9,34,9,out
66291,10,11,34,9,in
66292,1,19,1,5,going
66292,3,19,3,5,going
66293,9,8,33,1,out
66293,9,10,33,1,in
66304,17,4,17,9,out
66304,17,6,17,9,in
66304,16,10,39,2,going
66304,16,12,39,2,coming
66308,11,6,11,2,out
66308,11,8,11,2,in
66319,10,10,34,9,going
66319,10,12,34,9,coming
66321,9,9,33,1,going
66321,9,11,33,1,coming
66323,6,19,28,5,coming
66326,16,11,39,2,going
66326,16,1,39,2,coming
66330,14,0,31,5,going
66330,14,2,31,5,coming
66332,17,5,17,9,going
66332,17,7,17,9,coming
66336,11,7,11,2,going
66336,11,9,11,2,coming
66364,19,19,19,5,going
66386,7,2,27,3,out
66386,7,4,27,3,in
66392,1,19,1,5,out
66392,3,19,3,5,out
66404,16,10,39,2,out
66404,16,12,39,2,in
66404,16,12,39,2,going
66413,10,11,34,9,going
66413,10,1,34,9,coming
66414,7,3,27,3,going
66414,7,5,27,3,coming
66419,10,10,34,9,out
66419,10,12,34,9,in
66419,10,12,34,9,going
66421,9,9,33,1,out
66421,9,11,33,1,in
66423,6,19,28,5,in
66426,16,1,39,2,in
66426,16,11,39,2,out
66430,14,0,31,5,out
66430,14,2,31,5,in
66430,1,19,1,5,coming
66430,3,19,3,5,coming
66432,17,5,17,9,out
66432,17,7,17,9,in
66436,11,7,11,2,out
66436,11,9,11,2,in
66449,9,10,33,1,going
66449,9,12,33,1,coming
66454,16,2,39,2,coming
66458,14,1,31,5,going
66458,14,3,31,5,coming
66460,17,6,17,9,going
66460,17,8,17,9,coming
66464,19,19,19,5,out
66464,11,8,11,2,going
66464,11,10,11,2,coming
66502,6,19,28,5,going
66502,19,19,19,5,coming
66504,16,12,39,2,out
66513,10,1,34,9,in
66513,10,11,34,9,out
66514,7,3,27,3,out
66514,7,5,27,3,in
66519,10,12,34,9,out
66530,1,19,1,5,in
66530,3,19,3,5,in
66541,10,2,34,9,coming
66542,7,4,27,3,going
66542,7,6,27,3,coming
66542,9,11,33,1,going
66542,9,18,33,1,coming
66542,9,19,33,1,coming
66549,9,10,33,1,out
66549,9,12,33,1,in
66549,9,12,33,1,going
66554,16,2,39,2,in
66558,14,1,31,5,out
66558,14,3,31,5,in
66560,17,6,17,9,out
66560,17,8,17,9,in
66564,11,8,11,2,out
66564,11,10,11,2,in
66571,0,1,25,4,coming
66582,16,1,39,2,going
66582,16,3,39,2,coming
66586,14,2,31,5,going
66586,14,4,31,5,coming
66588,17,7,17,9,going
66588,17,9,17,9,coming
66592,11,9,11,2,going
66592,11,11,11,2,coming
66602,6,19,28,5,out
66602,19,19,19,5,in
66609,1,19,1,5,going
66609,3,19,3,5,going
66640,6,19,28,5,coming
66641,10,2,34,9,in
66642,7,4,27,3,out
66642,7,6,27,3,in
66642,9,11,33,1,out
66642,9,18,33,1,in
66642,9,19,33,1,in
66649,9,12,33,1,out
66669,10,1,34,9,going
66669,10,3,34,9,coming
66670,7,5,27,3,going
66670,7,7,27,3,coming
66671,0,1,25,4,in
66672,9,18,33,1,going
66681,19,19,19,5,going
66682,16,1,39,2,out
66682,16,3,39,2,in
66686,14,2,31,5,out
66686,14,4,31,5,in
66688,17,7,17,9,out
66688,17,9,17,9,in
66692,11,9,11,2,out
66692,11,11,11,2,in
66699,0,2,25,4,coming
66709,1,19,1,5,out
66709,3,19,3,5,out
66710,16,2,39,2,going
66710,16,4,39,2,coming
66714,14,3,31,5,going
66714,14,5,31,5,coming
66716,17,8,17,9,going
66716,17,10,17,9,coming
66720,11,10,11,2,going
66720,11,12,11,2,coming
66740,6,19,28,5,in
66742,11,11,11,2,going
66742,11,1,11,2,coming
66747,1,19,1,5,coming
66747,3,19,3,5,coming
66769,10,1,34,9,out
66769,10,3,34,9,in
66770,7,5,27,3,out
66770,7,7,27,3,in
66772,9,18,33,1,out
66774,9,19,33,1,going
66774,9,1,33,1,coming
66781,19,19,19,5,out
66797,10,2,34,9,going
66797,10,4,34,9,coming
66798,7,6,27,3,going
66798,7,8,27,3,coming
66799,0,2,25,4,in
66810,16,2,39,2,out
66810,16,4,39,2,in
66814,14,3,31,5,out
66814,14,5,31,5,in
66816,17,8,17,9,out
66816,17,10,17,9,in
66819,6,19,28,5,going
66819,19,19,19,5,coming
66820,11,10,11,2,out
66820,11,12,11,2,in
66820,11,12,11,2,going
66827,0,1,25,4,going
66827,0,3,25,4,coming
66838,16,3,39,2,going
66838,16,5,39,2,coming
66842,11,1,11,2,in
66842,11,11,11,2,out
66842,14,4,31,5,going
66842,14,6,31,5,coming
66844,17,9,17,9,going
66844,17,11,17,9,coming
66847,1,19,1,5,in
66847,3,19,3,5,in
66870,11,2,11,2,coming
66874,9,1,33,1,in
66874,9,19,33,1,out
66897,10,2,34,9,out
66897,10,4,34,9,in
66898,7,6,27,3,out
66898,7,8,27,3,in
66902,9,2,33,1,coming
66919,6,19,28,5,out
66919,19,19,19,5,in
66920,11,12,11,2,out
66925,10,3,34,9,going
66925,10,5,34,9,coming
66926,1,19,1,5,going
66926,3,19,3,5,going
66926,7,7,27,3,going
66926,7,9,27,3,coming
66927,0,1,25,4,out
66927,0,3,25,4,in
66938,16,3,39,2,out
66938,16,5,39,2,in
66942,14,4,31,5,out
66942,14,6,31,5,in
66944,17,9,17,9,out
66944,17,11,17,9,in
66955,0,2,25,4,going
66955,0,4,25,4,coming
66957,6,19,28,5,coming
66966,16,4,39,2,going
66966,16,6,39,2,coming
66970,11,2,11,2,in
66970,14,5,31,5,going
66970,14,7,31,5,coming
66972,17,10,17,9,going
66972,17,12,17,9,coming
66998,11,1,11,2,going
66998,11,3,11,2,coming
66998,19,19,19,5,going
67002,9,2,33,1,in
67025,10,3,34,9,out
67025,10,5,34,9,in
67026,1,19,1,5,out
67026,3,19,3,5,out
67026,7,7,27,3,out
67026,7,9,27,3,in
67030,9,1,33,1,going
67030,9,3,33,1,coming
67053,10,4,34,9,going
67053,10,6,34,9,coming
67054,7,8,27,3,going
67055,0,2,25,4,out
67055,0,4,25,4,in
67057,6,19,28,5,in
67064,1,19,1,5,coming
67064,3,19,3,5,coming
67066,16,4,39,2,out
67066,16,6,39,2,in
67066,17,11,17,9,going
67066,17,1,17,9,coming
67070,14,5,31,5,out
67070,14,7,31,5,in
67072,17,10,17,9,out
67072,17,12,17,9,in
67072,17,12,17,9,going
67083,0,3,25,4,going
67083,0,5,25,4,coming
67094,16,5,39,2,going
67094,16,7,39,2,coming
67098,11,1,11,2,out
67098,11,3,11,2,in
67098,19,19,19,5,out
67098,14,6,31,5,going
67098,14,8,31,5,coming
67126,11,2,11,2,going
67126,11,4,11,2,coming
67130,9,1,33,1,out
67130,9,3,33,1,in
67136,6,19,28,5,going
67136,19,19,19,5,coming
67153,10,4,34,9,out
67153,10,6,34,9,in
67154,7,8,27,3,out
67158,9,2,33,1,going
67158,9,4,33,1,coming
67164,1,19,1,5,in
67164,3,19,3,5,in
67166,17,1,17,9,in
67166,17,11,17,9,out
67172,17,12,17,9,out
67181,10,5,34,9,going
67181,10,7,34,9,coming
67182,7,9,27,3,going
67183,0,3,25,4,out
67183,0,5,25,4,in
67194,16,5,39,2,out
67194,16,7,39,2,in
67194,17,2,17,9,coming
67198,14,6,31,5,out
67198,14,8,31,5,in
67211,0,4,25,4,going
67211,0,6,25,4,coming
67222,16,6,39,2,going
67222,16,8,39,2,coming
67226,11,2,11,2,out
67226,11,4,11,2,in
67226,14,7,31,5,going
67226,14,9,31,5,coming
67236,6,19,28,5,out
67236,19,19,19,5,in
67243,1,19,1,5,going
67243,3,19,3,5,going
67254,11,3,11,2,going
67254,11,5,11,2,coming
67258,9,2,33,1,out
67258,9,4,33,1,in
67274,6,19,28,5,coming
67281,10,5,34,9,out
67281,10,7,34,9,in
67282,7,9,27,3,out
67286,9,3,33,1,going
67286,9,5,33,1,coming
67294,17,2,17,9,in
67305,15,1,36,4,coming
67309,10,6,34,9,going
67309,10,8,34,9,coming
67310,7,12,27,3,coming
67311,0,4,25,4,out
67311,0,6,25,4,in
67315,19,19,19,5,going
67322,16,6,39,2,out
67322,16,8,39,2,in
67322,17,1,17,9,going
67322,17,3,17,9,coming
67326,14,7,31,5,out
67326,14,9,31,5,in
67339,0,5,25,4,going
67339,0,7,25,4,coming
67343,1,19,1,5,out
67343,3,19,3,5,out
67350,16,7,39,2,going
67350,16,9,39,2,coming
67354,11,3,11,2,out
67354,11,5,11,2,in
67354,14,8,31,5,going
67354,14,10,31,5,coming
67374,6,19,28,5,in
67381,1,19,1,5,coming
67381,3,19,3,5,coming
67382,11,4,11,2,going
67382,11,6,11,2,coming
67386,9,3,33,1,out
67386,9,5,33,1,in
67405,15,1,36,4,in
67409,10,6,34,9,out
67409,10,8,34,9,in
67410,7,12,27,3,in
67414,9,4,33,1,going
67414,9,6,33,1,coming
67415,19,19,19,5,out
67422,17,1,17,9,out
67422,17,3,17,9,in
67433,15,2,36,4,coming
67437,10,7,34,9,going
67437,10,9,34,9,coming
67438,7,13,27,3,coming
67439,0,5,25,4,out
67439,0,7,25,4,in
67450,16,7,39,2,out
67450,16,9,39,2,in
67450,17,2,17,9,going
67450,17,4,17,9,coming
67453,6,19,28,5,going
67453,19,19,19,5,coming
67454,14,8,31,5,out
67454,14,10,31,5,in
67467,0,6,25,4,going
67478,16,8,39,2,going
67478,16,10,39,2,coming
67481,1,19,1,5,in
67481,3,19,3,5,in
67482,11,4,11,2,out
67482,11,6,11,2,in
67482,14,9,31,5,going
67482,14,11,31,5,coming
67510,11,5,11,2,going
67510,11,7,11,2,coming
67514,9,4,33,1,out
67514,9,6,33,1,in
67533,15,2,36,4,in
67537,10,7,34,9,out
67537,10,9,34,9,in
67538,7,13,27,3,in
67542,9,5,33,1,going
67542,9,7,33,1,coming
67550,17,2,17,9,out
67550,17,4,17,9,in
67553,6,19,28,5,out
67553,19,19,19,5,in
67560,1,19,1,5,going
67560,3,19,3,5,going
67561,15,1,36,4,going
67561,15,3,36,4,coming
67565,10,8,34,9,going
67565,10,10,34,9,coming
67566,7,12,27,3,going
67566,7,14,27,3,coming
67567,0,6,25,4,out
67578,16,8,39,2,out
67578,16,10,39,2,in
67578,17,3,17,9,going
67578,17,5,17,9,coming
67582,14,9,31,5,out
67582,14,11,31,5,in
67591,6,19,28,5,coming
67595,0,7,25,4,going
67606,16,9,39,2,going
67606,16,11,39,2,coming
67610,11,5,11,2,out
67610,11,7,11,2,in
67610,14,10,31,5,going
67610,14,12,31,5,coming
67632,19,19,19,5,going
67638,11,6,11,2,going
67638,11,8,11,2,coming
67642,9,5,33,1,out
67642,9,7,33,1,in
67660,1,19,1,5,out
67660,3,19,3,5,out
67661,15,1,36,4,out
67661,15,3,36,4,in
67665,10,8,34,9,out
67665,10,10,34,9,in
67666,7,12,27,3,out
67666,7,14,27,3,in
67670,9,6,33,1,going
67670,9,8,33,1,coming
67678,17,3,17,9,out
67678,17,5,17,9,in
67689,15,2,36,4,going
67689,15,4,36,4,coming
67691,6,19,28,5,in
67693,10,9,34,9,going
67693,10,11,34,9,coming
67694,7,13,27,3,going
67694,7,15,27,3,coming
67695,0,7,25,4,out
67698,1,19,1,5,coming
67698,3,19,3,5,coming
67706,16,9,39,2,out
67706,16,11,39,2,in
67706,17,4,17,9,going
67706,17,6,17,9,coming
67710,14,10,31,5,out
67710,14,12,31,5,in
67732,19,19,19,5,out
67734,16,10,39,2,going
67734,16,12,39,2,coming
67738,11,6,11,2,out
67738,11,8,11,2,in
67738,14,11,31,5,going
67738,14,13,31,5,coming
67756,16,11,39,2,going
67756,16,1,39,2,coming
67766,11,7,11,2,going
67766,11,9,11,2,coming
67770,9,6,33,1,out
67770,9,8,33,1,in
67770,6,19,28,5,going
67770,19,19,19,5,coming
67789,15,2,36,4,out
67789,15,4,36,4,in
67793,10,9,34,9,out
67793,10,11,34,9,in
67794,7,13,27,3,out
67794,7,15,27,3,in
67798,1,19,1,5,in
67798,3,19,3,5,in
67798,9,7,33,1,going
67798,9,9,33,1,coming
67806,17,4,17,9,out
67806,17,6,17,9,in
67817,15,3,36,4,going
67817,15,5,36,4,coming
67821,10,10,34,9,going
67821,10,12,34,9,coming
67822,7,14,27,3,going
67822,7,16,27,3,coming
67834,16,10,39,2,out
67834,16,12,39,2,in
67834,16,12,39,2,going
67834,17,5,17,9,going
67834,17,7,17,9,coming
67838,14,11,31,5,out
67838,14,13,31,5,in
67856,16,1,39,2,in
67856,16,11,39,2,out
67866,11,7,11,2,out
67866,11,9,11,2,in
67866,14,12,31,5,going
67866,14,14,31,5,coming
67870,6,19,28,5,out
67870,19,19,19,5,in
67877,1,19,1,5,going
67877,3,19,3,5,going
67884,16,2,39,2,coming
67894,11,8,11,2,going
67894,11,10,11,2,coming
67898,9,7,33,1,out
67898,9,9,33,1,in
67908,6,19,28,5,coming
67915,10,11,34,9,going
67915,10,1,34,9,coming
67917,15,3,36,4,out
67917,15,5,36,4,in
67921,10,10,34,9,out
67921,10,12,34,9,in
67921,10,12,34,9,going
67922,7,14,27,3,out
67922,7,16,27,3,in
67926,9,8,33,1,going
67926,9,10,33,1,coming
67934,16,12,39,2,out
67934,17,5,17,9,out
67934,17,7,17,9,in
67945,15,4,36,4,going
67945,15,6,36,4,coming
67949,19,19,19,5,going
67950,7,15,27,3,going
67950,7,17,27,3,coming
67962,17,6,17,9,going
67962,17,8,17,9,coming
67966,14,12,31,5,out
67966,14,14,31,5,in
67977,1,19,1,5,out
67977,3,19,3,5,out
67984,16,2,39,2,in
67994,11,8,11,2,out
67994,11,10,11,2,in
67994,14,13,31,5,going
67994,14,15,31,5,coming
68008,6,19,28,5,in
68012,16,1,39,2,going
68012,16,3,39,2,coming
68015,10,1,34,9,in
68015,10,11,34,9,out
68015,1,19,1,5,coming
68015,3,19,3,5,coming
68021,10,12,34,9,out
68022,11,9,11,2,going
68022,11,11,11,2,coming
68026,9,8,33,1,out
68026,9,10,33,1,in
68033,7,0,27,3,out
68033,7,1,27,3,out
68033,7,2,27,3,out
68033,7,3,27,3,out
68033,7,4,27,3,out
68033,7,5,27,3,out
68033,7,6,27,3,out
68033,7,7,27,3,out
68033,7,8,27,3,out
68033,7,9,27,3,out
68033,7,10,27,3,out
68033,7,11,27,3,out
68033,7,12,27,3,out
68033,7,13,27,3,out
68033,7,14,27,3,out
68033,7,15,27,3,out
68033,7,16,27,3,out
68033,7,17,27,3,out
68033,7,18,27,3,out
68033,7,19,27,3,out
68043,10,2,34,9,coming
68045,15,4,36,4,out
68045,15,6,36,4,in
68049,19,19,19,5,out
68054,9,9,33,1,going
68054,9,11,33,1,coming
68062,17,6,17,9,out
68062,17,8,17,9,in
68073,15,5,36,4,going
68073,15,7,36,4,coming
68087,6,19,28,5,going
68087,19,19,19,5,coming
68090,17,7,17,9,going
68090,17,9,17,9,coming
68094,14,13,31,5,out
68094,14,15,31,5,in
68112,16,1,39,2,out
68112,16,3,39,2,in
68115,1,19,1,5,in
68115,3,19,3,5,in
68122,11,9,11,2,out
68122,11,11,11,2,in
68122,14,14,31,5,going
68140,16,2,39,2,going
68140,16,4,39,2,coming
68143,10,2,34,9,in
68150,11,10,11,2,going
68150,11,12,11,2,coming
68154,9,9,33,1,out
68154,9,11,33,1,in
68171,10,1,34,9,going
68171,10,3,34,9,coming
68172,11,11,11,2,going
68172,11,1,11,2,coming
68173,15,5,36,4,out
68173,15,7,36,4,in
68182,9,10,33,1,going
68182,9,12,33,1,coming
68187,6,19,28,5,out
68187,19,19,19,5,in
68190,17,7,17,9,out
68190,17,9,17,9,in
68194,1,19,1,5,going
68194,3,19,3,5,going
68201,15,6,36,4,going
68218,17,8,17,9,going
68218,17,10,17,9,coming
68222,14,14,31,5,out
68225,6,19,28,5,coming
68240,16,2,39,2,out
68240,16,4,39,2,in
68250,11,10,11,2,out
68250,11,12,11,2,in
68250,11,12,11,2,going
68250,14,15,31,5,going
68266,19,19,19,5,going
68268,16,3,39,2,going
68268,16,5,39,2,coming
68271,10,1,34,9,out
68271,10,3,34,9,in
68272,11,1,11,2,in
68272,11,11,11,2,out
68282,9,10,33,1,out
68282,9,12,33,1,in
68294,1,19,1,5,out
68294,3,19,3,5,out
68299,10,2,34,9,going
68299,10,4,34,9,coming
68300,11,2,11,2,coming
68301,15,6,36,4,out
68310,9,11,33,1,going
68310,9,13,33,1,coming
68318,17,8,17,9,out
68318,17,10,17,9,in
68325,6,19,28,5,in
68329,15,7,36,4,going
68332,1,19,1,5,coming
68332,3,19,3,5,coming
68346,17,9,17,9,going
68346,17,11,17,9,coming
68350,11,12,11,2,out
68350,14,15,31,5,out
68366,19,19,19,5,out
68368,16,3,39,2,out
68368,16,5,39,2,in
68396,16,4,39,2,going
68396,16,6,39,2,coming
68399,10,2,34,9,out
68399,10,4,34,9,in
68400,11,2,11,2,in
68404,6,19,28,5,going
68404,19,19,19,5,coming
68410,9,11,33,1,out
68410,9,13,33,1,in
68427,10,3,34,9,going
68427,10,5,34,9,coming
68428,11,1,11,2,going
68428,11,3,11,2,coming
68429,15,7,36,4,out
68432,1,19,1,5,in
68432,3,19,3,5,in
68438,9,12,33,1,going
68438,9,14,33,1,coming
68446,17,9,17,9,out
68446,17,11,17,9,in
68474,17,10,17,9,going
68474,17,12,17,9,coming
68496,16,4,39,2,out
68496,16,6,39,2,in
68504,6,19,28,5,out
68504,19,19,19,5,in
68506,14,19,31,5,coming
68511,1,19,1,5,going
68511,3,19,3,5,going
68524,16,5,39,2,going
68524,16,7,39,2,coming
68527,10,3,34,9,out
68527,10,5,34,9,in
68528,11,1,11,2,out
68528,11,3,11,2,in
68538,9,12,33,1,out
68538,9,14,33,1,in
68542,6,19,28,5,coming
68555,10,4,34,9,going
68555,10,6,34,9,coming
68556,11,2,11,2,going
68556,11,4,11,2,coming
68566,9,13,33,1,going
68566,9,15,33,1,coming
68568,17,11,17,9,going
68568,17,1,17,9,coming
68574,17,10,17,9,out
68574,17,12,17,9,in
68574,17,12,17,9,going
68583,19,19,19,5,going
68606,14,19,31,5,in
68611,1,19,1,5,out
68611,3,19,3,5,out
68624,16,5,39,2,out
68624,16,7,39,2,in
68642,6,19,28,5,in
68649,1,19,1,5,coming
68649,3,19,3,5,coming
68652,16,6,39,2,going
68652,16,8,39,2,coming
68655,10,4,34,9,out
68655,10,6,34,9,in
68656,11,2,11,2,out
68656,11,4,11,2,in
68666,9,13,33,1,out
68666,9,15,33,1,in
68668,17,1,17,9,in
68668,17,11,17,9,out
68674,17,12,17,9,out
68683,19,19,19,5,out
68683,10,5,34,9,going
68683,10,7,34,9,coming
68684,11,3,11,2,going
68684,11,5,11,2,coming
68685,14,19,31,5,going
68694,9,14,33,1,going
68694,9,16,33,1,coming
68696,17,2,17,9,coming
68721,6,19,28,5,going
68721,19,19,19,5,coming
68749,1,19,1,5,in
68749,3,19,3,5,in
68752,16,6,39,2,out
68752,16,8,39,2,in
68780,16,7,39,2,going
68780,16,9,39,2,coming
68783,10,5,34,9,out
68783,10,7,34,9,in
68784,11,3,11,2,out
68784,11,5,11,2,in
68785,14,19,31,5,out
68794,9,14,33,1,out
68794,9,16,33,1,in
68796,17,2,17,9,in
68811,10,6,34,9,going
68811,10,8,34,9,coming
68812,11,4,11,2,going
68812,11,6,11,2,coming
68821,6,19,28,5,out
68821,19,19,19,5,in
68822,9,15,33,1,going
68822,9,17,33,1,coming
68823,14,19,31,5,coming
68824,17,1,17,9,going
68824,17,3,17,9,coming
68828,1,19,1,5,going
68828,3,19,3,5,going
68859,6,19,28,5,coming
68880,16,7,39,2,out
68880,16,9,39,2,in
68901,19,19,19,5,going
68901,19,0,19,5,coming
68901,19,1,19,5,coming
68908,16,8,39,2,going
68908,16,10,39,2,coming
68911,10,6,34,9,out
68911,10,8,34,9,in
68912,11,4,11,2,out
68912,11,6,11,2,in
68922,9,15,33,1,out
68922,9,17,33,1,in
68923,14,19,31,5,in
68924,17,1,17,9,out
68924,17,3,17,9,in
68928,1,19,1,5,out
68928,3,19,3,5,out
68939,10,7,34,9,going
68939,10,9,34,9,coming
68940,11,5,11,2,going
68940,11,7,11,2,coming
68950,9,16,33,1,going
68950,9,18,33,1,coming
68952,17,2,17,9,going
68952,17,4,17,9,coming
68959,6,19,28,5,in
68966,1,19,1,5,coming
68966,3,19,3,5,coming
69001,19,0,19,5,in
69001,19,1,19,5,in
69001,19,19,19,5,out
69002,14,19,31,5,going
69008,16,8,39,2,out
69008,16,10,39,2,in
69036,16,9,39,2,going
69036,16,11,39,2,coming
69038,6,19,28,5,going
69039,10,7,34,9,out
69039,10,9,34,9,in
69040,11,5,11,2,out
69040,11,7,11,2,in
69050,9,16,33,1,out
69050,9,18,33,1,in
69052,17,2,17,9,out
69052,17,4,17,9,in
69066,1,19,1,5,in
69066,3,19,3,5,in
69067,10,8,34,9,going
69067,10,10,34,9,coming
69068,11,6,11,2,going
69068,11,8,11,2,coming
69078,9,17,33,1,going
69078,9,19,33,1,coming
69080,17,3,17,9,going
69080,17,5,17,9,coming
69102,14,19,31,5,out
69129,19,0,19,5,going
69129,19,2,19,5,coming
69136,16,9,39,2,out
69136,16,11,39,2,in
69138,6,19,28,5,out
69140,14,19,31,5,coming
69145,3,19,3,5,going
69146,1,19,1,5,going
69146,1,0,1,5,coming
69146,1,1,1,5,coming
69164,16,10,39,2,going
69164,16,12,39,2,coming
69167,10,8,34,9,out
69167,10,10,34,9,in
69168,11,6,11,2,out
69168,11,8,11,2,in
69176,6,19,28,5,coming
69176,9,18,33,1,going
69178,9,17,33,1,out
69178,9,19,33,1,in
69179,9,19,33,1,going
69179,9,1,33,1,coming
69180,17,3,17,9,out
69180,17,5,17,9,in
69186,16,11,39,2,going
69186,16,1,39,2,coming
69195,10,9,34,9,going
69195,10,11,34,9,coming
69196,11,7,11,2,going
69196,11,9,11,2,coming
69208,17,4,17,9,going
69208,17,6,17,9,coming
69229,19,0,19,5,out
69229,19,2,19,5,in
69240,14,19,31,5,in
69245,3,19,3,5,out
69246,1,0,1,5,in
69246,1,1,1,5,in
69246,1,19,1,5,out
69257,19,1,19,5,going
69257,19,3,19,5,coming
69264,16,10,39,2,out
69264,16,12,39,2,in
69264,16,12,39,2,going
69276,6,19,28,5,in
69276,9,18,33,1,out
69279,9,1,33,1,in
69279,9,19,33,1,out
69283,3,19,3,5,coming
69286,16,1,39,2,in
69286,16,11,39,2,out
69295,10,9,34,9,out
69295,10,11,34,9,in
69296,11,7,11,2,out
69296,11,9,11,2,in
69307,9,2,33,1,coming
69308,17,4,17,9,out
69308,17,6,17,9,in
69314,16,2,39,2,coming
69319,14,19,31,5,going
69323,10,10,34,9,going
69323,10,12,34,9,coming
69324,11,8,11,2,going
69324,11,10,11,2,coming
69336,17,5,17,9,going
69336,17,7,17,9,coming
69356,6,19,28,5,going
69356,6,1,28,5,coming
69357,19,1,19,5,out
69357,19,3,19,5,in
69364,16,12,39,2,out
69374,1,0,1,5,going
69374,1,2,1,5,coming
69383,3,19,3,5,in
69385,19,2,19,5,going
69385,19,4,19,5,coming
69407,9,2,33,1,in
69414,16,2,39,2,in
69417,10,11,34,9,going
69417,10,1,34,9,coming
69419,14,19,31,5,out
69423,10,10,34,9,out
69423,10,12,34,9,in
69423,10,12,34,9,going
69424,11,8,11,2,out
69424,11,10,11,2,in
69435,9,1,33,1,going
69435,9,3,33,1,coming
69436,17,5,17,9,out
69436,17,7,17,9,in
69442,16,1,39,2,going
69442,16,3,39,2,coming
69452,11,9,11,2,going
69452,11,11,11,2,coming
69456,6,1,28,5,in
69456,6,19,28,5,out
69457,14,19,31,5,coming
69462,3,19,3,5,going
69464,17,6,17,9,going
69464,17,8,17,9,coming
69474,1,0,1,5,out
69474,1,2,1,5,in
69484,6,2,28,5,coming
69485,19,2,19,5,out
69485,19,4,19,5,in
69502,1,1,1,5,going
69502,1,3,1,5,coming
69513,19,3,19,5,going
69513,19,5,19,5,coming
69517,10,1,34,9,in
69517,10,11,34,9,out
69523,10,12,34,9,out
69535,9,1,33,1,out
69535,9,3,33,1,in
69542,16,1,39,2,out
69542,16,3,39,2,in
69545,10,2,34,9,coming
69552,11,9,11,2,out
69552,11,11,11,2,in
69557,14,19,31,5,in
69562,3,19,3,5,out
69563,9,2,33,1,going
69563,9,4,33,1,coming
69564,17,6,17,9,out
69564,17,8,17,9,in
69570,16,2,39,2,going
69570,16,4,39,2,coming
69580,11,10,11,2,going
69580,11,12,11,2,coming
69584,6,2,28,5,in
69592,17,7,17,9,going
69592,17,9,17,9,coming
69600,3,19,3,5,coming
69602,1,1,1,5,out
69602,1,3,1,5,in
69602,11,11,11,2,going
69602,11,1,11,2,coming
69612,6,1,28,5,going
69612,6,3,28,5,coming
69613,19,3,19,5,out
69613,19,5,19,5,in
69630,1,2,1,5,going
69630,1,4,1,5,coming
69636,14,19,31,5,going
69641,19,4,19,5,going
69641,19,6,19,5,coming
69645,10,2,34,9,in
69663,9,2,33,1,out
69663,9,4,33,1,in
69670,16,2,39,2,out
69670,16,4,39,2,in
69673,10,1,34,9,going
69673,10,3,34,9,coming
69680,11,10,11,2,out
69680,11,12,11,2,in
69680,11,12,11,2,going
69691,9,3,33,1,going
69691,9,5,33,1,coming
69692,17,7,17,9,out
69692,17,9,17,9,in
69698,16,3,39,2,going
69698,16,5,39,2,coming
69700,3,19,3,5,in
69702,11,1,11,2,in
69702,11,11,11,2,out
69712,6,1,28,5,out
69712,6,3,28,5,in
69720,17,8,17,9,going
69720,17,10,17,9,coming
69730,1,2,1,5,out
69730,1,4,1,5,in
69730,11,2,11,2,coming
69736,14,19,31,5,out
69740,6,2,28,5,going
69740,6,4,28,5,coming
69741,19,4,19,5,out
69741,19,6,19,5,in
69758,1,3,1,5,going
69758,1,5,1,5,coming
69769,19,5,19,5,going
69769,19,7,19,5,coming
69773,10,1,34,9,out
69773,10,3,34,9,in
69774,14,19,31,5,coming
69779,3,19,3,5,going
69780,11,12,11,2,out
69791,9,3,33,1,out
69791,9,5,33,1,in
69798,16,3,39,2,out
69798,16,5,39,2,in
69801,10,2,34,9,going
69801,10,4,34,9,coming
69819,9,4,33,1,going
69819,9,6,33,1,coming
69820,17,8,17,9,out
69820,17,10,17,9,in
69826,16,4,39,2,going
69826,16,6,39,2,coming
69830,11,2,11,2,in
69840,6,2,28,5,out
69840,6,4,28,5,in
69848,17,9,17,9,going
69848,17,11,17,9,coming
69858,1,3,1,5,out
69858,1,5,1,5,in
69858,11,1,11,2,going
69858,11,3,11,2,coming
69868,6,3,28,5,going
69868,6,5,28,5,coming
69869,19,5,19,5,out
69869,19,7,19,5,in
69874,14,19,31,5,in
69879,3,19,3,5,out
69886,1,4,1,5,going
69886,1,6,1,5,coming
69897,19,6,19,5,going
69897,19,8,19,5,coming
69901,10,2,34,9,out
69901,10,4,34,9,in
69917,3,19,3,5,coming
69919,9,4,33,1,out
69919,9,6,33,1,in
69926,16,4,39,2,out
69926,16,6,39,2,in
69929,10,3,34,9,going
69929,10,5,34,9,coming
69947,9,5,33,1,going
69947,9,7,33,1,coming
69948,17,9,17,9,out
69948,17,11,17,9,in
69953,14,19,31,5,going
69954,16,5,39,2,going
69954,16,7,39,2,coming
69958,11,1,11,2,out
69958,11,3,11,2,in
69968,6,3,28,5,out
69968,6,5,28,5,in
69976,17,10,17,9,going
69976,17,12,17,9,coming
69986,1,4,1,5,out
69986,1,6,1,5,in
69986,11,2,11,2,going
69986,11,4,11,2,coming
69996,6,4,28,5,going
69996,6,6,28,5,coming
69997,19,6,19,5,out
69997,19,8,19,5,in
70014,1,5,1,5,going
70014,1,7,1,5,coming
70017,3,19,3,5,in
70025,19,7,19,5,going
70025,19,9,19,5,coming
70029,10,3,34,9,out
70029,10,5,34,9,in
70047,9,5,33,1,out
70047,9,7,33,1,in
70053,14,19,31,5,out
70054,16,5,39,2,out
70054,16,7,39,2,in
70057,10,4,34,9,going
70057,10,6,34,9,coming
70070,17,11,17,9,going
70070,17,1,17,9,coming
70075,9,6,33,1,going
70075,9,8,33,1,coming
70076,17,10,17,9,out
70076,17,12,17,9,in
70076,17,12,17,9,going
70082,16,6,39,2,going
70082,16,8,39,2,coming
70086,11,2,11,2,out
70086,11,4,11,2,in
70091,14,19,31,5,coming
70096,6,4,28,5,out
70096,6,6,28,5,in
70096,3,19,3,5,going
70114,1,5,1,5,out
70114,1,7,1,5,in
70114,11,3,11,2,going
70114,11,5,11,2,coming
70124,6,5,28,5,going
70124,6,7,28,5,coming
70125,19,7,19,5,out
70125,19,9,19,5,in
70142,1,6,1,5,going
70142,1,8,1,5,coming
70153,19,8,19,5,going
70153,19,10,19,5,coming
70157,10,4,34,9,out
70157,10,6,34,9,in
70170,17,1,17,9,in
70170,17,11,17,9,out
70175,9,6,33,1,out
70175,9,8,33,1,in
70176,17,12,17,9,out
70182,16,6,39,2,out
70182,16,8,39,2,in
70185,10,5,34,9,going
70185,10,7,34,9,coming
70191,14,19,31,5,in
70196,3,19,3,5,out
70198,17,2,17,9,coming
70203,9,7,33,1,going
70203,9,9,33,1,coming
70210,16,7,39,2,going
70210,16,9,39,2,coming
70214,11,3,11,2,out
70214,11,5,11,2,in
70224,6,5,28,5,out
70224,6,7,28,5,in
70234,3,19,3,5,coming
70242,1,6,1,5,out
70242,1,8,1,5,in
70242,11,4,11,2,going
70242,11,6,11,2,coming
70252,6,6,28,5,going
70252,6,8,28,5,coming
70253,19,8,19,5,out
70253,19,10,19,5,in
70270,1,7,1,5,going
70270,1,9,1,5,coming
70270,14,19,31,5,going
70281,19,9,19,5,going
70281,19,11,19,5,coming
70285,10,5,34,9,out
70285,10,7,34,9,in
70298,17,2,17,9,in
70303,9,7,33,1,out
70303,9,9,33,1,in
70310,16,7,39,2,out
70310,16,9,39,2,in
70313,10,6,34,9,going
70313,10,8,34,9,coming
70326,17,1,17,9,going
70326,17,3,17,9,coming
70331,9,8,33,1,going
70331,9,10,33,1,coming
70334,3,19,3,5,in
70338,16,8,39,2,going
70338,16,10,39,2,coming
70342,11,4,11,2,out
70342,11,6,11,2,in
70352,6,6,28,5,out
70352,6,8,28,5,in
70370,1,7,1,5,out
70370,1,9,1,5,in
70370,14,19,31,5,out
70370,11,5,11,2,going
70370,11,7,11,2,coming
70380,6,7,28,5,going
70380,6,9,28,5,coming
70381,19,9,19,5,out
70381,19,11,19,5,in
70398,1,8,1,5,going
70398,1,10,1,5,coming
70408,14,19,31,5,coming
70409,19,10,19,5,going
70409,19,12,19,5,coming
70413,10,6,34,9,out
70413,10,8,34,9,in
70414,3,19,3,5,going
70414,3,0,3,5,coming
70414,3,1,3,5,coming
70426,17,1,17,9,out
70426,17,3,17,9,in
70431,9,8,33,1,out
70431,9,10,33,1,in
70438,16,8,39,2,out
70438,16,10,39,2,in
70441,10,7,34,9,going
70441,10,9,34,9,coming
70454,17,2,17,9,going
70454,17,4,17,9,coming
70459,9,9,33,1,going
70459,9,11,33,1,coming
70466,16,9,39,2,going
70466,16,11,39,2,coming
70470,11,5,11,2,out
70470,11,7,11,2,in
70480,6,7,28,5,out
70480,6,9,28,5,in
70498,1,8,1,5,out
70498,1,10,1,5,in
70498,11,6,11,2,going
70498,11,8,11,2,coming
70508,14,19,31,5,in
70508,6,8,28,5,going
70509,19,10,19,5,out
70509,19,12,19,5,in
70514,3,0,3,5,in
70514,3,1,3,5,in
70514,3,19,3,5,out
70526,1,9,1,5,going
70526,1,11,1,5,coming
70537,19,11,19,5,going
70537,19,13,19,5,coming
70541,10,7,34,9,out
70541,10,9,34,9,in
70554,17,2,17,9,out
70554,17,4,17,9,in
70559,9,9,33,1,out
70559,9,11,33,1,in
70566,16,9,39,2,out
70566,16,11,39,2,in
70569,10,8,34,9,going
70569,10,10,34,9,coming
70582,17,3,17,9,going
70582,17,5,17,9,coming
70587,9,10,33,1,going
70587,9,12,33,1,coming
70587,14,19,31,5,going
70594,16,10,39,2,going
70594,16,12,39,2,coming
70598,11,6,11,2,out
70598,11,8,11,2,in
70608,6,8,28,5,out
70616,16,11,39,2,going
70616,16,1,39,2,coming
70626,1,9,1,5,out
70626,1,11,1,5,in
70626,11,7,11,2,going
70626,11,9,11,2,coming
70636,6,9,28,5,going
70637,19,11,19,5,out
70637,19,13,19,5,in
70642,3,0,3,5,going
70642,3,2,3,5,coming
70654,1,10,1,5,going
70654,1,12,1,5,coming
70665,19,12,19,5,going
70665,19,14,19,5,coming
70669,10,8,34,9,out
70669,10,10,34,9,in
70680,9,11,33,1,going
70680,9,18,33,1,coming
70680,9,19,33,1,coming
70682,17,3,17,9,out
70682,17,5,17,9,in
70687,9,10,33,1,out
70687,9,12,33,1,in
70687,14,19,31,5,out
70687,9,12,33,1,going
70694,16,10,39,2,out
70694,16,12,39,2,in
70694,16,12,39,2,going
70697,10,9,34,9,going
70697,10,11,34,9,coming
70710,17,4,17,9,going
70710,17,6,17,9,coming
70716,16,1,39,2,in
70716,16,11,39,2,out
70725,14,19,31,5,coming
70726,11,7,11,2,out
70726,11,9,11,2,in
70736,6,9,28,5,out
70742,3,0,3,5,out
70742,3,2,3,5,in
70744,16,2,39,2,coming
70754,1,10,1,5,out
70754,1,12,1,5,in
70754,11,8,11,2,going
70754,11,10,11,2,coming
70764,6,12,28,5,coming
70765,19,12,19,5,out
70765,19,14,19,5,in
70770,3,1,3,5,going
70770,3,3,3,5,coming
70780,9,11,33,1,out
70780,9,18,33,1,in
70780,9,19,33,1,in
70782,1,11,1,5,going
70782,1,13,1,5,coming
70787,9,12,33,1,out
70793,19,13,19,5,going
70793,19,15,19,5,coming
70794,16,12,39,2,out
70797,10,9,34,9,out
70797,10,11,34,9,in
70810,17,4,17,9,out
70810,17,6,17,9,in
70810,9,18,33,1,going
70825,14,19,31,5,in
70825,10,10,34,9,going
70825,10,12,34,9,coming
70838,17,5,17,9,going
70838,17,7,17,9,coming
70844,16,2,39,2,in
70854,11,8,11,2,out
70854,11,10,11,2,in
70864,6,12,28,5,in
70870,3,1,3,5,out
70870,3,3,3,5,in
70872,16,1,39,2,going
70872,16,3,39,2,coming
70882,1,11,1,5,out
70882,1,13,1,5,in
70882,11,9,11,2,going
70882,11,11,11,2,coming
70892,6,13,28,5,coming
70893,19,13,19,5,out
70893,19,15,19,5,in
70898,3,2,3,5,going
70898,3,4,3,5,coming
70904,14,19,31,5,going
70910,9,18,33,1,out
70910,1,12,1,5,going
70910,1,14,1,5,coming
70912,9,19,33,1,going
70912,9,1,33,1,coming
70919,10,11,34,9,going
70919,10,1,34,9,coming
70921,19,14,19,5,going
70925,10,10,34,9,out
70925,10,12,34,9,in
70925,10,12,34,9,going
70938,17,5,17,9,out
70938,17,7,17,9,in
70966,17,6,17,9,going
70966,17,8,17,9,coming
70972,16,1,39,2,out
70972,16,3,39,2,in
70976,15,1,36,4,coming
70982,11,9,11,2,out
70982,11,11,11,2,in
70992,6,13,28,5,in
70998,3,2,3,5,out
70998,3,4,3,5,in
71000,16,2,39,2,going
71000,16,4,39,2,coming
71004,14,19,31,5,out
71010,1,12,1,5,out
71010,1,14,1,5,in
71010,11,10,11,2,going
71010,11,12,11,2,coming
71012,9,1,33,1,in
71012,9,19,33,1,out
71019,10,1,34,9,in
71019,10,11,34,9,out
71020,6,12,28,5,going
71020,6,14,28,5,coming
71021,19,14,19,5,out
71025,10,12,34,9,out
71026,3,3,3,5,going
71026,3,5,3,5,coming
71032,11,11,11,2,going
71032,11,1,11,2,coming
71038,1,13,1,5,going
71038,1,15,1,5,coming
71040,9,2,33,1,coming
71042,14,19,31,5,coming
71047,10,2,34,9,coming
71049,19,15,19,5,going
71066,17,6,17,9,out
71066,17,8,17,9,in
71076,15,1,36,4,in
71094,17,7,17,9,going
71094,17,9,17,9,coming
71100,16,2,39,2,out
71100,16,4,39,2,in
71104,15,2,36,4,coming
71110,11,10,11,2,out
71110,11,12,11,2,in
71110,11,12,11,2,going
71120,6,12,28,5,out
71120,6,14,28,5,in
71126,3,3,3,5,out
71126,3,5,3,5,in
71128,16,3,39,2,going
71128,16,5,39,2,coming
71132,11,1,11,2,in
71132,11,11,11,2,out
71138,1,13,1,5,out
71138,1,15,1,5,in
71140,9,2,33,1,in
71142,14,19,31,5,in
71147,10,2,34,9,in
71148,6,13,28,5,going
71148,6,15,28,5,coming
71149,19,15,19,5,out
71154,3,4,3,5,going
71154,3,6,3,5,coming
71160,11,2,11,2,coming
71166,1,14,1,5,going
71168,9,1,33,1,going
71168,9,3,33,1,coming
71175,10,1,34,9,going
71175,10,3,34,9,coming
71194,17,7,17,9,out
71194,17,9,17,9,in
71204,15,2,36,4,in
71210,11,12,11,2,out
71221,14,19,31,5,going
71222,17,8,17,9,going
71222,17,10,17,9,coming
71228,16,3,39,2,out
71228,16,5,39,2,in
71232,15,1,36,4,going
71232,15,3,36,4,coming
71248,6,13,28,5,out
71248,6,15,28,5,in
71254,3,4,3,5,out
71254,3,6,3,5,in
71256,16,4,39,2,going
71256,16,6,39,2,coming
71260,11,2,11,2,in
71266,1,14,1,5,out
71268,9,1,33,1,out
71268,9,3,33,1,in
71275,10,1,34,9,out
71275,10,3,34,9,in
71276,6,14,28,5,going
71282,3,5,3,5,going
71282,3,7,3,5,coming
71288,11,1,11,2,going
71288,11,3,11,2,coming
71294,1,15,1,5,going
71296,9,2,33,1,going
71296,9,4,33,1,coming
71303,10,2,34,9,going
71303,10,4,34,9,coming
71305,19,19,19,5,coming
71321,14,19,31,5,out
71322,17,8,17,9,out
71322,17,10,17,9,in
71332,15,1,36,4,out
71332,15,3,36,4,in
71350,17,9,17,9,going
71350,17,11,17,9,coming
71356,16,4,39,2,out
71356,16,6,39,2,in
71359,14,19,31,5,coming
71360,15,2,36,4,going
71360,15,4,36,4,coming
71376,6,14,28,5,out
71382,3,5,3,5,out
71382,3,7,3,5,in
71384,16,5,39,2,going
71384,16,7,39,2,coming
71388,11,1,11,2,out
71388,11,3,11,2,in
71394,1,15,1,5,out
71396,9,2,33,1,out
71396,9,4,33,1,in
71403,10,2,34,9,out
71403,10,4,34,9,in
71404,6,15,28,5,going
71405,19,19,19,5,in
71410,3,6,3,5,going
71410,3,8,3,5,coming
71416,11,2,11,2,going
71416,11,4,11,2,coming
71424,9,3,33,1,going
71424,9,5,33,1,coming
71431,10,3,34,9,going
71431,10,5,34,9,coming
71450,17,9,17,9,out
71450,17,11,17,9,in
71459,14,19,31,5,in
71460,15,2,36,4,out
71460,15,4,36,4,in
71478,17,10,17,9,going
71478,17,12,17,9,coming
71484,16,5,39,2,out
71484,16,7,39,2,in
71484,19,19,19,5,going
71488,15,3,36,4,going
71488,15,5,36,4,coming
71504,6,15,28,5,out
71510,3,6,3,5,out
71510,3,8,3,5,in
71512,16,6,39,2,going
71512,16,8,39,2,coming
71516,11,2,11,2,out
71516,11,4,11,2,in
71524,9,3,33,1,out
71524,9,5,33,1,in
71531,10,3,34,9,out
71531,10,5,34,9,in
71538,3,7,3,5,going
71538,3,9,3,5,coming
71538,14,19,31,5,going
71544,11,3,11,2,going
71544,11,5,11,2,coming
71550,1,19,1,5,coming
71552,9,4,33,1,going
71552,9,6,33,1,coming
71559,10,4,34,9,going
71559,10,6,34,9,coming
71572,17,11,17,9,going
71572,17,1,17,9,coming
71578,17,10,17,9,out
71578,17,12,17,9,in
71578,17,12,17,9,going
71584,19,19,19,5,out
71588,15,3,36,4,out
71588,15,5,36,4,in
71612,16,6,39,2,out
71612,16,8,39,2,in
71616,15,4,36,4,going
71616,15,6,36,4,coming
71622,19,19,19,5,coming
71638,3,7,3,5,out
71638,3,9,3,5,in
71638,14,19,31,5,out
71640,16,7,39,2,going
71640,16,9,39,2,coming
71644,11,3,11,2,out
71644,11,5,11,2,in
71650,1,19,1,5,in
71652,9,4,33,1,out
71652,9,6,33,1,in
71659,10,4,34,9,out
71659,10,6,34,9,in
71660,6,19,28,5,coming
71666,3,8,3,5,going
71666,3,10,3,5,coming
71672,17,1,17,9,in
71672,17,11,17,9,out
71672,11,4,11,2,going
71672,11,6,11,2,coming
71676,14,19,31,5,coming
71678,17,12,17,9,out
71680,9,5,33,1,going
71680,9,7,33,1,coming
71687,10,5,34,9,going
71687,10,7,34,9,coming
71700,17,2,17,9,coming
71716,15,4,36,4,out
71716,15,6,36,4,in
71722,19,19,19,5,in
71729,1,19,1,5,going
71740,16,7,39,2,out
71740,16,9,39,2,in
71744,15,5,36,4,going
71744,15,7,36,4,coming
71760,6,19,28,5,in
71761,0,1,25,4,coming
71766,3,8,3,5,out
71766,3,10,3,5,in
71768,16,8,39,2,going
71768,16,10,39,2,coming
71772,11,4,11,2,out
71772,11,6,11,2,in
71776,14,19,31,5,in
71780,9,5,33,1,out
71780,9,7,33,1,in
71787,10,5,34,9,out
71787,10,7,34,9,in
71794,3,9,3,5,going
71794,3,11,3,5,coming
71800,17,2,17,9,in
71800,11,5,11,2,going
71800,11,7,11,2,coming
71801,19,19,19,5,going
71808,9,6,33,1,going
71808,9,8,33,1,coming
71815,10,6,34,9,going
71815,10,8,34,9,coming
71828,17,1,17,9,going
71828,17,3,17,9,coming
71829,1,19,1,5,out
71839,6,19,28,5,going
71844,15,5,36,4,out
71844,15,7,36,4,in
71855,14,19,31,5,going
71861,0,1,25,4,in
71867,1,19,1,5,coming
71868,16,8,39,2,out
71868,16,10,39,2,in
71872,15,6,36,4,going
71889,0,2,25,4,coming
71894,3,9,3,5,out
71894,3,11,3,5,in
71896,16,9,39,2,going
71896,16,11,39,2,coming
71900,11,5,11,2,out
71900,11,7,11,2,in
71901,19,19,19,5,out
71908,9,6,33,1,out
71908,9,8,33,1,in
71915,10,6,34,9,out
71915,10,8,34,9,in
71922,3,10,3,5,going
71922,3,12,3,5,coming
71928,17,1,17,9,out
71928,17,3,17,9,in
71928,11,6,11,2,going
71928,11,8,11,2,coming
71936,9,7,33,1,going
71936,9,9,33,1,coming
71939,6,19,28,5,out
71939,19,19,19,5,coming
71943,10,7,34,9,going
71943,10,9,34,9,coming
71955,14,19,31,5,out
71956,17,2,17,9,going
71956,17,4,17,9,coming
71967,1,19,1,5,in
71972,15,6,36,4,out
71977,6,19,28,5,coming
71989,0,2,25,4,in
71993,14,19,31,5,coming
71996,16,9,39,2,out
71996,16,11,39,2,in
72000,15,7,36,4,going
72017,0,1,25,4,going
72017,0,3,25,4,coming
72022,3,10,3,5,out
72022,3,12,3,5,in
72024,16,10,39,2,going
72024,16,12,39,2,coming
72028,11,6,11,2,out
72028,11,8,11,2,in
72036,9,7,33,1,out
72036,9,9,33,1,in
72039,19,19,19,5,in
72043,10,7,34,9,out
72043,10,9,34,9,in
72046,1,19,1,5,going
72046,16,11,39,2,going
72046,16,1,39,2,coming
72050,3,11,3,5,going
72050,3,13,3,5,coming
72056,17,2,17,9,out
72056,17,4,17,9,in
72056,11,7,11,2,going
72056,11,9,11,2,coming
72064,9,8,33,1,going
72064,9,10,33,1,coming
72071,10,8,34,9,going
72071,10,10,34,9,coming
72077,6,19,28,5,in
72084,17,3,17,9,going
72084,17,5,17,9,coming
72093,14,19,31,5,in
72100,15,7,36,4,out
72117,0,1,25,4,out
72117,0,3,25,4,in
72118,19,19,19,5,going
72124,16,10,39,2,out
72124,16,12,39,2,in
72124,16,12,39,2,going
72145,0,2,25,4,going
72145,0,4,25,4,coming
72146,1,19,1,5,out
72146,16,1,39,2,in
72146,16,11,39,2,out
72150,3,11,3,5,out
72150,3,13,3,5,in
72156,11,7,11,2,out
72156,11,9,11,2,in
72156,6,19,28,5,going
72164,9,8,33,1,out
72164,9,10,33,1,in
72171,10,8,34,9,out
72171,10,10,34,9,in
72172,14,19,31,5,going
72174,16,2,39,2,coming
72178,3,12,3,5,going
72178,3,14,3,5,coming
72184,17,3,17,9,out
72184,17,5,17,9,in
72184,1,19,1,5,coming
72184,11,8,11,2,going
72184,11,10,11,2,coming
72192,9,9,33,1,going
72192,9,11,33,1,coming
72199,10,9,34,9,going
72199,10,11,34,9,coming
72212,17,4,17,9,going
72212,17,6,17,9,coming
72218,19,19,19,5,out
72224,16,12,39,2,out
72245,0,2,25,4,out
72245,0,4,25,4,in
72256,6,19,28,5,out
72256,19,19,19,5,coming
72272,14,19,31,5,out
72273,0,3,25,4,going
72273,0,5,25,4,coming
72274,16,2,39,2,in
72278,3,12,3,5,out
72278,3,14,3,5,in
72284,1,19,1,5,in
72284,11,8,11,2,out
72284,11,10,11,2,in
72292,9,9,33,1,out
72292,9,11,33,1,in
72294,6,19,28,5,coming
72299,10,9,34,9,out
72299,10,11,34,9,in
72302,16,1,39,2,going
72302,16,3,39,2,coming
72306,3,13,3,5,going
72306,3,15,3,5,coming
72310,14,19,31,5,coming
72312,17,4,17,9,out
72312,17,6,17,9,in
72312,11,9,11,2,going
72312,11,11,11,2,coming
72320,9,10,33,1,going
72320,9,12,33,1,coming
72327,10,10,34,9,going
72327,10,12,34,9,coming
72340,17,5,17,9,going
72340,17,7,17,9,coming
72356,19,19,19,5,in
72363,1,19,1,5,going
72373,0,3,25,4,out
72373,0,5,25,4,in
72394,6,19,28,5,in
72401,0,4,25,4,going
72401,0,6,25,4,coming
72402,16,1,39,2,out
72402,16,3,39,2,in
72406,3,13,3,5,out
72406,3,15,3,5,in
72410,14,19,31,5,in
72412,11,9,11,2,out
72412,11,11,11,2,in
72413,9,11,33,1,going
72413,9,18,33,1,coming
72413,9,19,33,1,coming
72420,9,10,33,1,out
72420,9,12,33,1,in
72420,9,12,33,1,going
72421,10,11,34,9,going
72421,10,1,34,9,coming
72427,10,10,34,9,out
72427,10,12,34,9,in
72427,10,12,34,9,going
72430,16,2,39,2,going
72430,16,4,39,2,coming
72434,3,14,3,5,going
72435,19,19,19,5,going
72440,17,5,17,9,out
72440,17,7,17,9,in
72440,11,10,11,2,going
72440,11,12,11,2,coming
72463,11,0,11,2,out
72463,11,1,11,2,out
72463,11,2,11,2,out
72463,11,3,11,2,out
72463,11,4,11,2,out
72463,11,5,11,2,out
72463,11,6,11,2,out
72463,11,7,11,2,out
72463,11,8,11,2,out
72463,11,9,11,2,out
72463,11,10,11,2,out
72463,11,11,11,2,out
72463,11,12,11,2,out
72463,11,13,11,2,out
72463,11,14,11,2,out
72463,11,15,11,2,out
72463,11,16,11,2,out
72463,11,17,11,2,out
72463,11,18,11,2,out
72463,11,19,11,2,out
72463,1,19,1,5,out
72468,17,6,17,9,going
72468,17,8,17,9,coming
72473,6,19,28,5,going
72489,14,19,31,5,going
72501,0,4,25,4,out
72501,0,6,25,4,in
72501,1,19,1,5,coming
72513,9,11,33,1,out
72513,9,18,33,1,in
72513,9,19,33,1,in
72520,9,12,33,1,out
72521,10,1,34,9,in
72521,10,11,34,9,out
72527,10,12,34,9,out
72529,0,5,25,4,going
72529,0,7,25,4,coming
72530,16,2,39,2,out
72530,16,4,39,2,in
72534,3,14,3,5,out
72535,19,19,19,5,out
72543,9,18,33,1,going
72549,10,2,34,9,coming
72558,16,3,39,2,going
72558,16,5,39,2,coming
72562,3,15,3,5,going
72568,17,6,17,9,out
72568,17,8,17,9,in
72573,6,19,28,5,out
72573,19,19,19,5,coming
72589,14,19,31,5,out
72596,17,7,17,9,going
72596,17,9,17,9,coming
72601,1,19,1,5,in
72611,6,19,28,5,coming
72627,14,19,31,5,coming
72629,0,5,25,4,out
72629,0,7,25,4,in
72643,9,18,33,1,out
72646,9,0,33,1,out
72646,9,1,33,1,out
72646,9,2,33,1,out
72646,9,3,33,1,out
72646,9,4,33,1,out
72646,9,5,33,1,out
72646,9,6,33,1,out
72646,9,7,33,1,out
72646,9,8,33,1,out
72646,9,9,33,1,out
72646,9,10,33,1,out
72646,9,11,33,1,out
72646,9,12,33,1,out
72646,9,13,33,1,out
72646,9,14,33,1,out
72646,9,15,33,1,out
72646,9,16,33,1,out
72646,9,17,33,1,out
72646,9,18,33,1,out
72646,9,19,33,1,out
72649,10,2,34,9,in
72657,0,6,25,4,going
72658,16,3,39,2,out
72658,16,5,39,2,in
72662,3,15,3,5,out
72673,19,19,19,5,in
72677,10,1,34,9,going
72677,10,3,34,9,coming
72680,1,19,1,5,going
72686,16,4,39,2,going
72686,16,6,39,2,coming
72696,17,7,17,9,out
72696,17,9,17,9,in
72711,6,19,28,5,in
72724,17,8,17,9,going
72724,17,10,17,9,coming
72727,14,19,31,5,in
72752,19,19,19,5,going
72757,0,6,25,4,out
72777,10,1,34,9,out
72777,10,3,34,9,in
72780,1,19,1,5,out
72785,0,7,25,4,going
72786,16,4,39,2,out
72786,16,6,39,2,in
72790,6,19,28,5,going
72805,10,2,34,9,going
72805,10,4,34,9,coming
72806,14,19,31,5,going
72814,16,5,39,2,going
72814,16,7,39,2,coming
72818,1,19,1,5,coming
72818,3,19,3,5,coming
72824,17,8,17,9,out
72824,17,10,17,9,in
72852,19,19,19,5,out
72852,17,9,17,9,going
72852,17,11,17,9,coming
72885,0,7,25,4,out
72890,6,19,28,5,out
72890,19,19,19,5,coming
72905,10,2,34,9,out
72905,10,4,34,9,in
72906,14,19,31,5,out
72914,16,5,39,2,out
72914,16,7,39,2,in
72918,1,19,1,5,in
72918,3,19,3,5,in
72928,6,19,28,5,coming
72933,10,3,34,9,going
72933,10,5,34,9,coming
72942,16,6,39,2,going
72942,16,8,39,2,coming
72944,14,19,31,5,coming
72952,17,9,17,9,out
72952,17,11,17,9,in
72980,17,10,17,9,going
72980,17,12,17,9,coming
72990,19,19,19,5,in
72997,1,19,1,5,going
72997,3,19,3,5,going
73028,6,19,28,5,in
73033,10,3,34,9,out
73033,10,5,34,9,in
73042,16,6,39,2,out
73042,16,8,39,2,in
73044,14,19,31,5,in
73061,10,4,34,9,going
73061,10,6,34,9,coming
73069,19,19,19,5,going
73070,16,7,39,2,going
73070,16,9,39,2,coming
73074,17,11,17,9,going
73074,17,1,17,9,coming
73080,17,10,17,9,out
73080,17,12,17,9,in
73080,17,12,17,9,going
73097,1,19,1,5,out
73097,3,19,3,5,out
73107,6,19,28,5,going
73123,14,19,31,5,going
73135,1,19,1,5,coming
73135,3,19,3,5,coming
73161,10,4,34,9,out
73161,10,6,34,9,in
73169,19,19,19,5,out
73170,16,7,39,2,out
73170,16,9,39,2,in
73174,17,1,17,9,in
73174,17,11,17,9,out
73180,17,12,17,9,out
73189,10,5,34,9,going
73189,10,7,34,9,coming
73198,16,8,39,2,going
73198,16,10,39,2,coming
73202,17,2,17,9,coming
73207,6,19,28,5,out
73207,19,19,19,5,coming
73223,14,19,31,5,out
73235,1,19,1,5,in
73235,3,19,3,5,in
73245,6,19,28,5,coming
73261,14,19,31,5,coming
73289,10,5,34,9,out
73289,10,7,34,9,in
73298,16,8,39,2,out
73298,16,10,39,2,in
73302,17,2,17,9,in
73307,19,19,19,5,in
73314,1,19,1,5,going
73314,3,19,3,5,going
73317,10,6,34,9,going
73317,10,8,34,9,coming
73326,16,9,39,2,going
73326,16,11,39,2,coming
73330,17,1,17,9,going
73330,17,3,17,9,coming
73345,6,19,28,5,in
73361,14,19,31,5,in
73386,19,19,19,5,going
73414,1,19,1,5,out
73414,3,19,3,5,out
73417,10,6,34,9,out
73417,10,8,34,9,in
73424,6,19,28,5,going
73426,16,9,39,2,out
73426,16,11,39,2,in
73430,17,1,17,9,out
73430,17,3,17,9,in
73440,14,19,31,5,going
73445,10,7,34,9,going
73445,10,9,34,9,coming
73452,1,19,1,5,coming
73452,3,19,3,5,coming
73454,16,10,39,2,going
73454,16,12,39,2,coming
73458,17,2,17,9,going
73458,17,4,17,9,coming
73476,16,11,39,2,going
73476,16,1,39,2,coming
73486,19,19,19,5,out
73524,6,19,28,5,out
73524,19,19,19,5,coming
73540,14,19,31,5,out
73545,10,7,34,9,out
73545,10,9,34,9,in
73552,1,19,1,5,in
73552,3,19,3,5,in
73554,16,10,39,2,out
73554,16,12,39,2,in
73554,16,12,39,2,going
73558,17,2,17,9,out
73558,17,4,17,9,in
73562,6,19,28,5,coming
73573,10,8,34,9,going
73573,10,10,34,9,coming
73576,16,1,39,2,in
73576,16,11,39,2,out
73578,14,19,31,5,coming
73586,17,3,17,9,going
73586,17,5,17,9,coming
73604,16,2,39,2,coming
73624,19,19,19,5,in
73631,1,19,1,5,going
73631,3,19,3,5,going
73654,16,12,39,2,out
73662,6,19,28,5,in
73673,10,8,34,9,out
73673,10,10,34,9,in
73678,14,19,31,5,in
73686,17,3,17,9,out
73686,17,5,17,9,in
73701,10,9,34,9,going
73701,10,11,34,9,coming
73703,19,19,19,5,going
73704,16,2,39,2,in
73714,17,4,17,9,going
73714,17,6,17,9,coming
73731,1,19,1,5,out
73731,3,19,3,5,out
73732,16,1,39,2,going
73732,16,3,39,2,coming
73741,6,19,28,5,going
73757,14,19,31,5,going
73769,1,19,1,5,coming
73769,3,19,3,5,coming
73801,10,9,34,9,out
73801,10,11,34,9,in
73803,19,19,19,5,out
73814,17,4,17,9,out
73814,17,6,17,9,in
73829,10,10,34,9,going
73829,10,12,34,9,coming
73832,16,1,39,2,out
73832,16,3,39,2,in
73841,6,19,28,5,out
73841,19,19,19,5,coming
73842,17,5,17,9,going
73842,17,7,17,9,coming
73857,14,19,31,5,out
73860,16,2,39,2,going
73860,16,4,39,2,coming
73869,1,19,1,5,in
73869,3,19,3,5,in
73879,6,19,28,5,coming
73895,14,19,31,5,coming
73923,10,11,34,9,going
73923,10,1,34,9,coming
73929,10,10,34,9,out
73929,10,12,34,9,in
73929,10,12,34,9,going
73941,19,19,19,5,in
73942,17,5,17,9,out
73942,17,7,17,9,in
73948,1,19,1,5,going
73948,3,19,3,5,going
73960,16,2,39,2,out
73960,16,4,39,2,in
73970,17,6,17,9,going
73970,17,8,17,9,coming
73979,6,19,28,5,in
73988,16,3,39,2,going
73988,16,5,39,2,coming
73995,14,19,31,5,in
74020,19,19,19,5,going
74023,10,1,34,9,in
74023,10,11,34,9,out
74029,10,12,34,9,out
74048,1,19,1,5,out
74048,3,19,3,5,out
74051,10,2,34,9,coming
74058,6,19,28,5,going
74070,17,6,17,9,out
74070,17,8,17,9,in
74074,14,19,31,5,going
74086,1,19,1,5,coming
74086,3,19,3,5,coming
74088,16,3,39,2,out
74088,16,5,39,2,in
74098,17,7,17,9,going
74098,17,9,17,9,coming
74116,16,4,39,2,going
74116,16,6,39,2,coming
74120,19,19,19,5,out
74151,10,2,34,9,in
74158,6,19,28,5,out
74158,19,19,19,5,coming
74174,14,19,31,5,out
74179,10,1,34,9,going
74179,10,3,34,9,coming
74186,1,19,1,5,in
74186,3,19,3,5,in
74196,6,19,28,5,coming
74198,17,7,17,9,out
74198,17,9,17,9,in
74212,14,19,31,5,coming
74216,16,4,39,2,out
74216,16,6,39,2,in
74226,17,8,17,9,going
74226,17,10,17,9,coming
74244,16,5,39,2,going
74244,16,7,39,2,coming
74258,19,19,19,5,in
74265,1,19,1,5,going
74265,3,19,3,5,going
74279,10,1,34,9,out
74279,10,3,34,9,in
74296,6,19,28,5,in
74307,10,2,34,9,going
74307,10,4,34,9,coming
74312,14,19,31,5,in
74326,17,8,17,9,out
74326,17,10,17,9,in
74337,19,19,19,5,going
74344,16,5,39,2,out
74344,16,7,39,2,in
74354,17,9,17,9,going
74354,17,11,17,9,coming
74365,1,19,1,5,out
74365,3,19,3,5,out
74372,16,6,39,2,going
74372,16,8,39,2,coming
74375,6,19,28,5,going
74391,14,19,31,5,going
74403,1,19,1,5,coming
74403,3,19,3,5,coming
74407,10,2,34,9,out
74407,10,4,34,9,in
74435,10,3,34,9,going
74435,10,5,34,9,coming
74437,19,19,19,5,out
74454,17,9,17,9,out
74454,17,11,17,9,in
74472,16,6,39,2,out
74472,16,8,39,2,in
74475,6,19,28,5,out
74475,19,19,19,5,coming
74482,17,10,17,9,going
74482,17,12,17,9,coming
74491,14,19,31,5,out
74500,16,7,39,2,going
74500,16,9,39,2,coming
74503,1,19,1,5,in
74503,3,19,3,5,in
74513,6,19,28,5,coming
74529,14,19,31,5,coming
74535,10,3,34,9,out
74535,10,5,34,9,in
74563,10,4,34,9,going
74563,10,6,34,9,coming
74575,19,19,19,5,in
74576,17,11,17,9,going
74576,17,1,17,9,coming
74582,17,10,17,9,out
74582,17,12,17,9,in
74582,1,19,1,5,going
74582,3,19,3,5,going
74582,17,12,17,9,going
74600,16,7,39,2,out
74600,16,9,39,2,in
74613,6,19,28,5,in
74628,16,8,39,2,going
74628,16,10,39,2,coming
74629,14,19,31,5,in
74654,19,19,19,5,going
74663,10,4,34,9,out
74663,10,6,34,9,in
74676,17,1,17,9,in
74676,17,11,17,9,out
74682,1,19,1,5,out
74682,3,19,3,5,out
74682,17,12,17,9,out
74691,10,5,34,9,going
74691,10,7,34,9,coming
74692,6,19,28,5,going
74704,17,2,17,9,coming
74708,14,19,31,5,going
74720,1,19,1,5,coming
74720,3,19,3,5,coming
74728,16,8,39,2,out
74728,16,10,39,2,in
74754,19,19,19,5,out
74756,16,9,39,2,going
74756,16,11,39,2,coming
74791,10,5,34,9,out
74791,10,7,34,9,in
74792,6,19,28,5,out
74792,19,19,19,5,coming
74804,17,2,17,9,in
74808,14,19,31,5,out
74819,10,6,34,9,going
74819,10,8,34,9,coming
74820,1,19,1,5,in
74820,3,19,3,5,in
74830,6,19,28,5,coming
74832,17,1,17,9,going
74832,17,3,17,9,coming
74846,14,19,31,5,coming
74856,16,9,39,2,out
74856,16,11,39,2,in
74884,16,10,39,2,going
74884,16,12,39,2,coming
74892,19,19,19,5,in
74899,1,19,1,5,going
74899,3,19,3,5,going
74906,16,11,39,2,going
74906,16,1,39,2,coming
74919,10,6,34,9,out
74919,10,8,34,9,in
74930,6,19,28,5,in
74932,17,1,17,9,out
74932,17,3,17,9,in
74946,14,19,31,5,in
74947,10,7,34,9,going
74947,10,9,34,9,coming
74960,17,2,17,9,going
74960,17,4,17,9,coming
74971,19,19,19,5,going
74984,16,10,39,2,out
74984,16,12,39,2,in
74984,16,12,39,2,going
74999,1,19,1,5,out
74999,3,19,3,5,out
75006,16,1,39,2,in
75006,16,11,39,2,out
75009,6,19,28,5,going
75025,14,19,31,5,going
75034,16,2,39,2,coming
75037,1,19,1,5,coming
75037,3,19,3,5,coming
75047,10,7,34,9,out
75047,10,9,34,9,in
75060,17,2,17,9,out
75060,17,4,17,9,in
75071,19,19,19,5,out
75075,10,8,34,9,going
75075,10,10,34,9,coming
75084,16,12,39,2,out
75088,17,3,17,9,going
75088,17,5,17,9,coming
75109,6,19,28,5,out
75109,19,19,19,5,coming
75125,14,19,31,5,out
75134,16,2,39,2,in
75137,1,19,1,5,in
75137,3,19,3,5,in
75147,6,19,28,5,coming
75162,16,1,39,2,going
75162,16,3,39,2,coming
75163,14,19,31,5,coming
75175,10,8,34,9,out
75175,10,10,34,9,in
75188,17,3,17,9,out
75188,17,5,17,9,in
75203,10,9,34,9,going
75203,10,11,34,9,coming
75209,19,19,19,5,in
75216,1,19,1,5,going
75216,3,19,3,5,going
75216,17,4,17,9,going
75216,17,6,17,9,coming
75247,6,19,28,5,in
75262,16,1,39,2,out
75262,16,3,39,2,in
75263,14,19,31,5,in
75288,19,19,19,5,going
75290,16,2,39,2,going
75290,16,4,39,2,coming
75303,10,9,34,9,out
75303,10,11,34,9,in
75316,1,19,1,5,out
75316,3,19,3,5,out
75316,17,4,17,9,out
75316,17,6,17,9,in
75326,6,19,28,5,going
75331,10,10,34,9,going
75331,10,12,34,9,coming
75342,14,19,31,5,going
75344,17,5,17,9,going
75344,17,7,17,9,coming
75354,1,19,1,5,coming
75354,3,19,3,5,coming
75388,19,19,19,5,out
75390,16,2,39,2,out
75390,16,4,39,2,in
75418,16,3,39,2,going
75418,16,5,39,2,coming
75425,10,11,34,9,going
75425,10,1,34,9,coming
75426,6,19,28,5,out
75426,19,19,19,5,coming
75431,10,10,34,9,out
75431,10,12,34,9,in
75431,10,12,34,9,going
75442,14,19,31,5,out
75444,17,5,17,9,out
75444,17,7,17,9,in
75454,1,19,1,5,in
75454,3,19,3,5,in
75464,6,19,28,5,coming
75472,17,6,17,9,going
75472,17,8,17,9,coming
75480,14,19,31,5,coming
75518,16,3,39,2,out
75518,16,5,39,2,in
75525,10,1,34,9,in
75525,10,11,34,9,out
75526,19,19,19,5,in
75531,10,12,34,9,out
75533,1,19,1,5,going
75533,3,19,3,5,going
75546,16,4,39,2,going
75546,16,6,39,2,coming
75553,10,2,34,9,coming
75564,6,19,28,5,in
75572,17,6,17,9,out
75572,17,8,17,9,in
75580,14,19,31,5,in
75600,17,7,17,9,going
75600,17,9,17,9,coming
75605,19,19,19,5,going
75633,1,19,1,5,out
75633,3,19,3,5,out
75643,6,19,28,5,going
75646,16,4,39,2,out
75646,16,6,39,2,in
75653,10,2,34,9,in
75660,14,19,31,5,going
75660,14,0,31,5,coming
75660,14,1,31,5,coming
75671,1,19,1,5,coming
75671,3,19,3,5,coming
75674,16,5,39,2,going
75674,16,7,39,2,coming
75681,10,1,34,9,going
75681,10,3,34,9,coming
75700,17,7,17,9,out
75700,17,9,17,9,in
75705,19,19,19,5,out
75728,17,8,17,9,going
75728,17,10,17,9,coming
75743,6,19,28,5,out
75743,19,19,19,5,coming
75760,14,0,31,5,in
75760,14,1,31,5,in
75760,14,19,31,5,out
75771,1,19,1,5,in
75771,3,19,3,5,in
75774,16,5,39,2,out
75774,16,7,39,2,in
75781,10,1,34,9,out
75781,10,3,34,9,in
75781,6,19,28,5,coming
75802,16,6,39,2,going
75802,16,8,39,2,coming
75809,10,2,34,9,going
75809,10,4,34,9,coming
75828,17,8,17,9,out
75828,17,10,17,9,in
75843,19,19,19,5,in
75850,1,19,1,5,going
75850,3,19,3,5,going
75856,17,9,17,9,going
75856,17,11,17,9,coming
75881,6,19,28,5,in
75888,14,0,31,5,going
75888,14,2,31,5,coming
75902,16,6,39,2,out
75902,16,8,39,2,in
75909,10,2,34,9,out
75909,10,4,34,9,in
75922,19,19,19,5,going
75930,16,7,39,2,going
75930,16,9,39,2,coming
75937,10,3,34,9,going
75937,10,5,34,9,coming
75950,1,19,1,5,out
75950,3,19,3,5,out
75956,17,9,17,9,out
75956,17,11,17,9,in
75960,6,19,28,5,going
75984,17,10,17,9,going
75984,17,12,17,9,coming
75988,14,0,31,5,out
75988,14,2,31,5,in
75988,1,19,1,5,coming
75988,3,19,3,5,coming
76016,14,1,31,5,going
76016,14,3,31,5,coming
76022,19,19,19,5,out
76030,16,7,39,2,out
76030,16,9,39,2,in
76037,10,3,34,9,out
76037,10,5,34,9,in
76058,16,8,39,2,going
76058,16,10,39,2,coming
76060,6,19,28,5,out
76060,19,19,19,5,coming
76065,10,4,34,9,going
76065,10,6,34,9,coming
76079,17,0,17,9,out
76079,17,1,17,9,out
76079,17,2,17,9,out
76079,17,3,17,9,out
76079,17,4,17,9,out
76079,17,5,17,9,out
76079,17,6,17,9,out
76079,17,7,17,9,out
76079,17,8,17,9,out
76079,17,9,17,9,out
76079,17,10,17,9,out
76079,17,11,17,9,out
76079,17,12,17,9,out
76079,17,13,17,9,out
76079,17,14,17,9,out
76079,17,15,17,9,out
76079,17,16,17,9,out
76079,17,17,17,9,out
76079,17,18,17,9,out
76079,17,19,17,9,out
76088,1,19,1,5,in
76088,3,19,3,5,in
76098,6,19,28,5,coming
76116,14,1,31,5,out
76116,14,3,31,5,in
76144,14,2,31,5,going
76144,14,4,31,5,coming
76158,16,8,39,2,out
76158,16,10,39,2,in
76160,19,19,19,5,in
76165,10,4,34,9,out
76165,10,6,34,9,in
76167,1,19,1,5,going
76167,3,19,3,5,going
76186,16,9,39,2,going
76186,16,11,39,2,coming
76193,10,5,34,9,going
76193,10,7,34,9,coming
76198,6,19,28,5,in
76239,19,19,19,5,going
76244,14,2,31,5,out
76244,14,4,31,5,in
76267,1,19,1,5,out
76267,3,19,3,5,out
76272,14,3,31,5,going
76272,14,5,31,5,coming
76277,6,19,28,5,going
76286,16,9,39,2,out
76286,16,11,39,2,in
76293,10,5,34,9,out
76293,10,7,34,9,in
76305,1,19,1,5,coming
76305,3,19,3,5,coming
76314,16,10,39,2,going
76314,16,12,39,2,coming
76321,10,6,34,9,going
76321,10,8,34,9,coming
76336,16,11,39,2,going
76336,16,1,39,2,coming
76339,19,19,19,5,out
76372,14,3,31,5,out
76372,14,5,31,5,in
76377,6,19,28,5,out
76377,19,19,19,5,coming
76383,15,1,36,4,coming
76400,14,4,31,5,going
76400,14,6,31,5,coming
76405,1,19,1,5,in
76405,3,19,3,5,in
76414,16,10,39,2,out
76414,16,12,39,2,in
76414,16,12,39,2,going
76415,6,19,28,5,coming
76421,10,6,34,9,out
76421,10,8,34,9,in
76436,16,1,39,2,in
76436,16,11,39,2,out
76449,10,7,34,9,going
76449,10,9,34,9,coming
76464,16,2,39,2,coming
76477,19,19,19,5,in
76483,15,1,36,4,in
76484,1,19,1,5,going
76484,3,19,3,5,going
76500,14,4,31,5,out
76500,14,6,31,5,in
76511,15,2,36,4,coming
76514,16,12,39,2,out
76515,6,19,28,5,in
76528,14,5,31,5,going
76528,14,7,31,5,coming
76549,10,7,34,9,out
76549,10,9,34,9,in
76556,19,19,19,5,going
76564,16,2,39,2,in
76577,10,8,34,9,going
76577,10,10,34,9,coming
76584,1,19,1,5,out
76584,3,19,3,5,out
76592,16,1,39,2,going
76592,16,3,39,2,coming
76594,6,19,28,5,going
76611,15,2,36,4,in
76622,1,19,1,5,coming
76622,3,19,3,5,coming
76628,14,5,31,5,out
76628,14,7,31,5,in
76639,15,1,36,4,going
76639,15,3,36,4,coming
76656,19,19,19,5,out
76656,14,6,31,5,going
76656,14,8,31,5,coming
76677,10,8,34,9,out
76677,10,10,34,9,in
76692,16,1,39,2,out
76692,16,3,39,2,in
76694,6,19,28,5,out
76694,19,19,19,5,coming
76705,10,9,34,9,going
76705,10,11,34,9,coming
76720,16,2,39,2,going
76720,16,4,39,2,coming
76722,1,19,1,5,in
76722,3,19,3,5,in
76732,6,19,28,5,coming
76739,15,1,36,4,out
76739,15,3,36,4,in
76756,14,6,31,5,out
76756,14,8,31,5,in
76767,15,2,36,4,going
76767,15,4,36,4,coming
76784,14,7,31,5,going
76784,14,9,31,5,coming
76794,19,19,19,5,in
76801,3,19,3,5,going
76802,1,19,1,5,going
76802,1,0,1,5,coming
76802,1,1,1,5,coming
76805,10,9,34,9,out
76805,10,11,34,9,in
76820,16,2,39,2,out
76820,16,4,39,2,in
76832,6,19,28,5,in
76833,10,10,34,9,going
76833,10,12,34,9,coming
76848,16,3,39,2,going
76848,16,5,39,2,coming
76867,15,2,36,4,out
76867,15,4,36,4,in
76873,19,19,19,5,going
76884,14,7,31,5,out
76884,14,9,31,5,in
76895,15,3,36,4,going
76895,15,5,36,4,coming
76901,3,19,3,5,out
76902,1,0,1,5,in
76902,1,1,1,5,in
76902,1,19,1,5,out
76911,6,19,28,5,going
76912,14,8,31,5,going
76912,14,10,31,5,coming
76927,10,11,34,9,going
76927,10,1,34,9,coming
76933,10,10,34,9,out
76933,10,12,34,9,in
76933,10,12,34,9,going
76939,3,19,3,5,coming
76948,16,3,39,2,out
76948,16,5,39,2,in
76951,0,1,25,4,coming
76973,19,19,19,5,out
76976,16,4,39,2,going
76976,16,6,39,2,coming
76995,15,3,36,4,out
76995,15,5,36,4,in
77011,6,19,28,5,out
77011,19,19,19,5,coming
77012,14,8,31,5,out
77012,14,10,31,5,in
77023,15,4,36,4,going
77023,15,6,36,4,coming
77027,10,1,34,9,in
77027,10,11,34,9,out
77030,1,0,1,5,going
77030,1,2,1,5,coming
77033,10,12,34,9,out
77039,3,19,3,5,in
77040,14,9,31,5,going
77040,14,11,31,5,coming
77049,6,19,28,5,coming
77051,0,1,25,4,in
77055,10,2,34,9,coming
77076,16,4,39,2,out
77076,16,6,39,2,in
77079,0,2,25,4,coming
77104,16,5,39,2,going
77104,16,7,39,2,coming
77111,19,19,19,5,in
77118,3,19,3,5,going
77123,15,4,36,4,out
77123,15,6,36,4,in
77130,1,0,1,5,out
77130,1,2,1,5,in
77140,14,9,31,5,out
77140,14,11,31,5,in
77149,6,19,28,5,in
77151,15,5,36,4,going
77151,15,7,36,4,coming
77155,10,2,34,9,in
77158,1,1,1,5,going
77158,1,3,1,5,coming
77168,14,10,31,5,going
77168,14,12,31,5,coming
77179,0,2,25,4,in
77183,10,1,34,9,going
77183,10,3,34,9,coming
77190,19,19,19,5,going
77204,16,5,39,2,out
77204,16,7,39,2,in
77207,0,1,25,4,going
77207,0,3,25,4,coming
77218,3,19,3,5,out
77229,6,19,28,5,going
77229,6,1,28,5,coming
77232,16,6,39,2,going
77232,16,8,39,2,coming
77251,15,5,36,4,out
77251,15,7,36,4,in
77256,3,19,3,5,coming
77258,1,1,1,5,out
77258,1,3,1,5,in
77268,14,10,31,5,out
77268,14,12,31,5,in
77279,15,6,36,4,going
77283,10,1,34,9,out
77283,10,3,34,9,in
77286,1,2,1,5,going
77286,1,4,1,5,coming
77290,19,19,19,5,out
77296,14,11,31,5,going
77296,14,13,31,5,coming
77307,0,1,25,4,out
77307,0,3,25,4,in
77311,10,2,34,9,going
77311,10,4,34,9,coming
77328,19,19,19,5,coming
77329,6,1,28,5,in
77329,6,19,28,5,out
77332,16,6,39,2,out
77332,16,8,39,2,in
77335,0,2,25,4,going
77335,0,4,25,4,coming
77356,3,19,3,5,in
77357,6,2,28,5,coming
77360,16,7,39,2,going
77360,16,9,39,2,coming
77379,15,6,36,4,out
77386,1,2,1,5,out
77386,1,4,1,5,in
77396,14,11,31,5,out
77396,14,13,31,5,in
77407,15,7,36,4,going
77411,10,2,34,9,out
77411,10,4,34,9,in
77414,1,3,1,5,going
77414,1,5,1,5,coming
77424,14,12,31,5,going
77424,14,14,31,5,coming
77428,19,19,19,5,in
77435,0,2,25,4,out
77435,0,4,25,4,in
77435,3,19,3,5,going
77439,10,3,34,9,going
77439,10,5,34,9,coming
77457,6,2,28,5,in
77460,16,7,39,2,out
77460,16,9,39,2,in
77463,0,3,25,4,going
77463,0,5,25,4,coming
77485,6,1,28,5,going
77485,6,3,28,5,coming
77488,16,8,39,2,going
77488,16,10,39,2,coming
77507,15,7,36,4,out
77507,19,19,19,5,going
77514,1,3,1,5,out
77514,1,5,1,5,in
77524,14,12,31,5,out
77524,14,14,31,5,in
77535,3,19,3,5,out
77539,10,3,34,9,out
77539,10,5,34,9,in
77542,1,4,1,5,going
77542,1,6,1,5,coming
77552,14,13,31,5,going
77552,14,15,31,5,coming
77563,0,3,25,4,out
77563,0,5,25,4,in
77567,10,4,34,9,going
77567,10,6,34,9,coming
77573,3,19,3,5,coming
77585,6,1,28,5,out
77585,6,3,28,5,in
77588,16,8,39,2,out
77588,16,10,39,2,in
77591,0,4,25,4,going
77591,0,6,25,4,coming
77607,19,19,19,5,out
77613,6,2,28,5,going
77613,6,4,28,5,coming
77616,16,9,39,2,going
77616,16,11,39,2,coming
77642,1,4,1,5,out
77642,1,6,1,5,in
77645,19,19,19,5,coming
77652,14,13,31,5,out
77652,14,15,31,5,in
77667,10,4,34,9,out
77667,10,6,34,9,in
77670,1,5,1,5,going
77670,1,7,1,5,coming
77673,3,19,3,5,in
77680,14,14,31,5,going
77691,0,4,25,4,out
77691,0,6,25,4,in
77695,10,5,34,9,going
77695,10,7,34,9,coming
77713,6,2,28,5,out
77713,6,4,28,5,in
77716,16,9,39,2,out
77716,16,11,39,2,in
77719,0,5,25,4,going
77719,0,7,25,4,coming
77741,6,3,28,5,going
77741,6,5,28,5,coming
77744,16,10,39,2,going
77744,16,12,39,2,coming
77745,19,19,19,5,in
77752,3,19,3,5,going
77766,16,11,39,2,going
77766,16,1,39,2,coming
77770,1,5,1,5,out
77770,1,7,1,5,in
77780,14,14,31,5,out
77795,10,5,34,9,out
77795,10,7,34,9,in
77798,1,6,1,5,going
77798,1,8,1,5,coming
77808,14,15,31,5,going
77819,0,5,25,4,out
77819,0,7,25,4,in
77823,10,6,34,9,going
77823,10,8,34,9,coming
77824,19,19,19,5,going
77841,6,3,28,5,out
77841,6,5,28,5,in
77844,16,10,39,2,out
77844,16,12,39,2,in
77844,16,12,39,2,going
77847,0,6,25,4,going
77852,3,19,3,5,out
77866,16,1,39,2,in
77866,16,11,39,2,out
77869,6,4,28,5,going
77869,6,6,28,5,coming
77890,3,19,3,5,coming
77894,16,2,39,2,coming
77898,1,6,1,5,out
77898,1,8,1,5,in
77908,14,15,31,5,out
77923,10,6,34,9,out
77923,10,8,34,9,in
77924,19,19,19,5,out
77926,1,7,1,5,going
77926,1,9,1,5,coming
77944,16,12,39,2,out
77947,0,6,25,4,out
77951,10,7,34,9,going
77951,10,9,34,9,coming
77962,19,19,19,5,coming
77969,6,4,28,5,out
77969,6,6,28,5,in
77975,0,7,25,4,going
77990,3,19,3,5,in
77994,16,2,39,2,in
77997,6,5,28,5,going
77997,6,7,28,5,coming
78022,16,1,39,2,going
78022,16,3,39,2,coming
78026,1,7,1,5,out
78026,1,9,1,5,in
78051,10,7,34,9,out
78051,10,9,34,9,in
78054,1,8,1,5,going
78054,1,10,1,5,coming
78062,19,19,19,5,in
78064,14,19,31,5,coming
78070,3,19,3,5,going
78070,3,0,3,5,coming
78070,3,1,3,5,coming
78075,0,7,25,4,out
78079,10,8,34,9,going
78079,10,10,34,9,coming
78097,6,5,28,5,out
78097,6,7,28,5,in
78122,16,1,39,2,out
78122,16,3,39,2,in
78125,6,6,28,5,going
78125,6,8,28,5,coming
78141,19,19,19,5,going
78150,16,2,39,2,going
78150,16,4,39,2,coming
78154,1,8,1,5,out
78154,1,10,1,5,in
78164,14,19,31,5,in
78170,3,0,3,5,in
78170,3,1,3,5,in
78170,3,19,3,5,out
78179,10,8,34,9,out
78179,10,10,34,9,in
78182,1,9,1,5,going
78182,1,11,1,5,coming
78207,10,9,34,9,going
78207,10,11,34,9,coming
78225,6,6,28,5,out
78225,6,8,28,5,in
78241,19,19,19,5,out
78243,14,19,31,5,going
78250,16,2,39,2,out
78250,16,4,39,2,in
78253,6,7,28,5,going
78253,6,9,28,5,coming
78278,16,3,39,2,going
78278,16,5,39,2,coming
78279,19,19,19,5,coming
78282,1,9,1,5,out
78282,1,11,1,5,in
78298,3,0,3,5,going
78298,3,2,3,5,coming
78307,10,9,34,9,out
78307,10,11,34,9,in
78310,1,10,1,5,going
78310,1,12,1,5,coming
78335,10,10,34,9,going
78335,10,12,34,9,coming
78343,14,19,31,5,out
78353,6,7,28,5,out
78353,6,9,28,5,in
78378,16,3,39,2,out
78378,16,5,39,2,in
78379,19,19,19,5,in
78381,6,8,28,5,going
78381,14,19,31,5,coming
78398,3,0,3,5,out
78398,3,2,3,5,in
78406,16,4,39,2,going
78406,16,6,39,2,coming
78410,1,10,1,5,out
78410,1,12,1,5,in
78426,3,1,3,5,going
78426,3,3,3,5,coming
78429,10,11,34,9,going
78429,10,1,34,9,coming
78435,10,10,34,9,out
78435,10,12,34,9,in
78435,10,12,34,9,going
78438,1,11,1,5,going
78438,1,13,1,5,coming
78459,19,19,19,5,going
78459,19,0,19,5,coming
78459,19,1,19,5,coming
78481,6,8,28,5,out
78481,14,19,31,5,in
78506,16,4,39,2,out
78506,16,6,39,2,in
78509,6,9,28,5,going
78526,3,1,3,5,out
78526,3,3,3,5,in
78529,10,1,34,9,in
78529,10,11,34,9,out
78534,16,5,39,2,going
78534,16,7,39,2,coming
78535,10,12,34,9,out
78538,1,11,1,5,out
78538,1,13,1,5,in
78554,3,2,3,5,going
78554,3,4,3,5,coming
78557,10,2,34,9,coming
78559,19,0,19,5,in
78559,19,1,19,5,in
78559,19,19,19,5,out
78560,14,19,31,5,going
78566,1,12,1,5,going
78566,1,14,1,5,coming
78609,6,9,28,5,out
78634,16,5,39,2,out
78634,16,7,39,2,in
78637,6,12,28,5,coming
78654,3,2,3,5,out
78654,3,4,3,5,in
78657,10,2,34,9,in
78660,14,19,31,5,out
78662,16,6,39,2,going
78662,16,8,39,2,coming
78666,1,12,1,5,out
78666,1,14,1,5,in
78682,3,3,3,5,going
78682,3,5,3,5,coming
78685,10,1,34,9,going
78685,10,3,34,9,coming
78687,19,0,19,5,going
78687,19,2,19,5,coming
78694,1,13,1,5,going
78694,1,15,1,5,coming
78698,14,19,31,5,coming
78737,6,12,28,5,in
78762,16,6,39,2,out
78762,16,8,39,2,in
78765,6,13,28,5,coming
78782,3,3,3,5,out
78782,3,5,3,5,in
78785,10,1,34,9,out
78785,10,3,34,9,in
78787,19,0,19,5,out
78787,19,2,19,5,in
78790,16,7,39,2,going
78790,16,9,39,2,coming
78794,1,13,1,5,out
78794,1,15,1,5,in
78798,14,19,31,5,in
78810,3,4,3,5,going
78810,3,6,3,5,coming
78813,10,2,34,9,going
78813,10,4,34,9,coming
78815,19,1,19,5,going
78815,19,3,19,5,coming
78822,1,14,1,5,going
78865,6,13,28,5,in
78877,14,19,31,5,going
78890,16,7,39,2,out
78890,16,9,39,2,in
78893,6,12,28,5,going
78893,6,14,28,5,coming
78910,3,4,3,5,out
78910,3,6,3,5,in
78913,10,2,34,9,out
78913,10,4,34,9,in
78915,19,1,19,5,out
78915,19,3,19,5,in
78918,16,8,39,2,going
78918,16,10,39,2,coming
78922,1,14,1,5,out
78938,3,5,3,5,going
78938,3,7,3,5,coming
78941,10,3,34,9,going
78941,10,5,34,9,coming
78943,19,2,19,5,going
78943,19,4,19,5,coming
78950,1,15,1,5,going
78977,14,19,31,5,out
78993,6,12,28,5,out
78993,6,14,28,5,in
79015,14,19,31,5,coming
79018,16,8,39,2,out
79018,16,10,39,2,in
79021,6,13,28,5,going
79021,6,15,28,5,coming
79038,3,5,3,5,out
79038,3,7,3,5,in
79041,10,3,34,9,out
79041,10,5,34,9,in
79043,19,2,19,5,out
79043,19,4,19,5,in
79046,16,9,39,2,going
79046,16,11,39,2,coming
79050,1,15,1,5,out
79066,3,6,3,5,going
79066,3,8,3,5,coming
79069,10,4,34,9,going
79069,10,6,34,9,coming
79071,19,3,19,5,going
79071,19,5,19,5,coming
79115,14,19,31,5,in
79121,6,13,28,5,out
79121,6,15,28,5,in
79146,16,9,39,2,out
79146,16,11,39,2,in
79149,6,14,28,5,going
79166,3,6,3,5,out
79166,3,8,3,5,in
79169,10,4,34,9,out
79169,10,6,34,9,in
79171,19,3,19,5,out
79171,19,5,19,5,in
79174,16,10,39,2,going
79174,16,12,39,2,coming
79194,3,7,3,5,going
79194,3,9,3,5,coming
79194,14,19,31,5,going
79196,16,11,39,2,going
79196,16,1,39,2,coming
79197,10,5,34,9,going
79197,10,7,34,9,coming
79199,19,4,19,5,going
79199,19,6,19,5,coming
79206,1,19,1,5,coming
79249,6,14,28,5,out
79274,16,10,39,2,out
79274,16,12,39,2,in
79274,16,12,39,2,going
79277,6,15,28,5,going
79294,3,7,3,5,out
79294,3,9,3,5,in
79294,14,19,31,5,out
79296,16,1,39,2,in
79296,16,11,39,2,out
79297,10,5,34,9,out
79297,10,7,34,9,in
79299,19,4,19,5,out
79299,19,6,19,5,in
79306,1,19,1,5,in
79322,3,8,3,5,going
79322,3,10,3,5,coming
79324,16,2,39,2,coming
79325,10,6,34,9,going
79325,10,8,34,9,coming
79327,19,5,19,5,going
79327,19,7,19,5,coming
79332,14,19,31,5,coming
79374,16,12,39,2,out
79377,6,15,28,5,out
79385,1,19,1,5,going
79422,3,8,3,5,out
79422,3,10,3,5,in
79424,16,2,39,2,in
79425,10,6,34,9,out
79425,10,8,34,9,in
79427,19,5,19,5,out
79427,19,7,19,5,in
79432,14,19,31,5,in
79450,3,9,3,5,going
79450,3,11,3,5,coming
79452,16,1,39,2,going
79452,16,3,39,2,coming
79453,10,7,34,9,going
79453,10,9,34,9,coming
79455,19,6,19,5,going
79455,19,8,19,5,coming
79485,1,19,1,5,out
79511,14,19,31,5,going
79523,1,19,1,5,coming
79533,6,19,28,5,coming
79550,3,9,3,5,out
79550,3,11,3,5,in
79552,16,1,39,2,out
79552,16,3,39,2,in
79553,10,7,34,9,out
79553,10,9,34,9,in
79555,19,6,19,5,out
79555,19,8,19,5,in
79578,3,10,3,5,going
79578,3,12,3,5,coming
79580,16,2,39,2,going
79580,16,4,39,2,coming
79581,10,8,34,9,going
79581,10,10,34,9,coming
79583,19,7,19,5,going
79583,19,9,19,5,coming
79611,14,19,31,5,out
79623,1,19,1,5,in
79633,6,19,28,5,in
79649,14,19,31,5,coming
79678,3,10,3,5,out
79678,3,12,3,5,in
79680,16,2,39,2,out
79680,16,4,39,2,in
79681,10,8,34,9,out
79681,10,10,34,9,in
79683,19,7,19,5,out
79683,19,9,19,5,in
79702,1,19,1,5,going
79706,3,11,3,5,going
79706,3,13,3,5,coming
79708,16,3,39,2,going
79708,16,5,39,2,coming
79709,10,9,34,9,going
79709,10,11,34,9,coming
79711,19,8,19,5,going
79711,19,10,19,5,coming
79712,6,19,28,5,going
79749,14,19,31,5,in
79802,1,19,1,5,out
79806,3,11,3,5,out
79806,3,13,3,5,in
79808,16,3,39,2,out
79808,16,5,39,2,in
79809,10,9,34,9,out
79809,10,11,34,9,in
79811,19,8,19,5,out
79811,19,10,19,5,in
79812,6,19,28,5,out
79828,14,19,31,5,going
79834,3,12,3,5,going
79834,3,14,3,5,coming
79836,16,4,39,2,going
79836,16,6,39,2,coming
79837,10,10,34,9,going
79837,10,12,34,9,coming
79839,19,9,19,5,going
79839,19,11,19,5,coming
79840,1,19,1,5,coming
79850,6,19,28,5,coming
79928,14,19,31,5,out
79931,10,11,34,9,going
79931,10,1,34,9,coming
79934,3,12,3,5,out
79934,3,14,3,5,in
79936,16,4,39,2,out
79936,16,6,39,2,in
79937,10,10,34,9,out
79937,10,12,34,9,in
79937,10,12,34,9,going
79939,19,9,19,5,out
79939,19,11,19,5,in
79940,1,19,1,5,in
79950,6,19,28,5,in
79962,3,13,3,5,going
79962,3,15,3,5,coming
79964,16,5,39,2,going
79964,16,7,39,2,coming
79966,14,19,31,5,coming
79967,19,10,19,5,going
79967,19,12,19,5,coming
80019,1,19,1,5,going
80029,6,19,28,5,going
80031,10,1,34,9,in
80031,10,11,34,9,out
80037,10,12,34,9,out
80059,10,2,34,9,coming
80062,3,13,3,5,out
80062,3,15,3,5,in
80064,16,5,39,2,out
80064,16,7,39,2,in
80066,14,19,31,5,in
80067,19,10,19,5,out
80067,19,12,19,5,in
80090,3,14,3,5,going
80092,16,6,39,2,going
80092,16,8,39,2,coming
80095,19,11,19,5,going
80095,19,13,19,5,coming
80119,1,19,1,5,out
80129,6,19,28,5,out
80145,14,19,31,5,going
80157,1,19,1,5,coming
80159,10,2,34,9,in
80167,6,19,28,5,coming
80187,10,1,34,9,going
80187,10,3,34,9,coming
80190,3,14,3,5,out
80192,16,6,39,2,out
80192,16,8,39,2,in
80195,19,11,19,5,out
80195,19,13,19,5,in
80218,3,15,3,5,going
80220,16,7,39,2,going
80220,16,9,39,2,coming
80223,19,12,19,5,going
80223,19,14,19,5,coming
80245,14,19,31,5,out
80257,1,19,1,5,in
80267,6,19,28,5,in
80283,14,19,31,5,coming
80287,10,1,34,9,out
80287,10,3,34,9,in
80315,10,2,34,9,going
80315,10,4,34,9,coming
80318,3,15,3,5,out
80320,16,7,39,2,out
80320,16,9,39,2,in
80323,19,12,19,5,out
80323,19,14,19,5,in
80336,1,19,1,5,going
80346,6,19,28,5,going
80348,16,8,39,2,going
80348,16,10,39,2,coming
80351,19,13,19,5,going
80351,19,15,19,5,coming
80383,14,19,31,5,in
80415,10,2,34,9,out
80415,10,4,34,9,in
80436,1,19,1,5,out
80443,10,3,34,9,going
80443,10,5,34,9,coming
80446,6,19,28,5,out
80448,16,8,39,2,out
80448,16,10,39,2,in
80451,19,13,19,5,out
80451,19,15,19,5,in
80462,14,19,31,5,going
80474,1,19,1,5,coming
80474,3,19,3,5,coming
80476,16,9,39,2,going
80476,16,11,39,2,coming
80479,19,14,19,5,going
80484,6,19,28,5,coming
80543,10,3,34,9,out
80543,10,5,34,9,in
80562,14,19,31,5,out
80571,10,4,34,9,going
80571,10,6,34,9,coming
80574,1,19,1,5,in
80574,3,19,3,5,in
80576,16,9,39,2,out
80576,16,11,39,2,in
80579,19,14,19,5,out
80584,6,19,28,5,in
80600,14,19,31,5,coming
80604,16,10,39,2,going
80604,16,12,39,2,coming
80607,19,15,19,5,going
80626,16,11,39,2,going
80626,16,1,39,2,coming
80653,1,19,1,5,going
80653,3,19,3,5,going
80663,6,19,28,5,going
80671,10,4,34,9,out
80671,10,6,34,9,in
80699,10,5,34,9,going
80699,10,7,34,9,coming
80700,14,19,31,5,in
80704,16,10,39,2,out
80704,16,12,39,2,in
80704,16,12,39,2,going
80707,19,15,19,5,out
80726,16,1,39,2,in
80726,16,11,39,2,out
80753,1,19,1,5,out
80753,3,19,3,5,out
80754,16,2,39,2,coming
80763,6,19,28,5,out
80779,14,19,31,5,going
80791,1,19,1,5,coming
80791,3,19,3,5,coming
80799,10,5,34,9,out
80799,10,7,34,9,in
80801,6,19,28,5,coming
80804,16,12,39,2,out
80827,10,6,34,9,going
80827,10,8,34,9,coming
80854,16,2,39,2,in
80863,19,19,19,5,coming
80879,14,19,31,5,out
80882,16,1,39,2,going
80882,16,3,39,2,coming
80891,1,19,1,5,in
80891,3,19,3,5,in
80901,6,19,28,5,in
80917,14,19,31,5,coming
80927,10,6,34,9,out
80927,10,8,34,9,in
80955,10,7,34,9,going
80955,10,9,34,9,coming
80963,19,19,19,5,in
80970,1,19,1,5,going
80970,3,19,3,5,going
80980,6,19,28,5,going
80982,16,1,39,2,out
80982,16,3,39,2,in
81010,16,2,39,2,going
81010,16,4,39,2,coming
81017,14,19,31,5,in
81042,19,19,19,5,going
81055,10,7,34,9,out
81055,10,9,34,9,in
81070,1,19,1,5,out
81070,3,19,3,5,out
81080,6,19,28,5,out
81083,10,8,34,9,going
81083,10,10,34,9,coming
81096,14,19,31,5,going
81108,1,19,1,5,coming
81108,3,19,3,5,coming
81110,16,2,39,2,out
81110,16,4,39,2,in
81118,6,19,28,5,coming
81138,16,3,39,2,going
81138,16,5,39,2,coming
81142,19,19,19,5,out
81180,19,19,19,5,coming
81183,10,8,34,9,out
81183,10,10,34,9,in
81196,14,19,31,5,out
81208,1,19,1,5,in
81208,3,19,3,5,in
81211,10,9,34,9,going
81211,10,11,34,9,coming
81218,6,19,28,5,in
81234,14,19,31,5,coming
81238,16,3,39,2,out
81238,16,5,39,2,in
81266,16,4,39,2,going
81266,16,6,39,2,coming
81280,19,19,19,5,in
81287,1,19,1,5,going
81287,3,19,3,5,going
81297,6,19,28,5,going
81311,10,9,34,9,out
81311,10,11,34,9,in
81334,14,19,31,5,in
81339,10,10,34,9,going
81339,10,12,34,9,coming
81359,19,19,19,5,going
81366,16,4,39,2,out
81366,16,6,39,2,in
81387,1,19,1,5,out
81387,3,19,3,5,out
81394,16,5,39,2,going
81394,16,7,39,2,coming
81397,6,19,28,5,out
81413,14,19,31,5,going
81425,1,19,1,5,coming
81425,3,19,3,5,coming
81433,10,11,34,9,going
81433,10,1,34,9,coming
81435,6,19,28,5,coming
81439,10,10,34,9,out
81439,10,12,34,9,in
81439,10,12,34,9,going
81459,19,19,19,5,out
81490,0,1,25,4,coming
81494,16,5,39,2,out
81494,16,7,39,2,in
81497,19,19,19,5,coming
81513,14,19,31,5,out
81522,16,6,39,2,going
81522,16,8,39,2,coming
81525,1,19,1,5,in
81525,3,19,3,5,in
81533,10,1,34,9,in
81533,10,11,34,9,out
81535,6,19,28,5,in
81539,10,12,34,9,out
81551,14,19,31,5,coming
81561,10,2,34,9,coming
81573,15,1,36,4,coming
81590,0,1,25,4,in
81597,19,19,19,5,in
81604,1,19,1,5,going
81604,3,19,3,5,going
81614,6,19,28,5,going
81618,0,2,25,4,coming
81622,16,6,39,2,out
81622,16,8,39,2,in
81650,16,7,39,2,going
81650,16,9,39,2,coming
81651,14,19,31,5,in
81661,10,2,34,9,in
81673,15,1,36,4,in
81676,19,19,19,5,going
81689,10,1,34,9,going
81689,10,3,34,9,coming
81701,15,2,36,4,coming
81704,1,19,1,5,out
81704,3,19,3,5,out
81714,6,19,28,5,out
81718,0,2,25,4,in
81730,14,19,31,5,going
81742,1,19,1,5,coming
81742,3,19,3,5,coming
81746,0,1,25,4,going
81746,0,3,25,4,coming
81750,16,7,39,2,out
81750,16,9,39,2,in
81752,6,19,28,5,coming
81776,19,19,19,5,out
81778,16,8,39,2,going
81778,16,10,39,2,coming
81789,10,1,34,9,out
81789,10,3,34,9,in
81801,15,2,36,4,in
81814,19,19,19,5,coming
81817,10,2,34,9,going
81817,10,4,34,9,coming
81829,15,1,36,4,going
81829,15,3,36,4,coming
81830,14,19,31,5,out
81842,1,19,1,5,in
81842,3,19,3,5,in
81846,0,1,25,4,out
81846,0,3,25,4,in
81852,6,19,28,5,in
81868,14,19,31,5,coming
81874,0,2,25,4,going
81874,0,4,25,4,coming
81878,16,8,39,2,out
81878,16,10,39,2,in
81906,16,9,39,2,going
81906,16,11,39,2,coming
81914,19,19,19,5,in
81917,10,2,34,9,out
81917,10,4,34,9,in
81921,1,19,1,5,going
81921,3,19,3,5,going
81929,15,1,36,4,out
81929,15,3,36,4,in
81931,6,19,28,5,going
81945,10,3,34,9,going
81945,10,5,34,9,coming
81957,15,2,36,4,going
81957,15,4,36,4,coming
81968,14,19,31,5,in
81974,0,2,25,4,out
81974,0,4,25,4,in
81993,19,19,19,5,going
82002,0,3,25,4,going
82002,0,5,25,4,coming
82006,16,9,39,2,out
82006,16,11,39,2,in
82021,1,19,1,5,out
82021,3,19,3,5,out
82031,6,19,28,5,out
82034,16,10,39,2,going
82034,16,12,39,2,coming
82045,10,3,34,9,out
82045,10,5,34,9,in
82047,14,19,31,5,going
82056,16,11,39,2,going
82056,16,1,39,2,coming
82057,15,2,36,4,out
82057,15,4,36,4,in
82059,1,19,1,5,coming
82059,3,19,3,5,coming
82069,6,19,28,5,coming
82073,10,4,34,9,going
82073,10,6,34,9,coming
82085,15,3,36,4,going
82085,15,5,36,4,coming
82093,19,19,19,5,out
82102,0,3,25,4,out
82102,0,5,25,4,in
82130,0,4,25,4,going
82130,0,6,25,4,coming
82131,19,19,19,5,coming
82134,16,10,39,2,out
82134,16,12,39,2,in
82134,16,12,39,2,going
82147,14,19,31,5,out
82156,16,1,39,2,in
82156,16,11,39,2,out
82159,1,19,1,5,in
82159,3,19,3,5,in
82169,6,19,28,5,in
82173,10,4,34,9,out
82173,10,6,34,9,in
82184,16,2,39,2,coming
82185,15,3,36,4,out
82185,15,5,36,4,in
82185,14,19,31,5,coming
82201,10,5,34,9,going
82201,10,7,34,9,coming
82213,15,4,36,4,going
82213,15,6,36,4,coming
82230,0,4,25,4,out
82230,0,6,25,4,in
82231,19,19,19,5,in
82234,16,12,39,2,out
82238,1,19,1,5,going
82238,3,19,3,5,going
82248,6,19,28,5,going
82258,0,5,25,4,going
82258,0,7,25,4,coming
82284,16,2,39,2,in
82285,14,19,31,5,in
82301,10,5,34,9,out
82301,10,7,34,9,in
82310,19,19,19,5,going
82312,16,1,39,2,going
82312,16,3,39,2,coming
82313,15,4,36,4,out
82313,15,6,36,4,in
82329,10,6,34,9,going
82329,10,8,34,9,coming
82338,1,19,1,5,out
82338,3,19,3,5,out
82341,15,5,36,4,going
82341,15,7,36,4,coming
82348,6,19,28,5,out
82358,0,5,25,4,out
82358,0,7,25,4,in
82364,14,19,31,5,going
82376,1,19,1,5,coming
82376,3,19,3,5,coming
82386,0,6,25,4,going
82386,6,19,28,5,coming
82410,19,19,19,5,out
82412,16,1,39,2,out
82412,16,3,39,2,in
82429,10,6,34,9,out
82429,10,8,34,9,in
82440,16,2,39,2,going
82440,16,4,39,2,coming
82441,15,5,36,4,out
82441,15,7,36,4,in
82448,19,19,19,5,coming
82457,10,7,34,9,going
82457,10,9,34,9,coming
82464,14,19,31,5,out
82469,15,6,36,4,going
82476,1,19,1,5,in
82476,3,19,3,5,in
82486,0,6,25,4,out
82486,6,19,28,5,in
82502,14,19,31,5,coming
82514,0,7,25,4,going
82540,16,2,39,2,out
82540,16,4,39,2,in
82548,19,19,19,5,in
82555,1,19,1,5,going
82555,3,19,3,5,going
82557,10,7,34,9,out
82557,10,9,34,9,in
82565,6,19,28,5,going
82568,16,3,39,2,going
82568,16,5,39,2,coming
82569,15,6,36,4,out
82585,10,8,34,9,going
82585,10,10,34,9,coming
82597,15,7,36,4,going
82602,14,19,31,5,in
82614,0,7,25,4,out
82627,19,19,19,5,going
82655,1,19,1,5,out
82655,3,19,3,5,out
82665,6,19,28,5,out
82668,16,3,39,2,out
82668,16,5,39,2,in
82681,14,19,31,5,going
82685,10,8,34,9,out
82685,10,10,34,9,in
82693,1,19,1,5,coming
82693,3,19,3,5,coming
82696,16,4,39,2,going
82696,16,6,39,2,coming
82697,15,7,36,4,out
82703,6,19,28,5,coming
82713,10,9,34,9,going
82713,10,11,34,9,coming
82727,19,19,19,5,out
82765,19,19,19,5,coming
82781,14,19,31,5,out
82793,1,19,1,5,in
82793,3,19,3,5,in
82796,16,4,39,2,out
82796,16,6,39,2,in
82803,6,19,28,5,in
82813,10,9,34,9,out
82813,10,11,34,9,in
82819,14,19,31,5,coming
82824,16,5,39,2,going
82824,16,7,39,2,coming
82841,10,10,34,9,going
82841,10,12,34,9,coming
82865,19,19,19,5,in
82872,1,19,1,5,going
82872,3,19,3,5,going
82882,6,19,28,5,going
82919,14,19,31,5,in
82924,16,5,39,2,out
82924,16,7,39,2,in
82935,10,11,34,9,going
82935,10,1,34,9,coming
82941,10,10,34,9,out
82941,10,12,34,9,in
82941,10,12,34,9,going
82944,19,19,19,5,going
82952,16,6,39,2,going
82952,16,8,39,2,coming
82972,1,19,1,5,out
82972,3,19,3,5,out
82982,6,19,28,5,out
82998,14,19,31,5,going
83010,1,19,1,5,coming
83010,3,19,3,5,coming
83020,6,19,28,5,coming
83035,10,1,34,9,in
83035,10,11,34,9,out
83041,10,12,34,9,out
83044,19,19,19,5,out
83052,16,6,39,2,out
83052,16,8,39,2,in
83063,10,2,34,9,coming
83080,16,7,39,2,going
83080,16,9,39,2,coming
83082,19,19,19,5,coming
83098,14,19,31,5,out
83110,1,19,1,5,in
83110,3,19,3,5,in
83120,6,19,28,5,in
83136,14,19,31,5,coming
83163,10,2,34,9,in
83180,16,7,39,2,out
83180,16,9,39,2,in
83182,19,19,19,5,in
83189,1,19,1,5,going
83189,3,19,3,5,going
83191,10,1,34,9,going
83191,10,3,34,9,coming
83199,6,19,28,5,going
83208,16,8,39,2,going
83208,16,10,39,2,coming
83236,14,19,31,5,in
83261,19,19,19,5,going
83289,1,19,1,5,out
83289,3,19,3,5,out
83291,10,1,34,9,out
83291,10,3,34,9,in
83299,6,19,28,5,out
83308,16,8,39,2,out
83308,16,10,39,2,in
83315,14,19,31,5,going
83319,10,2,34,9,going
83319,10,4,34,9,coming
83327,1,19,1,5,coming
83327,3,19,3,5,coming
83336,16,9,39,2,going
83336,16,11,39,2,coming
83337,6,19,28,5,coming
83361,19,19,19,5,out
83399,19,19,19,5,coming
83415,14,19,31,5,out
83419,10,2,34,9,out
83419,10,4,34,9,in
83427,1,19,1,5,in
83427,3,19,3,5,in
83436,16,9,39,2,out
83436,16,11,39,2,in
83437,6,19,28,5,in
83447,10,3,34,9,going
83447,10,5,34,9,coming
83453,14,19,31,5,coming
83464,16,10,39,2,going
83464,16,12,39,2,coming
83486,16,11,39,2,going
83486,16,1,39,2,coming
83499,19,19,19,5,in
83506,1,19,1,5,going
83506,3,19,3,5,going
83516,6,19,28,5,going
83547,10,3,34,9,out
83547,10,5,34,9,in
83553,14,19,31,5,in
83564,16,10,39,2,out
83564,16,12,39,2,in
83564,16,12,39,2,going
83575,10,4,34,9,going
83575,10,6,34,9,coming
83578,19,19,19,5,going
83586,16,1,39,2,in
83586,16,11,39,2,out
83606,1,19,1,5,out
83606,3,19,3,5,out
83614,16,2,39,2,coming
83616,6,19,28,5,out
83632,14,19,31,5,going
83644,1,19,1,5,coming
83644,3,19,3,5,coming
83654,6,19,28,5,coming
83664,16,12,39,2,out
83675,10,4,34,9,out
83675,10,6,34,9,in
83678,19,19,19,5,out
83703,10,5,34,9,going
83703,10,7,34,9,coming
83714,16,2,39,2,in
83716,19,19,19,5,coming
83732,14,19,31,5,out
83742,16,1,39,2,going
83742,16,3,39,2,coming
83744,1,19,1,5,in
83744,3,19,3,5,in
83754,6,19,28,5,in
83770,14,19,31,5,coming
83803,10,5,34,9,out
83803,10,7,34,9,in
83816,19,19,19,5,in
83823,1,19,1,5,going
83823,3,19,3,5,going
83831,10,6,34,9,going
83831,10,8,34,9,coming
83833,6,19,28,5,going
83842,16,1,39,2,out
83842,16,3,39,2,in
83870,14,19,31,5,in
83870,16,2,39,2,going
83870,16,4,39,2,coming
83895,19,19,19,5,going
83923,1,19,1,5,out
83923,3,19,3,5,out
83931,10,6,34,9,out
83931,10,8,34,9,in
83933,6,19,28,5,out
83949,14,19,31,5,going
83959,10,7,34,9,going
83959,10,9,34,9,coming
83961,1,19,1,5,coming
83961,3,19,3,5,coming
83970,16,2,39,2,out
83970,16,4,39,2,in
83971,6,19,28,5,coming
83995,19,19,19,5,out
83998,16,3,39,2,going
83998,16,5,39,2,coming
84033,19,19,19,5,coming
84049,14,19,31,5,out
84059,10,7,34,9,out
84059,10,9,34,9,in
84061,1,19,1,5,in
84061,3,19,3,5,in
84071,6,19,28,5,in
84087,10,8,34,9,going
84087,10,10,34,9,coming
84087,14,19,31,5,coming
84098,16,3,39,2,out
84098,16,5,39,2,in
84126,16,4,39,2,going
84126,16,6,39,2,coming
84133,19,19,19,5,in
84140,1,19,1,5,going
84140,3,19,3,5,going
84150,6,19,28,5,going
84187,10,8,34,9,out
84187,10,10,34,9,in
84187,14,19,31,5,in
84212,19,19,19,5,going
84215,10,9,34,9,going
84215,10,11,34,9,coming
84226,16,4,39,2,out
84226,16,6,39,2,in
84240,1,19,1,5,out
84240,3,19,3,5,out
84250,6,19,28,5,out
84254,16,5,39,2,going
84254,16,7,39,2,coming
84267,14,19,31,5,going
84267,14,0,31,5,coming
84267,14,1,31,5,coming
84278,1,19,1,5,coming
84278,3,19,3,5,coming
84288,6,19,28,5,coming
84312,19,19,19,5,out
84315,10,9,34,9,out
84315,10,11,34,9,in
84343,10,10,34,9,going
84343,10,12,34,9,coming
84350,19,19,19,5,coming
84354,16,5,39,2,out
84354,16,7,39,2,in
84367,14,0,31,5,in
84367,14,1,31,5,in
84367,14,19,31,5,out
84378,1,19,1,5,in
84378,3,19,3,5,in
84382,16,6,39,2,going
84382,16,8,39,2,coming
84388,6,19,28,5,in
84437,10,11,34,9,going
84437,10,1,34,9,coming
84443,10,10,34,9,out
84443,10,12,34,9,in
84443,10,12,34,9,going
84450,19,19,19,5,in
84457,1,19,1,5,going
84457,3,19,3,5,going
84467,6,19,28,5,going
84482,16,6,39,2,out
84482,16,8,39,2,in
84495,14,0,31,5,going
84495,14,2,31,5,coming
84510,16,7,39,2,going
84510,16,9,39,2,coming
84529,19,19,19,5,going
84537,10,1,34,9,in
84537,10,11,34,9,out
84543,10,12,34,9,out
84557,1,19,1,5,out
84557,3,19,3,5,out
84565,10,2,34,9,coming
84567,6,19,28,5,out
84595,14,0,31,5,out
84595,14,2,31,5,in
84595,1,19,1,5,coming
84595,3,19,3,5,coming
84605,6,19,28,5,coming
84610,16,7,39,2,out
84610,16,9,39,2,in
84623,14,1,31,5,going
84623,14,3,31,5,coming
84629,19,19,19,5,out
84638,16,8,39,2,going
84638,16,10,39,2,coming
84665,10,2,34,9,in
84667,19,19,19,5,coming
84693,10,1,34,9,going
84693,10,3,34,9,coming
84695,1,19,1,5,in
84695,3,19,3,5,in
84705,6,19,28,5,in
84723,14,1,31,5,out
84723,14,3,31,5,in
84738,16,8,39,2,out
84738,16,10,39,2,in
84751,14,2,31,5,going
84751,14,4,31,5,coming
84766,16,9,39,2,going
84766,16,11,39,2,coming
84767,19,19,19,5,in
84774,1,19,1,5,going
84774,3,19,3,5,going
84784,6,19,28,5,going
84793,10,1,34,9,out
84793,10,3,34,9,in
84821,10,2,34,9,going
84821,10,4,34,9,coming
84846,19,19,19,5,going
84851,14,2,31,5,out
84851,14,4,31,5,in
84866,16,9,39,2,out
84866,16,11,39,2,in
84874,1,19,1,5,out
84874,3,19,3,5,out
84879,14,3,31,5,going
84879,14,5,31,5,coming
84884,6,19,28,5,out
84894,16,10,39,2,going
84894,16,12,39,2,coming
84912,1,19,1,5,coming
84912,3,19,3,5,coming
84916,16,11,39,2,going
84916,16,1,39,2,coming
84921,10,2,34,9,out
84921,10,4,34,9,in
84922,6,19,28,5,coming
84946,19,19,19,5,out
84949,10,3,34,9,going
84949,10,5,34,9,coming
84979,14,3,31,5,out
84979,14,5,31,5,in
84984,19,19,19,5,coming
84994,16,10,39,2,out
84994,16,12,39,2,in
84994,16,12,39,2,going
85007,14,4,31,5,going
85007,14,6,31,5,coming
85012,1,19,1,5,in
85012,3,19,3,5,in
85016,16,1,39,2,in
85016,16,11,39,2,out
85022,6,19,28,5,in
85044,16,2,39,2,coming
85049,10,3,34,9,out
85049,10,5,34,9,in
85077,10,4,34,9,going
85077,10,6,34,9,coming
85084,19,19,19,5,in
85091,1,19,1,5,going
85091,3,19,3,5,going
85094,16,12,39,2,out
85101,6,19,28,5,going
85107,14,4,31,5,out
85107,14,6,31,5,in
85135,14,5,31,5,going
85135,14,7,31,5,coming
85144,16,2,39,2,in
85163,19,19,19,5,going
85172,16,1,39,2,going
85172,16,3,39,2,coming
85177,10,4,34,9,out
85177,10,6,34,9,in
85191,1,19,1,5,out
85191,3,19,3,5,out
85201,6,19,28,5,out
85205,10,5,34,9,going
85205,10,7,34,9,coming
85229,1,19,1,5,coming
85229,3,19,3,5,coming
85235,14,5,31,5,out
85235,14,7,31,5,in
85239,6,19,28,5,coming
85263,19,19,19,5,out
85263,14,6,31,5,going
85263,14,8,31,5,coming
85272,16,1,39,2,out
85272,16,3,39,2,in
85300,16,2,39,2,going
85300,16,4,39,2,coming
85301,19,19,19,5,coming
85305,10,5,34,9,out
85305,10,7,34,9,in
85329,1,19,1,5,in
85329,3,19,3,5,in
85333,10,6,34,9,going
85333,10,8,34,9,coming
85339,6,19,28,5,in
85363,14,6,31,5,out
85363,14,8,31,5,in
85391,14,7,31,5,going
85391,14,9,31,5,coming
85400,16,2,39,2,out
85400,16,4,39,2,in
85401,19,19,19,5,in
85408,1,19,1,5,going
85408,3,19,3,5,going
85418,6,19,28,5,going
85428,16,3,39,2,going
85428,16,5,39,2,coming
85433,10,6,34,9,out
85433,10,8,34,9,in
85461,10,7,34,9,going
85461,10,9,34,9,coming
85480,19,19,19,5,going
85491,14,7,31,5,out
85491,14,9,31,5,in
85508,1,19,1,5,out
85508,3,19,3,5,out
85518,6,19,28,5,out
85519,14,8,31,5,going
85519,14,10,31,5,coming
85528,16,3,39,2,out
85528,16,5,39,2,in
85546,1,19,1,5,coming
85546,3,19,3,5,coming
85556,6,19,28,5,coming
85556,16,4,39,2,going
85556,16,6,39,2,coming
85561,10,7,34,9,out
85561,10,9,34,9,in
85580,19,19,19,5,out
85589,10,8,34,9,going
85589,10,10,34,9,coming
85595,0,1,25,4,coming
85618,19,19,19,5,coming
85619,14,8,31,5,out
85619,14,10,31,5,in
85646,1,19,1,5,in
85646,3,19,3,5,in
85647,14,9,31,5,going
85647,14,11,31,5,coming
85656,6,19,28,5,in
85656,16,4,39,2,out
85656,16,6,39,2,in
85684,16,5,39,2,going
85684,16,7,39,2,coming
85689,10,8,34,9,out
85689,10,10,34,9,in
85695,0,1,25,4,in
85717,10,9,34,9,going
85717,10,11,34,9,coming
85718,19,19,19,5,in
85723,0,2,25,4,coming
85725,1,19,1,5,going
85725,3,19,3,5,going
85735,6,19,28,5,going
85747,14,9,31,5,out
85747,14,11,31,5,in
85775,14,10,31,5,going
85775,14,12,31,5,coming
85784,16,5,39,2,out
85784,16,7,39,2,in
85797,19,19,19,5,going
85812,16,6,39,2,going
85812,16,8,39,2,coming
85817,10,9,34,9,out
85817,10,11,34,9,in
85823,0,2,25,4,in
85825,1,19,1,5,out
85825,3,19,3,5,out
85835,6,19,28,5,out
85845,10,10,34,9,going
85845,10,12,34,9,coming
85851,0,1,25,4,going
85851,0,3,25,4,coming
85863,1,19,1,5,coming
85863,3,19,3,5,coming
85873,6,19,28,5,coming
85875,14,10,31,5,out
85875,14,12,31,5,in
85897,19,19,19,5,out
85903,14,11,31,5,going
85903,14,13,31,5,coming
85912,16,6,39,2,out
85912,16,8,39,2,in
85935,19,19,19,5,coming
85939,10,11,34,9,going
85939,10,1,34,9,coming
85940,16,7,39,2,going
85940,16,9,39,2,coming
85945,10,10,34,9,out
85945,10,12,34,9,in
85945,10,12,34,9,going
85951,0,1,25,4,out
85951,0,3,25,4,in
85963,1,19,1,5,in
85963,3,19,3,5,in
85973,6,19,28,5,in
85979,0,2,25,4,going
85979,0,4,25,4,coming
86003,14,11,31,5,out
86003,14,13,31,5,in
86031,14,12,31,5,going
86031,14,14,31,5,coming
86035,19,19,19,5,in
86039,10,1,34,9,in
86039,10,11,34,9,out
86040,16,7,39,2,out
86040,16,9,39,2,in
86042,1,19,1,5,going
86043,3,19,3,5,going
86043,3,0,3,5,coming
86043,3,1,3,5,coming
86045,10,12,34,9,out
86052,6,19,28,5,going
86067,10,2,34,9,coming
86068,16,8,39,2,going
86068,16,10,39,2,coming
86079,0,2,25,4,out
86079,0,4,25,4,in
86107,0,3,25,4,going
86107,0,5,25,4,coming
86114,19,19,19,5,going
86131,14,12,31,5,out
86131,14,14,31,5,in
86142,1,19,1,5,out
86143,3,0,3,5,in
86143,3,1,3,5,in
86143,3,19,3,5,out
86152,6,19,28,5,out
86159,14,13,31,5,going
86159,14,15,31,5,coming
86167,10,2,34,9,in
86168,16,8,39,2,out
86168,16,10,39,2,in
86180,1,19,1,5,coming
86190,6,19,28,5,coming
86195,10,1,34,9,going
86195,10,3,34,9,coming
86196,16,9,39,2,going
86196,16,11,39,2,coming
86207,0,3,25,4,out
86207,0,5,25,4,in
86214,19,19,19,5,out
86235,0,4,25,4,going
86235,0,6,25,4,coming
86252,19,19,19,5,coming
86259,14,13,31,5,out
86259,14,15,31,5,in
86271,3,0,3,5,going
86271,3,2,3,5,coming
86280,1,19,1,5,in
86287,14,14,31,5,going
86290,6,19,28,5,in
86295,10,1,34,9,out
86295,10,3,34,9,in
86296,16,9,39,2,out
86296,16,11,39,2,in
86323,10,2,34,9,going
86323,10,4,34,9,coming
86324,16,10,39,2,going
86324,16,12,39,2,coming
86335,0,4,25,4,out
86335,0,6,25,4,in
86346,16,11,39,2,going
86346,16,1,39,2,coming
86352,19,19,19,5,in
86359,1,19,1,5,going
86363,0,5,25,4,going
86363,0,7,25,4,coming
86369,6,19,28,5,going
86371,3,0,3,5,out
86371,3,2,3,5,in
86387,14,14,31,5,out
86399,3,1,3,5,going
86399,3,3,3,5,coming
86415,14,15,31,5,going
86423,10,2,34,9,out
86423,10,4,34,9,in
86424,16,10,39,2,out
86424,16,12,39,2,in
86424,16,12,39,2,going
86431,19,19,19,5,going
86446,16,1,39,2,in
86446,16,11,39,2,out
86451,10,3,34,9,going
86451,10,5,34,9,coming
86459,1,19,1,5,out
86463,0,5,25,4,out
86463,0,7,25,4,in
86469,6,19,28,5,out
86474,16,2,39,2,coming
86491,0,6,25,4,going
86497,1,19,1,5,coming
86499,3,1,3,5,out
86499,3,3,3,5,in
86507,6,19,28,5,coming
86515,14,15,31,5,out
86524,16,12,39,2,out
86527,3,2,3,5,going
86527,3,4,3,5,coming
86531,19,19,19,5,out
86551,10,3,34,9,out
86551,10,5,34,9,in
86569,19,19,19,5,coming
86574,16,2,39,2,in
86579,10,4,34,9,going
86579,10,6,34,9,coming
86591,0,6,25,4,out
86597,1,19,1,5,in
86602,16,1,39,2,going
86602,16,3,39,2,coming
86607,6,19,28,5,in
86619,0,7,25,4,going
86627,3,2,3,5,out
86627,3,4,3,5,in
86655,3,3,3,5,going
86655,3,5,3,5,coming
86669,19,19,19,5,in
86671,14,19,31,5,coming
86677,1,19,1,5,going
86677,1,0,1,5,coming
86677,1,1,1,5,coming
86679,10,4,34,9,out
86679,10,6,34,9,in
86687,6,19,28,5,going
86687,6,1,28,5,coming
86702,16,1,39,2,out
86702,16,3,39,2,in
86707,10,5,34,9,going
86707,10,7,34,9,coming
86719,0,7,25,4,out
86730,16,2,39,2,going
86730,16,4,39,2,coming
86748,19,19,19,5,going
86755,3,3,3,5,out
86755,3,5,3,5,in
86771,14,19,31,5,in
86777,1,0,1,5,in
86777,1,1,1,5,in
86777,1,19,1,5,out
86783,3,4,3,5,going
86783,3,6,3,5,coming
86787,6,1,28,5,in
86787,6,19,28,5,out
86807,10,5,34,9,out
86807,10,7,34,9,in
86815,6,2,28,5,coming
86830,16,2,39,2,out
86830,16,4,39,2,in
86835,10,6,34,9,going
86835,10,8,34,9,coming
86848,19,19,19,5,out
86850,14,19,31,5,going
86858,16,3,39,2,going
86858,16,5,39,2,coming
86883,3,4,3,5,out
86883,3,6,3,5,in
86886,19,19,19,5,coming
86905,1,0,1,5,going
86905,1,2,1,5,coming
86911,3,5,3,5,going
86911,3,7,3,5,coming
86915,6,2,28,5,in
86935,10,6,34,9,out
86935,10,8,34,9,in
86943,6,1,28,5,going
86943,6,3,28,5,coming
86950,14,19,31,5,out
86958,16,3,39,2,out
86958,16,5,39,2,in
86963,10,7,34,9,going
86963,10,9,34,9,coming
86980,15,1,36,4,coming
86986,19,19,19,5,in
86986,16,4,39,2,going
86986,16,6,39,2,coming
86988,14,19,31,5,coming
87005,1,0,1,5,out
87005,1,2,1,5,in
87011,3,5,3,5,out
87011,3,7,3,5,in
87033,1,1,1,5,going
87033,1,3,1,5,coming
87039,3,6,3,5,going
87039,3,8,3,5,coming
87043,6,1,28,5,out
87043,6,3,28,5,in
87063,10,7,34,9,out
87063,10,9,34,9,in
87065,19,19,19,5,going
87071,6,2,28,5,going
87071,6,4,28,5,coming
87080,15,1,36,4,in
87086,16,4,39,2,out
87086,16,6,39,2,in
87088,14,19,31,5,in
87091,10,8,34,9,going
87091,10,10,34,9,coming
87108,15,2,36,4,coming
87114,16,5,39,2,going
87114,16,7,39,2,coming
87133,1,1,1,5,out
87133,1,3,1,5,in
87139,3,6,3,5,out
87139,3,8,3,5,in
87161,1,2,1,5,going
87161,1,4,1,5,coming
87165,19,19,19,5,out
87167,3,7,3,5,going
87167,3,9,3,5,coming
87167,14,19,31,5,going
87171,6,2,28,5,out
87171,6,4,28,5,in
87191,10,8,34,9,out
87191,10,10,34,9,in
87199,6,3,28,5,going
87199,6,5,28,5,coming
87203,19,19,19,5,coming
87208,15,2,36,4,in
87214,16,5,39,2,out
87214,16,7,39,2,in
87219,10,9,34,9,going
87219,10,11,34,9,coming
87236,15,1,36,4,going
87236,15,3,36,4,coming
87242,16,6,39,2,going
87242,16,8,39,2,coming
87261,1,2,1,5,out
87261,1,4,1,5,in
87267,3,7,3,5,out
87267,3,9,3,5,in
87267,14,19,31,5,out
87289,1,3,1,5,going
87289,1,5,1,5,coming
87295,3,8,3,5,going
87295,3,10,3,5,coming
87299,6,3,28,5,out
87299,6,5,28,5,in
87303,19,19,19,5,in
87305,14,19,31,5,coming
87319,10,9,34,9,out
87319,10,11,34,9,in
87327,6,4,28,5,going
87327,6,6,28,5,coming
87336,15,1,36,4,out
87336,15,3,36,4,in
87342,16,6,39,2,out
87342,16,8,39,2,in
87347,10,10,34,9,going
87347,10,12,34,9,coming
87364,15,2,36,4,going
87364,15,4,36,4,coming
87370,16,7,39,2,going
87370,16,9,39,2,coming
87382,19,19,19,5,going
87389,1,3,1,5,out
87389,1,5,1,5,in
87395,3,8,3,5,out
87395,3,10,3,5,in
87405,14,19,31,5,in
87417,1,4,1,5,going
87417,1,6,1,5,coming
87423,3,9,3,5,going
87423,3,11,3,5,coming
87427,6,4,28,5,out
87427,6,6,28,5,in
87441,10,11,34,9,going
87441,10,1,34,9,coming
87447,10,10,34,9,out
87447,10,12,34,9,in
87447,10,12,34,9,going
87455,6,5,28,5,going
87455,6,7,28,5,coming
87464,15,2,36,4,out
87464,15,4,36,4,in
87470,16,7,39,2,out
87470,16,9,39,2,in
87482,19,19,19,5,out
87484,14,19,31,5,going
87492,15,3,36,4,going
87492,15,5,36,4,coming
87498,16,8,39,2,going
87498,16,10,39,2,coming
87517,1,4,1,5,out
87517,1,6,1,5,in
87520,19,19,19,5,coming
87523,3,9,3,5,out
87523,3,11,3,5,in
87541,10,1,34,9,in
87541,10,11,34,9,out
87545,1,5,1,5,going
87545,1,7,1,5,coming
87547,10,12,34,9,out
87551,3,10,3,5,going
87551,3,12,3,5,coming
87555,6,5,28,5,out
87555,6,7,28,5,in
87569,10,2,34,9,coming
87583,6,6,28,5,going
87583,6,8,28,5,coming
87584,14,19,31,5,out
87592,15,3,36,4,out
87592,15,5,36,4,in
87598,16,8,39,2,out
87598,16,10,39,2,in
87620,19,19,19,5,in
87620,15,4,36,4,going
87620,15,6,36,4,coming
87622,14,19,31,5,coming
87626,16,9,39,2,going
87626,16,11,39,2,coming
87645,1,5,1,5,out
87645,1,7,1,5,in
87651,3,10,3,5,out
87651,3,12,3,5,in
87669,10,2,34,9,in
87673,1,6,1,5,going
87673,1,8,1,5,coming
87679,3,11,3,5,going
87679,3,13,3,5,coming
87683,6,6,28,5,out
87683,6,8,28,5,in
87697,10,1,34,9,going
87697,10,3,34,9,coming
87699,19,19,19,5,going
87711,6,7,28,5,going
87711,6,9,28,5,coming
87720,15,4,36,4,out
87720,15,6,36,4,in
87722,14,19,31,5,in
87726,16,9,39,2,out
87726,16,11,39,2,in
87748,15,5,36,4,going
87748,15,7,36,4,coming
87754,16,10,39,2,going
87754,16,12,39,2,coming
87773,1,6,1,5,out
87773,1,8,1,5,in
87776,16,11,39,2,going
87776,16,1,39,2,coming
87779,3,11,3,5,out
87779,3,13,3,5,in
87797,10,1,34,9,out
87797,10,3,34,9,in
87799,19,19,19,5,out
87801,1,7,1,5,going
87801,1,9,1,5,coming
87801,14,19,31,5,going
87807,3,12,3,5,going
87807,3,14,3,5,coming
87811,6,7,28,5,out
87811,6,9,28,5,in
87825,10,2,34,9,going
87825,10,4,34,9,coming
87837,19,19,19,5,coming
87839,6,8,28,5,going
87848,15,5,36,4,out
87848,15,7,36,4,in
87854,16,10,39,2,out
87854,16,12,39,2,in
87854,16,12,39,2,going
87876,16,1,39,2,in
87876,16,11,39,2,out
87876,15,6,36,4,going
87901,1,7,1,5,out
87901,1,9,1,5,in
87901,14,19,31,5,out
87904,16,2,39,2,coming
87907,3,12,3,5,out
87907,3,14,3,5,in
87925,10,2,34,9,out
87925,10,4,34,9,in
87929,1,8,1,5,going
87929,1,10,1,5,coming
87935,3,13,3,5,going
87935,3,15,3,5,coming
87937,19,19,19,5,in
87939,6,8,28,5,out
87939,14,19,31,5,coming
87953,10,3,34,9,going
87953,10,5,34,9,coming
87954,16,12,39,2,out
87967,6,9,28,5,going
87976,15,6,36,4,out
88004,16,2,39,2,in
88004,15,7,36,4,going
88016,19,19,19,5,going
88029,1,8,1,5,out
88029,1,10,1,5,in
88032,16,1,39,2,going
88032,16,3,39,2,coming
88035,3,13,3,5,out
88035,3,15,3,5,in
88039,14,19,31,5,in
88053,10,3,34,9,out
88053,10,5,34,9,in
88057,1,9,1,5,going
88057,1,11,1,5,coming
88063,3,14,3,5,going
88067,6,9,28,5,out
88081,10,4,34,9,going
88081,10,6,34,9,coming
88095,6,12,28,5,coming
88104,15,7,36,4,out
88116,19,19,19,5,out
88118,14,19,31,5,going
88132,16,1,39,2,out
88132,16,3,39,2,in
88154,19,19,19,5,coming
88157,1,9,1,5,out
88157,1,11,1,5,in
88160,16,2,39,2,going
88160,16,4,39,2,coming
88163,3,14,3,5,out
88181,10,4,34,9,out
88181,10,6,34,9,in
88185,1,10,1,5,going
88185,1,12,1,5,coming
88191,3,15,3,5,going
88195,6,12,28,5,in
88209,10,5,34,9,going
88209,10,7,34,9,coming
88218,14,19,31,5,out
88223,6,13,28,5,coming
88254,19,19,19,5,in
88256,14,19,31,5,coming
88260,16,2,39,2,out
88260,16,4,39,2,in
88285,1,10,1,5,out
88285,1,12,1,5,in
88288,16,3,39,2,going
88288,16,5,39,2,coming
88291,3,15,3,5,out
88309,10,5,34,9,out
88309,10,7,34,9,in
88313,1,11,1,5,going
88313,1,13,1,5,coming
88323,6,13,28,5,in
88334,19,19,19,5,going
88334,19,0,19,5,coming
88334,19,1,19,5,coming
88337,10,6,34,9,going
88337,10,8,34,9,coming
88351,6,12,28,5,going
88351,6,14,28,5,coming
88356,14,19,31,5,in
88388,16,3,39,2,out
88388,16,5,39,2,in
88413,1,11,1,5,out
88413,1,13,1,5,in
88416,16,4,39,2,going
88416,16,6,39,2,coming
88434,19,0,19,5,in
88434,19,1,19,5,in
88434,19,19,19,5,out
88435,14,19,31,5,going
88437,10,6,34,9,out
88437,10,8,34,9,in
88441,1,12,1,5,going
88441,1,14,1,5,coming
88447,3,19,3,5,coming
88451,6,12,28,5,out
88451,6,14,28,5,in
88465,10,7,34,9,going
88465,10,9,34,9,coming
88479,6,13,28,5,going
88479,6,15,28,5,coming
88516,16,4,39,2,out
88516,16,6,39,2,in
88535,14,19,31,5,out
88541,1,12,1,5,out
88541,1,14,1,5,in
88544,16,5,39,2,going
88544,16,7,39,2,coming
88547,3,19,3,5,in
88562,19,0,19,5,going
88562,19,2,19,5,coming
88565,10,7,34,9,out
88565,10,9,34,9,in
88569,1,13,1,5,going
88569,1,15,1,5,coming
88573,14,19,31,5,coming
88579,6,13,28,5,out
88579,6,15,28,5,in
88593,10,8,34,9,going
88593,10,10,34,9,coming
88607,6,14,28,5,going
88626,3,19,3,5,going
88644,16,5,39,2,out
88644,16,7,39,2,in
88662,19,0,19,5,out
88662,19,2,19,5,in
88669,1,13,1,5,out
88669,1,15,1,5,in
88672,16,6,39,2,going
88672,16,8,39,2,coming
88673,14,19,31,5,in
88690,19,1,19,5,going
88690,19,3,19,5,coming
88693,10,8,34,9,out
88693,10,10,34,9,in
88697,1,14,1,5,going
88707,6,14,28,5,out
88721,10,9,34,9,going
88721,10,11,34,9,coming
88726,3,19,3,5,out
88735,6,15,28,5,going
88752,14,19,31,5,going
88764,3,19,3,5,coming
88772,16,6,39,2,out
88772,16,8,39,2,in
88790,19,1,19,5,out
88790,19,3,19,5,in
88797,1,14,1,5,out
88800,16,7,39,2,going
88800,16,9,39,2,coming
88818,19,2,19,5,going
88818,19,4,19,5,coming
88821,10,9,34,9,out
88821,10,11,34,9,in
88825,1,15,1,5,going
88835,6,15,28,5,out
88849,10,10,34,9,going
88849,10,12,34,9,coming
88852,14,19,31,5,out
88864,3,19,3,5,in
88890,14,19,31,5,coming
88900,16,7,39,2,out
88900,16,9,39,2,in
88918,19,2,19,5,out
88918,19,4,19,5,in
88925,1,15,1,5,out
88928,16,8,39,2,going
88928,16,10,39,2,coming
88943,3,19,3,5,going
88943,10,11,34,9,going
88943,10,1,34,9,coming
88946,19,3,19,5,going
88946,19,5,19,5,coming
88949,10,10,34,9,out
88949,10,12,34,9,in
88949,10,12,34,9,going
88990,14,19,31,5,in
88991,6,19,28,5,coming
89028,16,8,39,2,out
89028,16,10,39,2,in
89043,3,19,3,5,out
89043,10,1,34,9,in
89043,10,11,34,9,out
89046,19,3,19,5,out
89046,19,5,19,5,in
89049,10,12,34,9,out
89049,0,1,25,4,coming
89056,16,9,39,2,going
89056,16,11,39,2,coming
89069,14,19,31,5,going
89071,10,2,34,9,coming
89074,19,4,19,5,going
89074,19,6,19,5,coming
89081,1,19,1,5,coming
89081,3,19,3,5,coming
89091,6,19,28,5,in
89149,0,1,25,4,in
89156,16,9,39,2,out
89156,16,11,39,2,in
89169,14,19,31,5,out
89170,6,19,28,5,going
89171,10,2,34,9,in
89174,19,4,19,5,out
89174,19,6,19,5,in
89177,0,2,25,4,coming
89181,1,19,1,5,in
89181,3,19,3,5,in
89184,16,10,39,2,going
89184,16,12,39,2,coming
89199,10,1,34,9,going
89199,10,3,34,9,coming
89202,19,5,19,5,going
89202,19,7,19,5,coming
89206,16,11,39,2,going
89206,16,1,39,2,coming
89207,14,19,31,5,coming
89260,1,19,1,5,going
89260,3,19,3,5,going
89270,6,19,28,5,out
89277,0,2,25,4,in
89284,16,10,39,2,out
89284,16,12,39,2,in
89284,16,12,39,2,going
89299,10,1,34,9,out
89299,10,3,34,9,in
89302,19,5,19,5,out
89302,19,7,19,5,in
89305,0,1,25,4,going
89305,0,3,25,4,coming
89306,16,1,39,2,in
89306,16,11,39,2,out
89307,14,19,31,5,in
89308,6,19,28,5,coming
89327,10,2,34,9,going
89327,10,4,34,9,coming
89330,19,6,19,5,going
89330,19,8,19,5,coming
89334,16,2,39,2,coming
89360,1,19,1,5,out
89360,3,19,3,5,out
89384,16,12,39,2,out
89386,14,19,31,5,going
89398,1,19,1,5,coming
89398,3,19,3,5,coming
89405,0,1,25,4,out
89405,0,3,25,4,in
89408,6,19,28,5,in
89427,10,2,34,9,out
89427,10,4,34,9,in
89430,19,6,19,5,out
89430,19,8,19,5,in
89433,0,2,25,4,going
89433,0,4,25,4,coming
89434,16,2,39,2,in
89455,10,3,34,9,going
89455,10,5,34,9,coming
89458,19,7,19,5,going
89458,19,9,19,5,coming
89462,16,1,39,2,going
89462,16,3,39,2,coming
89486,14,19,31,5,out
89487,6,19,28,5,going
89498,1,19,1,5,in
89498,3,19,3,5,in
89524,14,19,31,5,coming
89533,0,2,25,4,out
89533,0,4,25,4,in
89555,10,3,34,9,out
89555,10,5,34,9,in
89558,19,7,19,5,out
89558,19,9,19,5,in
89561,0,3,25,4,going
89561,0,5,25,4,coming
89562,16,1,39,2,out
89562,16,3,39,2,in
89577,1,19,1,5,going
89577,3,19,3,5,going
89583,10,4,34,9,going
89583,10,6,34,9,coming
89586,19,8,19,5,going
89586,19,10,19,5,coming
89587,6,19,28,5,out
89590,16,2,39,2,going
89590,16,4,39,2,coming
89624,14,19,31,5,in
89625,6,19,28,5,coming
89661,0,3,25,4,out
89661,0,5,25,4,in
89677,1,19,1,5,out
89677,3,19,3,5,out
89683,10,4,34,9,out
89683,10,6,34,9,in
89686,19,8,19,5,out
89686,19,10,19,5,in
89689,0,4,25,4,going
89689,0,6,25,4,coming
89690,16,2,39,2,out
89690,16,4,39,2,in
89703,14,19,31,5,going
89711,10,5,34,9,going
89711,10,7,34,9,coming
89714,19,9,19,5,going
89714,19,11,19,5,coming
89715,1,19,1,5,coming
89715,3,19,3,5,coming
89718,16,3,39,2,going
89718,16,5,39,2,coming
89725,6,19,28,5,in
89789,0,4,25,4,out
89789,0,6,25,4,in
89803,14,19,31,5,out
89804,6,19,28,5,going
89811,10,5,34,9,out
89811,10,7,34,9,in
89814,19,9,19,5,out
89814,19,11,19,5,in
89815,1,19,1,5,in
89815,3,19,3,5,in
89817,0,5,25,4,going
89817,0,7,25,4,coming
89818,16,3,39,2,out
89818,16,5,39,2,in
89839,10,6,34,9,going
89839,10,8,34,9,coming
89841,14,19,31,5,coming
89842,19,10,19,5,going
89842,19,12,19,5,coming
89846,16,4,39,2,going
89846,16,6,39,2,coming
89894,1,19,1,5,going
89894,3,19,3,5,going
89904,6,19,28,5,out
89917,0,5,25,4,out
89917,0,7,25,4,in
89939,10,6,34,9,out
89939,10,8,34,9,in
89941,14,19,31,5,in
89942,19,10,19,5,out
89942,19,12,19,5,in
89942,6,19,28,5,coming
89945,0,6,25,4,going
89946,16,4,39,2,out
89946,16,6,39,2,in
89967,10,7,34,9,going
89967,10,9,34,9,coming
89970,19,11,19,5,going
89970,19,13,19,5,coming
89974,16,5,39,2,going
89974,16,7,39,2,coming
89994,1,19,1,5,out
89994,3,19,3,5,out
90020,14,19,31,5,going
90032,1,19,1,5,coming
90032,3,19,3,5,coming
90042,6,19,28,5,in
90045,0,6,25,4,out
90067,10,7,34,9,out
90067,10,9,34,9,in
90070,19,11,19,5,out
90070,19,13,19,5,in
90073,0,7,25,4,going
90074,16,5,39,2,out
90074,16,7,39,2,in
90095,10,8,34,9,going
90095,10,10,34,9,coming
90098,19,12,19,5,going
90098,19,14,19,5,coming
90102,16,6,39,2,going
90102,16,8,39,2,coming
90120,14,19,31,5,out
90121,6,19,28,5,going
90132,1,19,1,5,in
90132,3,19,3,5,in
90158,14,19,31,5,coming
90173,0,7,25,4,out
90195,10,8,34,9,out
90195,10,10,34,9,in
90198,19,12,19,5,out
90198,19,14,19,5,in
90202,16,6,39,2,out
90202,16,8,39,2,in
90211,1,19,1,5,going
90211,3,19,3,5,going
90221,6,19,28,5,out
90223,10,9,34,9,going
90223,10,11,34,9,coming
90226,19,13,19,5,going
90226,19,15,19,5,coming
90230,16,7,39,2,going
90230,16,9,39,2,coming
90258,14,19,31,5,in
90259,6,19,28,5,coming
90311,1,19,1,5,out
90311,3,19,3,5,out
90323,10,9,34,9,out
90323,10,11,34,9,in
90326,19,13,19,5,out
90326,19,15,19,5,in
90330,16,7,39,2,out
90330,16,9,39,2,in
90337,14,19,31,5,going
90349,1,19,1,5,coming
90349,3,19,3,5,coming
90351,10,10,34,9,going
90351,10,12,34,9,coming
90354,19,14,19,5,going
90358,16,8,39,2,going
90358,16,10,39,2,coming
90359,6,19,28,5,in
90437,14,19,31,5,out
90438,6,19,28,5,going
90445,10,11,34,9,going
90445,10,1,34,9,coming
90449,1,19,1,5,in
90449,3,19,3,5,in
90451,10,10,34,9,out
90451,10,12,34,9,in
90451,10,12,34,9,going
90454,19,14,19,5,out
90458,16,8,39,2,out
90458,16,10,39,2,in
90475,14,19,31,5,coming
90482,19,15,19,5,going
90486,16,9,39,2,going
90486,16,11,39,2,coming
90528,1,19,1,5,going
90528,3,19,3,5,going
90538,6,19,28,5,out
90545,10,1,34,9,in
90545,10,11,34,9,out
90551,10,12,34,9,out
90573,10,2,34,9,coming
90575,14,19,31,5,in
90576,6,19,28,5,coming
90582,19,15,19,5,out
90586,16,9,39,2,out
90586,16,11,39,2,in
90614,16,10,39,2,going
90614,16,12,39,2,coming
90628,1,19,1,5,out
90628,3,19,3,5,out
90636,16,11,39,2,going
90636,16,1,39,2,coming
90651,15,1,36,4,coming
90654,14,19,31,5,going
90666,1,19,1,5,coming
90666,3,19,3,5,coming
90673,10,2,34,9,in
90676,6,19,28,5,in
90701,10,1,34,9,going
90701,10,3,34,9,coming
90714,16,10,39,2,out
90714,16,12,39,2,in
90714,16,12,39,2,going
90736,16,1,39,2,in
90736,16,11,39,2,out
90738,19,19,19,5,coming
90751,15,1,36,4,in
90754,14,19,31,5,out
90755,6,19,28,5,going
90764,16,2,39,2,coming
90766,1,19,1,5,in
90766,3,19,3,5,in
90779,15,2,36,4,coming
90792,14,19,31,5,coming
90801,10,1,34,9,out
90801,10,3,34,9,in
90814,16,12,39,2,out
90829,10,2,34,9,going
90829,10,4,34,9,coming
90838,19,19,19,5,in
90845,1,19,1,5,going
90845,3,19,3,5,going
90855,6,19,28,5,out
90864,16,2,39,2,in
90879,15,2,36,4,in
90892,14,19,31,5,in
90892,16,1,39,2,going
90892,16,3,39,2,coming
90893,6,19,28,5,coming
90907,15,1,36,4,going
90907,15,3,36,4,coming
90917,19,19,19,5,going
90929,10,2,34,9,out
90929,10,4,34,9,in
90945,1,19,1,5,out
90945,3,19,3,5,out
90957,10,3,34,9,going
90957,10,5,34,9,coming
90971,14,19,31,5,going
90983,1,19,1,5,coming
90983,3,19,3,5,coming
90992,16,1,39,2,out
90992,16,3,39,2,in
90993,6,19,28,5,in
91007,15,1,36,4,out
91007,15,3,36,4,in
91017,19,19,19,5,out
91020,16,2,39,2,going
91020,16,4,39,2,coming
91035,15,2,36,4,going
91035,15,4,36,4,coming
91055,19,19,19,5,coming
91057,10,3,34,9,out
91057,10,5,34,9,in
91071,14,19,31,5,out
91072,6,19,28,5,going
91083,1,19,1,5,in
91083,3,19,3,5,in
91085,10,4,34,9,going
91085,10,6,34,9,coming
91109,14,19,31,5,coming
91120,16,2,39,2,out
91120,16,4,39,2,in
91135,15,2,36,4,out
91135,15,4,36,4,in
91148,16,3,39,2,going
91148,16,5,39,2,coming
91155,19,19,19,5,in
91162,1,19,1,5,going
91162,3,19,3,5,going
91163,15,3,36,4,going
91163,15,5,36,4,coming
91172,6,19,28,5,out
91185,10,4,34,9,out
91185,10,6,34,9,in
91209,14,19,31,5,in
91210,6,19,28,5,coming
91213,10,5,34,9,going
91213,10,7,34,9,coming
91234,19,19,19,5,going
91248,16,3,39,2,out
91248,16,5,39,2,in
91262,1,19,1,5,out
91262,3,19,3,5,out
91263,15,3,36,4,out
91263,15,5,36,4,in
91276,16,4,39,2,going
91276,16,6,39,2,coming
91288,14,19,31,5,going
91291,15,4,36,4,going
91291,15,6,36,4,coming
91300,1,19,1,5,coming
91300,3,19,3,5,coming
91310,6,19,28,5,in
91313,10,5,34,9,out
91313,10,7,34,9,in
91334,19,19,19,5,out
91341,10,6,34,9,going
91341,10,8,34,9,coming
91372,19,19,19,5,coming
91376,16,4,39,2,out
91376,16,6,39,2,in
91388,14,19,31,5,out
91389,6,19,28,5,going
91391,15,4,36,4,out
91391,15,6,36,4,in
91400,1,19,1,5,in
91400,3,19,3,5,in
91404,16,5,39,2,going
91404,16,7,39,2,coming
91419,15,5,36,4,going
91419,15,7,36,4,coming
91426,14,19,31,5,coming
91441,10,6,34,9,out
91441,10,8,34,9,in
91469,10,7,34,9,going
91469,10,9,34,9,coming
91472,19,19,19,5,in
91479,1,19,1,5,going
91479,3,19,3,5,going
91489,6,19,28,5,out
91504,16,5,39,2,out
91504,16,7,39,2,in
91519,15,5,36,4,out
91519,15,7,36,4,in
91526,14,19,31,5,in
91527,6,19,28,5,coming
91532,16,6,39,2,going
91532,16,8,39,2,coming
91547,15,6,36,4,going
91551,19,19,19,5,going
91569,10,7,34,9,out
91569,10,9,34,9,in
91579,1,19,1,5,out
91579,3,19,3,5,out
91597,10,8,34,9,going
91597,10,10,34,9,coming
91605,14,19,31,5,going
91617,1,19,1,5,coming
91617,3,19,3,5,coming
91627,6,19,28,5,in
91632,16,6,39,2,out
91632,16,8,39,2,in
91647,15,6,36,4,out
91651,19,19,19,5,out
91660,16,7,39,2,going
91660,16,9,39,2,coming
91675,15,7,36,4,going
91689,19,19,19,5,coming
91697,10,8,34,9,out
91697,10,10,34,9,in
91705,14,19,31,5,out
91706,6,19,28,5,going
91717,1,19,1,5,in
91717,3,19,3,5,in
91725,10,9,34,9,going
91725,10,11,34,9,coming
91743,14,19,31,5,coming
91760,16,7,39,2,out
91760,16,9,39,2,in
91775,15,7,36,4,out
91788,16,8,39,2,going
91788,16,10,39,2,coming
91789,19,19,19,5,in
91796,1,19,1,5,going
91796,3,19,3,5,going
91806,6,19,28,5,out
91825,10,9,34,9,out
91825,10,11,34,9,in
91843,14,19,31,5,in
91844,6,19,28,5,coming
91853,10,10,34,9,going
91853,10,12,34,9,coming
91868,19,19,19,5,going
91888,16,8,39,2,out
91888,16,10,39,2,in
91896,1,19,1,5,out
91896,3,19,3,5,out
91916,16,9,39,2,going
91916,16,11,39,2,coming
91922,14,19,31,5,going
91934,1,19,1,5,coming
91934,3,19,3,5,coming
91944,6,19,28,5,in
91947,10,11,34,9,going
91947,10,1,34,9,coming
91953,10,10,34,9,out
91953,10,12,34,9,in
91953,10,12,34,9,going
91968,19,19,19,5,out
92006,19,19,19,5,coming
92016,16,9,39,2,out
92016,16,11,39,2,in
92022,14,19,31,5,out
92023,6,19,28,5,going
92034,1,19,1,5,in
92034,3,19,3,5,in
92044,16,10,39,2,going
92044,16,12,39,2,coming
92047,10,1,34,9,in
92047,10,11,34,9,out
92053,10,12,34,9,out
92060,14,19,31,5,coming
92066,16,11,39,2,going
92066,16,1,39,2,coming
92075,10,2,34,9,coming
92106,19,19,19,5,in
92113,1,19,1,5,going
92113,3,19,3,5,going
92123,6,19,28,5,out
92144,16,10,39,2,out
92144,16,12,39,2,in
92144,16,12,39,2,going
92160,14,19,31,5,in
92161,6,19,28,5,coming
92166,16,1,39,2,in
92166,16,11,39,2,out
92175,10,2,34,9,in
92185,19,19,19,5,going
92194,16,2,39,2,coming
92203,10,1,34,9,going
92203,10,3,34,9,coming
92213,1,19,1,5,out
92213,3,19,3,5,out
92239,14,19,31,5,going
92244,16,12,39,2,out
92251,1,19,1,5,coming
92251,3,19,3,5,coming
92261,6,19,28,5,in
92285,19,19,19,5,out
92294,16,2,39,2,in
92303,10,1,34,9,out
92303,10,3,34,9,in
92322,16,1,39,2,going
92322,16,3,39,2,coming
92323,19,19,19,5,coming
92331,10,2,34,9,going
92331,10,4,34,9,coming
92339,14,19,31,5,out
92340,6,19,28,5,going
92351,1,19,1,5,in
92351,3,19,3,5,in
92377,14,19,31,5,coming
92422,16,1,39,2,out
92422,16,3,39,2,in
92423,19,19,19,5,in
92430,1,19,1,5,going
92430,3,19,3,5,going
92431,10,2,34,9,out
92431,10,4,34,9,in
92440,6,19,28,5,out
92450,16,2,39,2,going
92450,16,4,39,2,coming
92459,10,3,34,9,going
92459,10,5,34,9,coming
92477,14,19,31,5,in
92478,6,19,28,5,coming
92502,19,19,19,5,going
92530,1,19,1,5,out
92530,3,19,3,5,out
92550,16,2,39,2,out
92550,16,4,39,2,in
92556,14,19,31,5,going
92559,10,3,34,9,out
92559,10,5,34,9,in
92568,1,19,1,5,coming
92568,3,19,3,5,coming
92578,6,19,28,5,in
92578,16,3,39,2,going
92578,16,5,39,2,coming
92587,10,4,34,9,going
92587,10,6,34,9,coming
92602,19,19,19,5,out
92640,19,19,19,5,coming
92656,14,19,31,5,out
92657,6,19,28,5,going
92668,1,19,1,5,in
92668,3,19,3,5,in
92678,16,3,39,2,out
92678,16,5,39,2,in
92687,10,4,34,9,out
92687,10,6,34,9,in
92694,14,19,31,5,coming
92706,16,4,39,2,going
92706,16,6,39,2,coming
92715,10,5,34,9,going
92715,10,7,34,9,coming
92740,19,19,19,5,in
92747,1,19,1,5,going
92747,3,19,3,5,going
92757,6,19,28,5,out
92794,14,19,31,5,in
92795,6,19,28,5,coming
92806,16,4,39,2,out
92806,16,6,39,2,in
92815,10,5,34,9,out
92815,10,7,34,9,in
92819,19,19,19,5,going
92834,16,5,39,2,going
92834,16,7,39,2,coming
92843,10,6,34,9,going
92843,10,8,34,9,coming
92847,1,19,1,5,out
92847,3,19,3,5,out
92873,14,19,31,5,going
92885,1,19,1,5,coming
92885,3,19,3,5,coming
92895,6,19,28,5,in
92919,19,19,19,5,out
92934,16,5,39,2,out
92934,16,7,39,2,in
92938,0,0,25,4,out
92938,0,1,25,4,out
92938,0,2,25,4,out
92938,0,3,25,4,out
92938,0,4,25,4,out
92938,0,5,25,4,out
92938,0,6,25,4,out
92938,0,7,25,4,out
92938,0,8,25,4,out
92938,0,9,25,4,out
92938,0,10,25,4,out
92938,0,11,25,4,out
92938,0,12,25,4,out
92938,0,13,25,4,out
92938,0,14,25,4,out
92938,0,15,25,4,out
92938,0,16,25,4,out
92938,0,17,25,4,out
92938,0,18,25,4,out
92938,0,19,25,4,out
92943,10,6,34,9,out
92943,10,8,34,9,in
92957,19,19,19,5,coming
92962,16,6,39,2,going
92962,16,8,39,2,coming
92971,10,7,34,9,going
92971,10,9,34,9,coming
92973,14,19,31,5,out
92974,6,19,28,5,going
92985,1,19,1,5,in
92985,3,19,3,5,in
93011,14,19,31,5,coming
93057,19,19,19,5,in
93062,16,6,39,2,out
93062,16,8,39,2,in
93064,1,19,1,5,going
93064,3,19,3,5,going
93071,10,7,34,9,out
93071,10,9,34,9,in
93074,6,19,28,5,out
93090,16,7,39,2,going
93090,16,9,39,2,coming
93099,10,8,34,9,going
93099,10,10,34,9,coming
93111,14,19,31,5,in
93112,6,19,28,5,coming
93136,19,19,19,5,going
93164,1,19,1,5,out
93164,3,19,3,5,out
93190,16,7,39,2,out
93190,16,9,39,2,in
93190,14,19,31,5,going
93199,10,8,34,9,out
93199,10,10,34,9,in
93202,1,19,1,5,coming
93202,3,19,3,5,coming
93212,6,19,28,5,in
93218,16,8,39,2,going
93218,16,10,39,2,coming
93227,10,9,34,9,going
93227,10,11,34,9,coming
93236,19,19,19,5,out
93274,19,19,19,5,coming
93290,14,19,31,5,out
93291,6,19,28,5,going
93302,1,19,1,5,in
93302,3,19,3,5,in
93318,16,8,39,2,out
93318,16,10,39,2,in
93327,10,9,34,9,out
93327,10,11,34,9,in
93328,14,19,31,5,coming
93346,16,9,39,2,going
93346,16,11,39,2,coming
93355,10,10,34,9,going
93355,10,12,34,9,coming
93374,19,19,19,5,in
93381,1,19,1,5,going
93381,3,19,3,5,going
93391,6,19,28,5,out
93428,14,19,31,5,in
93429,6,19,28,5,coming
93446,16,9,39,2,out
93446,16,11,39,2,in
93450,10,0,34,9,out
93450,10,1,34,9,out
93450,10,2,34,9,out
93450,10,3,34,9,out
93450,10,4,34,9,out
93450,10,5,34,9,out
93450,10,6,34,9,out
93450,10,7,34,9,out
93450,10,8,34,9,out
93450,10,9,34,9,out
93450,10,10,34,9,out
93450,10,11,34,9,out
93450,10,12,34,9,out
93450,10,13,34,9,out
93450,10,14,34,9,out
93450,10,15,34,9,out
93450,10,16,34,9,out
93450,10,17,34,9,out
93450,10,18,34,9,out
93450,10,19,34,9,out
93453,19,19,19,5,going
93474,16,10,39,2,going
93474,16,12,39,2,coming
93481,1,19,1,5,out
93481,3,19,3,5,out
93496,16,11,39,2,going
93496,16,1,39,2,coming
93507,14,19,31,5,going
93519,1,19,1,5,coming
93519,3,19,3,5,coming
93529,6,19,28,5,in
93553,19,19,19,5,out
93574,16,10,39,2,out
93574,16,12,39,2,in
93574,16,12,39,2,going
93591,19,19,19,5,coming
93596,16,1,39,2,in
93596,16,11,39,2,out
93607,14,19,31,5,out
93608,6,19,28,5,going
93619,1,19,1,5,in
93619,3,19,3,5,in
93624,16,2,39,2,coming
93645,14,19,31,5,coming
93674,16,12,39,2,out
93691,19,19,19,5,in
93698,1,19,1,5,going
93698,3,19,3,5,going
93708,6,19,28,5,out
93724,16,2,39,2,in
93745,14,19,31,5,in
93746,6,19,28,5,coming
93752,16,1,39,2,going
93752,16,3,39,2,coming
93770,19,19,19,5,going
93798,1,19,1,5,out
93798,3,19,3,5,out
93824,14,19,31,5,going
93836,1,19,1,5,coming
93836,3,19,3,5,coming
93846,6,19,28,5,in
93852,16,1,39,2,out
93852,16,3,39,2,in
93870,19,19,19,5,out
93880,16,2,39,2,going
93880,16,4,39,2,coming
93908,19,19,19,5,coming
93924,14,19,31,5,out
93925,6,19,28,5,going
93936,1,19,1,5,in
93936,3,19,3,5,in
93962,14,19,31,5,coming
93980,16,2,39,2,out
93980,16,4,39,2,in
94008,19,19,19,5,in
94008,16,3,39,2,going
94008,16,5,39,2,coming
94015,1,19,1,5,going
94015,3,19,3,5,going
94025,6,19,28,5,out
94062,14,19,31,5,in
94063,6,19,28,5,coming
94087,19,19,19,5,going
94108,16,3,39,2,out
94108,16,5,39,2,in
94115,1,19,1,5,out
94115,3,19,3,5,out
94136,16,4,39,2,going
94136,16,6,39,2,coming
94141,14,19,31,5,going
94153,1,19,1,5,coming
94153,3,19,3,5,coming
94163,6,19,28,5,in
94187,19,19,19,5,out
94225,19,19,19,5,coming
94236,16,4,39,2,out
94236,16,6,39,2,in
94241,14,19,31,5,out
94242,6,19,28,5,going
94253,1,19,1,5,in
94253,3,19,3,5,in
94264,16,5,39,2,going
94264,16,7,39,2,coming
94279,14,19,31,5,coming
94325,19,19,19,5,in
94332,3,19,3,5,going
94333,1,19,1,5,going
94333,1,0,1,5,coming
94333,1,1,1,5,coming
94342,6,19,28,5,out
94364,16,5,39,2,out
94364,16,7,39,2,in
94379,14,19,31,5,in
94380,6,19,28,5,coming
94392,16,6,39,2,going
94392,16,8,39,2,coming
94404,19,19,19,5,going
94432,3,19,3,5,out
94433,1,0,1,5,in
94433,1,1,1,5,in
94433,1,19,1,5,out
94459,14,19,31,5,going
94459,14,0,31,5,coming
94459,14,1,31,5,coming
94470,3,19,3,5,coming
94480,6,19,28,5,in
94492,16,6,39,2,out
94492,16,8,39,2,in
94504,19,19,19,5,out
94520,16,7,39,2,going
94520,16,9,39,2,coming
94542,19,19,19,5,coming
94559,14,0,31,5,in
94559,14,1,31,5,in
94559,14,19,31,5,out
94559,6,19,28,5,going
94561,1,0,1,5,going
94561,1,2,1,5,coming
94570,3,19,3,5,in
94620,16,7,39,2,out
94620,16,9,39,2,in
94642,19,19,19,5,in
94648,16,8,39,2,going
94648,16,10,39,2,coming
94650,3,19,3,5,going
94650,3,0,3,5,coming
94650,3,1,3,5,coming
94659,6,19,28,5,out
94661,1,0,1,5,out
94661,1,2,1,5,in
94687,14,0,31,5,going
94687,14,2,31,5,coming
94689,1,1,1,5,going
94689,1,3,1,5,coming
94697,6,19,28,5,coming
94721,19,19,19,5,going
94748,16,8,39,2,out
94748,16,10,39,2,in
94750,3,0,3,5,in
94750,3,1,3,5,in
94750,3,19,3,5,out
94776,16,9,39,2,going
94776,16,11,39,2,coming
94787,14,0,31,5,out
94787,14,2,31,5,in
94789,1,1,1,5,out
94789,1,3,1,5,in
94797,6,19,28,5,in
94815,14,1,31,5,going
94815,14,3,31,5,coming
94817,1,2,1,5,going
94817,1,4,1,5,coming
94821,19,19,19,5,out
94859,19,19,19,5,coming
94876,16,9,39,2,out
94876,16,11,39,2,in
94877,6,19,28,5,going
94877,6,1,28,5,coming
94878,3,0,3,5,going
94878,3,2,3,5,coming
94904,16,10,39,2,going
94904,16,12,39,2,coming
94915,14,1,31,5,out
94915,14,3,31,5,in
94917,1,2,1,5,out
94917,1,4,1,5,in
94926,16,11,39,2,going
94926,16,1,39,2,coming
94943,14,2,31,5,going
94943,14,4,31,5,coming
94945,1,3,1,5,going
94945,1,5,1,5,coming
94959,19,19,19,5,in
94977,6,1,28,5,in
94977,6,19,28,5,out
94978,3,0,3,5,out
94978,3,2,3,5,in
95004,16,10,39,2,out
95004,16,12,39,2,in
95004,16,12,39,2,going
95005,6,2,28,5,coming
95006,3,1,3,5,going
95006,3,3,3,5,coming
95026,16,1,39,2,in
95026,16,11,39,2,out
95038,19,19,19,5,going
95043,14,2,31,5,out
95043,14,4,31,5,in
95045,1,3,1,5,out
95045,1,5,1,5,in
95054,16,2,39,2,coming
95071,14,3,31,5,going
95071,14,5,31,5,coming
95073,1,4,1,5,going
95073,1,6,1,5,coming
95104,16,12,39,2,out
95105,6,2,28,5,in
95106,3,1,3,5,out
95106,3,3,3,5,in
95133,6,1,28,5,going
95133,6,3,28,5,coming
95134,3,2,3,5,going
95134,3,4,3,5,coming
95138,19,19,19,5,out
95154,16,2,39,2,in
95171,14,3,31,5,out
95171,14,5,31,5,in
95173,1,4,1,5,out
95173,1,6,1,5,in
95176,19,19,19,5,coming
95182,16,1,39,2,going
95182,16,3,39,2,coming
95199,14,4,31,5,going
95199,14,6,31,5,coming
95201,1,5,1,5,going
95201,1,7,1,5,coming
95233,6,1,28,5,out
95233,6,3,28,5,in
95234,3,2,3,5,out
95234,3,4,3,5,in
95261,6,2,28,5,going
95261,6,4,28,5,coming
95262,3,3,3,5,going
95262,3,5,3,5,coming
95276,19,19,19,5,in
95282,16,1,39,2,out
95282,16,3,39,2,in
95299,14,4,31,5,out
95299,14,6,31,5,in
95301,1,5,1,5,out
95301,1,7,1,5,in
95310,16,2,39,2,going
95310,16,4,39,2,coming
95327,14,5,31,5,going
95327,14,7,31,5,coming
95329,1,6,1,5,going
95329,1,8,1,5,coming
95355,19,19,19,5,going
95361,6,2,28,5,out
95361,6,4,28,5,in
95362,3,3,3,5,out
95362,3,5,3,5,in
95389,6,3,28,5,going
95389,6,5,28,5,coming
95390,3,4,3,5,going
95390,3,6,3,5,coming
95410,16,2,39,2,out
95410,16,4,39,2,in
95427,14,5,31,5,out
95427,14,7,31,5,in
95429,1,6,1,5,out
95429,1,8,1,5,in
95438,16,3,39,2,going
95438,16,5,39,2,coming
95455,19,19,19,5,out
95455,14,6,31,5,going
95455,14,8,31,5,coming
95457,1,7,1,5,going
95457,1,9,1,5,coming
95489,6,3,28,5,out
95489,6,5,28,5,in
95490,3,4,3,5,out
95490,3,6,3,5,in
95493,19,19,19,5,coming
95517,6,4,28,5,going
95517,6,6,28,5,coming
95518,3,5,3,5,going
95518,3,7,3,5,coming
95538,16,3,39,2,out
95538,16,5,39,2,in
95555,14,6,31,5,out
95555,14,8,31,5,in
95557,1,7,1,5,out
95557,1,9,1,5,in
95566,16,4,39,2,going
95566,16,6,39,2,coming
95583,14,7,31,5,going
95583,14,9,31,5,coming
95585,1,8,1,5,going
95585,1,10,1,5,coming
95593,19,19,19,5,in
95617,6,4,28,5,out
95617,6,6,28,5,in
95618,3,5,3,5,out
95618,3,7,3,5,in
95645,6,5,28,5,going
95645,6,7,28,5,coming
95646,3,6,3,5,going
95646,3,8,3,5,coming
95666,16,4,39,2,out
95666,16,6,39,2,in
95672,19,19,19,5,going
95683,14,7,31,5,out
95683,14,9,31,5,in
95685,1,8,1,5,out
95685,1,10,1,5,in
95694,16,5,39,2,going
95694,16,7,39,2,coming
95711,14,8,31,5,going
95711,14,10,31,5,coming
95713,1,9,1,5,going
95713,1,11,1,5,coming
95745,6,5,28,5,out
95745,6,7,28,5,in
95746,3,6,3,5,out
95746,3,8,3,5,in
95772,19,19,19,5,out
95773,6,6,28,5,going
95773,6,8,28,5,coming
95774,3,7,3,5,going
95774,3,9,3,5,coming
95794,16,5,39,2,out
95794,16,7,39,2,in
95810,19,19,19,5,coming
95811,14,8,31,5,out
95811,14,10,31,5,in
95813,1,9,1,5,out
95813,1,11,1,5,in
95822,16,6,39,2,going
95822,16,8,39,2,coming
95839,14,9,31,5,going
95839,14,11,31,5,coming
95841,1,10,1,5,going
95841,1,12,1,5,coming
95873,6,6,28,5,out
95873,6,8,28,5,in
95874,3,7,3,5,out
95874,3,9,3,5,in
95901,6,7,28,5,going
95901,6,9,28,5,coming
95902,3,8,3,5,going
95902,3,10,3,5,coming
95910,19,19,19,5,in
95922,16,6,39,2,out
95922,16,8,39,2,in
95939,14,9,31,5,out
95939,14,11,31,5,in
95941,1,10,1,5,out
95941,1,12,1,5,in
95950,16,7,39,2,going
95950,16,9,39,2,coming
95967,14,10,31,5,going
95967,14,12,31,5,coming
95969,1,11,1,5,going
95969,1,13,1,5,coming
95990,19,19,19,5,going
95990,19,0,19,5,coming
95990,19,1,19,5,coming
96001,6,7,28,5,out
96001,6,9,28,5,in
96002,3,8,3,5,out
96002,3,10,3,5,in
96029,6,8,28,5,going
96030,3,9,3,5,going
96030,3,11,3,5,coming
96050,16,7,39,2,out
96050,16,9,39,2,in
96058,15,1,36,4,coming
96067,14,10,31,5,out
96067,14,12,31,5,in
96069,1,11,1,5,out
96069,1,13,1,5,in
96078,16,8,39,2,going
96078,16,10,39,2,coming
96090,19,0,19,5,in
96090,19,1,19,5,in
96090,19,19,19,5,out
96095,14,11,31,5,going
96095,14,13,31,5,coming
96097,1,12,1,5,going
96097,1,14,1,5,coming
96129,6,8,28,5,out
96130,3,9,3,5,out
96130,3,11,3,5,in
96157,6,9,28,5,going
96158,15,1,36,4,in
96158,3,10,3,5,going
96158,3,12,3,5,coming
96178,16,8,39,2,out
96178,16,10,39,2,in
96186,15,2,36,4,coming
96195,14,11,31,5,out
96195,14,13,31,5,in
96197,1,12,1,5,out
96197,1,14,1,5,in
96206,16,9,39,2,going
96206,16,11,39,2,coming
96218,19,0,19,5,going
96218,19,2,19,5,coming
96223,14,12,31,5,going
96223,14,14,31,5,coming
96225,1,13,1,5,going
96225,1,15,1,5,coming
96257,6,9,28,5,out
96258,3,10,3,5,out
96258,3,12,3,5,in
96285,6,12,28,5,coming
96286,15,2,36,4,in
96286,3,11,3,5,going
96286,3,13,3,5,coming
96306,16,9,39,2,out
96306,16,11,39,2,in
96314,15,1,36,4,going
96314,15,3,36,4,coming
96318,19,0,19,5,out
96318,19,2,19,5,in
96323,14,12,31,5,out
96323,14,14,31,5,in
96325,1,13,1,5,out
96325,1,15,1,5,in
96334,16,10,39,2,going
96334,16,12,39,2,coming
96346,19,1,19,5,going
96346,19,3,19,5,coming
96351,14,13,31,5,going
96351,14,15,31,5,coming
96353,1,14,1,5,going
96356,16,11,39,2,going
96356,16,1,39,2,coming
96385,6,12,28,5,in
96386,3,11,3,5,out
96386,3,13,3,5,in
96413,6,13,28,5,coming
96414,15,1,36,4,out
96414,15,3,36,4,in
96414,3,12,3,5,going
96414,3,14,3,5,coming
96434,16,10,39,2,out
96434,16,12,39,2,in
96434,16,12,39,2,going
96442,15,2,36,4,going
96442,15,4,36,4,coming
96446,19,1,19,5,out
96446,19,3,19,5,in
96451,14,13,31,5,out
96451,14,15,31,5,in
96453,1,14,1,5,out
96456,16,1,39,2,in
96456,16,11,39,2,out
96474,19,2,19,5,going
96474,19,4,19,5,coming
96479,14,14,31,5,going
96481,1,15,1,5,going
96484,16,2,39,2,coming
96513,6,13,28,5,in
96514,3,12,3,5,out
96514,3,14,3,5,in
96534,16,12,39,2,out
96541,6,12,28,5,going
96541,6,14,28,5,coming
96542,15,2,36,4,out
96542,15,4,36,4,in
96542,3,13,3,5,going
96542,3,15,3,5,coming
96570,15,3,36,4,going
96570,15,5,36,4,coming
96574,19,2,19,5,out
96574,19,4,19,5,in
96579,14,14,31,5,out
96581,1,15,1,5,out
96584,16,2,39,2,in
96602,19,3,19,5,going
96602,19,5,19,5,coming
96607,14,15,31,5,going
96612,16,1,39,2,going
96612,16,3,39,2,coming
96641,6,12,28,5,out
96641,6,14,28,5,in
96642,3,13,3,5,out
96642,3,15,3,5,in
96669,6,13,28,5,going
96669,6,15,28,5,coming
96670,15,3,36,4,out
96670,15,5,36,4,in
96670,3,14,3,5,going
96698,15,4,36,4,going
96698,15,6,36,4,coming
96702,19,3,19,5,out
96702,19,5,19,5,in
96707,14,15,31,5,out
96712,16,1,39,2,out
96712,16,3,39,2,in
96730,19,4,19,5,going
96730,19,6,19,5,coming
96737,1,19,1,5,coming
96740,16,2,39,2,going
96740,16,4,39,2,coming
96769,6,13,28,5,out
96769,6,15,28,5,in
96770,3,14,3,5,out
96797,6,14,28,5,going
96798,15,4,36,4,out
96798,15,6,36,4,in
96798,3,15,3,5,going
96826,15,5,36,4,going
96826,15,7,36,4,coming
96830,19,4,19,5,out
96830,19,6,19,5,in
96837,1,19,1,5,in
96840,16,2,39,2,out
96840,16,4,39,2,in
96858,19,5,19,5,going
96858,19,7,19,5,coming
96863,14,19,31,5,coming
96868,16,3,39,2,going
96868,16,5,39,2,coming
96897,6,14,28,5,out
96898,3,15,3,5,out
96916,1,19,1,5,going
96925,6,15,28,5,going
96926,15,5,36,4,out
96926,15,7,36,4,in
96954,15,6,36,4,going
96958,19,5,19,5,out
96958,19,7,19,5,in
96963,14,19,31,5,in
96968,16,3,39,2,out
96968,16,5,39,2,in
96986,19,6,19,5,going
96986,19,8,19,5,coming
96996,16,4,39,2,going
96996,16,6,39,2,coming
97016,1,19,1,5,out
97025,6,15,28,5,out
97042,14,19,31,5,going
97054,15,6,36,4,out
97054,1,19,1,5,coming
97054,3,19,3,5,coming
97082,15,7,36,4,going
97086,19,6,19,5,out
97086,19,8,19,5,in
97096,16,4,39,2,out
97096,16,6,39,2,in
97114,19,7,19,5,going
97114,19,9,19,5,coming
97124,16,5,39,2,going
97124,16,7,39,2,coming
97142,14,19,31,5,out
97154,1,19,1,5,in
97154,3,19,3,5,in
97180,14,19,31,5,coming
97181,6,19,28,5,coming
97182,15,7,36,4,out
97214,19,7,19,5,out
97214,19,9,19,5,in
97224,16,5,39,2,out
97224,16,7,39,2,in
97233,1,19,1,5,going
97233,3,19,3,5,going
97242,19,8,19,5,going
97242,19,10,19,5,coming
97252,16,6,39,2,going
97252,16,8,39,2,coming
97280,14,19,31,5,in
97281,6,19,28,5,in
97333,1,19,1,5,out
97333,3,19,3,5,out
97342,19,8,19,5,out
97342,19,10,19,5,in
97352,16,6,39,2,out
97352,16,8,39,2,in
97359,14,19,31,5,going
97360,6,19,28,5,going
97370,19,9,19,5,going
97370,19,11,19,5,coming
97371,1,19,1,5,coming
97371,3,19,3,5,coming
97380,16,7,39,2,going
97380,16,9,39,2,coming
97459,14,19,31,5,out
97460,6,19,28,5,out
97470,19,9,19,5,out
97470,19,11,19,5,in
97471,1,19,1,5,in
97471,3,19,3,5,in
97480,16,7,39,2,out
97480,16,9,39,2,in
97497,14,19,31,5,coming
97498,6,19,28,5,coming
97498,19,10,19,5,going
97498,19,12,19,5,coming
97508,16,8,39,2,going
97508,16,10,39,2,coming
97550,1,19,1,5,going
97550,3,19,3,5,going
97597,14,19,31,5,in
97598,6,19,28,5,in
97598,19,10,19,5,out
97598,19,12,19,5,in
97608,16,8,39,2,out
97608,16,10,39,2,in
97626,19,11,19,5,going
97626,19,13,19,5,coming
97636,16,9,39,2,going
97636,16,11,39,2,coming
97650,1,19,1,5,out
97650,3,19,3,5,out
97676,14,19,31,5,going
97677,6,19,28,5,going
97688,1,19,1,5,coming
97688,3,19,3,5,coming
97726,19,11,19,5,out
97726,19,13,19,5,in
97736,16,9,39,2,out
97736,16,11,39,2,in
97754,19,12,19,5,going
97754,19,14,19,5,coming
97764,16,10,39,2,going
97764,16,12,39,2,coming
97776,14,19,31,5,out
97777,6,19,28,5,out
97786,16,11,39,2,going
97786,16,1,39,2,coming
97788,1,19,1,5,in
97788,3,19,3,5,in
97814,14,19,31,5,coming
97815,6,19,28,5,coming
97854,19,12,19,5,out
97854,19,14,19,5,in
97864,16,10,39,2,out
97864,16,12,39,2,in
97864,16,12,39,2,going
97867,1,19,1,5,going
97867,3,19,3,5,going
97882,19,13,19,5,going
97882,19,15,19,5,coming
97886,16,1,39,2,in
97886,16,11,39,2,out
97914,14,19,31,5,in
97914,16,2,39,2,coming
97915,6,19,28,5,in
97964,16,12,39,2,out
97967,1,19,1,5,out
97967,3,19,3,5,out
97982,19,13,19,5,out
97982,19,15,19,5,in
97993,14,19,31,5,going
97994,6,19,28,5,going
98005,1,19,1,5,coming
98005,3,19,3,5,coming
98010,19,14,19,5,going
98014,16,2,39,2,in
98042,16,1,39,2,going
98042,16,3,39,2,coming
98093,14,19,31,5,out
98094,6,19,28,5,out
98105,1,19,1,5,in
98105,3,19,3,5,in
98110,19,14,19,5,out
98131,14,19,31,5,coming
98132,6,19,28,5,coming
98138,19,15,19,5,going
98142,16,1,39,2,out
98142,16,3,39,2,in
98170,16,2,39,2,going
98170,16,4,39,2,coming
98184,1,19,1,5,going
98184,3,19,3,5,going
98231,14,19,31,5,in
98232,6,19,28,5,in
98238,19,15,19,5,out
98270,16,2,39,2,out
98270,16,4,39,2,in
98284,1,19,1,5,out
98284,3,19,3,5,out
98298,16,3,39,2,going
98298,16,5,39,2,coming
98310,14,19,31,5,going
98311,6,19,28,5,going
98322,1,19,1,5,coming
98322,3,19,3,5,coming
98394,19,19,19,5,coming
98398,16,3,39,2,out
98398,16,5,39,2,in
98410,14,19,31,5,out
98411,6,19,28,5,out
98422,1,19,1,5,in
98422,3,19,3,5,in
98426,16,4,39,2,going
98426,16,6,39,2,coming
98448,14,19,31,5,coming
98449,6,19,28,5,coming
98494,19,19,19,5,in
98501,1,19,1,5,going
98501,3,19,3,5,going
98526,16,4,39,2,out
98526,16,6,39,2,in
98548,14,19,31,5,in
98549,6,19,28,5,in
98554,16,5,39,2,going
98554,16,7,39,2,coming
98573,19,19,19,5,going
98601,1,19,1,5,out
98601,3,19,3,5,out
98627,14,19,31,5,going
98628,6,19,28,5,going
98639,1,19,1,5,coming
98639,3,19,3,5,coming
98654,16,5,39,2,out
98654,16,7,39,2,in
98673,19,19,19,5,out
98682,16,6,39,2,going
98682,16,8,39,2,coming
98711,19,19,19,5,coming
98727,14,19,31,5,out
98728,6,19,28,5,out
98739,1,19,1,5,in
98739,3,19,3,5,in
98765,14,19,31,5,coming
98766,6,19,28,5,coming
98782,16,6,39,2,out
98782,16,8,39,2,in
98810,16,7,39,2,going
98810,16,9,39,2,coming
98811,19,19,19,5,in
98818,1,19,1,5,going
98818,3,19,3,5,going
98865,14,19,31,5,in
98866,6,19,28,5,in
98890,19,19,19,5,going
98910,16,7,39,2,out
98910,16,9,39,2,in
98918,1,19,1,5,out
98918,3,19,3,5,out
98938,16,8,39,2,going
98938,16,10,39,2,coming
98944,14,19,31,5,going
98945,6,19,28,5,going
98956,1,19,1,5,coming
98956,3,19,3,5,coming
98990,19,19,19,5,out
99028,19,19,19,5,coming
99038,16,8,39,2,out
99038,16,10,39,2,in
99044,14,19,31,5,out
99045,6,19,28,5,out
99056,1,19,1,5,in
99056,3,19,3,5,in
99066,16,9,39,2,going
99066,16,11,39,2,coming
99082,14,19,31,5,coming
99083,6,19,28,5,coming
99128,19,19,19,5,in
99135,1,19,1,5,going
99135,3,19,3,5,going
99166,16,9,39,2,out
99166,16,11,39,2,in
99182,14,19,31,5,in
99183,6,19,28,5,in
99194,16,10,39,2,going
99194,16,12,39,2,coming
99207,19,19,19,5,going
99216,16,11,39,2,going
99216,16,1,39,2,coming
99235,1,19,1,5,out
99235,3,19,3,5,out
99261,14,19,31,5,going
99262,6,19,28,5,going
99273,1,19,1,5,coming
99273,3,19,3,5,coming
99294,16,10,39,2,out
99294,16,12,39,2,in
99294,16,12,39,2,going
99307,19,19,19,5,out
99316,16,1,39,2,in
99316,16,11,39,2,out
99344,16,2,39,2,coming
99345,19,19,19,5,coming
99361,14,19,31,5,out
99362,6,19,28,5,out
99373,1,19,1,5,in
99373,3,19,3,5,in
99394,16,12,39,2,out
99399,14,19,31,5,coming
99400,6,19,28,5,coming
99444,16,2,39,2,in
99445,19,19,19,5,in
99452,1,19,1,5,going
99452,3,19,3,5,going
99472,16,1,39,2,going
99472,16,3,39,2,coming
99499,14,19,31,5,in
99500,6,19,28,5,in
99524,19,19,19,5,going
99552,1,19,1,5,out
99552,3,19,3,5,out
99572,16,1,39,2,out
99572,16,3,39,2,in
99578,14,19,31,5,going
99579,6,19,28,5,going
99590,1,19,1,5,coming
99590,3,19,3,5,coming
99600,16,2,39,2,going
99600,16,4,39,2,coming
99624,19,19,19,5,out
99662,19,19,19,5,coming
99678,14,19,31,5,out
99679,6,19,28,5,out
99690,1,19,1,5,in
99690,3,19,3,5,in
99700,16,2,39,2,out
99700,16,4,39,2,in
99716,14,19,31,5,coming
99717,6,19,28,5,coming
99728,16,3,39,2,going
99728,16,5,39,2,coming
99762,19,19,19,5,in
99769,1,19,1,5,going
99769,3,19,3,5,going
99816,14,19,31,5,in
99817,6,19,28,5,in
99828,16,3,39,2,out
99828,16,5,39,2,in
99841,19,19,19,5,going
99856,16,4,39,2,going
99856,16,6,39,2,coming
99869,1,19,1,5,out
99869,3,19,3,5,out
99895,14,19,31,5,going
99896,6,19,28,5,going
99907,1,19,1,5,coming
99907,3,19,3,5,coming
99941,19,19,19,5,out
99956,16,4,39,2,out
99956,16,6,39,2,in
99979,19,19,19,5,coming
99984,16,5,39,2,going
99984,16,7,39,2,coming
99995,14,19,31,5,out
99996,6,19,28,5,out
100007,1,19,1,5,in
100007,3,19,3,5,in
100033,14,19,31,5,coming
100034,6,19,28,5,coming
100079,19,19,19,5,in
100084,16,5,39,2,out
100084,16,7,39,2,in
100086,1,19,1,5,going
100086,3,19,3,5,going
100112,16,6,39,2,going
100112,16,8,39,2,coming
100133,14,19,31,5,in
100134,6,19,28,5,in
100158,19,19,19,5,going
100186,1,19,1,5,out
100186,3,19,3,5,out
100212,16,6,39,2,out
100212,16,8,39,2,in
100212,14,19,31,5,going
100213,6,19,28,5,going
100224,1,19,1,5,coming
100224,3,19,3,5,coming
100240,16,7,39,2,going
100240,16,9,39,2,coming
100258,19,19,19,5,out
100296,19,19,19,5,coming
100312,14,19,31,5,out
100313,6,19,28,5,out
100324,1,19,1,5,in
100324,3,19,3,5,in
100340,16,7,39,2,out
100340,16,9,39,2,in
100350,14,19,31,5,coming
100351,6,19,28,5,coming
100368,16,8,39,2,going
100368,16,10,39,2,coming
100396,19,19,19,5,in
100403,1,19,1,5,going
100403,3,19,3,5,going
100450,14,19,31,5,in
100451,6,19,28,5,in
100468,16,8,39,2,out
100468,16,10,39,2,in
100475,19,19,19,5,going
100496,16,9,39,2,going
100496,16,11,39,2,coming
100503,1,19,1,5,out
100503,3,19,3,5,out
100529,14,19,31,5,going
100530,6,19,28,5,going
100541,1,19,1,5,coming
100541,3,19,3,5,coming
100575,19,19,19,5,out
100596,16,9,39,2,out
100596,16,11,39,2,in
100613,19,19,19,5,coming
100624,16,10,39,2,going
100624,16,12,39,2,coming
100629,14,19,31,5,out
100630,6,19,28,5,out
100641,1,19,1,5,in
100641,3,19,3,5,in
100646,16,11,39,2,going
100646,16,1,39,2,coming
100667,14,19,31,5,coming
100668,6,19,28,5,coming
100713,19,19,19,5,in
100720,1,19,1,5,going
100720,3,19,3,5,going
100724,16,10,39,2,out
100724,16,12,39,2,in
100724,16,12,39,2,going
100746,16,1,39,2,in
100746,16,11,39,2,out
100767,14,19,31,5,in
100768,6,19,28,5,in
100774,16,2,39,2,coming
100792,19,19,19,5,going
100820,1,19,1,5,out
100820,3,19,3,5,out
100824,16,12,39,2,out
100846,14,19,31,5,going
100847,6,19,28,5,going
100858,1,19,1,5,coming
100858,3,19,3,5,coming
100874,16,2,39,2,in
100892,19,19,19,5,out
100902,16,1,39,2,going
100902,16,3,39,2,coming
100930,19,19,19,5,coming
100946,14,19,31,5,out
100947,6,19,28,5,out
100958,1,19,1,5,in
100958,3,19,3,5,in
100984,14,19,31,5,coming
100985,6,19,28,5,coming
101002,16,1,39,2,out
101002,16,3,39,2,in
101030,19,19,19,5,in
101030,16,2,39,2,going
101030,16,4,39,2,coming
101037,1,19,1,5,going
101037,3,19,3,5,going
101084,14,19,31,5,in
101085,6,19,28,5,in
101109,19,19,19,5,going
101130,16,2,39,2,out
101130,16,4,39,2,in
101137,1,19,1,5,out
101137,3,19,3,5,out
101158,16,3,39,2,going
101158,16,5,39,2,coming
101163,14,19,31,5,going
101164,6,19,28,5,going
101175,1,19,1,5,coming
101175,3,19,3,5,coming
101209,19,19,19,5,out
101247,19,19,19,5,coming
101258,16,3,39,2,out
101258,16,5,39,2,in
101263,14,19,31,5,out
101264,6,19,28,5,out
101275,1,19,1,5,in
101275,3,19,3,5,in
101286,16,4,39,2,going
101286,16,6,39,2,coming
101301,14,19,31,5,coming
101302,6,19,28,5,coming
101347,19,19,19,5,in
101354,1,19,1,5,going
101354,3,19,3,5,going
101386,16,4,39,2,out
101386,16,6,39,2,in
101401,14,19,31,5,in
101402,6,19,28,5,in
101414,16,5,39,2,going
101414,16,7,39,2,coming
101426,19,19,19,5,going
101454,1,19,1,5,out
101454,3,19,3,5,out
101465,15,1,36,4,coming
101480,14,19,31,5,going
101481,6,19,28,5,going
101492,1,19,1,5,coming
101492,3,19,3,5,coming
101514,16,5,39,2,out
101514,16,7,39,2,in
101526,19,19,19,5,out
101542,16,6,39,2,going
101542,16,8,39,2,coming
101564,19,19,19,5,coming
101565,15,1,36,4,in
101580,14,19,31,5,out
101581,6,19,28,5,out
101592,1,19,1,5,in
101592,3,19,3,5,in
101593,15,2,36,4,coming
101618,14,19,31,5,coming
101619,6,19,28,5,coming
101642,16,6,39,2,out
101642,16,8,39,2,in
101664,19,19,19,5,in
101670,16,7,39,2,going
101670,16,9,39,2,coming
101671,1,19,1,5,going
101671,3,19,3,5,going
101693,15,2,36,4,in
101718,14,19,31,5,in
101719,6,19,28,5,in
101721,15,1,36,4,going
101721,15,3,36,4,coming
101743,19,19,19,5,going
101770,16,7,39,2,out
101770,16,9,39,2,in
101771,1,19,1,5,out
101771,3,19,3,5,out
101797,14,19,31,5,going
101798,6,19,28,5,going
101798,16,8,39,2,going
101798,16,10,39,2,coming
101809,1,19,1,5,coming
101809,3,19,3,5,coming
101821,15,1,36,4,out
101821,15,3,36,4,in
101843,19,19,19,5,out
101849,15,2,36,4,going
101849,15,4,36,4,coming
101881,19,19,19,5,coming
101897,14,19,31,5,out
101898,6,19,28,5,out
101898,16,8,39,2,out
101898,16,10,39,2,in
101909,1,19,1,5,in
101909,3,19,3,5,in
101926,16,9,39,2,going
101926,16,11,39,2,coming
101935,14,19,31,5,coming
101936,6,19,28,5,coming
101949,15,2,36,4,out
101949,15,4,36,4,in
101977,15,3,36,4,going
101977,15,5,36,4,coming
101981,19,19,19,5,in
101988,1,19,1,5,going
101988,3,19,3,5,going
102026,16,9,39,2,out
102026,16,11,39,2,in
102035,14,19,31,5,in
102036,6,19,28,5,in
102054,16,10,39,2,going
102054,16,12,39,2,coming
102060,19,19,19,5,going
102076,16,11,39,2,going
102076,16,1,39,2,coming
102077,15,3,36,4,out
102077,15,5,36,4,in
102088,1,19,1,5,out
102088,3,19,3,5,out
102105,15,4,36,4,going
102105,15,6,36,4,coming
102114,14,19,31,5,going
102115,6,19,28,5,going
102126,1,19,1,5,coming
102126,3,19,3,5,coming
102154,16,10,39,2,out
102154,16,12,39,2,in
102154,16,12,39,2,going
102160,19,19,19,5,out
102176,16,1,39,2,in
102176,16,11,39,2,out
102198,19,19,19,5,coming
102204,16,2,39,2,coming
102205,15,4,36,4,out
102205,15,6,36,4,in
102214,14,19,31,5,out
102215,6,19,28,5,out
102226,1,19,1,5,in
102226,3,19,3,5,in
102233,15,5,36,4,going
102233,15,7,36,4,coming
102252,14,19,31,5,coming
102253,6,19,28,5,coming
102254,16,12,39,2,out
102298,19,19,19,5,in
102304,16,2,39,2,in
102305,1,19,1,5,going
102305,3,19,3,5,going
102332,16,1,39,2,going
102332,16,3,39,2,coming
102333,15,5,36,4,out
102333,15,7,36,4,in
102352,14,19,31,5,in
102353,6,19,28,5,in
102361,15,6,36,4,going
102377,19,19,19,5,going
102405,1,19,1,5,out
102405,3,19,3,5,out
102431,14,19,31,5,going
102432,16,1,39,2,out
102432,16,3,39,2,in
102433,6,19,28,5,going
102433,6,1,28,5,coming
102443,1,19,1,5,coming
102443,3,19,3,5,coming
102460,16,2,39,2,going
102460,16,4,39,2,coming
102461,15,6,36,4,out
102477,19,19,19,5,out
102489,15,7,36,4,going
102515,19,19,19,5,coming
102531,14,19,31,5,out
102533,6,1,28,5,in
102533,6,19,28,5,out
102543,1,19,1,5,in
102543,3,19,3,5,in
102560,16,2,39,2,out
102560,16,4,39,2,in
102561,6,2,28,5,coming
102569,14,19,31,5,coming
102588,16,3,39,2,going
102588,16,5,39,2,coming
102589,15,7,36,4,out
102615,19,19,19,5,in
102622,1,19,1,5,going
102623,3,19,3,5,going
102623,3,0,3,5,coming
102623,3,1,3,5,coming
102661,6,2,28,5,in
102669,14,19,31,5,in
102688,16,3,39,2,out
102688,16,5,39,2,in
102689,6,1,28,5,going
102689,6,3,28,5,coming
102694,19,19,19,5,going
102716,16,4,39,2,going
102716,16,6,39,2,coming
102722,1,19,1,5,out
102723,3,0,3,5,in
102723,3,1,3,5,in
102723,3,19,3,5,out
102748,14,19,31,5,going
102760,1,19,1,5,coming
102789,6,1,28,5,out
102789,6,3,28,5,in
102794,19,19,19,5,out
102816,16,4,39,2,out
102816,16,6,39,2,in
102817,6,2,28,5,going
102817,6,4,28,5,coming
102832,19,19,19,5,coming
102844,16,5,39,2,going
102844,16,7,39,2,coming
102848,14,19,31,5,out
102851,3,0,3,5,going
102851,3,2,3,5,coming
102860,1,19,1,5,in
102886,14,19,31,5,coming
102917,6,2,28,5,out
102917,6,4,28,5,in
102932,19,19,19,5,in
102939,1,19,1,5,going
102944,16,5,39,2,out
102944,16,7,39,2,in
102945,6,3,28,5,going
102945,6,5,28,5,coming
102951,3,0,3,5,out
102951,3,2,3,5,in
102972,16,6,39,2,going
102972,16,8,39,2,coming
102979,3,1,3,5,going
102979,3,3,3,5,coming
102986,14,19,31,5,in
103011,19,19,19,5,going
103039,1,19,1,5,out
103045,6,3,28,5,out
103045,6,5,28,5,in
103065,14,19,31,5,going
103072,16,6,39,2,out
103072,16,8,39,2,in
103073,6,4,28,5,going
103073,6,6,28,5,coming
103077,1,19,1,5,coming
103079,3,1,3,5,out
103079,3,3,3,5,in
103100,16,7,39,2,going
103100,16,9,39,2,coming
103107,3,2,3,5,going
103107,3,4,3,5,coming
103111,19,19,19,5,out
103149,19,19,19,5,coming
103165,14,19,31,5,out
103173,6,4,28,5,out
103173,6,6,28,5,in
103177,1,19,1,5,in
103200,16,7,39,2,out
103200,16,9,39,2,in
103201,6,5,28,5,going
103201,6,7,28,5,coming
103203,14,19,31,5,coming
103207,3,2,3,5,out
103207,3,4,3,5,in
103228,16,8,39,2,going
103228,16,10,39,2,coming
103235,3,3,3,5,going
103235,3,5,3,5,coming
103249,19,19,19,5,in
103257,1,19,1,5,going
103257,1,0,1,5,coming
103257,1,1,1,5,coming
103301,6,5,28,5,out
103301,6,7,28,5,in
103303,14,19,31,5,in
103328,16,8,39,2,out
103328,16,10,39,2,in
103328,19,19,19,5,going
103329,6,6,28,5,going
103329,6,8,28,5,coming
103335,3,3,3,5,out
103335,3,5,3,5,in
103356,16,9,39,2,going
103356,16,11,39,2,coming
103357,1,0,1,5,in
103357,1,1,1,5,in
103357,1,19,1,5,out
103363,3,4,3,5,going
103363,3,6,3,5,coming
103382,14,19,31,5,going
103428,19,19,19,5,out
103429,6,6,28,5,out
103429,6,8,28,5,in
103456,16,9,39,2,out
103456,16,11,39,2,in
103457,6,7,28,5,going
103457,6,9,28,5,coming
103463,3,4,3,5,out
103463,3,6,3,5,in
103466,19,19,19,5,coming
103482,14,19,31,5,out
103484,16,10,39,2,going
103484,16,12,39,2,coming
103485,1,0,1,5,going
103485,1,2,1,5,coming
103491,3,5,3,5,going
103491,3,7,3,5,coming
103506,16,11,39,2,going
103506,16,1,39,2,coming
103520,14,19,31,5,coming
103557,6,7,28,5,out
103557,6,9,28,5,in
103566,19,19,19,5,in
103584,16,10,39,2,out
103584,16,12,39,2,in
103584,16,12,39,2,going
103585,1,0,1,5,out
103585,1,2,1,5,in
103585,6,8,28,5,going
103591,3,5,3,5,out
103591,3,7,3,5,in
103606,16,1,39,2,in
103606,16,11,39,2,out
103613,1,1,1,5,going
103613,1,3,1,5,coming
103619,3,6,3,5,going
103619,3,8,3,5,coming
103620,14,19,31,5,in
103634,16,2,39,2,coming
103645,19,19,19,5,going
103684,16,12,39,2,out
103685,6,8,28,5,out
103699,14,19,31,5,going
103713,1,1,1,5,out
103713,1,3,1,5,in
103713,6,9,28,5,going
103719,3,6,3,5,out
103719,3,8,3,5,in
103734,16,2,39,2,in
103741,1,2,1,5,going
103741,1,4,1,5,coming
103745,19,19,19,5,out
103747,3,7,3,5,going
103747,3,9,3,5,coming
103762,16,1,39,2,going
103762,16,3,39,2,coming
103783,19,19,19,5,coming
103799,14,19,31,5,out
103813,6,9,28,5,out
103837,14,19,31,5,coming
103841,1,2,1,5,out
103841,1,4,1,5,in
103841,6,12,28,5,coming
103847,3,7,3,5,out
103847,3,9,3,5,in
103862,16,1,39,2,out
103862,16,3,39,2,in
103869,1,3,1,5,going
103869,1,5,1,5,coming
103875,3,8,3,5,going
103875,3,10,3,5,coming
103883,19,19,19,5,in
103890,16,2,39,2,going
103890,16,4,39,2,coming
103937,14,19,31,5,in
103941,6,12,28,5,in
103962,19,19,19,5,going
103969,1,3,1,5,out
103969,1,5,1,5,in
103969,6,13,28,5,coming
103975,3,8,3,5,out
103975,3,10,3,5,in
103990,16,2,39,2,out
103990,16,4,39,2,in
103997,1,4,1,5,going
103997,1,6,1,5,coming
104003,3,9,3,5,going
104003,3,11,3,5,coming
104016,14,19,31,5,going
104018,16,3,39,2,going
104018,16,5,39,2,coming
104062,19,19,19,5,out
104069,6,13,28,5,in
104097,1,4,1,5,out
104097,1,6,1,5,in
104097,6,12,28,5,going
104097,6,14,28,5,coming
104100,19,19,19,5,coming
104103,3,9,3,5,out
104103,3,11,3,5,in
104116,14,19,31,5,out
104118,16,3,39,2,out
104118,16,5,39,2,in
104125,1,5,1,5,going
104125,1,7,1,5,coming
104131,3,10,3,5,going
104131,3,12,3,5,coming
104146,16,4,39,2,going
104146,16,6,39,2,coming
104154,14,19,31,5,coming
104197,6,12,28,5,out
104197,6,14,28,5,in
104200,19,19,19,5,in
104225,1,5,1,5,out
104225,1,7,1,5,in
104225,6,13,28,5,going
104225,6,15,28,5,coming
104231,3,10,3,5,out
104231,3,12,3,5,in
104246,16,4,39,2,out
104246,16,6,39,2,in
104253,1,6,1,5,going
104253,1,8,1,5,coming
104254,14,19,31,5,in
104259,3,11,3,5,going
104259,3,13,3,5,coming
104274,16,5,39,2,going
104274,16,7,39,2,coming
104279,19,19,19,5,going
104325,6,13,28,5,out
104325,6,15,28,5,in
104334,14,19,31,5,going
104334,14,0,31,5,coming
104334,14,1,31,5,coming
104353,1,6,1,5,out
104353,1,8,1,5,in
104353,6,14,28,5,going
104359,3,11,3,5,out
104359,3,13,3,5,in
104374,16,5,39,2,out
104374,16,7,39,2,in
104379,19,19,19,5,out
104381,1,7,1,5,going
104381,1,9,1,5,coming
104387,3,12,3,5,going
104387,3,14,3,5,coming
104402,16,6,39,2,going
104402,16,8,39,2,coming
104417,19,19,19,5,coming
104434,14,0,31,5,in
104434,14,1,31,5,in
104434,14,19,31,5,out
104453,6,14,28,5,out
104481,1,7,1,5,out
104481,1,9,1,5,in
104481,6,15,28,5,going
104487,3,12,3,5,out
104487,3,14,3,5,in
104502,16,6,39,2,out
104502,16,8,39,2,in
104509,1,8,1,5,going
104509,1,10,1,5,coming
104515,3,13,3,5,going
104515,3,15,3,5,coming
104517,19,19,19,5,in
104530,16,7,39,2,going
104530,16,9,39,2,coming
104562,14,0,31,5,going
104562,14,2,31,5,coming
104581,6,15,28,5,out
104596,19,19,19,5,going
104609,1,8,1,5,out
104609,1,10,1,5,in
104615,3,13,3,5,out
104615,3,15,3,5,in
104630,16,7,39,2,out
104630,16,9,39,2,in
104637,1,9,1,5,going
104637,1,11,1,5,coming
104643,3,14,3,5,going
104658,16,8,39,2,going
104658,16,10,39,2,coming
104662,14,0,31,5,out
104662,14,2,31,5,in
104690,14,1,31,5,going
104690,14,3,31,5,coming
104696,19,19,19,5,out
104734,19,19,19,5,coming
104737,1,9,1,5,out
104737,1,11,1,5,in
104737,6,19,28,5,coming
104743,3,14,3,5,out
104758,16,8,39,2,out
104758,16,10,39,2,in
104765,1,10,1,5,going
104765,1,12,1,5,coming
104771,3,15,3,5,going
104786,16,9,39,2,going
104786,16,11,39,2,coming
104790,14,1,31,5,out
104790,14,3,31,5,in
104818,14,2,31,5,going
104818,14,4,31,5,coming
104834,19,19,19,5,in
104837,6,19,28,5,in
104865,1,10,1,5,out
104865,1,12,1,5,in
104871,3,15,3,5,out
104886,16,9,39,2,out
104886,16,11,39,2,in
104893,1,11,1,5,going
104893,1,13,1,5,coming
104913,19,19,19,5,going
104914,16,10,39,2,going
104914,16,12,39,2,coming
104916,6,19,28,5,going
104918,14,2,31,5,out
104918,14,4,31,5,in
104936,16,11,39,2,going
104936,16,1,39,2,coming
104946,14,3,31,5,going
104946,14,5,31,5,coming
104993,1,11,1,5,out
104993,1,13,1,5,in
105013,19,19,19,5,out
105014,16,10,39,2,out
105014,16,12,39,2,in
105014,16,12,39,2,going
105016,6,19,28,5,out
105021,1,12,1,5,going
105021,1,14,1,5,coming
105027,3,19,3,5,coming
105036,16,1,39,2,in
105036,16,11,39,2,out
105046,14,3,31,5,out
105046,14,5,31,5,in
105051,19,19,19,5,coming
105054,6,19,28,5,coming
105064,16,2,39,2,coming
105074,14,4,31,5,going
105074,14,6,31,5,coming
105114,16,12,39,2,out
105121,1,12,1,5,out
105121,1,14,1,5,in
105127,3,19,3,5,in
105137,15,0,36,4,out
105137,15,1,36,4,out
105137,15,2,36,4,out
105137,15,3,36,4,out
105137,15,4,36,4,out
105137,15,5,36,4,out
105137,15,6,36,4,out
105137,15,7,36,4,out
105137,15,8,36,4,out
105137,15,9,36,4,out
105137,15,10,36,4,out
105137,15,11,36,4,out
105137,15,12,36,4,out
105137,15,13,36,4,out
105137,15,14,36,4,out
105137,15,15,36,4,out
105137,15,16,36,4,out
105137,15,17,36,4,out
105137,15,18,36,4,out
105137,15,19,36,4,out
105149,1,13,1,5,going
105149,1,15,1,5,coming
105151,19,19,19,5,in
105154,6,19,28,5,in
105164,16,2,39,2,in
105174,14,4,31,5,out
105174,14,6,31,5,in
105192,16,1,39,2,going
105192,16,3,39,2,coming
105202,14,5,31,5,going
105202,14,7,31,5,coming
105206,3,19,3,5,going
105230,19,19,19,5,going
105233,6,19,28,5,going
105249,1,13,1,5,out
105249,1,15,1,5,in
105277,1,14,1,5,going
105292,16,1,39,2,out
105292,16,3,39,2,in
105302,14,5,31,5,out
105302,14,7,31,5,in
105306,3,19,3,5,out
105320,16,2,39,2,going
105320,16,4,39,2,coming
105330,19,19,19,5,out
105330,14,6,31,5,going
105330,14,8,31,5,coming
105333,6,19,28,5,out
105344,3,19,3,5,coming
105368,19,19,19,5,coming
105371,6,19,28,5,coming
105377,1,14,1,5,out
105405,1,15,1,5,going
105420,16,2,39,2,out
105420,16,4,39,2,in
105430,14,6,31,5,out
105430,14,8,31,5,in
105444,3,19,3,5,in
105448,16,3,39,2,going
105448,16,5,39,2,coming
105458,14,7,31,5,going
105458,14,9,31,5,coming
105468,19,19,19,5,in
105471,6,19,28,5,in
105505,1,15,1,5,out
105523,3,19,3,5,going
105548,16,3,39,2,out
105548,16,5,39,2,in
105548,19,19,19,5,going
105548,19,0,19,5,coming
105548,19,1,19,5,coming
105550,6,19,28,5,going
105558,14,7,31,5,out
105558,14,9,31,5,in
105576,16,4,39,2,going
105576,16,6,39,2,coming
105586,14,8,31,5,going
105586,14,10,31,5,coming
105623,3,19,3,5,out
105648,19,0,19,5,in
105648,19,1,19,5,in
105648,19,19,19,5,out
105650,6,19,28,5,out
105661,1,19,1,5,coming
105661,3,19,3,5,coming
105676,16,4,39,2,out
105676,16,6,39,2,in
105686,14,8,31,5,out
105686,14,10,31,5,in
105688,6,19,28,5,coming
105704,16,5,39,2,going
105704,16,7,39,2,coming
105714,14,9,31,5,going
105714,14,11,31,5,coming
105761,1,19,1,5,in
105761,3,19,3,5,in
105776,19,0,19,5,going
105776,19,2,19,5,coming
105788,6,19,28,5,in
105804,16,5,39,2,out
105804,16,7,39,2,in
105814,14,9,31,5,out
105814,14,11,31,5,in
105832,16,6,39,2,going
105832,16,8,39,2,coming
105840,1,19,1,5,going
105840,3,19,3,5,going
105842,14,10,31,5,going
105842,14,12,31,5,coming
105867,6,19,28,5,going
105876,19,0,19,5,out
105876,19,2,19,5,in
105904,19,1,19,5,going
105904,19,3,19,5,coming
105932,16,6,39,2,out
105932,16,8,39,2,in
105940,1,19,1,5,out
105940,3,19,3,5,out
105942,14,10,31,5,out
105942,14,12,31,5,in
105960,16,7,39,2,going
105960,16,9,39,2,coming
105967,6,19,28,5,out
105970,14,11,31,5,going
105970,14,13,31,5,coming
105978,1,19,1,5,coming
105978,3,19,3,5,coming
106004,19,1,19,5,out
106004,19,3,19,5,in
106005,6,19,28,5,coming
106032,19,2,19,5,going
106032,19,4,19,5,coming
106060,16,7,39,2,out
106060,16,9,39,2,in
106070,14,11,31,5,out
106070,14,13,31,5,in
106078,1,19,1,5,in
106078,3,19,3,5,in
106088,16,8,39,2,going
106088,16,10,39,2,coming
106098,14,12,31,5,going
106098,14,14,31,5,coming
106105,6,19,28,5,in
106132,19,2,19,5,out
106132,19,4,19,5,in
106157,1,19,1,5,going
106157,3,19,3,5,going
106160,19,3,19,5,going
106160,19,5,19,5,coming
106184,6,19,28,5,going
106188,16,8,39,2,out
106188,16,10,39,2,in
106198,14,12,31,5,out
106198,14,14,31,5,in
106216,16,9,39,2,going
106216,16,11,39,2,coming
106226,14,13,31,5,going
106226,14,15,31,5,coming
106257,1,19,1,5,out
106257,3,19,3,5,out
106260,19,3,19,5,out
106260,19,5,19,5,in
106284,6,19,28,5,out
106288,19,4,19,5,going
106288,19,6,19,5,coming
106295,1,19,1,5,coming
106295,3,19,3,5,coming
106316,16,9,39,2,out
106316,16,11,39,2,in
106322,6,19,28,5,coming
106326,14,13,31,5,out
106326,14,15,31,5,in
106344,16,10,39,2,going
106344,16,12,39,2,coming
106354,14,14,31,5,going
106367,16,0,39,2,out
106367,16,1,39,2,out
106367,16,2,39,2,out
106367,16,3,39,2,out
106367,16,4,39,2,out
106367,16,5,39,2,out
106367,16,6,39,2,out
106367,16,7,39,2,out
106367,16,8,39,2,out
106367,16,9,39,2,out
106367,16,10,39,2,out
106367,16,11,39,2,out
106367,16,12,39,2,out
106367,16,13,39,2,out
106367,16,14,39,2,out
106367,16,15,39,2,out
106367,16,16,39,2,out
106367,16,17,39,2,out
106367,16,18,39,2,out
106367,16,19,39,2,out
106388,19,4,19,5,out
106388,19,6,19,5,in
106395,1,19,1,5,in
106395,3,19,3,5,in
106416,19,5,19,5,going
106416,19,7,19,5,coming
106422,6,19,28,5,in
106454,14,14,31,5,out
106474,1,19,1,5,going
106474,3,19,3,5,going
106482,14,15,31,5,going
106501,6,19,28,5,going
106516,19,5,19,5,out
106516,19,7,19,5,in
106544,19,6,19,5,going
106544,19,8,19,5,coming
106574,1,19,1,5,out
106574,3,19,3,5,out
106582,14,15,31,5,out
106601,6,19,28,5,out
106612,1,19,1,5,coming
106612,3,19,3,5,coming
106639,6,19,28,5,coming
106644,19,6,19,5,out
106644,19,8,19,5,in
106672,19,7,19,5,going
106672,19,9,19,5,coming
106712,1,19,1,5,in
106712,3,19,3,5,in
106738,14,19,31,5,coming
106739,6,19,28,5,in
106772,19,7,19,5,out
106772,19,9,19,5,in
106791,1,19,1,5,going
106791,3,19,3,5,going
106800,19,8,19,5,going
106800,19,10,19,5,coming
106818,6,19,28,5,going
106838,14,19,31,5,in
106891,1,19,1,5,out
106891,3,19,3,5,out
106900,19,8,19,5,out
106900,19,10,19,5,in
106917,14,19,31,5,going
106918,6,19,28,5,out
106928,19,9,19,5,going
106928,19,11,19,5,coming
106929,1,19,1,5,coming
106929,3,19,3,5,coming
106956,6,19,28,5,coming
107017,14,19,31,5,out
107028,19,9,19,5,out
107028,19,11,19,5,in
107029,1,19,1,5,in
107029,3,19,3,5,in
107055,14,19,31,5,coming
107056,6,19,28,5,in
107056,19,10,19,5,going
107056,19,12,19,5,coming
107108,1,19,1,5,going
107108,3,19,3,5,going
107135,6,19,28,5,going
107155,14,19,31,5,in
107156,19,10,19,5,out
107156,19,12,19,5,in
107184,19,11,19,5,going
107184,19,13,19,5,coming
107208,1,19,1,5,out
107208,3,19,3,5,out
107234,14,19,31,5,going
107235,6,19,28,5,out
107246,1,19,1,5,coming
107246,3,19,3,5,coming
107273,6,19,28,5,coming
107284,19,11,19,5,out
107284,19,13,19,5,in
107312,19,12,19,5,going
107312,19,14,19,5,coming
107334,14,19,31,5,out
107346,1,19,1,5,in
107346,3,19,3,5,in
107372,14,19,31,5,coming
107373,6,19,28,5,in
107412,19,12,19,5,out
107412,19,14,19,5,in
107425,1,19,1,5,going
107425,3,19,3,5,going
107440,19,13,19,5,going
107440,19,15,19,5,coming
107452,6,19,28,5,going
107472,14,19,31,5,in
107525,1,19,1,5,out
107525,3,19,3,5,out
107540,19,13,19,5,out
107540,19,15,19,5,in
107551,14,19,31,5,going
107552,6,19,28,5,out
107563,1,19,1,5,coming
107563,3,19,3,5,coming
107568,19,14,19,5,going
107590,6,19,28,5,coming
107651,14,19,31,5,out
107663,1,19,1,5,in
107663,3,19,3,5,in
107668,19,14,19,5,out
107689,14,19,31,5,coming
107690,6,19,28,5,in
107696,19,15,19,5,going
107742,1,19,1,5,going
107742,3,19,3,5,going
107769,6,19,28,5,going
107789,14,19,31,5,in
107796,19,15,19,5,out
107842,1,19,1,5,out
107842,3,19,3,5,out
107868,14,19,31,5,going
107869,6,19,28,5,out
107880,1,19,1,5,coming
107880,3,19,3,5,coming
107907,6,19,28,5,coming
107952,19,19,19,5,coming
107968,14,19,31,5,out
107980,1,19,1,5,in
107980,3,19,3,5,in
108006,14,19,31,5,coming
108007,6,19,28,5,in
108052,19,19,19,5,in
108059,1,19,1,5,going
108059,3,19,3,5,going
108086,6,19,28,5,going
108106,14,19,31,5,in
108131,19,19,19,5,going
108159,1,19,1,5,out
108159,3,19,3,5,out
108185,14,19,31,5,going
108186,6,19,28,5,out
108197,1,19,1,5,coming
108197,3,19,3,5,coming
108224,6,19,28,5,coming
108231,19,19,19,5,out
108269,19,19,19,5,coming
108285,14,19,31,5,out
108297,1,19,1,5,in
108297,3,19,3,5,in
108323,14,19,31,5,coming
108324,6,19,28,5,in
108369,19,19,19,5,in
108376,1,19,1,5,going
108376,3,19,3,5,going
108403,6,19,28,5,going
108423,14,19,31,5,in
108448,19,19,19,5,going
108476,1,19,1,5,out
108476,3,19,3,5,out
108502,14,19,31,5,going
108503,6,19,28,5,out
108514,1,19,1,5,coming
108514,3,19,3,5,coming
108541,6,19,28,5,coming
108548,19,19,19,5,out
108586,19,19,19,5,coming
108602,14,19,31,5,out
108614,1,19,1,5,in
108614,3,19,3,5,in
108640,14,19,31,5,coming
108641,6,19,28,5,in
108686,19,19,19,5,in
108693,1,19,1,5,going
108693,3,19,3,5,going
108720,6,19,28,5,going
108740,14,19,31,5,in
108765,19,19,19,5,going
108793,1,19,1,5,out
108793,3,19,3,5,out
108819,14,19,31,5,going
108820,6,19,28,5,out
108831,1,19,1,5,coming
108831,3,19,3,5,coming
108858,6,19,28,5,coming
108865,19,19,19,5,out
108903,19,19,19,5,coming
108919,14,19,31,5,out
108931,1,19,1,5,in
108931,3,19,3,5,in
108957,14,19,31,5,coming
108958,6,19,28,5,in
109003,19,19,19,5,in
109010,1,19,1,5,going
109010,3,19,3,5,going
109037,6,19,28,5,going
109057,14,19,31,5,in
109082,19,19,19,5,going
109110,1,19,1,5,out
109110,3,19,3,5,out
109136,14,19,31,5,going
109137,6,19,28,5,out
109148,1,19,1,5,coming
109148,3,19,3,5,coming
109175,6,19,28,5,coming
109182,19,19,19,5,out
109220,19,19,19,5,coming
109236,14,19,31,5,out
109248,1,19,1,5,in
109248,3,19,3,5,in
109274,14,19,31,5,coming
109275,6,19,28,5,in
109320,19,19,19,5,in
109327,1,19,1,5,going
109327,3,19,3,5,going
109354,6,19,28,5,going
109374,14,19,31,5,in
109399,19,19,19,5,going
109427,1,19,1,5,out
109427,3,19,3,5,out
109453,14,19,31,5,going
109454,6,19,28,5,out
109465,1,19,1,5,coming
109465,3,19,3,5,coming
109492,6,19,28,5,coming
109499,19,19,19,5,out
109537,19,19,19,5,coming
109553,14,19,31,5,out
109565,1,19,1,5,in
109565,3,19,3,5,in
109591,14,19,31,5,coming
109592,6,19,28,5,in
109637,19,19,19,5,in
109644,1,19,1,5,going
109644,3,19,3,5,going
109673,6,0,28,5,out
109673,6,1,28,5,out
109673,6,2,28,5,out
109673,6,3,28,5,out
109673,6,4,28,5,out
109673,6,5,28,5,out
109673,6,6,28,5,out
109673,6,7,28,5,out
109673,6,8,28,5,out
109673,6,9,28,5,out
109673,6,10,28,5,out
109673,6,11,28,5,out
109673,6,12,28,5,out
109673,6,13,28,5,out
109673,6,14,28,5,out
109673,6,15,28,5,out
109673,6,16,28,5,out
109673,6,17,28,5,out
109673,6,18,28,5,out
109673,6,19,28,5,out
109691,14,19,31,5,in
109716,19,19,19,5,going
109744,1,19,1,5,out
109744,3,19,3,5,out
109770,14,19,31,5,going
109782,1,19,1,5,coming
109782,3,19,3,5,coming
109816,19,19,19,5,out
109854,19,19,19,5,coming
109870,14,19,31,5,out
109882,1,19,1,5,in
109882,3,19,3,5,in
109908,14,19,31,5,coming
109954,19,19,19,5,in
109961,1,19,1,5,going
109961,3,19,3,5,going
110008,14,19,31,5,in
110033,19,19,19,5,going
110061,1,19,1,5,out
110061,3,19,3,5,out
110087,14,19,31,5,going
110099,1,19,1,5,coming
110099,3,19,3,5,coming
110133,19,19,19,5,out
110171,19,19,19,5,coming
110187,14,19,31,5,out
110199,1,19,1,5,in
110199,3,19,3,5,in
110225,14,19,31,5,coming
110271,19,19,19,5,in
110278,1,19,1,5,going
110278,3,19,3,5,going
110325,14,19,31,5,in
110350,19,19,19,5,going
110378,1,19,1,5,out
110378,3,19,3,5,out
110404,14,19,31,5,going
110416,1,19,1,5,coming
110416,3,19,3,5,coming
110450,19,19,19,5,out
110488,19,19,19,5,coming
110504,14,19,31,5,out
110516,1,19,1,5,in
110516,3,19,3,5,in
110542,14,19,31,5,coming
110588,19,19,19,5,in
110595,1,19,1,5,going
110595,3,19,3,5,going
110642,14,19,31,5,in
110667,19,19,19,5,going
110695,1,19,1,5,out
110695,3,19,3,5,out
110721,14,19,31,5,going
110733,1,19,1,5,coming
110733,3,19,3,5,coming
110767,19,19,19,5,out
110805,19,19,19,5,coming
110821,14,19,31,5,out
110833,1,19,1,5,in
110833,3,19,3,5,in
110859,14,19,31,5,coming
110905,19,19,19,5,in
110912,1,19,1,5,going
110912,3,19,3,5,going
110959,14,19,31,5,in
110984,19,19,19,5,going
111012,1,19,1,5,out
111012,3,19,3,5,out
111038,14,19,31,5,going
111050,1,19,1,5,coming
111050,3,19,3,5,coming
111084,19,19,19,5,out
111122,19,19,19,5,coming
111138,14,19,31,5,out
111150,1,19,1,5,in
111150,3,19,3,5,in
111176,14,19,31,5,coming
111222,19,19,19,5,in
111229,1,19,1,5,going
111229,3,19,3,5,going
111276,14,19,31,5,in
111301,19,19,19,5,going
111329,1,19,1,5,out
111329,3,19,3,5,out
111355,14,19,31,5,going
111367,1,19,1,5,coming
111367,3,19,3,5,coming
111401,19,19,19,5,out
111439,19,19,19,5,coming
111455,14,19,31,5,out
111467,1,19,1,5,in
111467,3,19,3,5,in
111493,14,19,31,5,coming
111539,19,19,19,5,in
111546,3,19,3,5,going
111547,1,19,1,5,going
111547,1,0,1,5,coming
111547,1,1,1,5,coming
111593,14,19,31,5,in
111618,19,19,19,5,going
111646,3,19,3,5,out
111647,1,0,1,5,in
111647,1,1,1,5,in
111647,1,19,1,5,out
111672,14,19,31,5,going
111684,3,19,3,5,coming
111718,19,19,19,5,out
111756,19,19,19,5,coming
111772,14,19,31,5,out
111775,1,0,1,5,going
111775,1,2,1,5,coming
111784,3,19,3,5,in
111810,14,19,31,5,coming
111856,19,19,19,5,in
111863,3,19,3,5,going
111875,1,0,1,5,out
111875,1,2,1,5,in
111903,1,1,1,5,going
111903,1,3,1,5,coming
111910,14,19,31,5,in
111935,19,19,19,5,going
111963,3,19,3,5,out
111989,14,19,31,5,going
112001,3,19,3,5,coming
112003,1,1,1,5,out
112003,1,3,1,5,in
112031,1,2,1,5,going
112031,1,4,1,5,coming
112035,19,19,19,5,out
112073,19,19,19,5,coming
112089,14,19,31,5,out
112101,3,19,3,5,in
112127,14,19,31,5,coming
112131,1,2,1,5,out
112131,1,4,1,5,in
112159,1,3,1,5,going
112159,1,5,1,5,coming
112173,19,19,19,5,in
112180,3,19,3,5,going
112227,14,19,31,5,in
112252,19,19,19,5,going
112259,1,3,1,5,out
112259,1,5,1,5,in
112280,3,19,3,5,out
112287,1,4,1,5,going
112287,1,6,1,5,coming
112306,14,19,31,5,going
112318,3,19,3,5,coming
112352,19,19,19,5,out
112387,1,4,1,5,out
112387,1,6,1,5,in
112390,19,19,19,5,coming
112406,14,19,31,5,out
112415,1,5,1,5,going
112415,1,7,1,5,coming
112418,3,19,3,5,in
112444,14,19,31,5,coming
112490,19,19,19,5,in
112497,3,19,3,5,going
112515,1,5,1,5,out
112515,1,7,1,5,in
112543,1,6,1,5,going
112543,1,8,1,5,coming
112544,14,19,31,5,in
112569,19,19,19,5,going
112597,3,19,3,5,out
112623,14,19,31,5,going
112635,3,19,3,5,coming
112643,1,6,1,5,out
112643,1,8,1,5,in
112669,19,19,19,5,out
112671,1,7,1,5,going
112671,1,9,1,5,coming
112707,19,19,19,5,coming
112723,14,19,31,5,out
112735,3,19,3,5,in
112761,14,19,31,5,coming
112771,1,7,1,5,out
112771,1,9,1,5,in
112799,1,8,1,5,going
112799,1,10,1,5,coming
112807,19,19,19,5,in
112815,3,19,3,5,going
112815,3,0,3,5,coming
112815,3,1,3,5,coming
112861,14,19,31,5,in
112886,19,19,19,5,going
112899,1,8,1,5,out
112899,1,10,1,5,in
112915,3,0,3,5,in
112915,3,1,3,5,in
112915,3,19,3,5,out
112927,1,9,1,5,going
112927,1,11,1,5,coming
112940,14,19,31,5,going
112986,19,19,19,5,out
113024,19,19,19,5,coming
113027,1,9,1,5,out
113027,1,11,1,5,in
113040,14,19,31,5,out
113043,3,0,3,5,going
113043,3,2,3,5,coming
113055,1,10,1,5,going
113055,1,12,1,5,coming
113078,14,19,31,5,coming
113124,19,19,19,5,in
113143,3,0,3,5,out
113143,3,2,3,5,in
113155,1,10,1,5,out
113155,1,12,1,5,in
113171,3,1,3,5,going
113171,3,3,3,5,coming
113178,14,19,31,5,in
113183,1,11,1,5,going
113183,1,13,1,5,coming
113203,19,19,19,5,going
113258,14,19,31,5,going
113258,14,0,31,5,coming
113258,14,1,31,5,coming
113271,3,1,3,5,out
113271,3,3,3,5,in
113283,1,11,1,5,out
113283,1,13,1,5,in
113299,3,2,3,5,going
113299,3,4,3,5,coming
113303,19,19,19,5,out
113311,1,12,1,5,going
113311,1,14,1,5,coming
113341,19,19,19,5,coming
113358,14,0,31,5,in
113358,14,1,31,5,in
113358,14,19,31,5,out
113399,3,2,3,5,out
113399,3,4,3,5,in
113411,1,12,1,5,out
113411,1,14,1,5,in
113427,3,3,3,5,going
113427,3,5,3,5,coming
113439,1,13,1,5,going
113439,1,15,1,5,coming
113441,19,19,19,5,in
113486,14,0,31,5,going
113486,14,2,31,5,coming
113520,19,19,19,5,going
113527,3,3,3,5,out
113527,3,5,3,5,in
113539,1,13,1,5,out
113539,1,15,1,5,in
113555,3,4,3,5,going
113555,3,6,3,5,coming
113567,1,14,1,5,going
113586,14,0,31,5,out
113586,14,2,31,5,in
113614,14,1,31,5,going
113614,14,3,31,5,coming
113620,19,19,19,5,out
113655,3,4,3,5,out
113655,3,6,3,5,in
113658,19,19,19,5,coming
113667,1,14,1,5,out
113683,3,5,3,5,going
113683,3,7,3,5,coming
113695,1,15,1,5,going
113714,14,1,31,5,out
113714,14,3,31,5,in
113742,14,2,31,5,going
113742,14,4,31,5,coming
113758,19,19,19,5,in
113783,3,5,3,5,out
113783,3,7,3,5,in
113795,1,15,1,5,out
113811,3,6,3,5,going
113811,3,8,3,5,coming
113837,19,19,19,5,going
113842,14,2,31,5,out
113842,14,4,31,5,in
113870,14,3,31,5,going
113870,14,5,31,5,coming
113911,3,6,3,5,out
113911,3,8,3,5,in
113937,19,19,19,5,out
113939,3,7,3,5,going
113939,3,9,3,5,coming
113951,1,19,1,5,coming
113970,14,3,31,5,out
113970,14,5,31,5,in
113975,19,19,19,5,coming
113998,14,4,31,5,going
113998,14,6,31,5,coming
114039,3,7,3,5,out
114039,3,9,3,5,in
114051,1,19,1,5,in
114067,3,8,3,5,going
114067,3,10,3,5,coming
114075,19,19,19,5,in
114098,14,4,31,5,out
114098,14,6,31,5,in
114126,14,5,31,5,going
114126,14,7,31,5,coming
114130,1,19,1,5,going
114154,19,19,19,5,going
114167,3,8,3,5,out
114167,3,10,3,5,in
114195,3,9,3,5,going
114195,3,11,3,5,coming
114226,14,5,31,5,out
114226,14,7,31,5,in
114230,1,19,1,5,out
114254,19,19,19,5,out
114254,14,6,31,5,going
114254,14,8,31,5,coming
114268,1,19,1,5,coming
114292,19,19,19,5,coming
114295,3,9,3,5,out
114295,3,11,3,5,in
114323,3,10,3,5,going
114323,3,12,3,5,coming
114354,14,6,31,5,out
114354,14,8,31,5,in
114368,1,19,1,5,in
114382,14,7,31,5,going
114382,14,9,31,5,coming
114392,19,19,19,5,in
114423,3,10,3,5,out
114423,3,12,3,5,in
114447,1,19,1,5,going
114451,3,11,3,5,going
114451,3,13,3,5,coming
114471,19,19,19,5,going
114482,14,7,31,5,out
114482,14,9,31,5,in
114510,14,8,31,5,going
114510,14,10,31,5,coming
114547,1,19,1,5,out
114551,3,11,3,5,out
114551,3,13,3,5,in
114571,19,19,19,5,out
114579,3,12,3,5,going
114579,3,14,3,5,coming
114585,1,19,1,5,coming
114609,19,19,19,5,coming
114610,14,8,31,5,out
114610,14,10,31,5,in
114638,14,9,31,5,going
114638,14,11,31,5,coming
114679,3,12,3,5,out
114679,3,14,3,5,in
114685,1,19,1,5,in
114707,3,13,3,5,going
114707,3,15,3,5,coming
114709,19,19,19,5,in
114738,14,9,31,5,out
114738,14,11,31,5,in
114764,1,19,1,5,going
114766,14,10,31,5,going
114766,14,12,31,5,coming
114789,19,19,19,5,going
114789,19,0,19,5,coming
114789,19,1,19,5,coming
114807,3,13,3,5,out
114807,3,15,3,5,in
114835,3,14,3,5,going
114864,1,19,1,5,out
114866,14,10,31,5,out
114866,14,12,31,5,in
114889,19,0,19,5,in
114889,19,1,19,5,in
114889,19,19,19,5,out
114894,14,11,31,5,going
114894,14,13,31,5,coming
114902,1,19,1,5,coming
114935,3,14,3,5,out
114963,3,15,3,5,going
114994,14,11,31,5,out
114994,14,13,31,5,in
115002,1,19,1,5,in
115017,19,0,19,5,going
115017,19,2,19,5,coming
115022,14,12,31,5,going
115022,14,14,31,5,coming
115063,3,15,3,5,out
115081,1,19,1,5,going
115117,19,0,19,5,out
115117,19,2,19,5,in
115122,14,12,31,5,out
115122,14,14,31,5,in
115145,19,1,19,5,going
115145,19,3,19,5,coming
115150,14,13,31,5,going
115150,14,15,31,5,coming
115181,1,19,1,5,out
115219,1,19,1,5,coming
115219,3,19,3,5,coming
115245,19,1,19,5,out
115245,19,3,19,5,in
115250,14,13,31,5,out
115250,14,15,31,5,in
115273,19,2,19,5,going
115273,19,4,19,5,coming
115278,14,14,31,5,going
115319,1,19,1,5,in
115319,3,19,3,5,in
115373,19,2,19,5,out
115373,19,4,19,5,in
115378,14,14,31,5,out
115398,1,19,1,5,going
115398,3,19,3,5,going
115401,19,3,19,5,going
115401,19,5,19,5,coming
115406,14,15,31,5,going
115498,1,19,1,5,out
115498,3,19,3,5,out
115501,19,3,19,5,out
115501,19,5,19,5,in
115506,14,15,31,5,out
115529,19,4,19,5,going
115529,19,6,19,5,coming
115536,1,19,1,5,coming
115536,3,19,3,5,coming
115629,19,4,19,5,out
115629,19,6,19,5,in
115636,1,19,1,5,in
115636,3,19,3,5,in
115657,19,5,19,5,going
115657,19,7,19,5,coming
115662,14,19,31,5,coming
115715,1,19,1,5,going
115715,3,19,3,5,going
115757,19,5,19,5,out
115757,19,7,19,5,in
115762,14,19,31,5,in
115785,19,6,19,5,going
115785,19,8,19,5,coming
115815,1,19,1,5,out
115815,3,19,3,5,out
115841,14,19,31,5,going
115853,1,19,1,5,coming
115853,3,19,3,5,coming
115885,19,6,19,5,out
115885,19,8,19,5,in
115913,19,7,19,5,going
115913,19,9,19,5,coming
115941,14,19,31,5,out
115953,1,19,1,5,in
115953,3,19,3,5,in
115979,14,19,31,5,coming
116013,19,7,19,5,out
116013,19,9,19,5,in
116032,1,19,1,5,going
116032,3,19,3,5,going
116041,19,8,19,5,going
116041,19,10,19,5,coming
116079,14,19,31,5,in
116132,1,19,1,5,out
116132,3,19,3,5,out
116141,19,8,19,5,out
116141,19,10,19,5,in
116158,14,19,31,5,going
116169,19,9,19,5,going
116169,19,11,19,5,coming
116170,1,19,1,5,coming
116170,3,19,3,5,coming
116258,14,19,31,5,out
116269,19,9,19,5,out
116269,19,11,19,5,in
116270,1,19,1,5,in
116270,3,19,3,5,in
116296,14,19,31,5,coming
116297,19,10,19,5,going
116297,19,12,19,5,coming
116349,1,19,1,5,going
116349,3,19,3,5,going
116396,14,19,31,5,in
116397,19,10,19,5,out
116397,19,12,19,5,in
116425,19,11,19,5,going
116425,19,13,19,5,coming
116449,1,19,1,5,out
116449,3,19,3,5,out
116475,14,19,31,5,going
116487,1,19,1,5,coming
116487,3,19,3,5,coming
116525,19,11,19,5,out
116525,19,13,19,5,in
116553,19,12,19,5,going
116553,19,14,19,5,coming
116575,14,19,31,5,out
116587,1,19,1,5,in
116587,3,19,3,5,in
116613,14,19,31,5,coming
116653,19,12,19,5,out
116653,19,14,19,5,in
116666,1,19,1,5,going
116666,3,19,3,5,going
116681,19,13,19,5,going
116681,19,15,19,5,coming
116713,14,19,31,5,in
116766,1,19,1,5,out
116766,3,19,3,5,out
116781,19,13,19,5,out
116781,19,15,19,5,in
116792,14,19,31,5,going
116804,1,19,1,5,coming
116804,3,19,3,5,coming
116809,19,14,19,5,going
116892,14,19,31,5,out
116904,1,19,1,5,in
116904,3,19,3,5,in
116909,19,14,19,5,out
116930,14,19,31,5,coming
116937,19,15,19,5,going
116983,1,19,1,5,going
116983,3,19,3,5,going
117030,14,19,31,5,in
117037,19,15,19,5,out
117083,1,19,1,5,out
117083,3,19,3,5,out
117109,14,19,31,5,going
117121,1,19,1,5,coming
117121,3,19,3,5,coming
117193,19,19,19,5,coming
117209,14,19,31,5,out
117221,1,19,1,5,in
117221,3,19,3,5,in
117247,14,19,31,5,coming
117293,19,19,19,5,in
117300,1,19,1,5,going
117300,3,19,3,5,going
117347,14,19,31,5,in
117372,19,19,19,5,going
117400,1,19,1,5,out
117400,3,19,3,5,out
117426,14,19,31,5,going
117438,1,19,1,5,coming
117438,3,19,3,5,coming
117472,19,19,19,5,out
117510,19,19,19,5,coming
117526,14,19,31,5,out
117538,1,19,1,5,in
117538,3,19,3,5,in
117564,14,19,31,5,coming
117610,19,19,19,5,in
117617,1,19,1,5,going
117617,3,19,3,5,going
117664,14,19,31,5,in
117689,19,19,19,5,going
117717,1,19,1,5,out
117717,3,19,3,5,out
117743,14,19,31,5,going
117755,1,19,1,5,coming
117755,3,19,3,5,coming
117789,19,19,19,5,out
117827,19,19,19,5,coming
117843,14,19,31,5,out
117855,1,19,1,5,in
117855,3,19,3,5,in
117881,14,19,31,5,coming
117927,19,19,19,5,in
117934,1,19,1,5,going
117934,3,19,3,5,going
117981,14,19,31,5,in
118006,19,19,19,5,going
118034,1,19,1,5,out
118034,3,19,3,5,out
118060,14,19,31,5,going
118072,1,19,1,5,coming
118072,3,19,3,5,coming
118106,19,19,19,5,out
118144,19,19,19,5,coming
118160,14,19,31,5,out
118172,1,19,1,5,in
118172,3,19,3,5,in
118198,14,19,31,5,coming
118244,19,19,19,5,in
118251,1,19,1,5,going
118251,3,19,3,5,going
118298,14,19,31,5,in
118323,19,19,19,5,going
118351,1,19,1,5,out
118351,3,19,3,5,out
118377,14,19,31,5,going
118389,1,19,1,5,coming
118389,3,19,3,5,coming
118423,19,19,19,5,out
118461,19,19,19,5,coming
118477,14,19,31,5,out
118489,1,19,1,5,in
118489,3,19,3,5,in
118515,14,19,31,5,coming
118561,19,19,19,5,in
118568,1,19,1,5,going
118568,3,19,3,5,going
118615,14,19,31,5,in
118640,19,19,19,5,going
118668,1,19,1,5,out
118668,3,19,3,5,out
118694,14,19,31,5,going
118706,1,19,1,5,coming
118706,3,19,3,5,coming
118740,19,19,19,5,out
118778,19,19,19,5,coming
118794,14,19,31,5,out
118806,1,19,1,5,in
118806,3,19,3,5,in
118832,14,19,31,5,coming
118878,19,19,19,5,in
118885,1,19,1,5,going
118885,3,19,3,5,going
118932,14,19,31,5,in
118957,19,19,19,5,going
118985,1,19,1,5,out
118985,3,19,3,5,out
119011,14,19,31,5,going
119023,1,19,1,5,coming
119023,3,19,3,5,coming
119057,19,19,19,5,out
119095,19,19,19,5,coming
119111,14,19,31,5,out
119123,1,19,1,5,in
119123,3,19,3,5,in
119149,14,19,31,5,coming
119195,19,19,19,5,in
119202,1,19,1,5,going
119202,3,19,3,5,going
119249,14,19,31,5,in
119274,19,19,19,5,going
119302,1,19,1,5,out
119302,3,19,3,5,out
119328,14,19,31,5,going
119340,1,19,1,5,coming
119340,3,19,3,5,coming
119374,19,19,19,5,out
119412,19,19,19,5,coming
119428,14,19,31,5,out
119440,1,19,1,5,in
119440,3,19,3,5,in
119466,14,19,31,5,coming
119512,19,19,19,5,in
119519,3,19,3,5,going
119520,1,19,1,5,going
119520,1,0,1,5,coming
119520,1,1,1,5,coming
119566,14,19,31,5,in
119591,19,19,19,5,going
119619,3,19,3,5,out
119620,1,0,1,5,in
119620,1,1,1,5,in
119620,1,19,1,5,out
119645,14,19,31,5,going
119657,3,19,3,5,coming
119691,19,19,19,5,out
119729,19,19,19,5,coming
119745,14,19,31,5,out
119748,1,0,1,5,going
119748,1,2,1,5,coming
119757,3,19,3,5,in
119783,14,19,31,5,coming
119829,19,19,19,5,in
119836,3,19,3,5,going
119848,1,0,1,5,out
119848,1,2,1,5,in
119876,1,1,1,5,going
119876,1,3,1,5,coming
119883,14,19,31,5,in
119908,19,19,19,5,going
119936,3,19,3,5,out
119962,14,19,31,5,going
119974,3,19,3,5,coming
119976,1,1,1,5,out
119976,1,3,1,5,in
120004,1,2,1,5,going
120004,1,4,1,5,coming
120008,19,19,19,5,out
120046,19,19,19,5,coming
120062,14,19,31,5,out
120074,3,19,3,5,in
120100,14,19,31,5,coming
120104,1,2,1,5,out
120104,1,4,1,5,in
120132,1,3,1,5,going
120132,1,5,1,5,coming
120146,19,19,19,5,in
120153,3,19,3,5,going
120200,14,19,31,5,in
120225,19,19,19,5,going
120232,1,3,1,5,out
120232,1,5,1,5,in
120253,3,19,3,5,out
120260,1,4,1,5,going
120260,1,6,1,5,coming
120279,14,19,31,5,going
120291,3,19,3,5,coming
120325,19,19,19,5,out
120360,1,4,1,5,out
120360,1,6,1,5,in
120363,19,19,19,5,coming
120379,14,19,31,5,out
120388,1,5,1,5,going
120388,1,7,1,5,coming
120391,3,19,3,5,in
120417,14,19,31,5,coming
120463,19,19,19,5,in
120470,3,19,3,5,going
120488,1,5,1,5,out
120488,1,7,1,5,in
120516,1,6,1,5,going
120516,1,8,1,5,coming
120517,14,19,31,5,in
120542,19,19,19,5,going
120570,3,19,3,5,out
120596,14,19,31,5,going
120608,3,19,3,5,coming
120616,1,6,1,5,out
120616,1,8,1,5,in
120642,19,19,19,5,out
120644,1,7,1,5,going
120644,1,9,1,5,coming
120680,19,19,19,5,coming
120696,14,19,31,5,out
120708,3,19,3,5,in
120734,14,19,31,5,coming
120744,1,7,1,5,out
120744,1,9,1,5,in
120772,1,8,1,5,going
120772,1,10,1,5,coming
120780,19,19,19,5,in
120787,3,19,3,5,going
120834,14,19,31,5,in
120859,19,19,19,5,going
120872,1,8,1,5,out
120872,1,10,1,5,in
120887,3,19,3,5,out
120900,1,9,1,5,going
120900,1,11,1,5,coming
120913,14,19,31,5,going
120925,3,19,3,5,coming
120959,19,19,19,5,out
120997,19,19,19,5,coming
121000,1,9,1,5,out
121000,1,11,1,5,in
121013,14,19,31,5,out
121025,3,19,3,5,in
121028,1,10,1,5,going
121028,1,12,1,5,coming
121051,14,19,31,5,coming
121097,19,19,19,5,in
121104,3,19,3,5,going
121128,1,10,1,5,out
121128,1,12,1,5,in
121151,14,19,31,5,in
121156,1,11,1,5,going
121156,1,13,1,5,coming
121176,19,19,19,5,going
121204,3,19,3,5,out
121230,14,19,31,5,going
121242,3,19,3,5,coming
121256,1,11,1,5,out
121256,1,13,1,5,in
121276,19,19,19,5,out
121284,1,12,1,5,going
121284,1,14,1,5,coming
121314,19,19,19,5,coming
121330,14,19,31,5,out
121342,3,19,3,5,in
121368,14,19,31,5,coming
121384,1,12,1,5,out
121384,1,14,1,5,in
121412,1,13,1,5,going
121412,1,15,1,5,coming
121414,19,19,19,5,in
121422,3,19,3,5,going
121422,3,0,3,5,coming
121422,3,1,3,5,coming
121468,14,19,31,5,in
121493,19,19,19,5,going
121512,1,13,1,5,out
121512,1,15,1,5,in
121522,3,0,3,5,in
121522,3,1,3,5,in
121522,3,19,3,5,out
121540,1,14,1,5,going
121547,14,19,31,5,going
121593,19,19,19,5,out
121631,19,19,19,5,coming
121640,1,14,1,5,out
121647,14,19,31,5,out
121650,3,0,3,5,going
121650,3,2,3,5,coming
121668,1,15,1,5,going
121685,14,19,31,5,coming
121731,19,19,19,5,in
121750,3,0,3,5,out
121750,3,2,3,5,in
121768,1,15,1,5,out
121778,3,1,3,5,going
121778,3,3,3,5,coming
121785,14,19,31,5,in
121810,19,19,19,5,going
121864,14,19,31,5,going
121878,3,1,3,5,out
121878,3,3,3,5,in
121906,3,2,3,5,going
121906,3,4,3,5,coming
121910,19,19,19,5,out
121924,1,19,1,5,coming
121948,19,19,19,5,coming
121964,14,19,31,5,out
122002,14,19,31,5,coming
122006,3,2,3,5,out
122006,3,4,3,5,in
122024,1,19,1,5,in
122034,3,3,3,5,going
122034,3,5,3,5,coming
122048,19,19,19,5,in
122102,14,19,31,5,in
122103,1,19,1,5,going
122127,19,19,19,5,going
122134,3,3,3,5,out
122134,3,5,3,5,in
122162,3,4,3,5,going
122162,3,6,3,5,coming
122182,14,19,31,5,going
122182,14,0,31,5,coming
122182,14,1,31,5,coming
122203,1,19,1,5,out
122227,19,19,19,5,out
122241,1,19,1,5,coming
122262,3,4,3,5,out
122262,3,6,3,5,in
122265,19,19,19,5,coming
122282,14,0,31,5,in
122282,14,1,31,5,in
122282,14,19,31,5,out
122290,3,5,3,5,going
122290,3,7,3,5,coming
122341,1,19,1,5,in
122365,19,19,19,5,in
122390,3,5,3,5,out
122390,3,7,3,5,in
122410,14,0,31,5,going
122410,14,2,31,5,coming
122418,3,6,3,5,going
122418,3,8,3,5,coming
122420,1,19,1,5,going
122444,19,19,19,5,going
122510,14,0,31,5,out
122510,14,2,31,5,in
122518,3,6,3,5,out
122518,3,8,3,5,in
122520,1,19,1,5,out
122538,14,1,31,5,going
122538,14,3,31,5,coming
122544,19,19,19,5,out
122546,3,7,3,5,going
122546,3,9,3,5,coming
122558,1,19,1,5,coming
122582,19,19,19,5,coming
122638,14,1,31,5,out
122638,14,3,31,5,in
122646,3,7,3,5,out
122646,3,9,3,5,in
122658,1,19,1,5,in
122666,14,2,31,5,going
122666,14,4,31,5,coming
122674,3,8,3,5,going
122674,3,10,3,5,coming
122682,19,19,19,5,in
122737,1,19,1,5,going
122761,19,19,19,5,going
122766,14,2,31,5,out
122766,14,4,31,5,in
122774,3,8,3,5,out
122774,3,10,3,5,in
122794,14,3,31,5,going
122794,14,5,31,5,coming
122802,3,9,3,5,going
122802,3,11,3,5,coming
122837,1,19,1,5,out
122861,19,19,19,5,out
122875,1,19,1,5,coming
122894,14,3,31,5,out
122894,14,5,31,5,in
122899,19,19,19,5,coming
122902,3,9,3,5,out
122902,3,11,3,5,in
122922,14,4,31,5,going
122922,14,6,31,5,coming
122930,3,10,3,5,going
122930,3,12,3,5,coming
122975,1,19,1,5,in
122999,19,19,19,5,in
123022,14,4,31,5,out
123022,14,6,31,5,in
123030,3,10,3,5,out
123030,3,12,3,5,in
123050,14,5,31,5,going
123050,14,7,31,5,coming
123054,1,19,1,5,going
123058,3,11,3,5,going
123058,3,13,3,5,coming
123078,19,19,19,5,going
123150,14,5,31,5,out
123150,14,7,31,5,in
123154,1,19,1,5,out
123158,3,11,3,5,out
123158,3,13,3,5,in
123178,19,19,19,5,out
123178,14,6,31,5,going
123178,14,8,31,5,coming
123186,3,12,3,5,going
123186,3,14,3,5,coming
123192,1,19,1,5,coming
123216,19,19,19,5,coming
123278,14,6,31,5,out
123278,14,8,31,5,in
123286,3,12,3,5,out
123286,3,14,3,5,in
123292,1,19,1,5,in
123306,14,7,31,5,going
123306,14,9,31,5,coming
123314,3,13,3,5,going
123314,3,15,3,5,coming
123316,19,19,19,5,in
123371,1,19,1,5,going
123395,19,19,19,5,going
123406,14,7,31,5,out
123406,14,9,31,5,in
123414,3,13,3,5,out
123414,3,15,3,5,in
123434,14,8,31,5,going
123434,14,10,31,5,coming
123442,3,14,3,5,going
123471,1,19,1,5,out
123495,19,19,19,5,out
123509,1,19,1,5,coming
123533,19,19,19,5,coming
123534,14,8,31,5,out
123534,14,10,31,5,in
123542,3,14,3,5,out
123562,14,9,31,5,going
123562,14,11,31,5,coming
123570,3,15,3,5,going
123609,1,19,1,5,in
123633,19,19,19,5,in
123662,14,9,31,5,out
123662,14,11,31,5,in
123670,3,15,3,5,out
123688,1,19,1,5,going
123690,14,10,31,5,going
123690,14,12,31,5,coming
123712,19,19,19,5,going
123788,1,19,1,5,out
123790,14,10,31,5,out
123790,14,12,31,5,in
123812,19,19,19,5,out
123818,14,11,31,5,going
123818,14,13,31,5,coming
123826,1,19,1,5,coming
123826,3,19,3,5,coming
123850,19,19,19,5,coming
123918,14,11,31,5,out
123918,14,13,31,5,in
123926,1,19,1,5,in
123926,3,19,3,5,in
123946,14,12,31,5,going
123946,14,14,31,5,coming
123950,19,19,19,5,in
124005,1,19,1,5,going
124005,3,19,3,5,going
124029,19,19,19,5,going
124046,14,12,31,5,out
124046,14,14,31,5,in
124074,14,13,31,5,going
124074,14,15,31,5,coming
124105,1,19,1,5,out
124105,3,19,3,5,out
124129,19,19,19,5,out
124143,1,19,1,5,coming
124143,3,19,3,5,coming
124167,19,19,19,5,coming
124174,14,13,31,5,out
124174,14,15,31,5,in
124202,14,14,31,5,going
124243,1,19,1,5,in
124243,3,19,3,5,in
124267,19,19,19,5,in
124302,14,14,31,5,out
124322,1,19,1,5,going
124322,3,19,3,5,going
124330,14,15,31,5,going
124347,19,19,19,5,going
124347,19,0,19,5,coming
124347,19,1,19,5,coming
124422,1,19,1,5,out
124422,3,19,3,5,out
124430,14,15,31,5,out
124447,19,0,19,5,in
124447,19,1,19,5,in
124447,19,19,19,5,out
124460,1,19,1,5,coming
124460,3,19,3,5,coming
124560,1,19,1,5,in
124560,3,19,3,5,in
124575,19,0,19,5,going
124575,19,2,19,5,coming
124586,14,19,31,5,coming
124639,1,19,1,5,going
124639,3,19,3,5,going
124675,19,0,19,5,out
124675,19,2,19,5,in
124686,14,19,31,5,in
124703,19,1,19,5,going
124703,19,3,19,5,coming
124739,1,19,1,5,out
124739,3,19,3,5,out
124765,14,19,31,5,going
124777,1,19,1,5,coming
124777,3,19,3,5,coming
124803,19,1,19,5,out
124803,19,3,19,5,in
124831,19,2,19,5,going
124831,19,4,19,5,coming
124865,14,19,31,5,out
124877,1,19,1,5,in
124877,3,19,3,5,in
124903,14,19,31,5,coming
124931,19,2,19,5,out
124931,19,4,19,5,in
124956,1,19,1,5,going
124956,3,19,3,5,going
124959,19,3,19,5,going
124959,19,5,19,5,coming
125003,14,19,31,5,in
125056,1,19,1,5,out
125056,3,19,3,5,out
125059,19,3,19,5,out
125059,19,5,19,5,in
125082,14,19,31,5,going
125087,19,4,19,5,going
125087,19,6,19,5,coming
125094,1,19,1,5,coming
125094,3,19,3,5,coming
125182,14,19,31,5,out
125187,19,4,19,5,out
125187,19,6,19,5,in
125194,1,19,1,5,in
125194,3,19,3,5,in
125215,19,5,19,5,going
125215,19,7,19,5,coming
125220,14,19,31,5,coming
125273,1,19,1,5,going
125273,3,19,3,5,going
125315,19,5,19,5,out
125315,19,7,19,5,in
125320,14,19,31,5,in
125343,19,6,19,5,going
125343,19,8,19,5,coming
125373,1,19,1,5,out
125373,3,19,3,5,out
125399,14,19,31,5,going
125411,1,19,1,5,coming
125411,3,19,3,5,coming
125443,19,6,19,5,out
125443,19,8,19,5,in
125471,19,7,19,5,going
125471,19,9,19,5,coming
125499,14,19,31,5,out
125511,1,19,1,5,in
125511,3,19,3,5,in
125537,14,19,31,5,coming
125571,19,7,19,5,out
125571,19,9,19,5,in
125590,1,19,1,5,going
125590,3,19,3,5,going
125599,19,8,19,5,going
125599,19,10,19,5,coming
125637,14,19,31,5,in
125690,1,19,1,5,out
125690,3,19,3,5,out
125699,19,8,19,5,out
125699,19,10,19,5,in
125716,14,19,31,5,going
125727,19,9,19,5,going
125727,19,11,19,5,coming
125728,1,19,1,5,coming
125728,3,19,3,5,coming
125816,14,19,31,5,out
125827,19,9,19,5,out
125827,19,11,19,5,in
125828,1,19,1,5,in
125828,3,19,3,5,in
125854,14,19,31,5,coming
125855,19,10,19,5,going
125855,19,12,19,5,coming
125907,1,19,1,5,going
125907,3,19,3,5,going
125954,14,19,31,5,in
125955,19,10,19,5,out
125955,19,12,19,5,in
125983,19,11,19,5,going
125983,19,13,19,5,coming
126007,1,19,1,5,out
126007,3,19,3,5,out
126033,14,19,31,5,going
126045,1,19,1,5,coming
126045,3,19,3,5,coming
126083,19,11,19,5,out
126083,19,13,19,5,in
126111,19,12,19,5,going
126111,19,14,19,5,coming
126133,14,19,31,5,out
126145,1,19,1,5,in
126145,3,19,3,5,in
126171,14,19,31,5,coming
126211,19,12,19,5,out
126211,19,14,19,5,in
126224,1,19,1,5,going
126224,3,19,3,5,going
126239,19,13,19,5,going
126239,19,15,19,5,coming
126271,14,19,31,5,in
126324,1,19,1,5,out
126324,3,19,3,5,out
126339,19,13,19,5,out
126339,19,15,19,5,in
126350,14,19,31,5,going
126362,1,19,1,5,coming
126362,3,19,3,5,coming
126367,19,14,19,5,going
126450,14,19,31,5,out
126462,1,19,1,5,in
126462,3,19,3,5,in
126467,19,14,19,5,out
126488,14,19,31,5,coming
126495,19,15,19,5,going
126541,1,19,1,5,going
126541,3,19,3,5,going
126588,14,19,31,5,in
126595,19,15,19,5,out
126641,1,19,1,5,out
126641,3,19,3,5,out
126667,14,19,31,5,going
126679,1,19,1,5,coming
126679,3,19,3,5,coming
126751,19,19,19,5,coming
126767,14,19,31,5,out
126779,1,19,1,5,in
126779,3,19,3,5,in
126805,14,19,31,5,coming
126851,19,19,19,5,in
126858,1,19,1,5,going
126858,3,19,3,5,going
126905,14,19,31,5,in
126930,19,19,19,5,going
126958,1,19,1,5,out
126958,3,19,3,5,out
126984,14,19,31,5,going
126996,1,19,1,5,coming
126996,3,19,3,5,coming
127030,19,19,19,5,out
127068,19,19,19,5,coming
127084,14,19,31,5,out
127096,1,19,1,5,in
127096,3,19,3,5,in
127122,14,19,31,5,coming
127168,19,19,19,5,in
127175,1,19,1,5,going
127175,3,19,3,5,going
127222,14,19,31,5,in
127247,19,19,19,5,going
127275,1,19,1,5,out
127275,3,19,3,5,out
127301,14,19,31,5,going
127313,1,19,1,5,coming
127313,3,19,3,5,coming
127347,19,19,19,5,out
127385,19,19,19,5,coming
127401,14,19,31,5,out
127413,1,19,1,5,in
127413,3,19,3,5,in
127439,14,19,31,5,coming
127485,19,19,19,5,in
127492,1,19,1,5,going
127492,3,19,3,5,going
127539,14,19,31,5,in
127564,19,19,19,5,going
127592,1,19,1,5,out
127592,3,19,3,5,out
127618,14,19,31,5,going
127630,1,19,1,5,coming
127630,3,19,3,5,coming
127664,19,19,19,5,out
127702,19,19,19,5,coming
127718,14,19,31,5,out
127730,1,19,1,5,in
127730,3,19,3,5,in
127756,14,19,31,5,coming
127802,19,19,19,5,in
127809,1,19,1,5,going
127809,3,19,3,5,going
127856,14,19,31,5,in
127881,19,19,19,5,going
127909,1,19,1,5,out
127909,3,19,3,5,out
127935,14,19,31,5,going
127947,1,19,1,5,coming
127947,3,19,3,5,coming
127981,19,19,19,5,out
128019,19,19,19,5,coming
128035,14,19,31,5,out
128047,1,19,1,5,in
128047,3,19,3,5,in
128073,14,19,31,5,coming
128119,19,19,19,5,in
128126,1,19,1,5,going
128126,3,19,3,5,going
128173,14,19,31,5,in
128198,19,19,19,5,going
128226,1,19,1,5,out
128226,3,19,3,5,out
128252,14,19,31,5,going
128264,1,19,1,5,coming
128264,3,19,3,5,coming
128298,19,19,19,5,out
128336,19,19,19,5,coming
128352,14,19,31,5,out
128364,1,19,1,5,in
128364,3,19,3,5,in
128390,14,19,31,5,coming
128436,19,19,19,5,in
128443,1,19,1,5,going
128443,3,19,3,5,going
128490,14,19,31,5,in
128515,19,19,19,5,going
128543,1,19,1,5,out
128543,3,19,3,5,out
128569,14,19,31,5,going
128581,1,19,1,5,coming
128581,3,19,3,5,coming
128615,19,19,19,5,out
128653,19,19,19,5,coming
128669,14,19,31,5,out
128681,1,19,1,5,in
128681,3,19,3,5,in
128707,14,19,31,5,coming
128753,19,19,19,5,in
128760,3,19,3,5,going
128761,1,19,1,5,going
128761,1,0,1,5,coming
128761,1,1,1,5,coming
128807,14,19,31,5,in
128832,19,19,19,5,going
128860,3,19,3,5,out
128861,1,0,1,5,in
128861,1,1,1,5,in
128861,1,19,1,5,out
128886,14,19,31,5,going
128898,3,19,3,5,coming
128932,19,19,19,5,out
128970,19,19,19,5,coming
128986,14,19,31,5,out
128989,1,0,1,5,going
128989,1,2,1,5,coming
128998,3,19,3,5,in
129024,14,19,31,5,coming
129070,19,19,19,5,in
129077,3,19,3,5,going
129089,1,0,1,5,out
129089,1,2,1,5,in
129117,1,1,1,5,going
129117,1,3,1,5,coming
129124,14,19,31,5,in
129149,19,19,19,5,going
129177,3,19,3,5,out
129203,14,19,31,5,going
129215,3,19,3,5,coming
129217,1,1,1,5,out
129217,1,3,1,5,in
129245,1,2,1,5,going
129245,1,4,1,5,coming
129249,19,19,19,5,out
129287,19,19,19,5,coming
129303,14,19,31,5,out
129315,3,19,3,5,in
129341,14,19,31,5,coming
129345,1,2,1,5,out
129345,1,4,1,5,in
129373,1,3,1,5,going
129373,1,5,1,5,coming
129387,19,19,19,5,in
129394,3,19,3,5,going
129441,14,19,31,5,in
129466,19,19,19,5,going
129473,1,3,1,5,out
129473,1,5,1,5,in
129494,3,19,3,5,out
129501,1,4,1,5,going
129501,1,6,1,5,coming
129520,14,19,31,5,going
129532,3,19,3,5,coming
129566,19,19,19,5,out
129601,1,4,1,5,out
129601,1,6,1,5,in
129604,19,19,19,5,coming
129620,14,19,31,5,out
129629,1,5,1,5,going
129629,1,7,1,5,coming
129632,3,19,3,5,in
129658,14,19,31,5,coming
129704,19,19,19,5,in
129711,3,19,3,5,going
129729,1,5,1,5,out
129729,1,7,1,5,in
129757,1,6,1,5,going
129757,1,8,1,5,coming
129758,14,19,31,5,in
129783,19,19,19,5,going
129811,3,19,3,5,out
129837,14,19,31,5,going
129849,3,19,3,5,coming
129857,1,6,1,5,out
129857,1,8,1,5,in
129883,19,19,19,5,out
129885,1,7,1,5,going
129885,1,9,1,5,coming
129921,19,19,19,5,coming
129937,14,19,31,5,out
129949,3,19,3,5,in
129975,14,19,31,5,coming
129985,1,7,1,5,out
129985,1,9,1,5,in
130013,1,8,1,5,going
130013,1,10,1,5,coming
130021,19,19,19,5,in
130028,3,19,3,5,going
130075,14,19,31,5,in
130100,19,19,19,5,going
130113,1,8,1,5,out
130113,1,10,1,5,in
130128,3,19,3,5,out
130141,1,9,1,5,going
130141,1,11,1,5,coming
130154,14,19,31,5,going
130166,3,19,3,5,coming
130200,19,19,19,5,out
130238,19,19,19,5,coming
130241,1,9,1,5,out
130241,1,11,1,5,in
130254,14,19,31,5,out
130266,3,19,3,5,in
130269,1,10,1,5,going
130269,1,12,1,5,coming
130292,14,19,31,5,coming
130338,19,19,19,5,in
130345,3,19,3,5,going
130369,1,10,1,5,out
130369,1,12,1,5,in
130392,14,19,31,5,in
130397,1,11,1,5,going
130397,1,13,1,5,coming
130417,19,19,19,5,going
130445,3,19,3,5,out
130471,14,19,31,5,going
130483,3,19,3,5,coming
130497,1,11,1,5,out
130497,1,13,1,5,in
130517,19,19,19,5,out
130525,1,12,1,5,going
130525,1,14,1,5,coming
130555,19,19,19,5,coming
130571,14,19,31,5,out
130583,3,19,3,5,in
130609,14,19,31,5,coming
130625,1,12,1,5,out
130625,1,14,1,5,in
130653,1,13,1,5,going
130653,1,15,1,5,coming
130655,19,19,19,5,in
130663,3,19,3,5,going
130663,3,0,3,5,coming
130663,3,1,3,5,coming
130709,14,19,31,5,in
130734,19,19,19,5,going
130753,1,13,1,5,out
130753,1,15,1,5,in
130763,3,0,3,5,in
130763,3,1,3,5,in
130763,3,19,3,5,out
130781,1,14,1,5,going
130788,14,19,31,5,going
130834,19,19,19,5,out
130872,19,19,19,5,coming
130881,1,14,1,5,out
130888,14,19,31,5,out
130891,3,0,3,5,going
130891,3,2,3,5,coming
130909,1,15,1,5,going
130926,14,19,31,5,coming
130972,19,19,19,5,in
130991,3,0,3,5,out
130991,3,2,3,5,in
131009,1,15,1,5,out
131019,3,1,3,5,going
131019,3,3,3,5,coming
131026,14,19,31,5,in
131051,19,19,19,5,going
131105,14,19,31,5,going
131119,3,1,3,5,out
131119,3,3,3,5,in
131147,3,2,3,5,going
131147,3,4,3,5,coming
131151,19,19,19,5,out
131165,1,19,1,5,coming
131189,19,19,19,5,coming
131205,14,19,31,5,out
131243,14,19,31,5,coming
131247,3,2,3,5,out
131247,3,4,3,5,in
131265,1,19,1,5,in
131275,3,3,3,5,going
131275,3,5,3,5,coming
131289,19,19,19,5,in
131343,14,19,31,5,in
131344,1,19,1,5,going
131368,19,19,19,5,going
131375,3,3,3,5,out
131375,3,5,3,5,in
131403,3,4,3,5,going
131403,3,6,3,5,coming
131422,14,19,31,5,going
131444,1,19,1,5,out
131468,19,19,19,5,out
131482,1,19,1,5,coming
131503,3,4,3,5,out
131503,3,6,3,5,in
131506,19,19,19,5,coming
131522,14,19,31,5,out
131531,3,5,3,5,going
131531,3,7,3,5,coming
131560,14,19,31,5,coming
131582,1,19,1,5,in
131606,19,19,19,5,in
131631,3,5,3,5,out
131631,3,7,3,5,in
131659,3,6,3,5,going
131659,3,8,3,5,coming
131660,14,19,31,5,in
131661,1,19,1,5,going
131685,19,19,19,5,going
131740,14,19,31,5,going
131740,14,0,31,5,coming
131740,14,1,31,5,coming
131759,3,6,3,5,out
131759,3,8,3,5,in
131761,1,19,1,5,out
131785,19,19,19,5,out
131787,3,7,3,5,going
131787,3,9,3,5,coming
131799,1,19,1,5,coming
131823,19,19,19,5,coming
131840,14,0,31,5,in
131840,14,1,31,5,in
131840,14,19,31,5,out
131887,3,7,3,5,out
131887,3,9,3,5,in
131899,1,19,1,5,in
131915,3,8,3,5,going
131915,3,10,3,5,coming
131923,19,19,19,5,in
131968,14,0,31,5,going
131968,14,2,31,5,coming
131978,1,19,1,5,going
132002,19,19,19,5,going
132015,3,8,3,5,out
132015,3,10,3,5,in
132043,3,9,3,5,going
132043,3,11,3,5,coming
132068,14,0,31,5,out
132068,14,2,31,5,in
132078,1,19,1,5,out
132096,14,1,31,5,going
132096,14,3,31,5,coming
132102,19,19,19,5,out
132116,1,19,1,5,coming
132140,19,19,19,5,coming
132143,3,9,3,5,out
132143,3,11,3,5,in
132171,3,10,3,5,going
132171,3,12,3,5,coming
132196,14,1,31,5,out
132196,14,3,31,5,in
132216,1,19,1,5,in
132224,14,2,31,5,going
132224,14,4,31,5,coming
132240,19,19,19,5,in
132271,3,10,3,5,out
132271,3,12,3,5,in
132295,1,19,1,5,going
132299,3,11,3,5,going
132299,3,13,3,5,coming
132319,19,19,19,5,going
132324,14,2,31,5,out
132324,14,4,31,5,in
132352,14,3,31,5,going
132352,14,5,31,5,coming
132395,1,19,1,5,out
132399,3,11,3,5,out
132399,3,13,3,5,in
132419,19,19,19,5,out
132427,3,12,3,5,going
132427,3,14,3,5,coming
132433,1,19,1,5,coming
132452,14,3,31,5,out
132452,14,5,31,5,in
132457,19,19,19,5,coming
132480,14,4,31,5,going
132480,14,6,31,5,coming
132527,3,12,3,5,out
132527,3,14,3,5,in
132533,1,19,1,5,in
132555,3,13,3,5,going
132555,3,15,3,5,coming
132557,19,19,19,5,in
132580,14,4,31,5,out
132580,14,6,31,5,in
132608,14,5,31,5,going
132608,14,7,31,5,coming
132612,1,19,1,5,going
132636,19,19,19,5,going
132655,3,13,3,5,out
132655,3,15,3,5,in
132683,3,14,3,5,going
132708,14,5,31,5,out
132708,14,7,31,5,in
132712,1,19,1,5,out
132736,19,19,19,5,out
132736,14,6,31,5,going
132736,14,8,31,5,coming
132750,1,19,1,5,coming
132774,19,19,19,5,coming
132783,3,14,3,5,out
132811,3,15,3,5,going
132836,14,6,31,5,out
132836,14,8,31,5,in
132850,1,19,1,5,in
132864,14,7,31,5,going
132864,14,9,31,5,coming
132874,19,19,19,5,in
132911,3,15,3,5,out
132929,1,19,1,5,going
132953,19,19,19,5,going
132964,14,7,31,5,out
132964,14,9,31,5,in
132992,14,8,31,5,going
132992,14,10,31,5,coming
133029,1,19,1,5,out
133053,19,19,19,5,out
133067,1,19,1,5,coming
133067,3,19,3,5,coming
133091,19,19,19,5,coming
133092,14,8,31,5,out
133092,14,10,31,5,in
133120,14,9,31,5,going
133120,14,11,31,5,coming
133167,1,19,1,5,in
133167,3,19,3,5,in
133191,19,19,19,5,in
133220,14,9,31,5,out
133220,14,11,31,5,in
133246,1,19,1,5,going
133246,3,19,3,5,going
133248,14,10,31,5,going
133248,14,12,31,5,coming
133270,19,19,19,5,going
133346,1,19,1,5,out
133346,3,19,3,5,out
133348,14,10,31,5,out
133348,14,12,31,5,in
133370,19,19,19,5,out
133376,14,11,31,5,going
133376,14,13,31,5,coming
133384,1,19,1,5,coming
133384,3,19,3,5,coming
133408,19,19,19,5,coming
133476,14,11,31,5,out
133476,14,13,31,5,in
133484,1,19,1,5,in
133484,3,19,3,5,in
133504,14,12,31,5,going
133504,14,14,31,5,coming
133508,19,19,19,5,in
133563,1,19,1,5,going
133563,3,19,3,5,going
133587,19,19,19,5,going
133604,14,12,31,5,out
133604,14,14,31,5,in
133632,14,13,31,5,going
133632,14,15,31,5,coming
133663,1,19,1,5,out
133663,3,19,3,5,out
133687,19,19,19,5,out
133701,1,19,1,5,coming
133701,3,19,3,5,coming
133725,19,19,19,5,coming
133732,14,13,31,5,out
133732,14,15,31,5,in
133760,14,14,31,5,going
133801,1,19,1,5,in
133801,3,19,3,5,in
133825,19,19,19,5,in
133860,14,14,31,5,out
133880,1,19,1,5,going
133880,3,19,3,5,going
133888,14,15,31,5,going
133904,19,19,19,5,going
133980,1,19,1,5,out
133980,3,19,3,5,out
133988,14,15,31,5,out
134004,19,19,19,5,out
134018,1,19,1,5,coming
134018,3,19,3,5,coming
134042,19,19,19,5,coming
134118,1,19,1,5,in
134118,3,19,3,5,in
134142,19,19,19,5,in
134144,14,19,31,5,coming
134197,1,19,1,5,going
134197,3,19,3,5,going
134221,19,19,19,5,going
134244,14,19,31,5,in
134297,1,19,1,5,out
134297,3,19,3,5,out
134321,19,19,19,5,out
134323,14,19,31,5,going
134335,1,19,1,5,coming
134335,3,19,3,5,coming
134359,19,19,19,5,coming
134423,14,19,31,5,out
134435,1,19,1,5,in
134435,3,19,3,5,in
134459,19,19,19,5,in
134461,14,19,31,5,coming
134514,1,19,1,5,going
134514,3,19,3,5,going
134539,19,19,19,5,going
134539,19,0,19,5,coming
134539,19,1,19,5,coming
134561,14,19,31,5,in
134614,1,19,1,5,out
134614,3,19,3,5,out
134639,19,0,19,5,in
134639,19,1,19,5,in
134639,19,19,19,5,out
134640,14,19,31,5,going
134652,1,19,1,5,coming
134652,3,19,3,5,coming
134740,14,19,31,5,out
134752,1,19,1,5,in
134752,3,19,3,5,in
134767,19,0,19,5,going
134767,19,2,19,5,coming
134778,14,19,31,5,coming
134831,1,19,1,5,going
134831,3,19,3,5,going
134867,19,0,19,5,out
134867,19,2,19,5,in
134878,14,19,31,5,in
134895,19,1,19,5,going
134895,19,3,19,5,coming
134931,1,19,1,5,out
134931,3,19,3,5,out
134957,14,19,31,5,going
134969,1,19,1,5,coming
134969,3,19,3,5,coming
134995,19,1,19,5,out
134995,19,3,19,5,in
135023,19,2,19,5,going
135023,19,4,19,5,coming
135057,14,19,31,5,out
135069,1,19,1,5,in
135069,3,19,3,5,in
135095,14,19,31,5,coming
135123,19,2,19,5,out
135123,19,4,19,5,in
135148,1,19,1,5,going
135148,3,19,3,5,going
135151,19,3,19,5,going
135151,19,5,19,5,coming
135195,14,19,31,5,in
135248,1,19,1,5,out
135248,3,19,3,5,out
135251,19,3,19,5,out
135251,19,5,19,5,in
135274,14,19,31,5,going
135279,19,4,19,5,going
135279,19,6,19,5,coming
135286,1,19,1,5,coming
135286,3,19,3,5,coming
135374,14,19,31,5,out
135379,19,4,19,5,out
135379,19,6,19,5,in
135386,1,19,1,5,in
135386,3,19,3,5,in
135407,19,5,19,5,going
135407,19,7,19,5,coming
135412,14,19,31,5,coming
135465,1,19,1,5,going
135465,3,19,3,5,going
135507,19,5,19,5,out
135507,19,7,19,5,in
135512,14,19,31,5,in
135535,19,6,19,5,going
135535,19,8,19,5,coming
135565,1,19,1,5,out
135565,3,19,3,5,out
135591,14,19,31,5,going
135603,1,19,1,5,coming
135603,3,19,3,5,coming
135635,19,6,19,5,out
135635,19,8,19,5,in
135663,19,7,19,5,going
135663,19,9,19,5,coming
135691,14,19,31,5,out
135703,1,19,1,5,in
135703,3,19,3,5,in
135729,14,19,31,5,coming
135763,19,7,19,5,out
135763,19,9,19,5,in
135782,1,19,1,5,going
135782,3,19,3,5,going
135791,19,8,19,5,going
135791,19,10,19,5,coming
135829,14,19,31,5,in
135882,1,19,1,5,out
135882,3,19,3,5,out
135891,19,8,19,5,out
135891,19,10,19,5,in
135908,14,19,31,5,going
135919,19,9,19,5,going
135919,19,11,19,5,coming
135920,1,19,1,5,coming
135920,3,19,3,5,coming
136008,14,19,31,5,out
136019,19,9,19,5,out
136019,19,11,19,5,in
136020,1,19,1,5,in
136020,3,19,3,5,in
136046,14,19,31,5,coming
136047,19,10,19,5,going
136047,19,12,19,5,coming
136099,1,19,1,5,going
136099,3,19,3,5,going
136146,14,19,31,5,in
136147,19,10,19,5,out
136147,19,12,19,5,in
136175,19,11,19,5,going
136175,19,13,19,5,coming
136199,1,19,1,5,out
136199,3,19,3,5,out
136225,14,19,31,5,going
136237,1,19,1,5,coming
136237,3,19,3,5,coming
136275,19,11,19,5,out
136275,19,13,19,5,in
136303,19,12,19,5,going
136303,19,14,19,5,coming
136325,14,19,31,5,out
136337,1,19,1,5,in
136337,3,19,3,5,in
136363,14,19,31,5,coming
136403,19,12,19,5,out
136403,19,14,19,5,in
136416,1,19,1,5,going
136416,3,19,3,5,going
136431,19,13,19,5,going
136431,19,15,19,5,coming
136463,14,19,31,5,in
136516,1,19,1,5,out
136516,3,19,3,5,out
136531,19,13,19,5,out
136531,19,15,19,5,in
136542,14,19,31,5,going
136554,1,19,1,5,coming
136554,3,19,3,5,coming
136559,19,14,19,5,going
136642,14,19,31,5,out
136654,1,19,1,5,in
136654,3,19,3,5,in
136659,19,14,19,5,out
136680,14,19,31,5,coming
136687,19,15,19,5,going
136733,1,19,1,5,going
136733,3,19,3,5,going
136780,14,19,31,5,in
136787,19,15,19,5,out
136833,1,19,1,5,out
136833,3,19,3,5,out
136859,14,19,31,5,going
136871,1,19,1,5,coming
136871,3,19,3,5,coming
136943,19,19,19,5,coming
136959,14,19,31,5,out
136971,1,19,1,5,in
136971,3,19,3,5,in
136997,14,19,31,5,coming
137043,19,19,19,5,in
137050,1,19,1,5,going
137050,3,19,3,5,going
137097,14,19,31,5,in
137122,19,19,19,5,going
137150,1,19,1,5,out
137150,3,19,3,5,out
137176,14,19,31,5,going
137188,1,19,1,5,coming
137188,3,19,3,5,coming
137222,19,19,19,5,out
137260,19,19,19,5,coming
137276,14,19,31,5,out
137288,1,19,1,5,in
137288,3,19,3,5,in
137314,14,19,31,5,coming
137360,19,19,19,5,in
137367,1,19,1,5,going
137367,3,19,3,5,going
137414,14,19,31,5,in
137439,19,19,19,5,going
137467,1,19,1,5,out
137467,3,19,3,5,out
137493,14,19,31,5,going
137505,1,19,1,5,coming
137505,3,19,3,5,coming
137539,19,19,19,5,out
137577,19,19,19,5,coming
137593,14,19,31,5,out
137605,1,19,1,5,in
137605,3,19,3,5,in
137631,14,19,31,5,coming
137677,19,19,19,5,in
137684,1,19,1,5,going
137684,3,19,3,5,going
137731,14,19,31,5,in
137756,19,19,19,5,going
137784,1,19,1,5,out
137784,3,19,3,5,out
137810,14,19,31,5,going
137822,1,19,1,5,coming
137822,3,19,3,5,coming
137856,19,19,19,5,out
137894,19,19,19,5,coming
137910,14,19,31,5,out
137922,1,19,1,5,in
137922,3,19,3,5,in
137948,14,19,31,5,coming
137994,19,19,19,5,in
138001,1,19,1,5,going
138001,3,19,3,5,going
138048,14,19,31,5,in
138073,19,19,19,5,going
138101,1,19,1,5,out
138101,3,19,3,5,out
138127,14,19,31,5,going
138139,1,19,1,5,coming
138139,3,19,3,5,coming
138173,19,19,19,5,out
138211,19,19,19,5,coming
138227,14,19,31,5,out
138239,1,19,1,5,in
138239,3,19,3,5,in
138265,14,19,31,5,coming
138311,19,19,19,5,in
138318,1,19,1,5,going
138318,3,19,3,5,going
138365,14,19,31,5,in
138390,19,19,19,5,going
138418,1,19,1,5,out
138418,3,19,3,5,out
138444,14,19,31,5,going
138456,1,19,1,5,coming
138456,3,19,3,5,coming
138490,19,19,19,5,out
138528,19,19,19,5,coming
138544,14,19,31,5,out
138556,1,19,1,5,in
138556,3,19,3,5,in
138582,14,19,31,5,coming
138628,19,19,19,5,in
138635,1,19,1,5,going
138635,3,19,3,5,going
138682,14,19,31,5,in
138707,19,19,19,5,going
138735,1,19,1,5,out
138735,3,19,3,5,out
138761,14,19,31,5,going
138773,1,19,1,5,coming
138773,3,19,3,5,coming
138807,19,19,19,5,out
138845,19,19,19,5,coming
138861,14,19,31,5,out
138873,1,19,1,5,in
138873,3,19,3,5,in
138899,14,19,31,5,coming
138945,19,19,19,5,in
138952,3,19,3,5,going
138953,1,19,1,5,going
138953,1,0,1,5,coming
138953,1,1,1,5,coming
138999,14,19,31,5,in
139024,19,19,19,5,going
139052,3,19,3,5,out
139053,1,0,1,5,in
139053,1,1,1,5,in
139053,1,19,1,5,out
139078,14,19,31,5,going
139090,3,19,3,5,coming
139124,19,19,19,5,out
139162,19,19,19,5,coming
139178,14,19,31,5,out
139181,1,0,1,5,going
139181,1,2,1,5,coming
139190,3,19,3,5,in
139216,14,19,31,5,coming
139262,19,19,19,5,in
139270,3,19,3,5,going
139270,3,0,3,5,coming
139270,3,1,3,5,coming
139281,1,0,1,5,out
139281,1,2,1,5,in
139309,1,1,1,5,going
139309,1,3,1,5,coming
139316,14,19,31,5,in
139341,19,19,19,5,going
139370,3,0,3,5,in
139370,3,1,3,5,in
139370,3,19,3,5,out
139395,14,19,31,5,going
139409,1,1,1,5,out
139409,1,3,1,5,in
139437,1,2,1,5,going
139437,1,4,1,5,coming
139441,19,19,19,5,out
139479,19,19,19,5,coming
139495,14,19,31,5,out
139498,3,0,3,5,going
139498,3,2,3,5,coming
139533,14,19,31,5,coming
139537,1,2,1,5,out
139537,1,4,1,5,in
139565,1,3,1,5,going
139565,1,5,1,5,coming
139579,19,19,19,5,in
139598,3,0,3,5,out
139598,3,2,3,5,in
139626,3,1,3,5,going
139626,3,3,3,5,coming
139633,14,19,31,5,in
139658,19,19,19,5,going
139665,1,3,1,5,out
139665,1,5,1,5,in
139693,1,4,1,5,going
139693,1,6,1,5,coming
139712,14,19,31,5,going
139726,3,1,3,5,out
139726,3,3,3,5,in
139754,3,2,3,5,going
139754,3,4,3,5,coming
139758,19,19,19,5,out
139793,1,4,1,5,out
139793,1,6,1,5,in
139796,19,19,19,5,coming
139812,14,19,31,5,out
139821,1,5,1,5,going
139821,1,7,1,5,coming
139850,14,19,31,5,coming
139854,3,2,3,5,out
139854,3,4,3,5,in
139882,3,3,3,5,going
139882,3,5,3,5,coming
139896,19,19,19,5,in
139921,1,5,1,5,out
139921,1,7,1,5,in
139949,1,6,1,5,going
139949,1,8,1,5,coming
139950,14,19,31,5,in
139975,19,19,19,5,going
139982,3,3,3,5,out
139982,3,5,3,5,in
140010,3,4,3,5,going
140010,3,6,3,5,coming
140029,14,19,31,5,going
140049,1,6,1,5,out
140049,1,8,1,5,in
140075,19,19,19,5,out
140077,1,7,1,5,going
140077,1,9,1,5,coming
140110,3,4,3,5,out
140110,3,6,3,5,in
140113,19,19,19,5,coming
140129,14,19,31,5,out
140138,3,5,3,5,going
140138,3,7,3,5,coming
140167,14,19,31,5,coming
140177,1,7,1,5,out
140177,1,9,1,5,in
140205,1,8,1,5,going
140205,1,10,1,5,coming
140213,19,19,19,5,in
140238,3,5,3,5,out
140238,3,7,3,5,in
140266,3,6,3,5,going
140266,3,8,3,5,coming
140267,14,19,31,5,in
140292,19,19,19,5,going
140305,1,8,1,5,out
140305,1,10,1,5,in
140333,1,9,1,5,going
140333,1,11,1,5,coming
140346,14,19,31,5,going
140366,3,6,3,5,out
140366,3,8,3,5,in
140392,19,19,19,5,out
140394,3,7,3,5,going
140394,3,9,3,5,coming
140430,19,19,19,5,coming
140433,1,9,1,5,out
140433,1,11,1,5,in
140446,14,19,31,5,out
140461,1,10,1,5,going
140461,1,12,1,5,coming
140484,14,19,31,5,coming
140494,3,7,3,5,out
140494,3,9,3,5,in
140522,3,8,3,5,going
140522,3,10,3,5,coming
140530,19,19,19,5,in
140561,1,10,1,5,out
140561,1,12,1,5,in
140584,14,19,31,5,in
140589,1,11,1,5,going
140589,1,13,1,5,coming
140609,19,19,19,5,going
140622,3,8,3,5,out
140622,3,10,3,5,in
140650,3,9,3,5,going
140650,3,11,3,5,coming
140663,14,19,31,5,going
140689,1,11,1,5,out
140689,1,13,1,5,in
140709,19,19,19,5,out
140717,1,12,1,5,going
140717,1,14,1,5,coming
140747,19,19,19,5,coming
140750,3,9,3,5,out
140750,3,11,3,5,in
140763,14,19,31,5,out
140778,3,10,3,5,going
140778,3,12,3,5,coming
140801,14,19,31,5,coming
140817,1,12,1,5,out
140817,1,14,1,5,in
140845,1,13,1,5,going
140845,1,15,1,5,coming
140847,19,19,19,5,in
140878,3,10,3,5,out
140878,3,12,3,5,in
140901,14,19,31,5,in
140906,3,11,3,5,going
140906,3,13,3,5,coming
140926,19,19,19,5,going
140945,1,13,1,5,out
140945,1,15,1,5,in
140973,1,14,1,5,going
140981,14,19,31,5,going
140981,14,0,31,5,coming
140981,14,1,31,5,coming
141006,3,11,3,5,out
141006,3,13,3,5,in
141026,19,19,19,5,out
141034,3,12,3,5,going
141034,3,14,3,5,coming
141064,19,19,19,5,coming
141073,1,14,1,5,out
141081,14,0,31,5,in
141081,14,1,31,5,in
141081,14,19,31,5,out
141101,1,15,1,5,going
141134,3,12,3,5,out
141134,3,14,3,5,in
141162,3,13,3,5,going
141162,3,15,3,5,coming
141164,19,19,19,5,in
141201,1,15,1,5,out
141209,14,0,31,5,going
141209,14,2,31,5,coming
141243,19,19,19,5,going
141262,3,13,3,5,out
141262,3,15,3,5,in
141290,3,14,3,5,going
141309,14,0,31,5,out
141309,14,2,31,5,in
141337,14,1,31,5,going
141337,14,3,31,5,coming
141343,19,19,19,5,out
141357,1,19,1,5,coming
141381,19,19,19,5,coming
141390,3,14,3,5,out
141418,3,15,3,5,going
141437,14,1,31,5,out
141437,14,3,31,5,in
141457,1,19,1,5,in
141465,14,2,31,5,going
141465,14,4,31,5,coming
141481,19,19,19,5,in
141518,3,15,3,5,out
141536,1,19,1,5,going
141560,19,19,19,5,going
141565,14,2,31,5,out
141565,14,4,31,5,in
141593,14,3,31,5,going
141593,14,5,31,5,coming
141636,1,19,1,5,out
141660,19,19,19,5,out
141674,1,19,1,5,coming
141674,3,19,3,5,coming
141693,14,3,31,5,out
141693,14,5,31,5,in
141698,19,19,19,5,coming
141721,14,4,31,5,going
141721,14,6,31,5,coming
141774,1,19,1,5,in
141774,3,19,3,5,in
141798,19,19,19,5,in
141821,14,4,31,5,out
141821,14,6,31,5,in
141849,14,5,31,5,going
141849,14,7,31,5,coming
141853,1,19,1,5,going
141853,3,19,3,5,going
141877,19,19,19,5,going
141949,14,5,31,5,out
141949,14,7,31,5,in
141953,1,19,1,5,out
141953,3,19,3,5,out
141977,19,19,19,5,out
141977,14,6,31,5,going
141977,14,8,31,5,coming
141991,1,19,1,5,coming
141991,3,19,3,5,coming
142015,19,19,19,5,coming
142077,14,6,31,5,out
142077,14,8,31,5,in
142091,1,19,1,5,in
142091,3,19,3,5,in
142105,14,7,31,5,going
142105,14,9,31,5,coming
142115,19,19,19,5,in
142170,1,19,1,5,going
142170,3,19,3,5,going
142195,19,19,19,5,going
142195,19,0,19,5,coming
142195,19,1,19,5,coming
142205,14,7,31,5,out
142205,14,9,31,5,in
142233,14,8,31,5,going
142233,14,10,31,5,coming
142270,1,19,1,5,out
142270,3,19,3,5,out
142295,19,0,19,5,in
142295,19,1,19,5,in
142295,19,19,19,5,out
142308,1,19,1,5,coming
142308,3,19,3,5,coming
142333,14,8,31,5,out
142333,14,10,31,5,in
142361,14,9,31,5,going
142361,14,11,31,5,coming
142408,1,19,1,5,in
142408,3,19,3,5,in
142423,19,0,19,5,going
142423,19,2,19,5,coming
142461,14,9,31,5,out
142461,14,11,31,5,in
142487,1,19,1,5,going
142487,3,19,3,5,going
142489,14,10,31,5,going
142489,14,12,31,5,coming
142523,19,0,19,5,out
142523,19,2,19,5,in
142551,19,1,19,5,going
142551,19,3,19,5,coming
142587,1,19,1,5,out
142587,3,19,3,5,out
142589,14,10,31,5,out
142589,14,12,31,5,in
142617,14,11,31,5,going
142617,14,13,31,5,coming
142625,1,19,1,5,coming
142625,3,19,3,5,coming
142651,19,1,19,5,out
142651,19,3,19,5,in
142679,19,2,19,5,going
142679,19,4,19,5,coming
142717,14,11,31,5,out
142717,14,13,31,5,in
142725,1,19,1,5,in
142725,3,19,3,5,in
142745,14,12,31,5,going
142745,14,14,31,5,coming
142779,19,2,19,5,out
142779,19,4,19,5,in
142804,1,19,1,5,going
142804,3,19,3,5,going
142807,19,3,19,5,going
142807,19,5,19,5,coming
142845,14,12,31,5,out
142845,14,14,31,5,in
142873,14,13,31,5,going
142873,14,15,31,5,coming
142904,1,19,1,5,out
142904,3,19,3,5,out
142907,19,3,19,5,out
142907,19,5,19,5,in
142935,19,4,19,5,going
142935,19,6,19,5,coming
142942,1,19,1,5,coming
142942,3,19,3,5,coming
142973,14,13,31,5,out
142973,14,15,31,5,in
143001,14,14,31,5,going
143035,19,4,19,5,out
143035,19,6,19,5,in
143042,1,19,1,5,in
143042,3,19,3,5,in
143063,19,5,19,5,going
143063,19,7,19,5,coming
143101,14,14,31,5,out
143121,1,19,1,5,going
143121,3,19,3,5,going
143129,14,15,31,5,going
143163,19,5,19,5,out
143163,19,7,19,5,in
143191,19,6,19,5,going
143191,19,8,19,5,coming
143221,1,19,1,5,out
143221,3,19,3,5,out
143229,14,15,31,5,out
143259,1,19,1,5,coming
143259,3,19,3,5,coming
143291,19,6,19,5,out
143291,19,8,19,5,in
143319,19,7,19,5,going
143319,19,9,19,5,coming
143359,1,19,1,5,in
143359,3,19,3,5,in
143385,14,19,31,5,coming
143419,19,7,19,5,out
143419,19,9,19,5,in
143438,1,19,1,5,going
143438,3,19,3,5,going
143447,19,8,19,5,going
143447,19,10,19,5,coming
143485,14,19,31,5,in
143538,1,19,1,5,out
143538,3,19,3,5,out
143547,19,8,19,5,out
143547,19,10,19,5,in
143564,14,19,31,5,going
143575,19,9,19,5,going
143575,19,11,19,5,coming
143576,1,19,1,5,coming
143576,3,19,3,5,coming
143664,14,19,31,5,out
143675,19,9,19,5,out
143675,19,11,19,5,in
143676,1,19,1,5,in
143676,3,19,3,5,in
143702,14,19,31,5,coming
143703,19,10,19,5,going
143703,19,12,19,5,coming
143755,1,19,1,5,going
143755,3,19,3,5,going
143802,14,19,31,5,in
143803,19,10,19,5,out
143803,19,12,19,5,in
143831,19,11,19,5,going
143831,19,13,19,5,coming
143855,1,19,1,5,out
143855,3,19,3,5,out
143881,14,19,31,5,going
143893,1,19,1,5,coming
143893,3,19,3,5,coming
143931,19,11,19,5,out
143931,19,13,19,5,in
143959,19,12,19,5,going
143959,19,14,19,5,coming
143981,14,19,31,5,out
143993,1,19,1,5,in
143993,3,19,3,5,in
144019,14,19,31,5,coming
144059,19,12,19,5,out
144059,19,14,19,5,in
144072,1,19,1,5,going
144072,3,19,3,5,going
144087,19,13,19,5,going
144087,19,15,19,5,coming
144119,14,19,31,5,in
144172,1,19,1,5,out
144172,3,19,3,5,out
144187,19,13,19,5,out
144187,19,15,19,5,in
144198,14,19,31,5,going
144210,1,19,1,5,coming
144210,3,19,3,5,coming
144215,19,14,19,5,going
144298,14,19,31,5,out
144310,1,19,1,5,in
144310,3,19,3,5,in
144315,19,14,19,5,out
144336,14,19,31,5,coming
144343,19,15,19,5,going
144389,1,19,1,5,going
144389,3,19,3,5,going
144436,14,19,31,5,in
144443,19,15,19,5,out
144489,1,19,1,5,out
144489,3,19,3,5,out
144515,14,19,31,5,going
144527,1,19,1,5,coming
144527,3,19,3,5,coming
144599,19,19,19,5,coming
144615,14,19,31,5,out
144627,1,19,1,5,in
144627,3,19,3,5,in
144653,14,19,31,5,coming
144699,19,19,19,5,in
144706,1,19,1,5,going
144706,3,19,3,5,going
144753,14,19,31,5,in
144778,19,19,19,5,going
144806,1,19,1,5,out
144806,3,19,3,5,out
144832,14,19,31,5,going
144844,1,19,1,5,coming
144844,3,19,3,5,coming
144878,19,19,19,5,out
144916,19,19,19,5,coming
144932,14,19,31,5,out
144944,1,19,1,5,in
144944,3,19,3,5,in
144970,14,19,31,5,coming
145016,19,19,19,5,in
145023,1,19,1,5,going
145023,3,19,3,5,going
145070,14,19,31,5,in
145095,19,19,19,5,going
145123,1,19,1,5,out
145123,3,19,3,5,out
145149,14,19,31,5,going
145161,1,19,1,5,coming
145161,3,19,3,5,coming
145195,19,19,19,5,out
145233,19,19,19,5,coming
145249,14,19,31,5,out
145261,1,19,1,5,in
145261,3,19,3,5,in
145287,14,19,31,5,coming
145333,19,19,19,5,in
145340,1,19,1,5,going
145340,3,19,3,5,going
145387,14,19,31,5,in
145412,19,19,19,5,going
145440,1,19,1,5,out
145440,3,19,3,5,out
145466,14,19,31,5,going
145478,1,19,1,5,coming
145478,3,19,3,5,coming
145512,19,19,19,5,out
145550,19,19,19,5,coming
145566,14,19,31,5,out
145578,1,19,1,5,in
145578,3,19,3,5,in
145604,14,19,31,5,coming
145650,19,19,19,5,in
145657,1,19,1,5,going
145657,3,19,3,5,going
145704,14,19,31,5,in
145729,19,19,19,5,going
145757,1,19,1,5,out
145757,3,19,3,5,out
145783,14,19,31,5,going
145795,1,19,1,5,coming
145795,3,19,3,5,coming
145829,19,19,19,5,out
145867,19,19,19,5,coming
145883,14,19,31,5,out
145895,1,19,1,5,in
145895,3,19,3,5,in
145921,14,19,31,5,coming
145967,19,19,19,5,in
145974,1,19,1,5,going
145974,3,19,3,5,going
146021,14,19,31,5,in
146046,19,19,19,5,going
146074,1,19,1,5,out
146074,3,19,3,5,out
146100,14,19,31,5,going
146112,1,19,1,5,coming
146112,3,19,3,5,coming
146146,19,19,19,5,out
146184,19,19,19,5,coming
146200,14,19,31,5,out
146212,1,19,1,5,in
146212,3,19,3,5,in
146238,14,19,31,5,coming
146284,19,19,19,5,in
146291,1,19,1,5,going
146291,3,19,3,5,going
146338,14,19,31,5,in
146363,19,19,19,5,going
146391,1,19,1,5,out
146391,3,19,3,5,out
146417,14,19,31,5,going
146429,1,19,1,5,coming
146429,3,19,3,5,coming
146463,19,19,19,5,out
146501,19,19,19,5,coming
146517,14,19,31,5,out
146529,1,19,1,5,in
146529,3,19,3,5,in
146555,14,19,31,5,coming
146601,19,19,19,5,in
146608,1,19,1,5,going
146608,3,19,3,5,going
146655,14,19,31,5,in
146680,19,19,19,5,going
146708,1,19,1,5,out
146708,3,19,3,5,out
146734,14,19,31,5,going
146746,1,19,1,5,coming
146746,3,19,3,5,coming
146780,19,19,19,5,out
146818,19,19,19,5,coming
146834,14,19,31,5,out
146846,1,19,1,5,in
146846,3,19,3,5,in
146872,14,19,31,5,coming
146918,19,19,19,5,in
146925,1,19,1,5,going
146926,3,19,3,5,going
146926,3,0,3,5,coming
146926,3,1,3,5,coming
146972,14,19,31,5,in
146997,19,19,19,5,going
147025,1,19,1,5,out
147026,3,0,3,5,in
147026,3,1,3,5,in
147026,3,19,3,5,out
147051,14,19,31,5,going
147063,1,19,1,5,coming
147097,19,19,19,5,out
147135,19,19,19,5,coming
147151,14,19,31,5,out
147154,3,0,3,5,going
147154,3,2,3,5,coming
147163,1,19,1,5,in
147189,14,19,31,5,coming
147235,19,19,19,5,in
147242,1,19,1,5,going
147254,3,0,3,5,out
147254,3,2,3,5,in
147282,3,1,3,5,going
147282,3,3,3,5,coming
147289,14,19,31,5,in
147314,19,19,19,5,going
147342,1,19,1,5,out
147368,14,19,31,5,going
147380,1,19,1,5,coming
147382,3,1,3,5,out
147382,3,3,3,5,in
147410,3,2,3,5,going
147410,3,4,3,5,coming
147414,19,19,19,5,out
147452,19,19,19,5,coming
147468,14,19,31,5,out
147480,1,19,1,5,in
147506,14,19,31,5,coming
147510,3,2,3,5,out
147510,3,4,3,5,in
147538,3,3,3,5,going
147538,3,5,3,5,coming
147552,19,19,19,5,in
147559,1,19,1,5,going
147606,14,19,31,5,in
147631,19,19,19,5,going
147638,3,3,3,5,out
147638,3,5,3,5,in
147659,1,19,1,5,out
147666,3,4,3,5,going
147666,3,6,3,5,coming
147685,14,19,31,5,going
147697,1,19,1,5,coming
147731,19,19,19,5,out
147766,3,4,3,5,out
147766,3,6,3,5,in
147769,19,19,19,5,coming
147785,14,19,31,5,out
147794,3,5,3,5,going
147794,3,7,3,5,coming
147797,1,19,1,5,in
147823,14,19,31,5,coming
147869,19,19,19,5,in
147876,1,19,1,5,going
147894,3,5,3,5,out
147894,3,7,3,5,in
147922,3,6,3,5,going
147922,3,8,3,5,coming
147923,14,19,31,5,in
147948,19,19,19,5,going
147976,1,19,1,5,out
148002,14,19,31,5,going
148014,1,19,1,5,coming
148022,3,6,3,5,out
148022,3,8,3,5,in
148048,19,19,19,5,out
148050,3,7,3,5,going
148050,3,9,3,5,coming
148086,19,19,19,5,coming
148102,14,19,31,5,out
148114,1,19,1,5,in
148140,14,19,31,5,coming
148150,3,7,3,5,out
148150,3,9,3,5,in
148178,3,8,3,5,going
148178,3,10,3,5,coming
148186,19,19,19,5,in
148193,1,19,1,5,going
148240,14,19,31,5,in
148265,19,19,19,5,going
148278,3,8,3,5,out
148278,3,10,3,5,in
148293,1,19,1,5,out
148306,3,9,3,5,going
148306,3,11,3,5,coming
148319,14,19,31,5,going
148331,1,19,1,5,coming
148365,19,19,19,5,out
148403,19,19,19,5,coming
148406,3,9,3,5,out
148406,3,11,3,5,in
148419,14,19,31,5,out
148431,1,19,1,5,in
148434,3,10,3,5,going
148434,3,12,3,5,coming
148457,14,19,31,5,coming
148503,19,19,19,5,in
148510,1,19,1,5,going
148534,3,10,3,5,out
148534,3,12,3,5,in
148557,14,19,31,5,in
148562,3,11,3,5,going
148562,3,13,3,5,coming
148582,19,19,19,5,going
148610,1,19,1,5,out
148636,14,19,31,5,going
148648,1,19,1,5,coming
148662,3,11,3,5,out
148662,3,13,3,5,in
148682,19,19,19,5,out
148690,3,12,3,5,going
148690,3,14,3,5,coming
148720,19,19,19,5,coming
148736,14,19,31,5,out
148748,1,19,1,5,in
148774,14,19,31,5,coming
148790,3,12,3,5,out
148790,3,14,3,5,in
148818,3,13,3,5,going
148818,3,15,3,5,coming
148820,19,19,19,5,in
148828,1,19,1,5,going
148828,1,0,1,5,coming
148828,1,1,1,5,coming
148874,14,19,31,5,in
148899,19,19,19,5,going
148918,3,13,3,5,out
148918,3,15,3,5,in
148928,1,0,1,5,in
148928,1,1,1,5,in
148928,1,19,1,5,out
148946,3,14,3,5,going
148953,14,19,31,5,going
148999,19,19,19,5,out
149037,19,19,19,5,coming
149046,3,14,3,5,out
149053,14,19,31,5,out
149056,1,0,1,5,going
149056,1,2,1,5,coming
149074,3,15,3,5,going
149091,14,19,31,5,coming
149137,19,19,19,5,in
149156,1,0,1,5,out
149156,1,2,1,5,in
149174,3,15,3,5,out
149184,1,1,1,5,going
149184,1,3,1,5,coming
149191,14,19,31,5,in
149216,19,19,19,5,going
149270,14,19,31,5,going
149284,1,1,1,5,out
149284,1,3,1,5,in
149312,1,2,1,5,going
149312,1,4,1,5,coming
149316,19,19,19,5,out
149330,3,19,3,5,coming
149354,19,19,19,5,coming
149370,14,19,31,5,out
149408,14,19,31,5,coming
149412,1,2,1,5,out
149412,1,4,1,5,in
149430,3,19,3,5,in
149440,1,3,1,5,going
149440,1,5,1,5,coming
149454,19,19,19,5,in
149508,14,19,31,5,in
149509,3,19,3,5,going
149533,19,19,19,5,going
149540,1,3,1,5,out
149540,1,5,1,5,in
149568,1,4,1,5,going
149568,1,6,1,5,coming
149587,14,19,31,5,going
149609,3,19,3,5,out
149633,19,19,19,5,out
149647,3,19,3,5,coming
149668,1,4,1,5,out
149668,1,6,1,5,in
149671,19,19,19,5,coming
149687,14,19,31,5,out
149696,1,5,1,5,going
149696,1,7,1,5,coming
149725,14,19,31,5,coming
149747,3,19,3,5,in
149771,19,19,19,5,in
149796,1,5,1,5,out
149796,1,7,1,5,in
149824,1,6,1,5,going
149824,1,8,1,5,coming
149825,14,19,31,5,in
149826,3,19,3,5,going
149850,19,19,19,5,going
149905,14,19,31,5,going
149905,14,0,31,5,coming
149905,14,1,31,5,coming
149924,1,6,1,5,out
149924,1,8,1,5,in
149926,3,19,3,5,out
149950,19,19,19,5,out
149952,1,7,1,5,going
149952,1,9,1,5,coming
149964,3,19,3,5,coming
149988,19,19,19,5,coming
150005,14,0,31,5,in
150005,14,1,31,5,in
150005,14,19,31,5,out
150052,1,7,1,5,out
150052,1,9,1,5,in
150064,3,19,3,5,in
150080,1,8,1,5,going
150080,1,10,1,5,coming
150088,19,19,19,5,in
150133,14,0,31,5,going
150133,14,2,31,5,coming
150143,3,19,3,5,going
150167,19,19,19,5,going
150180,1,8,1,5,out
150180,1,10,1,5,in
150208,1,9,1,5,going
150208,1,11,1,5,coming
150233,14,0,31,5,out
150233,14,2,31,5,in
150243,3,19,3,5,out
150261,14,1,31,5,going
150261,14,3,31,5,coming
150267,19,19,19,5,out
150281,3,19,3,5,coming
150305,19,19,19,5,coming
150308,1,9,1,5,out
150308,1,11,1,5,in
150336,1,10,1,5,going
150336,1,12,1,5,coming
150361,14,1,31,5,out
150361,14,3,31,5,in
150381,3,19,3,5,in
150389,14,2,31,5,going
150389,14,4,31,5,coming
150405,19,19,19,5,in
150436,1,10,1,5,out
150436,1,12,1,5,in
150460,3,19,3,5,going
150464,1,11,1,5,going
150464,1,13,1,5,coming
150484,19,19,19,5,going
150489,14,2,31,5,out
150489,14,4,31,5,in
150517,14,3,31,5,going
150517,14,5,31,5,coming
150560,3,19,3,5,out
150564,1,11,1,5,out
150564,1,13,1,5,in
150584,19,19,19,5,out
150592,1,12,1,5,going
150592,1,14,1,5,coming
150598,3,19,3,5,coming
150617,14,3,31,5,out
150617,14,5,31,5,in
150622,19,19,19,5,coming
150645,14,4,31,5,going
150645,14,6,31,5,coming
150692,1,12,1,5,out
150692,1,14,1,5,in
150698,3,19,3,5,in
150720,1,13,1,5,going
150720,1,15,1,5,coming
150722,19,19,19,5,in
150745,14,4,31,5,out
150745,14,6,31,5,in
150773,14,5,31,5,going
150773,14,7,31,5,coming
150777,3,19,3,5,going
150801,19,19,19,5,going
150820,1,13,1,5,out
150820,1,15,1,5,in
150848,1,14,1,5,going
150873,14,5,31,5,out
150873,14,7,31,5,in
150877,3,19,3,5,out
150901,19,19,19,5,out
150901,14,6,31,5,going
150901,14,8,31,5,coming
150915,3,19,3,5,coming
150939,19,19,19,5,coming
150948,1,14,1,5,out
150976,1,15,1,5,going
151001,14,6,31,5,out
151001,14,8,31,5,in
151015,3,19,3,5,in
151029,14,7,31,5,going
151029,14,9,31,5,coming
151039,19,19,19,5,in
151076,1,15,1,5,out
151094,3,19,3,5,going
151118,19,19,19,5,going
151129,14,7,31,5,out
151129,14,9,31,5,in
151157,14,8,31,5,going
151157,14,10,31,5,coming
151194,3,19,3,5,out
151218,19,19,19,5,out
151232,1,19,1,5,coming
151232,3,19,3,5,coming
151256,19,19,19,5,coming
151257,14,8,31,5,out
151257,14,10,31,5,in
151285,14,9,31,5,going
151285,14,11,31,5,coming
151332,1,19,1,5,in
151332,3,19,3,5,in
151356,19,19,19,5,in
151385,14,9,31,5,out
151385,14,11,31,5,in
151411,1,19,1,5,going
151411,3,19,3,5,going
151413,14,10,31,5,going
151413,14,12,31,5,coming
151435,19,19,19,5,going
151511,1,19,1,5,out
151511,3,19,3,5,out
151513,14,10,31,5,out
151513,14,12,31,5,in
151535,19,19,19,5,out
151541,14,11,31,5,going
151541,14,13,31,5,coming
151549,1,19,1,5,coming
151549,3,19,3,5,coming
151573,19,19,19,5,coming
151641,14,11,31,5,out
151641,14,13,31,5,in
151649,1,19,1,5,in
151649,3,19,3,5,in
151669,14,12,31,5,going
151669,14,14,31,5,coming
151673,19,19,19,5,in
151728,1,19,1,5,going
151728,3,19,3,5,going
151753,19,19,19,5,going
151753,19,0,19,5,coming
151753,19,1,19,5,coming
151769,14,12,31,5,out
151769,14,14,31,5,in
151797,14,13,31,5,going
151797,14,15,31,5,coming
151828,1,19,1,5,out
151828,3,19,3,5,out
151853,19,0,19,5,in
151853,19,1,19,5,in
151853,19,19,19,5,out
151866,1,19,1,5,coming
151866,3,19,3,5,coming
151897,14,13,31,5,out
151897,14,15,31,5,in
151925,14,14,31,5,going
151966,1,19,1,5,in
151966,3,19,3,5,in
151981,19,0,19,5,going
151981,19,2,19,5,coming
152025,14,14,31,5,out
152045,1,19,1,5,going
152045,3,19,3,5,going
152053,14,15,31,5,going
152081,19,0,19,5,out
152081,19,2,19,5,in
152109,19,1,19,5,going
152109,19,3,19,5,coming
152145,1,19,1,5,out
152145,3,19,3,5,out
152153,14,15,31,5,out
152183,1,19,1,5,coming
152183,3,19,3,5,coming
152209,19,1,19,5,out
152209,19,3,19,5,in
152237,19,2,19,5,going
152237,19,4,19,5,coming
152283,1,19,1,5,in
152283,3,19,3,5,in
152309,14,19,31,5,coming
152337,19,2,19,5,out
152337,19,4,19,5,in
152362,1,19,1,5,going
152362,3,19,3,5,going
152365,19,3,19,5,going
152365,19,5,19,5,coming
152409,14,19,31,5,in
152462,1,19,1,5,out
152462,3,19,3,5,out
152465,19,3,19,5,out
152465,19,5,19,5,in
152488,14,19,31,5,going
152493,19,4,19,5,going
152493,19,6,19,5,coming
152500,1,19,1,5,coming
152500,3,19,3,5,coming
152588,14,19,31,5,out
152593,19,4,19,5,out
152593,19,6,19,5,in
152600,1,19,1,5,in
152600,3,19,3,5,in
152621,19,5,19,5,going
152621,19,7,19,5,coming
152626,14,19,31,5,coming
152679,1,19,1,5,going
152679,3,19,3,5,going
152721,19,5,19,5,out
152721,19,7,19,5,in
152726,14,19,31,5,in
152749,19,6,19,5,going
152749,19,8,19,5,coming
152779,1,19,1,5,out
152779,3,19,3,5,out
152805,14,19,31,5,going
152817,1,19,1,5,coming
152817,3,19,3,5,coming
152849,19,6,19,5,out
152849,19,8,19,5,in
152877,19,7,19,5,going
152877,19,9,19,5,coming
152905,14,19,31,5,out
152917,1,19,1,5,in
152917,3,19,3,5,in
152943,14,19,31,5,coming
152977,19,7,19,5,out
152977,19,9,19,5,in
152996,1,19,1,5,going
152996,3,19,3,5,going
153005,19,8,19,5,going
153005,19,10,19,5,coming
153043,14,19,31,5,in
153096,1,19,1,5,out
153096,3,19,3,5,out
153105,19,8,19,5,out
153105,19,10,19,5,in
153122,14,19,31,5,going
153133,19,9,19,5,going
153133,19,11,19,5,coming
153134,1,19,1,5,coming
153134,3,19,3,5,coming
153222,14,19,31,5,out
153233,19,9,19,5,out
153233,19,11,19,5,in
153234,1,19,1,5,in
153234,3,19,3,5,in
153260,14,19,31,5,coming
153261,19,10,19,5,going
153261,19,12,19,5,coming
153313,1,19,1,5,going
153313,3,19,3,5,going
153360,14,19,31,5,in
153361,19,10,19,5,out
153361,19,12,19,5,in
153389,19,11,19,5,going
153389,19,13,19,5,coming
153413,1,19,1,5,out
153413,3,19,3,5,out
153439,14,19,31,5,going
153451,1,19,1,5,coming
153451,3,19,3,5,coming
153489,19,11,19,5,out
153489,19,13,19,5,in
153517,19,12,19,5,going
153517,19,14,19,5,coming
153539,14,19,31,5,out
153551,1,19,1,5,in
153551,3,19,3,5,in
153577,14,19,31,5,coming
153617,19,12,19,5,out
153617,19,14,19,5,in
153630,1,19,1,5,going
153630,3,19,3,5,going
153645,19,13,19,5,going
153645,19,15,19,5,coming
153677,14,19,31,5,in
153730,1,19,1,5,out
153730,3,19,3,5,out
153745,19,13,19,5,out
153745,19,15,19,5,in
153756,14,19,31,5,going
153768,1,19,1,5,coming
153768,3,19,3,5,coming
153773,19,14,19,5,going
153856,14,19,31,5,out
153868,1,19,1,5,in
153868,3,19,3,5,in
153873,19,14,19,5,out
153894,14,19,31,5,coming
153901,19,15,19,5,going
153947,1,19,1,5,going
153947,3,19,3,5,going
153994,14,19,31,5,in
154001,19,15,19,5,out
154047,1,19,1,5,out
154047,3,19,3,5,out
154073,14,19,31,5,going
154085,1,19,1,5,coming
154085,3,19,3,5,coming
154157,19,19,19,5,coming
154173,14,19,31,5,out
154185,1,19,1,5,in
154185,3,19,3,5,in
154211,14,19,31,5,coming
154257,19,19,19,5,in
154264,1,19,1,5,going
154264,3,19,3,5,going
154311,14,19,31,5,in
154336,19,19,19,5,going
154364,1,19,1,5,out
154364,3,19,3,5,out
154390,14,19,31,5,going
154402,1,19,1,5,coming
154402,3,19,3,5,coming
154436,19,19,19,5,out
154474,19,19,19,5,coming
154490,14,19,31,5,out
154502,1,19,1,5,in
154502,3,19,3,5,in
154528,14,19,31,5,coming
154574,19,19,19,5,in
154581,1,19,1,5,going
154581,3,19,3,5,going
154628,14,19,31,5,in
154653,19,19,19,5,going
154681,1,19,1,5,out
154681,3,19,3,5,out
154707,14,19,31,5,going
154719,1,19,1,5,coming
154719,3,19,3,5,coming
154753,19,19,19,5,out
154791,19,19,19,5,coming
154807,14,19,31,5,out
154819,1,19,1,5,in
154819,3,19,3,5,in
154845,14,19,31,5,coming
154891,19,19,19,5,in
154898,1,19,1,5,going
154898,3,19,3,5,going
154945,14,19,31,5,in
154970,19,19,19,5,going
154998,1,19,1,5,out
154998,3,19,3,5,out
155024,14,19,31,5,going
155036,1,19,1,5,coming
155036,3,19,3,5,coming
155070,19,19,19,5,out
155108,19,19,19,5,coming
155124,14,19,31,5,out
155136,1,19,1,5,in
155136,3,19,3,5,in
155162,14,19,31,5,coming
155208,19,19,19,5,in
155215,1,19,1,5,going
155216,3,19,3,5,going
155216,3,0,3,5,coming
155216,3,1,3,5,coming
155262,14,19,31,5,in
155287,19,19,19,5,going
155315,1,19,1,5,out
155316,3,0,3,5,in
155316,3,1,3,5,in
155316,3,19,3,5,out
155341,14,19,31,5,going
155353,1,19,1,5,coming
155387,19,19,19,5,out
155425,19,19,19,5,coming
155441,14,19,31,5,out
155444,3,0,3,5,going
155444,3,2,3,5,coming
155453,1,19,1,5,in
155479,14,19,31,5,coming
155525,19,19,19,5,in
155532,1,19,1,5,going
155544,3,0,3,5,out
155544,3,2,3,5,in
155572,3,1,3,5,going
155572,3,3,3,5,coming
155579,14,19,31,5,in
155604,19,19,19,5,going
155632,1,19,1,5,out
155658,14,19,31,5,going
155670,1,19,1,5,coming
155672,3,1,3,5,out
155672,3,3,3,5,in
155700,3,2,3,5,going
155700,3,4,3,5,coming
155704,19,19,19,5,out
155742,19,19,19,5,coming
155758,14,19,31,5,out
155770,1,19,1,5,in
155796,14,19,31,5,coming
155800,3,2,3,5,out
155800,3,4,3,5,in
155828,3,3,3,5,going
155828,3,5,3,5,coming
155842,19,19,19,5,in
155849,1,19,1,5,going
155896,14,19,31,5,in
155921,19,19,19,5,going
155928,3,3,3,5,out
155928,3,5,3,5,in
155949,1,19,1,5,out
155956,3,4,3,5,going
155956,3,6,3,5,coming
155975,14,19,31,5,going
155987,1,19,1,5,coming
156021,19,19,19,5,out
156056,3,4,3,5,out
156056,3,6,3,5,in
156059,19,19,19,5,coming
156075,14,19,31,5,out
156084,3,5,3,5,going
156084,3,7,3,5,coming
156087,1,19,1,5,in
156113,14,19,31,5,coming
156159,19,19,19,5,in
156166,1,19,1,5,going
156184,3,5,3,5,out
156184,3,7,3,5,in
156212,3,6,3,5,going
156212,3,8,3,5,coming
156213,14,19,31,5,in
156238,19,19,19,5,going
156266,1,19,1,5,out
156292,14,19,31,5,going
156304,1,19,1,5,coming
156312,3,6,3,5,out
156312,3,8,3,5,in
156338,19,19,19,5,out
156340,3,7,3,5,going
156340,3,9,3,5,coming
156376,19,19,19,5,coming
156392,14,19,31,5,out
156404,1,19,1,5,in
156430,14,19,31,5,coming
156440,3,7,3,5,out
156440,3,9,3,5,in
156468,3,8,3,5,going
156468,3,10,3,5,coming
156476,19,19,19,5,in
156483,1,19,1,5,going
156530,14,19,31,5,in
156555,19,19,19,5,going
156568,3,8,3,5,out
156568,3,10,3,5,in
156583,1,19,1,5,out
156596,3,9,3,5,going
156596,3,11,3,5,coming
156609,14,19,31,5,going
156621,1,19,1,5,coming
156655,19,19,19,5,out
156693,19,19,19,5,coming
156696,3,9,3,5,out
156696,3,11,3,5,in
156709,14,19,31,5,out
156721,1,19,1,5,in
156724,3,10,3,5,going
156724,3,12,3,5,coming
156747,14,19,31,5,coming
156793,19,19,19,5,in
156800,1,19,1,5,going
156824,3,10,3,5,out
156824,3,12,3,5,in
156847,14,19,31,5,in
156852,3,11,3,5,going
156852,3,13,3,5,coming
156872,19,19,19,5,going
156900,1,19,1,5,out
156926,14,19,31,5,going
156938,1,19,1,5,coming
156952,3,11,3,5,out
156952,3,13,3,5,in
156972,19,19,19,5,out
156980,3,12,3,5,going
156980,3,14,3,5,coming
157010,19,19,19,5,coming
157026,14,19,31,5,out
157038,1,19,1,5,in
157064,14,19,31,5,coming
157080,3,12,3,5,out
157080,3,14,3,5,in
157108,3,13,3,5,going
157108,3,15,3,5,coming
157110,19,19,19,5,in
157117,1,19,1,5,going
157164,14,19,31,5,in
157189,19,19,19,5,going
157208,3,13,3,5,out
157208,3,15,3,5,in
157217,1,19,1,5,out
157236,3,14,3,5,going
157243,14,19,31,5,going
157255,1,19,1,5,coming
157289,19,19,19,5,out
157327,19,19,19,5,coming
157336,3,14,3,5,out
157343,14,19,31,5,out
157355,1,19,1,5,in
157364,3,15,3,5,going
157381,14,19,31,5,coming
157427,19,19,19,5,in
157436,1,0,1,5,out
157436,1,1,1,5,out
157436,1,2,1,5,out
157436,1,3,1,5,out
157436,1,4,1,5,out
157436,1,5,1,5,out
157436,1,6,1,5,out
157436,1,7,1,5,out
157436,1,8,1,5,out
157436,1,9,1,5,out
157436,1,10,1,5,out
157436,1,11,1,5,out
157436,1,12,1,5,out
157436,1,13,1,5,out
157436,1,14,1,5,out
157436,1,15,1,5,out
157436,1,16,1,5,out
157436,1,17,1,5,out
157436,1,18,1,5,out
157436,1,19,1,5,out
157464,3,15,3,5,out
157481,14,19,31,5,in
157506,19,19,19,5,going
157560,14,19,31,5,going
157606,19,19,19,5,out
157620,3,19,3,5,coming
157644,19,19,19,5,coming
157660,14,19,31,5,out
157698,14,19,31,5,coming
157720,3,19,3,5,in
157744,19,19,19,5,in
157798,14,19,31,5,in
157799,3,19,3,5,going
157823,19,19,19,5,going
157877,14,19,31,5,going
157899,3,19,3,5,out
157923,19,19,19,5,out
157937,3,19,3,5,coming
157961,19,19,19,5,coming
157977,14,19,31,5,out
158015,14,19,31,5,coming
158037,3,19,3,5,in
158061,19,19,19,5,in
158115,14,19,31,5,in
158116,3,19,3,5,going
158140,19,19,19,5,going
158194,14,19,31,5,going
158216,3,19,3,5,out
158240,19,19,19,5,out
158254,3,19,3,5,coming
158278,19,19,19,5,coming
158294,14,19,31,5,out
158332,14,19,31,5,coming
158354,3,19,3,5,in
158378,19,19,19,5,in
158432,14,19,31,5,in
158433,3,19,3,5,going
158457,19,19,19,5,going
158511,14,19,31,5,going
158533,3,19,3,5,out
158557,19,19,19,5,out
158571,3,19,3,5,coming
158595,19,19,19,5,coming
158611,14,19,31,5,out
158649,14,19,31,5,coming
158671,3,19,3,5,in
158695,19,19,19,5,in
158749,14,19,31,5,in
158750,3,19,3,5,going
158774,19,19,19,5,going
158828,14,19,31,5,going
158850,3,19,3,5,out
158874,19,19,19,5,out
158888,3,19,3,5,coming
158912,19,19,19,5,coming
158928,14,19,31,5,out
158966,14,19,31,5,coming
158988,3,19,3,5,in
159012,19,19,19,5,in
159066,14,19,31,5,in
159067,3,19,3,5,going
159091,19,19,19,5,going
159145,14,19,31,5,going
159167,3,19,3,5,out
159191,19,19,19,5,out
159205,3,19,3,5,coming
159229,19,19,19,5,coming
159245,14,19,31,5,out
159283,14,19,31,5,coming
159305,3,19,3,5,in
159329,19,19,19,5,in
159383,14,19,31,5,in
159384,3,19,3,5,going
159408,19,19,19,5,going
159462,14,19,31,5,going
159484,3,19,3,5,out
159508,19,19,19,5,out
159522,3,19,3,5,coming
159546,19,19,19,5,coming
159562,14,19,31,5,out
159600,14,19,31,5,coming
159622,3,19,3,5,in
159646,19,19,19,5,in
159700,14,19,31,5,in
159701,3,19,3,5,going
159725,19,19,19,5,going
159780,14,19,31,5,going
159780,14,0,31,5,coming
159780,14,1,31,5,coming
159801,3,19,3,5,out
159825,19,19,19,5,out
159839,3,19,3,5,coming
159863,19,19,19,5,coming
159880,14,0,31,5,in
159880,14,1,31,5,in
159880,14,19,31,5,out
159939,3,19,3,5,in
159963,19,19,19,5,in
160008,14,0,31,5,going
160008,14,2,31,5,coming
160018,3,19,3,5,going
160042,19,19,19,5,going
160108,14,0,31,5,out
160108,14,2,31,5,in
160118,3,19,3,5,out
160136,14,1,31,5,going
160136,14,3,31,5,coming
160142,19,19,19,5,out
160156,3,19,3,5,coming
160180,19,19,19,5,coming
160236,14,1,31,5,out
160236,14,3,31,5,in
160256,3,19,3,5,in
160264,14,2,31,5,going
160264,14,4,31,5,coming
160280,19,19,19,5,in
160335,3,19,3,5,going
160359,19,19,19,5,going
160364,14,2,31,5,out
160364,14,4,31,5,in
160392,14,3,31,5,going
160392,14,5,31,5,coming
160435,3,19,3,5,out
160459,19,19,19,5,out
160473,3,19,3,5,coming
160492,14,3,31,5,out
160492,14,5,31,5,in
160497,19,19,19,5,coming
160520,14,4,31,5,going
160520,14,6,31,5,coming
160573,3,19,3,5,in
160597,19,19,19,5,in
160620,14,4,31,5,out
160620,14,6,31,5,in
160648,14,5,31,5,going
160648,14,7,31,5,coming
160652,3,19,3,5,going
160676,19,19,19,5,going
160748,14,5,31,5,out
160748,14,7,31,5,in
160752,3,19,3,5,out
160776,19,19,19,5,out
160776,14,6,31,5,going
160776,14,8,31,5,coming
160790,3,19,3,5,coming
160814,19,19,19,5,coming
160876,14,6,31,5,out
160876,14,8,31,5,in
160890,3,19,3,5,in
160904,14,7,31,5,going
160904,14,9,31,5,coming
160914,19,19,19,5,in
160969,3,19,3,5,going
160993,19,19,19,5,going
161004,14,7,31,5,out
161004,14,9,31,5,in
161032,14,8,31,5,going
161032,14,10,31,5,coming
161069,3,19,3,5,out
161093,19,19,19,5,out
161107,3,19,3,5,coming
161131,19,19,19,5,coming
161132,14,8,31,5,out
161132,14,10,31,5,in
161160,14,9,31,5,going
161160,14,11,31,5,coming
161207,3,19,3,5,in
161231,19,19,19,5,in
161260,14,9,31,5,out
161260,14,11,31,5,in
161286,3,19,3,5,going
161288,14,10,31,5,going
161288,14,12,31,5,coming
161312,19,0,19,5,out
161312,19,1,19,5,out
161312,19,2,19,5,out
161312,19,3,19,5,out
161312,19,4,19,5,out
161312,19,5,19,5,out
161312,19,6,19,5,out
161312,19,7,19,5,out
161312,19,8,19,5,out
161312,19,9,19,5,out
161312,19,10,19,5,out
161312,19,11,19,5,out
161312,19,12,19,5,out
161312,19,13,19,5,out
161312,19,14,19,5,out
161312,19,15,19,5,out
161312,19,16,19,5,out
161312,19,17,19,5,out
161312,19,18,19,5,out
161312,19,19,19,5,out
161386,3,19,3,5,out
161388,14,10,31,5,out
161388,14,12,31,5,in
161416,14,11,31,5,going
161416,14,13,31,5,coming
161424,3,19,3,5,coming
161516,14,11,31,5,out
161516,14,13,31,5,in
161524,3,19,3,5,in
161544,14,12,31,5,going
161544,14,14,31,5,coming
161603,3,19,3,5,going
161644,14,12,31,5,out
161644,14,14,31,5,in
161672,14,13,31,5,going
161672,14,15,31,5,coming
161703,3,19,3,5,out
161741,3,19,3,5,coming
161772,14,13,31,5,out
161772,14,15,31,5,in
161800,14,14,31,5,going
161841,3,19,3,5,in
161900,14,14,31,5,out
161920,3,19,3,5,going
161928,14,15,31,5,going
162020,3,19,3,5,out
162028,14,15,31,5,out
162058,3,19,3,5,coming
162158,3,19,3,5,in
162184,14,19,31,5,coming
162237,3,19,3,5,going
162284,14,19,31,5,in
162337,3,19,3,5,out
162363,14,19,31,5,going
162375,3,19,3,5,coming
162463,14,19,31,5,out
162475,3,19,3,5,in
162501,14,19,31,5,coming
162554,3,19,3,5,going
162601,14,19,31,5,in
162654,3,19,3,5,out
162680,14,19,31,5,going
162692,3,19,3,5,coming
162780,14,19,31,5,out
162792,3,19,3,5,in
162818,14,19,31,5,coming
162872,3,19,3,5,going
162872,3,0,3,5,coming
162872,3,1,3,5,coming
162918,14,19,31,5,in
162972,3,0,3,5,in
162972,3,1,3,5,in
162972,3,19,3,5,out
162997,14,19,31,5,going
163097,14,19,31,5,out
163100,3,0,3,5,going
163100,3,2,3,5,coming
163135,14,19,31,5,coming
163200,3,0,3,5,out
163200,3,2,3,5,in
163228,3,1,3,5,going
163228,3,3,3,5,coming
163235,14,19,31,5,in
163314,14,19,31,5,going
163328,3,1,3,5,out
163328,3,3,3,5,in
163356,3,2,3,5,going
163356,3,4,3,5,coming
163414,14,19,31,5,out
163452,14,19,31,5,coming
163456,3,2,3,5,out
163456,3,4,3,5,in
163484,3,3,3,5,going
163484,3,5,3,5,coming
163552,14,19,31,5,in
163584,3,3,3,5,out
163584,3,5,3,5,in
163612,3,4,3,5,going
163612,3,6,3,5,coming
163631,14,19,31,5,going
163712,3,4,3,5,out
163712,3,6,3,5,in
163731,14,19,31,5,out
163740,3,5,3,5,going
163740,3,7,3,5,coming
163769,14,19,31,5,coming
163840,3,5,3,5,out
163840,3,7,3,5,in
163868,3,6,3,5,going
163868,3,8,3,5,coming
163869,14,19,31,5,in
163948,14,19,31,5,going
163968,3,6,3,5,out
163968,3,8,3,5,in
163996,3,7,3,5,going
163996,3,9,3,5,coming
164048,14,19,31,5,out
164086,14,19,31,5,coming
164096,3,7,3,5,out
164096,3,9,3,5,in
164124,3,8,3,5,going
164124,3,10,3,5,coming
164186,14,19,31,5,in
164224,3,8,3,5,out
164224,3,10,3,5,in
164252,3,9,3,5,going
164252,3,11,3,5,coming
164265,14,19,31,5,going
164352,3,9,3,5,out
164352,3,11,3,5,in
164365,14,19,31,5,out
164380,3,10,3,5,going
164380,3,12,3,5,coming
164403,14,19,31,5,coming
164480,3,10,3,5,out
164480,3,12,3,5,in
164503,14,19,31,5,in
164508,3,11,3,5,going
164508,3,13,3,5,coming
164582,14,19,31,5,going
164608,3,11,3,5,out
164608,3,13,3,5,in
164636,3,12,3,5,going
164636,3,14,3,5,coming
164682,14,19,31,5,out
164720,14,19,31,5,coming
164736,3,12,3,5,out
164736,3,14,3,5,in
164764,3,13,3,5,going
164764,3,15,3,5,coming
164820,14,19,31,5,in
164864,3,13,3,5,out
164864,3,15,3,5,in
164892,3,14,3,5,going
164899,14,19,31,5,going
164992,3,14,3,5,out
164999,14,19,31,5,out
165020,3,15,3,5,going
165037,14,19,31,5,coming
165120,3,15,3,5,out
165137,14,19,31,5,in
165216,14,19,31,5,going
165276,3,19,3,5,coming
165316,14,19,31,5,out
165354,14,19,31,5,coming
165376,3,19,3,5,in
165454,14,19,31,5,in
165455,3,19,3,5,going
165533,14,19,31,5,going
165555,3,19,3,5,out
165593,3,19,3,5,coming
165633,14,19,31,5,out
165671,14,19,31,5,coming
165693,3,19,3,5,in
165771,14,19,31,5,in
165772,3,19,3,5,going
165850,14,19,31,5,going
165872,3,19,3,5,out
165910,3,19,3,5,coming
165950,14,19,31,5,out
165988,14,19,31,5,coming
166010,3,19,3,5,in
166088,14,19,31,5,in
166089,3,19,3,5,going
166167,14,19,31,5,going
166189,3,19,3,5,out
166227,3,19,3,5,coming
166267,14,19,31,5,out
166305,14,19,31,5,coming
166327,3,19,3,5,in
166405,14,19,31,5,in
166406,3,19,3,5,going
166484,14,19,31,5,going
166506,3,19,3,5,out
166544,3,19,3,5,coming
166584,14,19,31,5,out
166622,14,19,31,5,coming
166644,3,19,3,5,in
166722,14,19,31,5,in
166723,3,19,3,5,going
166801,14,19,31,5,going
166823,3,19,3,5,out
166861,3,19,3,5,coming
166901,14,19,31,5,out
166939,14,19,31,5,coming
166961,3,19,3,5,in
167039,14,19,31,5,in
167040,3,19,3,5,going
167118,14,19,31,5,going
167140,3,19,3,5,out
167178,3,19,3,5,coming
167218,14,19,31,5,out
167256,14,19,31,5,coming
167278,3,19,3,5,in
167356,14,19,31,5,in
167357,3,19,3,5,going
167435,14,19,31,5,going
167457,3,19,3,5,out
167495,3,19,3,5,coming
167535,14,19,31,5,out
167573,14,19,31,5,coming
167595,3,19,3,5,in
167673,14,19,31,5,in
167674,3,19,3,5,going
167752,14,19,31,5,going
167774,3,19,3,5,out
167812,3,19,3,5,coming
167852,14,19,31,5,out
167890,14,19,31,5,coming
167912,3,19,3,5,in
167990,14,19,31,5,in
167991,3,19,3,5,going
168069,14,19,31,5,going
168091,3,19,3,5,out
168129,3,19,3,5,coming
168169,14,19,31,5,out
168207,14,19,31,5,coming
168229,3,19,3,5,in
168307,14,19,31,5,in
168308,3,19,3,5,going
168387,14,19,31,5,going
168387,14,0,31,5,coming
168387,14,1,31,5,coming
168408,3,19,3,5,out
168446,3,19,3,5,coming
168487,14,0,31,5,in
168487,14,1,31,5,in
168487,14,19,31,5,out
168546,3,19,3,5,in
168615,14,0,31,5,going
168615,14,2,31,5,coming
168625,3,19,3,5,going
168715,14,0,31,5,out
168715,14,2,31,5,in
168725,3,19,3,5,out
168743,14,1,31,5,going
168743,14,3,31,5,coming
168763,3,19,3,5,coming
168843,14,1,31,5,out
168843,14,3,31,5,in
168863,3,19,3,5,in
168871,14,2,31,5,going
168871,14,4,31,5,coming
168942,3,19,3,5,going
168971,14,2,31,5,out
168971,14,4,31,5,in
168999,14,3,31,5,going
168999,14,5,31,5,coming
169042,3,19,3,5,out
169080,3,19,3,5,coming
169099,14,3,31,5,out
169099,14,5,31,5,in
169127,14,4,31,5,going
169127,14,6,31,5,coming
169180,3,19,3,5,in
169227,14,4,31,5,out
169227,14,6,31,5,in
169255,14,5,31,5,going
169255,14,7,31,5,coming
169259,3,19,3,5,going
169355,14,5,31,5,out
169355,14,7,31,5,in
169359,3,19,3,5,out
169383,14,6,31,5,going
169383,14,8,31,5,coming
169397,3,19,3,5,coming
169483,14,6,31,5,out
169483,14,8,31,5,in
169497,3,19,3,5,in
169511,14,7,31,5,going
169511,14,9,31,5,coming
169576,3,19,3,5,going
169611,14,7,31,5,out
169611,14,9,31,5,in
169639,14,8,31,5,going
169639,14,10,31,5,coming
169676,3,19,3,5,out
169714,3,19,3,5,coming
169739,14,8,31,5,out
169739,14,10,31,5,in
169767,14,9,31,5,going
169767,14,11,31,5,coming
169814,3,19,3,5,in
169867,14,9,31,5,out
169867,14,11,31,5,in
169893,3,19,3,5,going
169895,14,10,31,5,going
169895,14,12,31,5,coming
169993,3,19,3,5,out
169995,14,10,31,5,out
169995,14,12,31,5,in
170023,14,11,31,5,going
170023,14,13,31,5,coming
170031,3,19,3,5,coming
170123,14,11,31,5,out
170123,14,13,31,5,in
170131,3,19,3,5,in
170151,14,12,31,5,going
170151,14,14,31,5,coming
170212,3,0,3,5,out
170212,3,1,3,5,out
170212,3,2,3,5,out
170212,3,3,3,5,out
170212,3,4,3,5,out
170212,3,5,3,5,out
170212,3,6,3,5,out
170212,3,7,3,5,out
170212,3,8,3,5,out
170212,3,9,3,5,out
170212,3,10,3,5,out
170212,3,11,3,5,out
170212,3,12,3,5,out
170212,3,13,3,5,out
170212,3,14,3,5,out
170212,3,15,3,5,out
170212,3,16,3,5,out
170212,3,17,3,5,out
170212,3,18,3,5,out
170212,3,19,3,5,out
170251,14,12,31,5,out
170251,14,14,31,5,in
170279,14,13,31,5,going
170279,14,15,31,5,coming
170379,14,13,31,5,out
170379,14,15,31,5,in
170407,14,14,31,5,going
170507,14,14,31,5,out
170535,14,15,31,5,going
170635,14,15,31,5,out
170791,14,19,31,5,coming
170891,14,19,31,5,in
170970,14,19,31,5,going
171070,14,19,31,5,out
171108,14,19,31,5,coming
171208,14,19,31,5,in
171287,14,19,31,5,going
171387,14,19,31,5,out
171425,14,19,31,5,coming
171525,14,19,31,5,in
171604,14,19,31,5,going
171704,14,19,31,5,out
171742,14,19,31,5,coming
171842,14,19,31,5,in
171921,14,19,31,5,going
172021,14,19,31,5,out
172059,14,19,31,5,coming
172159,14,19,31,5,in
172238,14,19,31,5,going
172338,14,19,31,5,out
172376,14,19,31,5,coming
172476,14,19,31,5,in
172555,14,19,31,5,going
172655,14,19,31,5,out
172693,14,19,31,5,coming
172793,14,19,31,5,in
172872,14,19,31,5,going
172972,14,19,31,5,out
173010,14,19,31,5,coming
173110,14,19,31,5,in
173189,14,19,31,5,going
173289,14,19,31,5,out
173327,14,19,31,5,coming
173427,14,19,31,5,in
173506,14,19,31,5,going
173606,14,19,31,5,out
173644,14,19,31,5,coming
173744,14,19,31,5,in
173823,14,19,31,5,going
173923,14,19,31,5,out
173961,14,19,31,5,coming
174061,14,19,31,5,in
174140,14,19,31,5,going
174240,14,19,31,5,out
174278,14,19,31,5,coming
174378,14,19,31,5,in
174457,14,19,31,5,going
174557,14,19,31,5,out
174595,14,19,31,5,coming
174695,14,19,31,5,in
174774,14,19,31,5,going
174874,14,19,31,5,out
174912,14,19,31,5,coming
175012,14,19,31,5,in
175091,14,19,31,5,going
175191,14,19,31,5,out
175229,14,19,31,5,coming
175329,14,19,31,5,in
175408,14,19,31,5,going
175508,14,19,31,5,out
175546,14,19,31,5,coming
175646,14,19,31,5,in
175725,14,19,31,5,going
175825,14,19,31,5,out
175863,14,19,31,5,coming
175963,14,19,31,5,in
176042,14,19,31,5,going
176142,14,19,31,5,out
176180,14,19,31,5,coming
176280,14,19,31,5,in
176359,14,19,31,5,going
176459,14,19,31,5,out
176497,14,19,31,5,coming
176597,14,19,31,5,in
176676,14,19,31,5,going
176776,14,19,31,5,out
176814,14,19,31,5,coming
176914,14,19,31,5,in
176993,14,19,31,5,going
177093,14,19,31,5,out
177131,14,19,31,5,coming
177231,14,19,31,5,in
177310,14,19,31,5,going
177410,14,19,31,5,out
177448,14,19,31,5,coming
177548,14,19,31,5,in
177628,14,19,31,5,going
177628,14,0,31,5,coming
177628,14,1,31,5,coming
177728,14,0,31,5,in
177728,14,1,31,5,in
177728,14,19,31,5,out
177856,14,0,31,5,going
177856,14,2,31,5,coming
177956,14,0,31,5,out
177956,14,2,31,5,in
177984,14,1,31,5,going
177984,14,3,31,5,coming
178084,14,1,31,5,out
178084,14,3,31,5,in
178112,14,2,31,5,going
178112,14,4,31,5,coming
178212,14,2,31,5,out
178212,14,4,31,5,in
178240,14,3,31,5,going
178240,14,5,31,5,coming
178340,14,3,31,5,out
178340,14,5,31,5,in
178368,14,4,31,5,going
178368,14,6,31,5,coming
178468,14,4,31,5,out
178468,14,6,31,5,in
178496,14,5,31,5,going
178496,14,7,31,5,coming
178596,14,5,31,5,out
178596,14,7,31,5,in
178624,14,6,31,5,going
178624,14,8,31,5,coming
178724,14,6,31,5,out
178724,14,8,31,5,in
178752,14,7,31,5,going
178752,14,9,31,5,coming
178852,14,7,31,5,out
178852,14,9,31,5,in
178880,14,8,31,5,going
178880,14,10,31,5,coming
178980,14,8,31,5,out
178980,14,10,31,5,in
179008,14,9,31,5,going
179008,14,11,31,5,coming
179108,14,9,31,5,out
179108,14,11,31,5,in
179136,14,10,31,5,going
179136,14,12,31,5,coming
179236,14,10,31,5,out
179236,14,12,31,5,in
179264,14,11,31,5,going
179264,14,13,31,5,coming
179364,14,11,31,5,out
179364,14,13,31,5,in
179392,14,12,31,5,going
179392,14,14,31,5,coming
179492,14,12,31,5,out
179492,14,14,31,5,in
179520,14,13,31,5,going
179520,14,15,31,5,coming
179620,14,13,31,5,out
179620,14,15,31,5,in
179648,14,14,31,5,going
179748,14,14,31,5,out
179776,14,15,31,5,going
179876,14,15,31,5,out
180032,14,19,31,5,coming
180132,14,19,31,5,in
180211,14,19,31,5,going
180311,14,19,31,5,out
180349,14,19,31,5,coming
180449,14,19,31,5,in
180528,14,19,31,5,going
180628,14,19,31,5,out
180666,14,19,31,5,coming
180766,14,19,31,5,in
180845,14,19,31,5,going
180945,14,19,31,5,out
180983,14,19,31,5,coming
181083,14,19,31,5,in
181162,14,19,31,5,going
181262,14,19,31,5,out
181300,14,19,31,5,coming
181400,14,19,31,5,in
181479,14,19,31,5,going
181579,14,19,31,5,out
181617,14,19,31,5,coming
181717,14,19,31,5,in
181796,14,19,31,5,going
181896,14,19,31,5,out
181934,14,19,31,5,coming
182034,14,19,31,5,in
182113,14,19,31,5,going
182213,14,19,31,5,out
182251,14,19,31,5,coming
182351,14,19,31,5,in
182430,14,19,31,5,going
182530,14,19,31,5,out
182568,14,19,31,5,coming
182668,14,19,31,5,in
182747,14,19,31,5,going
182847,14,19,31,5,out
182885,14,19,31,5,coming
182985,14,19,31,5,in
183064,14,19,31,5,going
183164,14,19,31,5,out
183202,14,19,31,5,coming
183302,14,19,31,5,in
183381,14,19,31,5,going
183481,14,19,31,5,out
183519,14,19,31,5,coming
183619,14,19,31,5,in
183698,14,19,31,5,going
183798,14,19,31,5,out
183836,14,19,31,5,coming
183936,14,19,31,5,in
184015,14,19,31,5,going
184115,14,19,31,5,out
184153,14,19,31,5,coming
184253,14,19,31,5,in
184332,14,19,31,5,going
184432,14,19,31,5,out
184470,14,19,31,5,coming
184570,14,19,31,5,in
184649,14,19,31,5,going
184749,14,19,31,5,out
184787,14,19,31,5,coming
184887,14,19,31,5,in
184966,14,19,31,5,going
185066,14,19,31,5,out
185104,14,19,31,5,coming
185204,14,19,31,5,in
185283,14,19,31,5,going
185383,14,19,31,5,out
185421,14,19,31,5,coming
185521,14,19,31,5,in
185600,14,19,31,5,going
185700,14,19,31,5,out
185738,14,19,31,5,coming
185838,14,19,31,5,in
185917,14,19,31,5,going
186017,14,19,31,5,out
186055,14,19,31,5,coming
186155,14,19,31,5,in
186235,14,19,31,5,going
186235,14,0,31,5,coming
186235,14,1,31,5,coming
186335,14,0,31,5,in
186335,14,1,31,5,in
186335,14,19,31,5,out
186463,14,0,31,5,going
186463,14,2,31,5,coming
186563,14,0,31,5,out
186563,14,2,31,5,in
186591,14,1,31,5,going
186591,14,3,31,5,coming
186691,14,1,31,5,out
186691,14,3,31,5,in
186719,14,2,31,5,going
186719,14,4,31,5,coming
186819,14,2,31,5,out
186819,14,4,31,5,in
186847,14,3,31,5,going
186847,14,5,31,5,coming
186947,14,3,31,5,out
186947,14,5,31,5,in
186975,14,4,31,5,going
186975,14,6,31,5,coming
187075,14,4,31,5,out
187075,14,6,31,5,in
187103,14,5,31,5,going
187103,14,7,31,5,coming
187203,14,5,31,5,out
187203,14,7,31,5,in
187231,14,6,31,5,going
187231,14,8,31,5,coming
187331,14,6,31,5,out
187331,14,8,31,5,in
187359,14,7,31,5,going
187359,14,9,31,5,coming
187459,14,7,31,5,out
187459,14,9,31,5,in
187487,14,8,31,5,going
187487,14,10,31,5,coming
187587,14,8,31,5,out
187587,14,10,31,5,in
187615,14,9,31,5,going
187615,14,11,31,5,coming
187715,14,9,31,5,out
187715,14,11,31,5,in
187743,14,10,31,5,going
187743,14,12,31,5,coming
187843,14,10,31,5,out
187843,14,12,31,5,in
187871,14,11,31,5,going
187871,14,13,31,5,coming
187971,14,11,31,5,out
187971,14,13,31,5,in
187999,14,12,31,5,going
187999,14,14,31,5,coming
188099,14,12,31,5,out
188099,14,14,31,5,in
188127,14,13,31,5,going
188127,14,15,31,5,coming
188227,14,13,31,5,out
188227,14,15,31,5,in
188255,14,14,31,5,going
188355,14,14,31,5,out
188383,14,15,31,5,going
188483,14,15,31,5,out
188639,14,19,31,5,coming
188739,14,19,31,5,in
188818,14,19,31,5,going
188918,14,19,31,5,out
188956,14,19,31,5,coming
189056,14,19,31,5,in
189135,14,19,31,5,going
189235,14,19,31,5,out
189273,14,19,31,5,coming
189373,14,19,31,5,in
189452,14,19,31,5,going
189552,14,19,31,5,out
189590,14,19,31,5,coming
189690,14,19,31,5,in
189769,14,19,31,5,going
189869,14,19,31,5,out
189907,14,19,31,5,coming
190007,14,19,31,5,in
190086,14,19,31,5,going
190186,14,19,31,5,out
190224,14,19,31,5,coming
190324,14,19,31,5,in
190403,14,19,31,5,going
190503,14,19,31,5,out
190541,14,19,31,5,coming
190641,14,19,31,5,in
190720,14,19,31,5,going
190820,14,19,31,5,out
190858,14,19,31,5,coming
190958,14,19,31,5,in
191037,14,19,31,5,going
191137,14,19,31,5,out
191175,14,19,31,5,coming
191275,14,19,31,5,in
191354,14,19,31,5,going
191454,14,19,31,5,out
191492,14,19,31,5,coming
191592,14,19,31,5,in
191671,14,19,31,5,going
191771,14,19,31,5,out
191809,14,19,31,5,coming
191909,14,19,31,5,in
191988,14,19,31,5,going
192088,14,19,31,5,out
192126,14,19,31,5,coming
192226,14,19,31,5,in
192305,14,19,31,5,going
192405,14,19,31,5,out
192443,14,19,31,5,coming
192543,14,19,31,5,in
192622,14,19,31,5,going
192722,14,19,31,5,out
192760,14,19,31,5,coming
192860,14,19,31,5,in
192939,14,19,31,5,going
193039,14,19,31,5,out
193077,14,19,31,5,coming
193177,14,19,31,5,in
193256,14,19,31,5,going
193356,14,19,31,5,out
193394,14,19,31,5,coming
193494,14,19,31,5,in
193573,14,19,31,5,going
193673,14,19,31,5,out
193711,14,19,31,5,coming
193811,14,19,31,5,in
193890,14,19,31,5,going
193990,14,19,31,5,out
194028,14,19,31,5,coming
194128,14,19,31,5,in
194207,14,19,31,5,going
194307,14,19,31,5,out
194345,14,19,31,5,coming
194445,14,19,31,5,in
194524,14,19,31,5,going
194624,14,19,31,5,out
194662,14,19,31,5,coming
194762,14,19,31,5,in
194841,14,19,31,5,going
194941,14,19,31,5,out
194979,14,19,31,5,coming
195079,14,19,31,5,in
195159,14,19,31,5,going
195159,14,0,31,5,coming
195159,14,1,31,5,coming
195259,14,0,31,5,in
195259,14,1,31,5,in
195259,14,19,31,5,out
195387,14,0,31,5,going
195387,14,2,31,5,coming
195487,14,0,31,5,out
195487,14,2,31,5,in
195515,14,1,31,5,going
195515,14,3,31,5,coming
195615,14,1,31,5,out
195615,14,3,31,5,in
195643,14,2,31,5,going
195643,14,4,31,5,coming
195743,14,2,31,5,out
195743,14,4,31,5,in
195771,14,3,31,5,going
195771,14,5,31,5,coming
195871,14,3,31,5,out
195871,14,5,31,5,in
195899,14,4,31,5,going
195899,14,6,31,5,coming
195999,14,4,31,5,out
195999,14,6,31,5,in
196027,14,5,31,5,going
196027,14,7,31,5,coming
196127,14,5,31,5,out
196127,14,7,31,5,in
196155,14,6,31,5,going
196155,14,8,31,5,coming
196255,14,6,31,5,out
196255,14,8,31,5,in
196283,14,7,31,5,going
196283,14,9,31,5,coming
196383,14,7,31,5,out
196383,14,9,31,5,in
196411,14,8,31,5,going
196411,14,10,31,5,coming
196511,14,8,31,5,out
196511,14,10,31,5,in
196539,14,9,31,5,going
196539,14,11,31,5,coming
196639,14,9,31,5,out
196639,14,11,31,5,in
196667,14,10,31,5,going
196667,14,12,31,5,coming
196767,14,10,31,5,out
196767,14,12,31,5,in
196795,14,11,31,5,going
196795,14,13,31,5,coming
196895,14,11,31,5,out
196895,14,13,31,5,in
196923,14,12,31,5,going
196923,14,14,31,5,coming
197023,14,12,31,5,out
197023,14,14,31,5,in
197051,14,13,31,5,going
197051,14,15,31,5,coming
197151,14,13,31,5,out
197151,14,15,31,5,in
197179,14,14,31,5,going
197279,14,14,31,5,out
197307,14,15,31,5,going
197407,14,15,31,5,out
197563,14,19,31,5,coming
197663,14,19,31,5,in
197742,14,19,31,5,going
197842,14,19,31,5,out
197880,14,19,31,5,coming
197980,14,19,31,5,in
198059,14,19,31,5,going
198159,14,19,31,5,out
198197,14,19,31,5,coming
198297,14,19,31,5,in
198376,14,19,31,5,going
198476,14,19,31,5,out
198514,14,19,31,5,coming
198614,14,19,31,5,in
198693,14,19,31,5,going
198793,14,19,31,5,out
198831,14,19,31,5,coming
198931,14,19,31,5,in
199010,14,19,31,5,going
199110,14,19,31,5,out
199148,14,19,31,5,coming
199248,14,19,31,5,in
199327,14,19,31,5,going
199427,14,19,31,5,out
199465,14,19,31,5,coming
199565,14,19,31,5,in
199644,14,19,31,5,going
199744,14,19,31,5,out
199782,14,19,31,5,coming
199882,14,19,31,5,in
199961,14,19,31,5,going
200061,14,19,31,5,out
200099,14,19,31,5,coming
200199,14,19,31,5,in
200278,14,19,31,5,going
200378,14,19,31,5,out
200416,14,19,31,5,coming
200516,14,19,31,5,in
200595,14,19,31,5,going
200695,14,19,31,5,out
200733,14,19,31,5,coming
200833,14,19,31,5,in
200912,14,19,31,5,going
201012,14,19,31,5,out
201050,14,19,31,5,coming
201150,14,19,31,5,in
201229,14,19,31,5,going
201329,14,19,31,5,out
201367,14,19,31,5,coming
201467,14,19,31,5,in
201546,14,19,31,5,going
201646,14,19,31,5,out
201684,14,19,31,5,coming
201784,14,19,31,5,in
201863,14,19,31,5,going
201963,14,19,31,5,out
202001,14,19,31,5,coming
202101,14,19,31,5,in
202180,14,19,31,5,going
202280,14,19,31,5,out
202318,14,19,31,5,coming
202418,14,19,31,5,in
202497,14,19,31,5,going
202597,14,19,31,5,out
202635,14,19,31,5,coming
202735,14,19,31,5,in
202814,14,19,31,5,going
202914,14,19,31,5,out
202952,14,19,31,5,coming
203052,14,19,31,5,in
203131,14,19,31,5,going
203231,14,19,31,5,out
203269,14,19,31,5,coming
203369,14,19,31,5,in
203448,14,19,31,5,going
203548,14,19,31,5,out
203586,14,19,31,5,coming
203686,14,19,31,5,in
203765,14,19,31,5,going
203865,14,19,31,5,out
203903,14,19,31,5,coming
204003,14,19,31,5,in
204082,14,19,31,5,going
204182,14,19,31,5,out
204220,14,19,31,5,coming
204320,14,19,31,5,in
204400,14,19,31,5,going
204400,14,0,31,5,coming
204400,14,1,31,5,coming
204500,14,0,31,5,in
204500,14,1,31,5,in
204500,14,19,31,5,out
204628,14,0,31,5,going
204628,14,2,31,5,coming
204728,14,0,31,5,out
204728,14,2,31,5,in
204756,14,1,31,5,going
204756,14,3,31,5,coming
204856,14,1,31,5,out
204856,14,3,31,5,in
204884,14,2,31,5,going
204884,14,4,31,5,coming
204984,14,2,31,5,out
204984,14,4,31,5,in
205012,14,3,31,5,going
205012,14,5,31,5,coming
205112,14,3,31,5,out
205112,14,5,31,5,in
205140,14,4,31,5,going
205140,14,6,31,5,coming
205240,14,4,31,5,out
205240,14,6,31,5,in
205268,14,5,31,5,going
205268,14,7,31,5,coming
205368,14,5,31,5,out
205368,14,7,31,5,in
205396,14,6,31,5,going
205396,14,8,31,5,coming
205496,14,6,31,5,out
205496,14,8,31,5,in
205524,14,7,31,5,going
205524,14,9,31,5,coming
205624,14,7,31,5,out
205624,14,9,31,5,in
205652,14,8,31,5,going
205652,14,10,31,5,coming
205752,14,8,31,5,out
205752,14,10,31,5,in
205780,14,9,31,5,going
205780,14,11,31,5,coming
205880,14,9,31,5,out
205880,14,11,31,5,in
205908,14,10,31,5,going
205908,14,12,31,5,coming
206008,14,10,31,5,out
206008,14,12,31,5,in
206036,14,11,31,5,going
206036,14,13,31,5,coming
206136,14,11,31,5,out
206136,14,13,31,5,in
206164,14,12,31,5,going
206164,14,14,31,5,coming
206264,14,12,31,5,out
206264,14,14,31,5,in
206292,14,13,31,5,going
206292,14,15,31,5,coming
206392,14,13,31,5,out
206392,14,15,31,5,in
206420,14,14,31,5,going
206520,14,14,31,5,out
206548,14,15,31,5,going
206648,14,15,31,5,out
206804,14,19,31,5,coming
206904,14,19,31,5,in
206983,14,19,31,5,going
207083,14,19,31,5,out
207121,14,19,31,5,coming
207221,14,19,31,5,in
207300,14,19,31,5,going
207400,14,19,31,5,out
207438,14,19,31,5,coming
207538,14,19,31,5,in
207617,14,19,31,5,going
207717,14,19,31,5,out
207755,14,19,31,5,coming
207855,14,19,31,5,in
207934,14,19,31,5,going
208034,14,19,31,5,out
208072,14,19,31,5,coming
208172,14,19,31,5,in
208251,14,19,31,5,going
208351,14,19,31,5,out
208389,14,19,31,5,coming
208489,14,19,31,5,in
208568,14,19,31,5,going
208668,14,19,31,5,out
208706,14,19,31,5,coming
208806,14,19,31,5,in
208885,14,19,31,5,going
208985,14,19,31,5,out
209023,14,19,31,5,coming
209123,14,19,31,5,in
209202,14,19,31,5,going
209302,14,19,31,5,out
209340,14,19,31,5,coming
209440,14,19,31,5,in
209519,14,19,31,5,going
209619,14,19,31,5,out
209657,14,19,31,5,coming
209757,14,19,31,5,in
209836,14,19,31,5,going
209936,14,19,31,5,out
209974,14,19,31,5,coming
210074,14,19,31,5,in
210153,14,19,31,5,going
210253,14,19,31,5,out
210291,14,19,31,5,coming
210391,14,19,31,5,in
210470,14,19,31,5,going
210570,14,19,31,5,out
210608,14,19,31,5,coming
210708,14,19,31,5,in
210787,14,19,31,5,going
210887,14,19,31,5,out
210925,14,19,31,5,coming
211025,14,19,31,5,in
211104,14,19,31,5,going
211204,14,19,31,5,out
211242,14,19,31,5,coming
211342,14,19,31,5,in
211421,14,19,31,5,going
211521,14,19,31,5,out
211559,14,19,31,5,coming
211659,14,19,31,5,in
211738,14,19,31,5,going
211838,14,19,31,5,out
211876,14,19,31,5,coming
211976,14,19,31,5,in
212057,14,0,31,5,out
212057,14,1,31,5,out
212057,14,2,31,5,out
212057,14,3,31,5,out
212057,14,4,31,5,out
212057,14,5,31,5,out
212057,14,6,31,5,out
212057,14,7,31,5,out
212057,14,8,31,5,out
212057,14,9,31,5,out
212057,14,10,31,5,out
212057,14,11,31,5,out
212057,14,12,31,5,out
212057,14,13,31,5,out
212057,14,14,31,5,out
212057,14,15,31,5,out
212057,14,16,31,5,out
212057,14,17,31,5,out
212057,14,18,31,5,out
212057,14,19,31,5,out
